,id,Closed At,Labels,just_month,types
0,3498,,,2022-10-01,Others
1,3331,,topic:pipeline,2022-10-01,topic:pipeline
2,3483,2022-10-28T15:49:21Z,"type:question,journey:first steps,topic:crawler",2022-10-01,type:question
3,3483,2022-10-28T15:49:21Z,"type:question,journey:first steps,topic:crawler",2022-10-01,journey:first steps
4,3483,2022-10-28T15:49:21Z,"type:question,journey:first steps,topic:crawler",2022-10-01,topic:crawler
5,3085,2022-10-28T14:58:07Z,"Contributions wanted!,type:refactor,topic:dependencies,topic:build/distribution",2022-08-01,Contributions wanted!
6,3085,2022-10-28T14:58:07Z,"Contributions wanted!,type:refactor,topic:dependencies,topic:build/distribution",2022-08-01,type:refactor
7,3085,2022-10-28T14:58:07Z,"Contributions wanted!,type:refactor,topic:dependencies,topic:build/distribution",2022-08-01,topic:dependencies
8,3085,2022-10-28T14:58:07Z,"Contributions wanted!,type:refactor,topic:dependencies,topic:build/distribution",2022-08-01,topic:build/distribution
9,3434,,"type:bug,good first issue,Contributions wanted!,topic:sql,topic:metadata,topic:document_store",2022-10-01,type:bug
10,3434,,"type:bug,good first issue,Contributions wanted!,topic:sql,topic:metadata,topic:document_store",2022-10-01,good first issue
11,3434,,"type:bug,good first issue,Contributions wanted!,topic:sql,topic:metadata,topic:document_store",2022-10-01,Contributions wanted!
12,3434,,"type:bug,good first issue,Contributions wanted!,topic:sql,topic:metadata,topic:document_store",2022-10-01,topic:sql
13,3434,,"type:bug,good first issue,Contributions wanted!,topic:sql,topic:metadata,topic:document_store",2022-10-01,topic:metadata
14,3434,,"type:bug,good first issue,Contributions wanted!,topic:sql,topic:metadata,topic:document_store",2022-10-01,topic:document_store
15,1634,,type:feature,2021-10-01,type:feature
16,3496,,"topic:pipeline,type:refactor",2022-10-01,topic:pipeline
17,3496,,"topic:pipeline,type:refactor",2022-10-01,type:refactor
18,3494,,"topic:pipeline,type:refactor,journey:first steps,topic:DX",2022-10-01,topic:pipeline
19,3494,,"topic:pipeline,type:refactor,journey:first steps,topic:DX",2022-10-01,type:refactor
20,3494,,"topic:pipeline,type:refactor,journey:first steps,topic:DX",2022-10-01,journey:first steps
21,3494,,"topic:pipeline,type:refactor,journey:first steps,topic:DX",2022-10-01,topic:DX
22,3027,,"type:feature,Contributions wanted!,topic:faiss,topic:document_store",2022-08-01,type:feature
23,3027,,"type:feature,Contributions wanted!,topic:faiss,topic:document_store",2022-08-01,Contributions wanted!
24,3027,,"type:feature,Contributions wanted!,topic:faiss,topic:document_store",2022-08-01,topic:faiss
25,3027,,"type:feature,Contributions wanted!,topic:faiss,topic:document_store",2022-08-01,topic:document_store
26,3187,,"type:question,journey:first steps,topic:retriever",2022-09-01,type:question
27,3187,,"type:question,journey:first steps,topic:retriever",2022-09-01,journey:first steps
28,3187,,"type:question,journey:first steps,topic:retriever",2022-09-01,topic:retriever
29,3492,,"type:bug,topic:dc_document_store",2022-10-01,type:bug
30,3492,,"type:bug,topic:dc_document_store",2022-10-01,topic:dc_document_store
31,3479,,"topic:pipeline,topic:installation,type:refactor,topic:dependencies,topic:DX",2022-10-01,topic:pipeline
32,3479,,"topic:pipeline,topic:installation,type:refactor,topic:dependencies,topic:DX",2022-10-01,topic:installation
33,3479,,"topic:pipeline,topic:installation,type:refactor,topic:dependencies,topic:DX",2022-10-01,type:refactor
34,3479,,"topic:pipeline,topic:installation,type:refactor,topic:dependencies,topic:DX",2022-10-01,topic:dependencies
35,3479,,"topic:pipeline,topic:installation,type:refactor,topic:dependencies,topic:DX",2022-10-01,topic:DX
36,3489,,"topic:elasticsearch,type:refactor,type:documentation,topic:document_store,journey:advanced,topic:DX",2022-10-01,topic:elasticsearch
37,3489,,"topic:elasticsearch,type:refactor,type:documentation,topic:document_store,journey:advanced,topic:DX",2022-10-01,type:refactor
38,3489,,"topic:elasticsearch,type:refactor,type:documentation,topic:document_store,journey:advanced,topic:DX",2022-10-01,type:documentation
39,3489,,"topic:elasticsearch,type:refactor,type:documentation,topic:document_store,journey:advanced,topic:DX",2022-10-01,topic:document_store
40,3489,,"topic:elasticsearch,type:refactor,type:documentation,topic:document_store,journey:advanced,topic:DX",2022-10-01,journey:advanced
41,3489,,"topic:elasticsearch,type:refactor,type:documentation,topic:document_store,journey:advanced,topic:DX",2022-10-01,topic:DX
42,3306,,"epic,topic:models",2022-10-01,epic
43,3306,,"epic,topic:models",2022-10-01,topic:models
44,3421,2022-10-28T07:06:47Z,"type:documentation,topic:retriever",2022-10-01,type:documentation
45,3421,2022-10-28T07:06:47Z,"type:documentation,topic:retriever",2022-10-01,topic:retriever
46,3444,,"type:bug,Contributions wanted!,topic:rest_api,topic:milvus",2022-10-01,type:bug
47,3444,,"type:bug,Contributions wanted!,topic:rest_api,topic:milvus",2022-10-01,Contributions wanted!
48,3444,,"type:bug,Contributions wanted!,topic:rest_api,topic:milvus",2022-10-01,topic:rest_api
49,3444,,"type:bug,Contributions wanted!,topic:rest_api,topic:milvus",2022-10-01,topic:milvus
50,3428,,"type:feature,type:documentation,topic:retriever,topic:images",2022-10-01,type:feature
51,3428,,"type:feature,type:documentation,topic:retriever,topic:images",2022-10-01,type:documentation
52,3428,,"type:feature,type:documentation,topic:retriever,topic:images",2022-10-01,topic:retriever
53,3428,,"type:feature,type:documentation,topic:retriever,topic:images",2022-10-01,topic:images
54,3348,2022-10-26T13:47:07Z,"type:feature,topic:document_store,topic:retriever",2022-10-01,type:feature
55,3348,2022-10-26T13:47:07Z,"type:feature,topic:document_store,topic:retriever",2022-10-01,topic:document_store
56,3348,2022-10-26T13:47:07Z,"type:feature,topic:document_store,topic:retriever",2022-10-01,topic:retriever
57,3447,,"type:feature,Contributions wanted!,topic:document_store,topic:retriever",2022-10-01,type:feature
58,3447,,"type:feature,Contributions wanted!,topic:document_store,topic:retriever",2022-10-01,Contributions wanted!
59,3447,,"type:feature,Contributions wanted!,topic:document_store,topic:retriever",2022-10-01,topic:document_store
60,3447,,"type:feature,Contributions wanted!,topic:document_store,topic:retriever",2022-10-01,topic:retriever
61,2809,,"epic,epic:in-progress",2022-07-01,epic
62,2809,,"epic,epic:in-progress",2022-07-01,epic:in-progress
63,3056,2022-10-26T09:57:57Z,,2022-08-01,Others
64,3477,,"type:bug,topic:preprocessing,journey:first steps,topic:indexing",2022-10-01,type:bug
65,3477,,"type:bug,topic:preprocessing,journey:first steps,topic:indexing",2022-10-01,topic:preprocessing
66,3477,,"type:bug,topic:preprocessing,journey:first steps,topic:indexing",2022-10-01,journey:first steps
67,3477,,"type:bug,topic:preprocessing,journey:first steps,topic:indexing",2022-10-01,topic:indexing
68,3423,2022-10-25T15:52:31Z,"type:feature,topic:retriever",2022-10-01,type:feature
69,3423,2022-10-25T15:52:31Z,"type:feature,topic:retriever",2022-10-01,topic:retriever
70,3436,2022-10-25T15:00:37Z,"type:bug,good first issue,Contributions wanted!,topic:models,journey:first steps,topic:retriever",2022-10-01,type:bug
71,3436,2022-10-25T15:00:37Z,"type:bug,good first issue,Contributions wanted!,topic:models,journey:first steps,topic:retriever",2022-10-01,good first issue
72,3436,2022-10-25T15:00:37Z,"type:bug,good first issue,Contributions wanted!,topic:models,journey:first steps,topic:retriever",2022-10-01,Contributions wanted!
73,3436,2022-10-25T15:00:37Z,"type:bug,good first issue,Contributions wanted!,topic:models,journey:first steps,topic:retriever",2022-10-01,topic:models
74,3436,2022-10-25T15:00:37Z,"type:bug,good first issue,Contributions wanted!,topic:models,journey:first steps,topic:retriever",2022-10-01,journey:first steps
75,3436,2022-10-25T15:00:37Z,"type:bug,good first issue,Contributions wanted!,topic:models,journey:first steps,topic:retriever",2022-10-01,topic:retriever
76,3471,,"type:bug,good first issue,Contributions wanted!",2022-10-01,type:bug
77,3471,,"type:bug,good first issue,Contributions wanted!",2022-10-01,good first issue
78,3471,,"type:bug,good first issue,Contributions wanted!",2022-10-01,Contributions wanted!
79,3472,,"Contributions wanted!,good second issue,topic:labelling,type:refactor",2022-10-01,Contributions wanted!
80,3472,,"Contributions wanted!,good second issue,topic:labelling,type:refactor",2022-10-01,good second issue
81,3472,,"Contributions wanted!,good second issue,topic:labelling,type:refactor",2022-10-01,topic:labelling
82,3472,,"Contributions wanted!,good second issue,topic:labelling,type:refactor",2022-10-01,type:refactor
83,3181,2022-10-25T11:07:02Z,"type:bug,Contributions wanted!,journey:intermediate",2022-09-01,type:bug
84,3181,2022-10-25T11:07:02Z,"type:bug,Contributions wanted!,journey:intermediate",2022-09-01,Contributions wanted!
85,3181,2022-10-25T11:07:02Z,"type:bug,Contributions wanted!,journey:intermediate",2022-09-01,journey:intermediate
86,1723,,"type:feature,topic:tableQA",2021-11-01,type:feature
87,1723,,"type:feature,topic:tableQA",2021-11-01,topic:tableQA
88,3439,2022-10-25T10:11:55Z,"type:bug,topic:telemetry",2022-10-01,type:bug
89,3439,2022-10-25T10:11:55Z,"type:bug,topic:telemetry",2022-10-01,topic:telemetry
90,3258,2022-10-25T09:22:07Z,"type:bug,topic:retriever",2022-09-01,type:bug
91,3258,2022-10-25T09:22:07Z,"type:bug,topic:retriever",2022-09-01,topic:retriever
92,1801,2022-10-11T17:29:11Z,"topic:models,topic:save/load,journey:intermediate",2021-11-01,topic:models
93,1801,2022-10-11T17:29:11Z,"topic:models,topic:save/load,journey:intermediate",2021-11-01,topic:save/load
94,1801,2022-10-11T17:29:11Z,"topic:models,topic:save/load,journey:intermediate",2021-11-01,journey:intermediate
95,3454,2022-10-24T13:03:46Z,"type:question,topic:eval",2022-10-01,type:question
96,3454,2022-10-24T13:03:46Z,"type:question,topic:eval",2022-10-01,topic:eval
97,3457,2022-10-24T09:46:24Z,,2022-10-01,Others
98,3387,2022-10-21T11:54:22Z,"type:feature,good first issue,Contributions wanted!,topic:eval",2022-10-01,type:feature
99,3387,2022-10-21T11:54:22Z,"type:feature,good first issue,Contributions wanted!,topic:eval",2022-10-01,good first issue
100,3387,2022-10-21T11:54:22Z,"type:feature,good first issue,Contributions wanted!,topic:eval",2022-10-01,Contributions wanted!
101,3387,2022-10-21T11:54:22Z,"type:feature,good first issue,Contributions wanted!,topic:eval",2022-10-01,topic:eval
102,3403,,"type:feature,good first issue,Contributions wanted!",2022-10-01,type:feature
103,3403,,"type:feature,good first issue,Contributions wanted!",2022-10-01,good first issue
104,3403,,"type:feature,good first issue,Contributions wanted!",2022-10-01,Contributions wanted!
105,3437,,"type:bug,topic:pipeline,journey:first steps",2022-10-01,type:bug
106,3437,,"type:bug,topic:pipeline,journey:first steps",2022-10-01,topic:pipeline
107,3437,,"type:bug,topic:pipeline,journey:first steps",2022-10-01,journey:first steps
108,3418,,"type:bug,topic:document_store,journey:first steps,topic:dc_document_store,topic:opensearch",2022-10-01,type:bug
109,3418,,"type:bug,topic:document_store,journey:first steps,topic:dc_document_store,topic:opensearch",2022-10-01,topic:document_store
110,3418,,"type:bug,topic:document_store,journey:first steps,topic:dc_document_store,topic:opensearch",2022-10-01,journey:first steps
111,3418,,"type:bug,topic:document_store,journey:first steps,topic:dc_document_store,topic:opensearch",2022-10-01,topic:dc_document_store
112,3418,,"type:bug,topic:document_store,journey:first steps,topic:dc_document_store,topic:opensearch",2022-10-01,topic:opensearch
113,2931,2022-10-20T10:28:39Z,topic:dependencies,2022-07-01,topic:dependencies
114,3231,,"type:bug,good first issue,Contributions wanted!,topic:dependencies",2022-09-01,type:bug
115,3231,,"type:bug,good first issue,Contributions wanted!,topic:dependencies",2022-09-01,good first issue
116,3231,,"type:bug,good first issue,Contributions wanted!,topic:dependencies",2022-09-01,Contributions wanted!
117,3231,,"type:bug,good first issue,Contributions wanted!,topic:dependencies",2022-09-01,topic:dependencies
118,3420,,"type:feature,Contributions wanted!,topic:train,type:documentation,journey:intermediate",2022-10-01,type:feature
119,3420,,"type:feature,Contributions wanted!,topic:train,type:documentation,journey:intermediate",2022-10-01,Contributions wanted!
120,3420,,"type:feature,Contributions wanted!,topic:train,type:documentation,journey:intermediate",2022-10-01,topic:train
121,3420,,"type:feature,Contributions wanted!,topic:train,type:documentation,journey:intermediate",2022-10-01,type:documentation
122,3420,,"type:feature,Contributions wanted!,topic:train,type:documentation,journey:intermediate",2022-10-01,journey:intermediate
123,3422,,"type:documentation,topic:retriever",2022-10-01,type:documentation
124,3422,,"type:documentation,topic:retriever",2022-10-01,topic:retriever
125,3424,,topic:preprocessing,2022-10-01,topic:preprocessing
126,3425,,topic:telemetry,2022-10-01,topic:telemetry
127,2604,2022-08-18T09:03:30Z,"type:bug,topic:document_store,journey:intermediate",2022-05-01,type:bug
128,2604,2022-08-18T09:03:30Z,"type:bug,topic:document_store,journey:intermediate",2022-05-01,topic:document_store
129,2604,2022-08-18T09:03:30Z,"type:bug,topic:document_store,journey:intermediate",2022-05-01,journey:intermediate
130,3342,,"topic:pipeline,topic:telemetry",2022-10-01,topic:pipeline
131,3342,,"topic:pipeline,topic:telemetry",2022-10-01,topic:telemetry
132,3236,,type:bug,2022-09-01,type:bug
133,2444,,"type:feature,topic:images",2022-04-01,type:feature
134,2444,,"type:feature,topic:images",2022-04-01,topic:images
135,3309,,"epic,topic:telemetry",2022-10-01,epic
136,3309,,"epic,topic:telemetry",2022-10-01,topic:telemetry
137,3239,,type:question,2022-09-01,type:question
138,3285,,"type:feature,good first issue,Contributions wanted!,topic:preprocessing,journey:intermediate",2022-09-01,type:feature
139,3285,,"type:feature,good first issue,Contributions wanted!,topic:preprocessing,journey:intermediate",2022-09-01,good first issue
140,3285,,"type:feature,good first issue,Contributions wanted!,topic:preprocessing,journey:intermediate",2022-09-01,Contributions wanted!
141,3285,,"type:feature,good first issue,Contributions wanted!,topic:preprocessing,journey:intermediate",2022-09-01,topic:preprocessing
142,3285,,"type:feature,good first issue,Contributions wanted!,topic:preprocessing,journey:intermediate",2022-09-01,journey:intermediate
143,3286,,topic:docker,2022-09-01,topic:docker
144,3352,,topic:weaviate,2022-10-01,topic:weaviate
145,3246,,topic:preprocessing,2022-09-01,topic:preprocessing
146,3377,,"good first issue,Contributions wanted!,topic:dependencies,topic:CI",2022-10-01,good first issue
147,3377,,"good first issue,Contributions wanted!,topic:dependencies,topic:CI",2022-10-01,Contributions wanted!
148,3377,,"good first issue,Contributions wanted!,topic:dependencies,topic:CI",2022-10-01,topic:dependencies
149,3377,,"good first issue,Contributions wanted!,topic:dependencies,topic:CI",2022-10-01,topic:CI
150,3393,,"type:feature,topic:document_store,journey:advanced,topic:opensearch",2022-10-01,type:feature
151,3393,,"type:feature,topic:document_store,journey:advanced,topic:opensearch",2022-10-01,topic:document_store
152,3393,,"type:feature,topic:document_store,journey:advanced,topic:opensearch",2022-10-01,journey:advanced
153,3393,,"type:feature,topic:document_store,journey:advanced,topic:opensearch",2022-10-01,topic:opensearch
154,2818,,"type:feature,topic:elasticsearch,topic:document_store,journey:advanced",2022-07-01,type:feature
155,2818,,"type:feature,topic:elasticsearch,topic:document_store,journey:advanced",2022-07-01,topic:elasticsearch
156,2818,,"type:feature,topic:elasticsearch,topic:document_store,journey:advanced",2022-07-01,topic:document_store
157,2818,,"type:feature,topic:elasticsearch,topic:document_store,journey:advanced",2022-07-01,journey:advanced
158,3296,,"type:bug,topic:speed,topic:train,journey:intermediate",2022-09-01,type:bug
159,3296,,"type:bug,topic:speed,topic:train,journey:intermediate",2022-09-01,topic:speed
160,3296,,"type:bug,topic:speed,topic:train,journey:intermediate",2022-09-01,topic:train
161,3296,,"type:bug,topic:speed,topic:train,journey:intermediate",2022-09-01,journey:intermediate
162,3216,2022-10-19T10:46:47Z,topic:tableQA,2022-09-01,topic:tableQA
163,3072,2022-10-19T10:45:37Z,,2022-08-01,Others
164,3120,2022-10-19T10:44:25Z,topic:pipeline,2022-08-01,topic:pipeline
165,3114,,,2022-08-01,Others
166,3178,,"type:feature,topic:elasticsearch,topic:document_store,journey:advanced",2022-09-01,type:feature
167,3178,,"type:feature,topic:elasticsearch,topic:document_store,journey:advanced",2022-09-01,topic:elasticsearch
168,3178,,"type:feature,topic:elasticsearch,topic:document_store,journey:advanced",2022-09-01,topic:document_store
169,3178,,"type:feature,topic:elasticsearch,topic:document_store,journey:advanced",2022-09-01,journey:advanced
170,3328,,"type:bug,topic:docker,journey:intermediate",2022-10-01,type:bug
171,3328,,"type:bug,topic:docker,journey:intermediate",2022-10-01,topic:docker
172,3328,,"type:bug,topic:docker,journey:intermediate",2022-10-01,journey:intermediate
173,3305,,"type:bug,good first issue,topic:docker",2022-10-01,type:bug
174,3305,,"type:bug,good first issue,topic:docker",2022-10-01,good first issue
175,3305,,"type:bug,good first issue,topic:docker",2022-10-01,topic:docker
176,3382,2022-10-19T09:54:58Z,,2022-10-01,Others
177,3287,,"type:bug,Contributions wanted!,topic:rest_api,journey:intermediate",2022-09-01,type:bug
178,3287,,"type:bug,Contributions wanted!,topic:rest_api,journey:intermediate",2022-09-01,Contributions wanted!
179,3287,,"type:bug,Contributions wanted!,topic:rest_api,journey:intermediate",2022-09-01,topic:rest_api
180,3287,,"type:bug,Contributions wanted!,topic:rest_api,journey:intermediate",2022-09-01,journey:intermediate
181,3390,,"type:bug,Contributions wanted!,topic:document_store,topic:dependencies,journey:advanced,topic:weaviate",2022-10-01,type:bug
182,3390,,"type:bug,Contributions wanted!,topic:document_store,topic:dependencies,journey:advanced,topic:weaviate",2022-10-01,Contributions wanted!
183,3390,,"type:bug,Contributions wanted!,topic:document_store,topic:dependencies,journey:advanced,topic:weaviate",2022-10-01,topic:document_store
184,3390,,"type:bug,Contributions wanted!,topic:document_store,topic:dependencies,journey:advanced,topic:weaviate",2022-10-01,topic:dependencies
185,3390,,"type:bug,Contributions wanted!,topic:document_store,topic:dependencies,journey:advanced,topic:weaviate",2022-10-01,journey:advanced
186,3390,,"type:bug,Contributions wanted!,topic:document_store,topic:dependencies,journey:advanced,topic:weaviate",2022-10-01,topic:weaviate
187,3386,2022-10-19T08:11:43Z,"type:bug,topic:preprocessing",2022-10-01,type:bug
188,3386,2022-10-19T08:11:43Z,"type:bug,topic:preprocessing",2022-10-01,topic:preprocessing
189,3291,,"type:bug,journey:intermediate,topic:retriever",2022-09-01,type:bug
190,3291,,"type:bug,journey:intermediate,topic:retriever",2022-09-01,journey:intermediate
191,3291,,"type:bug,journey:intermediate,topic:retriever",2022-09-01,topic:retriever
192,3364,,"type:bug,topic:models,journey:intermediate,topic:retriever",2022-10-01,type:bug
193,3364,,"type:bug,topic:models,journey:intermediate,topic:retriever",2022-10-01,topic:models
194,3364,,"type:bug,topic:models,journey:intermediate,topic:retriever",2022-10-01,journey:intermediate
195,3364,,"type:bug,topic:models,journey:intermediate,topic:retriever",2022-10-01,topic:retriever
196,3410,,"type:feature,Contributions wanted!,topic:retriever",2022-10-01,type:feature
197,3410,,"type:feature,Contributions wanted!,topic:retriever",2022-10-01,Contributions wanted!
198,3410,,"type:feature,Contributions wanted!,topic:retriever",2022-10-01,topic:retriever
199,3106,2022-10-18T15:51:03Z,"type:bug,topic:file_converter,topic:preprocessing",2022-08-01,type:bug
200,3106,2022-10-18T15:51:03Z,"type:bug,topic:file_converter,topic:preprocessing",2022-08-01,topic:file_converter
201,3106,2022-10-18T15:51:03Z,"type:bug,topic:file_converter,topic:preprocessing",2022-08-01,topic:preprocessing
202,3407,,"type:feature,Contributions wanted!,topic:retriever,topic:images",2022-10-01,type:feature
203,3407,,"type:feature,Contributions wanted!,topic:retriever,topic:images",2022-10-01,Contributions wanted!
204,3407,,"type:feature,Contributions wanted!,topic:retriever,topic:images",2022-10-01,topic:retriever
205,3407,,"type:feature,Contributions wanted!,topic:retriever,topic:images",2022-10-01,topic:images
206,3406,,"type:feature,Contributions wanted!,topic:retriever,topic:images",2022-10-01,type:feature
207,3406,,"type:feature,Contributions wanted!,topic:retriever,topic:images",2022-10-01,Contributions wanted!
208,3406,,"type:feature,Contributions wanted!,topic:retriever,topic:images",2022-10-01,topic:retriever
209,3406,,"type:feature,Contributions wanted!,topic:retriever,topic:images",2022-10-01,topic:images
210,3397,,"type:bug,topic:pinecone",2022-10-01,type:bug
211,3397,,"type:bug,topic:pinecone",2022-10-01,topic:pinecone
212,3281,2022-10-17T17:00:15Z,"type:bug,topic:pipeline,journey:intermediate",2022-09-01,type:bug
213,3281,2022-10-17T17:00:15Z,"type:bug,topic:pipeline,journey:intermediate",2022-09-01,topic:pipeline
214,3281,2022-10-17T17:00:15Z,"type:bug,topic:pipeline,journey:intermediate",2022-09-01,journey:intermediate
215,2857,2022-10-17T16:58:37Z,"type:feature,topic:retriever",2022-07-01,type:feature
216,2857,2022-10-17T16:58:37Z,"type:feature,topic:retriever",2022-07-01,topic:retriever
217,2646,2022-08-30T00:14:10Z,"type:feature,topic:document_store",2022-06-01,type:feature
218,2646,2022-08-30T00:14:10Z,"type:feature,topic:document_store",2022-06-01,topic:document_store
219,3334,2022-10-14T16:36:48Z,"type:bug,topic:CI",2022-10-01,type:bug
220,3334,2022-10-14T16:36:48Z,"type:bug,topic:CI",2022-10-01,topic:CI
221,3380,2022-10-14T10:08:31Z,"type:bug,topic:pipeline",2022-10-01,type:bug
222,3380,2022-10-14T10:08:31Z,"type:bug,topic:pipeline",2022-10-01,topic:pipeline
223,3327,2022-10-14T07:55:57Z,"type:bug,Contributions wanted!,topic:faiss,topic:document_store",2022-10-01,type:bug
224,3327,2022-10-14T07:55:57Z,"type:bug,Contributions wanted!,topic:faiss,topic:document_store",2022-10-01,Contributions wanted!
225,3327,2022-10-14T07:55:57Z,"type:bug,Contributions wanted!,topic:faiss,topic:document_store",2022-10-01,topic:faiss
226,3327,2022-10-14T07:55:57Z,"type:bug,Contributions wanted!,topic:faiss,topic:document_store",2022-10-01,topic:document_store
227,3254,2022-10-13T11:23:03Z,"type:bug,good first issue,Contributions wanted!,topic:faiss",2022-09-01,type:bug
228,3254,2022-10-13T11:23:03Z,"type:bug,good first issue,Contributions wanted!,topic:faiss",2022-09-01,good first issue
229,3254,2022-10-13T11:23:03Z,"type:bug,good first issue,Contributions wanted!,topic:faiss",2022-09-01,Contributions wanted!
230,3254,2022-10-13T11:23:03Z,"type:bug,good first issue,Contributions wanted!,topic:faiss",2022-09-01,topic:faiss
231,3369,,"type:bug,topic:pipeline",2022-10-01,type:bug
232,3369,,"type:bug,topic:pipeline",2022-10-01,topic:pipeline
233,3076,2022-10-13T09:53:29Z,topic:elasticsearch,2022-08-01,topic:elasticsearch
234,3353,2022-10-13T06:05:58Z,"type:bug,topic:DPR,topic:train",2022-10-01,type:bug
235,3353,2022-10-13T06:05:58Z,"type:bug,topic:DPR,topic:train",2022-10-01,topic:DPR
236,3353,2022-10-13T06:05:58Z,"type:bug,topic:DPR,topic:train",2022-10-01,topic:train
237,3376,,"type:bug,good first issue,Contributions wanted!,topic:document_store,topic:milvus",2022-10-01,type:bug
238,3376,,"type:bug,good first issue,Contributions wanted!,topic:document_store,topic:milvus",2022-10-01,good first issue
239,3376,,"type:bug,good first issue,Contributions wanted!,topic:document_store,topic:milvus",2022-10-01,Contributions wanted!
240,3376,,"type:bug,good first issue,Contributions wanted!,topic:document_store,topic:milvus",2022-10-01,topic:document_store
241,3376,,"type:bug,good first issue,Contributions wanted!,topic:document_store,topic:milvus",2022-10-01,topic:milvus
242,925,,type:feature,2021-03-01,type:feature
243,3310,,,2022-10-01,Others
244,17,2020-02-12T08:23:10Z,,2020-02-01,Others
245,3249,2022-10-10T11:08:46Z,"type:bug,topic:preprocessing,journey:intermediate",2022-09-01,type:bug
246,3249,2022-10-10T11:08:46Z,"type:bug,topic:preprocessing,journey:intermediate",2022-09-01,topic:preprocessing
247,3249,2022-10-10T11:08:46Z,"type:bug,topic:preprocessing,journey:intermediate",2022-09-01,journey:intermediate
248,3288,2022-10-10T08:22:15Z,"type:feature,Contributions wanted!,topic:pipeline,journey:intermediate",2022-09-01,type:feature
249,3288,2022-10-10T08:22:15Z,"type:feature,Contributions wanted!,topic:pipeline,journey:intermediate",2022-09-01,Contributions wanted!
250,3288,2022-10-10T08:22:15Z,"type:feature,Contributions wanted!,topic:pipeline,journey:intermediate",2022-09-01,topic:pipeline
251,3288,2022-10-10T08:22:15Z,"type:feature,Contributions wanted!,topic:pipeline,journey:intermediate",2022-09-01,journey:intermediate
252,3191,,topic:annotation_tool,2022-09-01,topic:annotation_tool
253,2631,,"good first issue,Contributions wanted!,topic:document_store",2022-06-01,good first issue
254,2631,,"good first issue,Contributions wanted!,topic:document_store",2022-06-01,Contributions wanted!
255,2631,,"good first issue,Contributions wanted!,topic:document_store",2022-06-01,topic:document_store
256,3202,,"Contributions wanted!,breaking change,topic:eval,type:refactor,topic:dependencies,journey:advanced",2022-09-01,Contributions wanted!
257,3202,,"Contributions wanted!,breaking change,topic:eval,type:refactor,topic:dependencies,journey:advanced",2022-09-01,breaking change
258,3202,,"Contributions wanted!,breaking change,topic:eval,type:refactor,topic:dependencies,journey:advanced",2022-09-01,topic:eval
259,3202,,"Contributions wanted!,breaking change,topic:eval,type:refactor,topic:dependencies,journey:advanced",2022-09-01,type:refactor
260,3202,,"Contributions wanted!,breaking change,topic:eval,type:refactor,topic:dependencies,journey:advanced",2022-09-01,topic:dependencies
261,3202,,"Contributions wanted!,breaking change,topic:eval,type:refactor,topic:dependencies,journey:advanced",2022-09-01,journey:advanced
262,3320,2022-10-06T13:41:30Z,"type:bug,topic:document_store,topic:opensearch",2022-10-01,type:bug
263,3320,2022-10-06T13:41:30Z,"type:bug,topic:document_store,topic:opensearch",2022-10-01,topic:document_store
264,3320,2022-10-06T13:41:30Z,"type:bug,topic:document_store,topic:opensearch",2022-10-01,topic:opensearch
265,1077,2021-10-14T09:24:41Z,"type:question,topic:speed",2021-05-01,type:question
266,1077,2021-10-14T09:24:41Z,"type:question,topic:speed",2021-05-01,topic:speed
267,3303,,topic:docker,2022-10-01,topic:docker
268,3272,2022-10-04T12:08:25Z,"type:bug,topic:reader,journey:advanced",2022-09-01,type:bug
269,3272,2022-10-04T12:08:25Z,"type:bug,topic:reader,journey:advanced",2022-09-01,topic:reader
270,3272,2022-10-04T12:08:25Z,"type:bug,topic:reader,journey:advanced",2022-09-01,journey:advanced
271,2804,,"epic,epic:in-progress",2022-07-01,epic
272,2804,,"epic,epic:in-progress",2022-07-01,epic:in-progress
273,3289,2022-10-04T03:46:53Z,"type:bug,topic:pipeline,journey:intermediate",2022-09-01,type:bug
274,3289,2022-10-04T03:46:53Z,"type:bug,topic:pipeline,journey:intermediate",2022-09-01,topic:pipeline
275,3289,2022-10-04T03:46:53Z,"type:bug,topic:pipeline,journey:intermediate",2022-09-01,journey:intermediate
276,3315,2022-10-03T19:55:41Z,,2022-10-01,Others
277,3313,,epic,2022-10-01,epic
278,3312,,epic,2022-10-01,epic
279,3311,,epic,2022-10-01,epic
280,3308,,"epic,topic:preprocessing",2022-10-01,epic
281,3308,,"epic,topic:preprocessing",2022-10-01,topic:preprocessing
282,3155,,epic,2022-09-01,epic
283,3307,2022-10-03T10:36:08Z,,2022-10-01,Others
284,1952,2022-10-03T09:29:32Z,"epic,topic:installation,journey:intermediate",2022-01-01,epic
285,1952,2022-10-03T09:29:32Z,"epic,topic:installation,journey:intermediate",2022-01-01,topic:installation
286,1952,2022-10-03T09:29:32Z,"epic,topic:installation,journey:intermediate",2022-01-01,journey:intermediate
287,1953,2022-10-03T09:21:55Z,epic,2022-01-01,epic
288,2812,2022-10-03T09:21:33Z,epic,2022-07-01,epic
289,3302,2022-10-01T21:17:04Z,,2022-10-01,Others
290,3169,2022-09-30T11:27:18Z,"type:bug,topic:pipeline,journey:intermediate",2022-09-01,type:bug
291,3169,2022-09-30T11:27:18Z,"type:bug,topic:pipeline,journey:intermediate",2022-09-01,topic:pipeline
292,3169,2022-09-30T11:27:18Z,"type:bug,topic:pipeline,journey:intermediate",2022-09-01,journey:intermediate
293,1249,2021-07-13T07:44:54Z,,2021-07-01,Others
294,3275,,"type:bug,topic:pipeline,journey:advanced",2022-09-01,type:bug
295,3275,,"type:bug,topic:pipeline,journey:advanced",2022-09-01,topic:pipeline
296,3275,,"type:bug,topic:pipeline,journey:advanced",2022-09-01,journey:advanced
297,3240,,"type:bug,topic:retriever",2022-09-01,type:bug
298,3240,,"type:bug,topic:retriever",2022-09-01,topic:retriever
299,3177,,"type:feature,topic:predictions,journey:intermediate",2022-09-01,type:feature
300,3177,,"type:feature,topic:predictions,journey:intermediate",2022-09-01,topic:predictions
301,3177,,"type:feature,topic:predictions,journey:intermediate",2022-09-01,journey:intermediate
302,3087,2022-08-31T11:33:40Z,,2022-08-01,Others
303,2096,2022-09-26T17:30:33Z,"topic:DPR,type:documentation,journey:advanced,topic:retriever",2022-02-01,topic:DPR
304,2096,2022-09-26T17:30:33Z,"topic:DPR,type:documentation,journey:advanced,topic:retriever",2022-02-01,type:documentation
305,2096,2022-09-26T17:30:33Z,"topic:DPR,type:documentation,journey:advanced,topic:retriever",2022-02-01,journey:advanced
306,2096,2022-09-26T17:30:33Z,"topic:DPR,type:documentation,journey:advanced,topic:retriever",2022-02-01,topic:retriever
307,1903,2022-02-17T09:28:01Z,"type:question,topic:faiss,topic:sql,topic:document_store,journey:first steps",2021-12-01,type:question
308,1903,2022-02-17T09:28:01Z,"type:question,topic:faiss,topic:sql,topic:document_store,journey:first steps",2021-12-01,topic:faiss
309,1903,2022-02-17T09:28:01Z,"type:question,topic:faiss,topic:sql,topic:document_store,journey:first steps",2021-12-01,topic:sql
310,1903,2022-02-17T09:28:01Z,"type:question,topic:faiss,topic:sql,topic:document_store,journey:first steps",2021-12-01,topic:document_store
311,1903,2022-02-17T09:28:01Z,"type:question,topic:faiss,topic:sql,topic:document_store,journey:first steps",2021-12-01,journey:first steps
312,992,2021-06-09T15:32:18Z,type:documentation,2021-04-01,type:documentation
313,3009,2022-09-26T17:28:14Z,"Contributions wanted!,topic:tests",2022-08-01,Contributions wanted!
314,3009,2022-09-26T17:28:14Z,"Contributions wanted!,topic:tests",2022-08-01,topic:tests
315,3136,2022-09-12T07:38:06Z,"topic:train,journey:intermediate,topic:retriever",2022-09-01,topic:train
316,3136,2022-09-12T07:38:06Z,"topic:train,journey:intermediate,topic:retriever",2022-09-01,journey:intermediate
317,3136,2022-09-12T07:38:06Z,"topic:train,journey:intermediate,topic:retriever",2022-09-01,topic:retriever
318,586,2021-08-21T08:43:16Z,"type:feature,stale",2020-11-01,type:feature
319,586,2021-08-21T08:43:16Z,"type:feature,stale",2020-11-01,stale
320,3279,2022-09-26T14:57:53Z,,2022-09-01,Others
321,3210,2022-09-26T13:18:13Z,type:bug,2022-09-01,type:bug
322,3153,2022-09-26T11:22:01Z,"type:bug,good first issue,Contributions wanted!,topic:elasticsearch,topic:document_store,journey:first steps",2022-09-01,type:bug
323,3153,2022-09-26T11:22:01Z,"type:bug,good first issue,Contributions wanted!,topic:elasticsearch,topic:document_store,journey:first steps",2022-09-01,good first issue
324,3153,2022-09-26T11:22:01Z,"type:bug,good first issue,Contributions wanted!,topic:elasticsearch,topic:document_store,journey:first steps",2022-09-01,Contributions wanted!
325,3153,2022-09-26T11:22:01Z,"type:bug,good first issue,Contributions wanted!,topic:elasticsearch,topic:document_store,journey:first steps",2022-09-01,topic:elasticsearch
326,3153,2022-09-26T11:22:01Z,"type:bug,good first issue,Contributions wanted!,topic:elasticsearch,topic:document_store,journey:first steps",2022-09-01,topic:document_store
327,3153,2022-09-26T11:22:01Z,"type:bug,good first issue,Contributions wanted!,topic:elasticsearch,topic:document_store,journey:first steps",2022-09-01,journey:first steps
328,193,2020-09-07T10:33:49Z,"type:question,topic:speed",2020-07-01,type:question
329,193,2020-09-07T10:33:49Z,"type:question,topic:speed",2020-07-01,topic:speed
330,2807,,"action:needs documentation,epic,epic:idle",2022-07-01,action:needs documentation
331,2807,,"action:needs documentation,epic,epic:idle",2022-07-01,epic
332,2807,,"action:needs documentation,epic,epic:idle",2022-07-01,epic:idle
333,3256,2022-09-23T13:46:49Z,"type:bug,topic:pipeline",2022-09-01,type:bug
334,3256,2022-09-23T13:46:49Z,"type:bug,topic:pipeline",2022-09-01,topic:pipeline
335,2913,2022-09-23T11:26:50Z,"type:feature,topic:document_store,journey:advanced,topic:opensearch",2022-07-01,type:feature
336,2913,2022-09-23T11:26:50Z,"type:feature,topic:document_store,journey:advanced,topic:opensearch",2022-07-01,topic:document_store
337,2913,2022-09-23T11:26:50Z,"type:feature,topic:document_store,journey:advanced,topic:opensearch",2022-07-01,journey:advanced
338,2913,2022-09-23T11:26:50Z,"type:feature,topic:document_store,journey:advanced,topic:opensearch",2022-07-01,topic:opensearch
339,3264,2022-09-22T09:17:24Z,,2022-09-01,Others
340,3038,,"Contributions wanted!,topic:rest_api,good second issue,topic:eval,type:refactor,journey:advanced",2022-08-01,Contributions wanted!
341,3038,,"Contributions wanted!,topic:rest_api,good second issue,topic:eval,type:refactor,journey:advanced",2022-08-01,topic:rest_api
342,3038,,"Contributions wanted!,topic:rest_api,good second issue,topic:eval,type:refactor,journey:advanced",2022-08-01,good second issue
343,3038,,"Contributions wanted!,topic:rest_api,good second issue,topic:eval,type:refactor,journey:advanced",2022-08-01,topic:eval
344,3038,,"Contributions wanted!,topic:rest_api,good second issue,topic:eval,type:refactor,journey:advanced",2022-08-01,type:refactor
345,3038,,"Contributions wanted!,topic:rest_api,good second issue,topic:eval,type:refactor,journey:advanced",2022-08-01,journey:advanced
346,3248,2022-09-21T19:38:12Z,,2022-09-01,Others
347,3242,2022-09-21T17:08:55Z,"type:bug,Contributions wanted!,topic:speed,topic:retriever",2022-09-01,type:bug
348,3242,2022-09-21T17:08:55Z,"type:bug,Contributions wanted!,topic:speed,topic:retriever",2022-09-01,Contributions wanted!
349,3242,2022-09-21T17:08:55Z,"type:bug,Contributions wanted!,topic:speed,topic:retriever",2022-09-01,topic:speed
350,3242,2022-09-21T17:08:55Z,"type:bug,Contributions wanted!,topic:speed,topic:retriever",2022-09-01,topic:retriever
351,3255,,topic:docker,2022-09-01,topic:docker
352,3167,2022-09-21T11:16:05Z,"type:feature,Contributions wanted!,topic:pipeline,journey:intermediate",2022-09-01,type:feature
353,3167,2022-09-21T11:16:05Z,"type:feature,Contributions wanted!,topic:pipeline,journey:intermediate",2022-09-01,Contributions wanted!
354,3167,2022-09-21T11:16:05Z,"type:feature,Contributions wanted!,topic:pipeline,journey:intermediate",2022-09-01,topic:pipeline
355,3167,2022-09-21T11:16:05Z,"type:feature,Contributions wanted!,topic:pipeline,journey:intermediate",2022-09-01,journey:intermediate
356,3253,,"type:feature,topic:eval,journey:advanced",2022-09-01,type:feature
357,3253,,"type:feature,topic:eval,journey:advanced",2022-09-01,topic:eval
358,3253,,"type:feature,topic:eval,journey:advanced",2022-09-01,journey:advanced
359,3058,,,2022-08-01,Others
360,3159,2022-09-20T12:16:04Z,"topic:pipeline,journey:first steps",2022-09-01,topic:pipeline
361,3159,2022-09-20T12:16:04Z,"topic:pipeline,journey:first steps",2022-09-01,journey:first steps
362,2813,2022-09-20T08:22:10Z,"type:bug,topic:speed,action:benchmark,topic:accuracy,journey:advanced",2022-07-01,type:bug
363,2813,2022-09-20T08:22:10Z,"type:bug,topic:speed,action:benchmark,topic:accuracy,journey:advanced",2022-07-01,topic:speed
364,2813,2022-09-20T08:22:10Z,"type:bug,topic:speed,action:benchmark,topic:accuracy,journey:advanced",2022-07-01,action:benchmark
365,2813,2022-09-20T08:22:10Z,"type:bug,topic:speed,action:benchmark,topic:accuracy,journey:advanced",2022-07-01,topic:accuracy
366,2813,2022-09-20T08:22:10Z,"type:bug,topic:speed,action:benchmark,topic:accuracy,journey:advanced",2022-07-01,journey:advanced
367,3143,2022-09-20T06:41:38Z,"topic:CI,topic:DX",2022-09-01,topic:CI
368,3143,2022-09-20T06:41:38Z,"topic:CI,topic:DX",2022-09-01,topic:DX
369,3201,2022-09-19T23:15:04Z,,2022-09-01,Others
370,2790,2022-09-19T16:18:34Z,"type:bug,Contributions wanted!,topic:pipeline,journey:advanced",2022-07-01,type:bug
371,2790,2022-09-19T16:18:34Z,"type:bug,Contributions wanted!,topic:pipeline,journey:advanced",2022-07-01,Contributions wanted!
372,2790,2022-09-19T16:18:34Z,"type:bug,Contributions wanted!,topic:pipeline,journey:advanced",2022-07-01,topic:pipeline
373,2790,2022-09-19T16:18:34Z,"type:bug,Contributions wanted!,topic:pipeline,journey:advanced",2022-07-01,journey:advanced
374,3111,2022-09-19T16:18:33Z,topic:speed,2022-08-01,topic:speed
375,3225,2022-09-19T09:32:59Z,"type:bug,Contributions wanted!",2022-09-01,type:bug
376,3225,2022-09-19T09:32:59Z,"type:bug,Contributions wanted!",2022-09-01,Contributions wanted!
377,3055,2022-09-17T06:24:35Z,,2022-08-01,Others
378,2707,2022-06-22T16:31:46Z,,2022-06-01,Others
379,3219,2022-09-16T11:08:31Z,"type:bug,topic:elasticsearch,topic:tests,topic:windows,topic:CI",2022-09-01,type:bug
380,3219,2022-09-16T11:08:31Z,"type:bug,topic:elasticsearch,topic:tests,topic:windows,topic:CI",2022-09-01,topic:elasticsearch
381,3219,2022-09-16T11:08:31Z,"type:bug,topic:elasticsearch,topic:tests,topic:windows,topic:CI",2022-09-01,topic:tests
382,3219,2022-09-16T11:08:31Z,"type:bug,topic:elasticsearch,topic:tests,topic:windows,topic:CI",2022-09-01,topic:windows
383,3219,2022-09-16T11:08:31Z,"type:bug,topic:elasticsearch,topic:tests,topic:windows,topic:CI",2022-09-01,topic:CI
384,1806,2022-01-26T17:12:55Z,"type:refactor,topic:dependencies,journey:first steps",2021-11-01,type:refactor
385,1806,2022-01-26T17:12:55Z,"type:refactor,topic:dependencies,journey:first steps",2021-11-01,topic:dependencies
386,1806,2022-01-26T17:12:55Z,"type:refactor,topic:dependencies,journey:first steps",2021-11-01,journey:first steps
387,3198,2022-09-15T17:47:41Z,"type:bug,topic:rest_api,topic:docker,topic:pipeline,journey:first steps",2022-09-01,type:bug
388,3198,2022-09-15T17:47:41Z,"type:bug,topic:rest_api,topic:docker,topic:pipeline,journey:first steps",2022-09-01,topic:rest_api
389,3198,2022-09-15T17:47:41Z,"type:bug,topic:rest_api,topic:docker,topic:pipeline,journey:first steps",2022-09-01,topic:docker
390,3198,2022-09-15T17:47:41Z,"type:bug,topic:rest_api,topic:docker,topic:pipeline,journey:first steps",2022-09-01,topic:pipeline
391,3198,2022-09-15T17:47:41Z,"type:bug,topic:rest_api,topic:docker,topic:pipeline,journey:first steps",2022-09-01,journey:first steps
392,2962,,"type:bug,topic:pipeline,journey:intermediate",2022-08-01,type:bug
393,2962,,"type:bug,topic:pipeline,journey:intermediate",2022-08-01,topic:pipeline
394,2962,,"type:bug,topic:pipeline,journey:intermediate",2022-08-01,journey:intermediate
395,3090,2022-09-15T13:23:56Z,"Contributions wanted!,topic:document_store,journey:first steps",2022-08-01,Contributions wanted!
396,3090,2022-09-15T13:23:56Z,"Contributions wanted!,topic:document_store,journey:first steps",2022-08-01,topic:document_store
397,3090,2022-09-15T13:23:56Z,"Contributions wanted!,topic:document_store,journey:first steps",2022-08-01,journey:first steps
398,3218,,"type:bug,Contributions wanted!,topic:speed,topic:faiss,topic:dependencies,journey:intermediate",2022-09-01,type:bug
399,3218,,"type:bug,Contributions wanted!,topic:speed,topic:faiss,topic:dependencies,journey:intermediate",2022-09-01,Contributions wanted!
400,3218,,"type:bug,Contributions wanted!,topic:speed,topic:faiss,topic:dependencies,journey:intermediate",2022-09-01,topic:speed
401,3218,,"type:bug,Contributions wanted!,topic:speed,topic:faiss,topic:dependencies,journey:intermediate",2022-09-01,topic:faiss
402,3218,,"type:bug,Contributions wanted!,topic:speed,topic:faiss,topic:dependencies,journey:intermediate",2022-09-01,topic:dependencies
403,3218,,"type:bug,Contributions wanted!,topic:speed,topic:faiss,topic:dependencies,journey:intermediate",2022-09-01,journey:intermediate
404,3175,,"type:feature,Contributions wanted!,topic:rest_api,topic:pipeline,journey:advanced",2022-09-01,type:feature
405,3175,,"type:feature,Contributions wanted!,topic:rest_api,topic:pipeline,journey:advanced",2022-09-01,Contributions wanted!
406,3175,,"type:feature,Contributions wanted!,topic:rest_api,topic:pipeline,journey:advanced",2022-09-01,topic:rest_api
407,3175,,"type:feature,Contributions wanted!,topic:rest_api,topic:pipeline,journey:advanced",2022-09-01,topic:pipeline
408,3175,,"type:feature,Contributions wanted!,topic:rest_api,topic:pipeline,journey:advanced",2022-09-01,journey:advanced
409,3213,2022-09-14T13:53:30Z,,2022-09-01,Others
410,3215,2022-09-14T08:17:42Z,duplicate,2022-09-01,duplicate
411,2684,2022-09-14T07:44:36Z,"topic:installation,journey:first steps",2022-06-01,topic:installation
412,2684,2022-09-14T07:44:36Z,"topic:installation,journey:first steps",2022-06-01,journey:first steps
413,3131,2022-09-13T14:55:23Z,Contributions wanted!,2022-09-01,Contributions wanted!
414,3173,2022-09-13T11:32:13Z,"type:question,topic:faiss,type:documentation,journey:first steps",2022-09-01,type:question
415,3173,2022-09-13T11:32:13Z,"type:question,topic:faiss,type:documentation,journey:first steps",2022-09-01,topic:faiss
416,3173,2022-09-13T11:32:13Z,"type:question,topic:faiss,type:documentation,journey:first steps",2022-09-01,type:documentation
417,3173,2022-09-13T11:32:13Z,"type:question,topic:faiss,type:documentation,journey:first steps",2022-09-01,journey:first steps
418,2792,2022-09-13T10:33:08Z,"type:bug,good first issue,Contributions wanted!,topic:file_converter,topic:metadata,journey:first steps",2022-07-01,type:bug
419,2792,2022-09-13T10:33:08Z,"type:bug,good first issue,Contributions wanted!,topic:file_converter,topic:metadata,journey:first steps",2022-07-01,good first issue
420,2792,2022-09-13T10:33:08Z,"type:bug,good first issue,Contributions wanted!,topic:file_converter,topic:metadata,journey:first steps",2022-07-01,Contributions wanted!
421,2792,2022-09-13T10:33:08Z,"type:bug,good first issue,Contributions wanted!,topic:file_converter,topic:metadata,journey:first steps",2022-07-01,topic:file_converter
422,2792,2022-09-13T10:33:08Z,"type:bug,good first issue,Contributions wanted!,topic:file_converter,topic:metadata,journey:first steps",2022-07-01,topic:metadata
423,2792,2022-09-13T10:33:08Z,"type:bug,good first issue,Contributions wanted!,topic:file_converter,topic:metadata,journey:first steps",2022-07-01,journey:first steps
424,3203,2022-09-13T10:16:45Z,"type:bug,topic:tests,topic:dependencies",2022-09-01,type:bug
425,3203,2022-09-13T10:16:45Z,"type:bug,topic:tests,topic:dependencies",2022-09-01,topic:tests
426,3203,2022-09-13T10:16:45Z,"type:bug,topic:tests,topic:dependencies",2022-09-01,topic:dependencies
427,2606,,"topic:installation,journey:first steps",2022-05-01,topic:installation
428,2606,,"topic:installation,journey:first steps",2022-05-01,journey:first steps
429,3093,,,2022-08-01,Others
430,1428,,"topic:rest_api,type:documentation",2021-09-01,topic:rest_api
431,1428,,"topic:rest_api,type:documentation",2021-09-01,type:documentation
432,2621,,"type:bug,Contributions wanted!,topic:elasticsearch,topic:document_store",2022-06-01,type:bug
433,2621,,"type:bug,Contributions wanted!,topic:elasticsearch,topic:document_store",2022-06-01,Contributions wanted!
434,2621,,"type:bug,Contributions wanted!,topic:elasticsearch,topic:document_store",2022-06-01,topic:elasticsearch
435,2621,,"type:bug,Contributions wanted!,topic:elasticsearch,topic:document_store",2022-06-01,topic:document_store
436,3188,2022-09-09T19:16:15Z,,2022-09-01,Others
437,2572,,"good first issue,Contributions wanted!,good second issue,topic:reader,topic:predictions",2022-05-01,good first issue
438,2572,,"good first issue,Contributions wanted!,good second issue,topic:reader,topic:predictions",2022-05-01,Contributions wanted!
439,2572,,"good first issue,Contributions wanted!,good second issue,topic:reader,topic:predictions",2022-05-01,good second issue
440,2572,,"good first issue,Contributions wanted!,good second issue,topic:reader,topic:predictions",2022-05-01,topic:reader
441,2572,,"good first issue,Contributions wanted!,good second issue,topic:reader,topic:predictions",2022-05-01,topic:predictions
442,3128,2022-09-09T09:31:38Z,"Contributions wanted!,topic:dependencies,topic:build/distribution",2022-08-01,Contributions wanted!
443,3128,2022-09-09T09:31:38Z,"Contributions wanted!,topic:dependencies,topic:build/distribution",2022-08-01,topic:dependencies
444,3128,2022-09-09T09:31:38Z,"Contributions wanted!,topic:dependencies,topic:build/distribution",2022-08-01,topic:build/distribution
445,3165,2022-09-08T16:24:18Z,,2022-09-01,Others
446,3160,2022-09-08T13:36:41Z,"type:bug,topic:pipeline",2022-09-01,type:bug
447,3160,2022-09-08T13:36:41Z,"type:bug,topic:pipeline",2022-09-01,topic:pipeline
448,3185,,"topic:pipeline,type:refactor",2022-09-01,topic:pipeline
449,3185,,"topic:pipeline,type:refactor",2022-09-01,type:refactor
450,1894,,"type:feature,topic:models,topic:reader,journey:advanced",2021-12-01,type:feature
451,1894,,"type:feature,topic:models,topic:reader,journey:advanced",2021-12-01,topic:models
452,1894,,"type:feature,topic:models,topic:reader,journey:advanced",2021-12-01,topic:reader
453,1894,,"type:feature,topic:models,topic:reader,journey:advanced",2021-12-01,journey:advanced
454,3174,2022-09-07T14:11:43Z,,2022-09-01,Others
455,3146,2022-09-07T12:35:11Z,topic:CI,2022-09-01,topic:CI
456,1706,,,2021-11-01,Others
457,2318,,"type:feature,Contributions wanted!,topic:document_store,journey:first steps",2022-03-01,type:feature
458,2318,,"type:feature,Contributions wanted!,topic:document_store,journey:first steps",2022-03-01,Contributions wanted!
459,2318,,"type:feature,Contributions wanted!,topic:document_store,journey:first steps",2022-03-01,topic:document_store
460,2318,,"type:feature,Contributions wanted!,topic:document_store,journey:first steps",2022-03-01,journey:first steps
461,2926,2022-09-07T09:00:07Z,"type:feature,topic:speed,journey:intermediate",2022-07-01,type:feature
462,2926,2022-09-07T09:00:07Z,"type:feature,topic:speed,journey:intermediate",2022-07-01,topic:speed
463,2926,2022-09-07T09:00:07Z,"type:feature,topic:speed,journey:intermediate",2022-07-01,journey:intermediate
464,3123,2022-09-07T08:57:56Z,"good first issue,Contributions wanted!,type:documentation,topic:preprocessing,journey:first steps",2022-08-01,good first issue
465,3123,2022-09-07T08:57:56Z,"good first issue,Contributions wanted!,type:documentation,topic:preprocessing,journey:first steps",2022-08-01,Contributions wanted!
466,3123,2022-09-07T08:57:56Z,"good first issue,Contributions wanted!,type:documentation,topic:preprocessing,journey:first steps",2022-08-01,type:documentation
467,3123,2022-09-07T08:57:56Z,"good first issue,Contributions wanted!,type:documentation,topic:preprocessing,journey:first steps",2022-08-01,topic:preprocessing
468,3123,2022-09-07T08:57:56Z,"good first issue,Contributions wanted!,type:documentation,topic:preprocessing,journey:first steps",2022-08-01,journey:first steps
469,3144,2022-09-06T09:05:43Z,type:refactor,2022-09-01,type:refactor
470,3019,,"type:bug,Contributions wanted!,good second issue,topic:sql",2022-08-01,type:bug
471,3019,,"type:bug,Contributions wanted!,good second issue,topic:sql",2022-08-01,Contributions wanted!
472,3019,,"type:bug,Contributions wanted!,good second issue,topic:sql",2022-08-01,good second issue
473,3019,,"type:bug,Contributions wanted!,good second issue,topic:sql",2022-08-01,topic:sql
474,2811,2022-09-05T16:08:42Z,"epic,topic:tests",2022-07-01,epic
475,2811,2022-09-05T16:08:42Z,"epic,topic:tests",2022-07-01,topic:tests
476,3139,2022-09-05T12:30:37Z,,2022-09-01,Others
477,3095,,"Contributions wanted!,topic:models,topic:tests",2022-08-01,Contributions wanted!
478,3095,,"Contributions wanted!,topic:models,topic:tests",2022-08-01,topic:models
479,3095,,"Contributions wanted!,topic:models,topic:tests",2022-08-01,topic:tests
480,3107,,"type:bug,Contributions wanted!,good second issue,topic:document_store,topic:pinecone",2022-08-01,type:bug
481,3107,,"type:bug,Contributions wanted!,good second issue,topic:document_store,topic:pinecone",2022-08-01,Contributions wanted!
482,3107,,"type:bug,Contributions wanted!,good second issue,topic:document_store,topic:pinecone",2022-08-01,good second issue
483,3107,,"type:bug,Contributions wanted!,good second issue,topic:document_store,topic:pinecone",2022-08-01,topic:document_store
484,3107,,"type:bug,Contributions wanted!,good second issue,topic:document_store,topic:pinecone",2022-08-01,topic:pinecone
485,3110,,"type:feature,good first issue,Contributions wanted!",2022-08-01,type:feature
486,3110,,"type:feature,good first issue,Contributions wanted!",2022-08-01,good first issue
487,3110,,"type:feature,good first issue,Contributions wanted!",2022-08-01,Contributions wanted!
488,3141,,Contributions wanted!,2022-09-01,Contributions wanted!
489,3157,,epic,2022-09-01,epic
490,3156,,epic,2022-09-01,epic
491,1951,2022-09-05T08:49:07Z,,2022-01-01,Others
492,3140,,,2022-09-01,Others
493,1475,,type:feature,2021-09-01,type:feature
494,2810,,"epic,epic:idle",2022-07-01,epic
495,2810,,"epic,epic:idle",2022-07-01,epic:idle
496,2418,,"epic,topic:images,epic:in-progress",2022-04-01,epic
497,2418,,"epic,topic:images,epic:in-progress",2022-04-01,topic:images
498,2418,,"epic,topic:images,epic:in-progress",2022-04-01,epic:in-progress
499,2751,2022-09-01T08:49:09Z,topic:retriever,2022-07-01,topic:retriever
500,2826,2022-08-31T13:30:33Z,"type:feature,topic:train,topic:reader,journey:advanced",2022-07-01,type:feature
501,2826,2022-08-31T13:30:33Z,"type:feature,topic:train,topic:reader,journey:advanced",2022-07-01,topic:train
502,2826,2022-08-31T13:30:33Z,"type:feature,topic:train,topic:reader,journey:advanced",2022-07-01,topic:reader
503,2826,2022-08-31T13:30:33Z,"type:feature,topic:train,topic:reader,journey:advanced",2022-07-01,journey:advanced
504,3084,2022-08-31T13:18:57Z,"type:bug,topic:DPR,journey:intermediate,topic:retriever",2022-08-01,type:bug
505,3084,2022-08-31T13:18:57Z,"type:bug,topic:DPR,journey:intermediate,topic:retriever",2022-08-01,topic:DPR
506,3084,2022-08-31T13:18:57Z,"type:bug,topic:DPR,journey:intermediate,topic:retriever",2022-08-01,journey:intermediate
507,3084,2022-08-31T13:18:57Z,"type:bug,topic:DPR,journey:intermediate,topic:retriever",2022-08-01,topic:retriever
508,2771,,"type:feature,topic:train,topic:reader,type:documentation,journey:advanced",2022-07-01,type:feature
509,2771,,"type:feature,topic:train,topic:reader,type:documentation,journey:advanced",2022-07-01,topic:train
510,2771,,"type:feature,topic:train,topic:reader,type:documentation,journey:advanced",2022-07-01,topic:reader
511,2771,,"type:feature,topic:train,topic:reader,type:documentation,journey:advanced",2022-07-01,type:documentation
512,2771,,"type:feature,topic:train,topic:reader,type:documentation,journey:advanced",2022-07-01,journey:advanced
513,2964,,"type:bug,topic:pipeline",2022-08-01,type:bug
514,2964,,"type:bug,topic:pipeline",2022-08-01,topic:pipeline
515,2026,2022-02-07T10:25:47Z,"type:question,topic:document_store,journey:intermediate,topic:retriever",2022-01-01,type:question
516,2026,2022-02-07T10:25:47Z,"type:question,topic:document_store,journey:intermediate,topic:retriever",2022-01-01,topic:document_store
517,2026,2022-02-07T10:25:47Z,"type:question,topic:document_store,journey:intermediate,topic:retriever",2022-01-01,journey:intermediate
518,2026,2022-02-07T10:25:47Z,"type:question,topic:document_store,journey:intermediate,topic:retriever",2022-01-01,topic:retriever
519,3105,2022-08-31T10:35:41Z,topic:ui,2022-08-01,topic:ui
520,3031,2022-08-30T15:02:09Z,"type:feature,good first issue,Contributions wanted!,topic:document_store,journey:first steps,topic:pinecone",2022-08-01,type:feature
521,3031,2022-08-30T15:02:09Z,"type:feature,good first issue,Contributions wanted!,topic:document_store,journey:first steps,topic:pinecone",2022-08-01,good first issue
522,3031,2022-08-30T15:02:09Z,"type:feature,good first issue,Contributions wanted!,topic:document_store,journey:first steps,topic:pinecone",2022-08-01,Contributions wanted!
523,3031,2022-08-30T15:02:09Z,"type:feature,good first issue,Contributions wanted!,topic:document_store,journey:first steps,topic:pinecone",2022-08-01,topic:document_store
524,3031,2022-08-30T15:02:09Z,"type:feature,good first issue,Contributions wanted!,topic:document_store,journey:first steps,topic:pinecone",2022-08-01,journey:first steps
525,3031,2022-08-30T15:02:09Z,"type:feature,good first issue,Contributions wanted!,topic:document_store,journey:first steps,topic:pinecone",2022-08-01,topic:pinecone
526,3122,,"topic:DPR,topic:train,journey:intermediate",2022-08-01,topic:DPR
527,3122,,"topic:DPR,topic:train,journey:intermediate",2022-08-01,topic:train
528,3122,,"topic:DPR,topic:train,journey:intermediate",2022-08-01,journey:intermediate
529,2644,2022-08-30T08:41:48Z,"type:bug,topic:tests,ignore-for-release-notes,topic:pinecone",2022-06-01,type:bug
530,2644,2022-08-30T08:41:48Z,"type:bug,topic:tests,ignore-for-release-notes,topic:pinecone",2022-06-01,topic:tests
531,2644,2022-08-30T08:41:48Z,"type:bug,topic:tests,ignore-for-release-notes,topic:pinecone",2022-06-01,ignore-for-release-notes
532,2644,2022-08-30T08:41:48Z,"type:bug,topic:tests,ignore-for-release-notes,topic:pinecone",2022-06-01,topic:pinecone
533,2865,2022-08-30T08:39:44Z,"type:feature,topic:models,type:refactor,topic:retriever,topic:images",2022-07-01,type:feature
534,2865,2022-08-30T08:39:44Z,"type:feature,topic:models,type:refactor,topic:retriever,topic:images",2022-07-01,topic:models
535,2865,2022-08-30T08:39:44Z,"type:feature,topic:models,type:refactor,topic:retriever,topic:images",2022-07-01,type:refactor
536,2865,2022-08-30T08:39:44Z,"type:feature,topic:models,type:refactor,topic:retriever,topic:images",2022-07-01,topic:retriever
537,2865,2022-08-30T08:39:44Z,"type:feature,topic:models,type:refactor,topic:retriever,topic:images",2022-07-01,topic:images
538,3117,2022-08-29T16:10:17Z,"topic:models,topic:pipeline,type:refactor,topic:tests",2022-08-01,topic:models
539,3117,2022-08-29T16:10:17Z,"topic:models,topic:pipeline,type:refactor,topic:tests",2022-08-01,topic:pipeline
540,3117,2022-08-29T16:10:17Z,"topic:models,topic:pipeline,type:refactor,topic:tests",2022-08-01,type:refactor
541,3117,2022-08-29T16:10:17Z,"topic:models,topic:pipeline,type:refactor,topic:tests",2022-08-01,topic:tests
542,3116,,type:refactor,2022-08-01,type:refactor
543,3108,2022-08-29T11:09:11Z,,2022-08-01,Others
544,3064,2022-08-29T09:10:27Z,"type:bug,topic:document_store,topic:opensearch",2022-08-01,type:bug
545,3064,2022-08-29T09:10:27Z,"type:bug,topic:document_store,topic:opensearch",2022-08-01,topic:document_store
546,3064,2022-08-29T09:10:27Z,"type:bug,topic:document_store,topic:opensearch",2022-08-01,topic:opensearch
547,3104,2022-08-26T16:10:08Z,,2022-08-01,Others
548,2251,2022-08-26T12:54:11Z,"type:feature,topic:models,topic:reader,journey:intermediate,topic:retriever",2022-02-01,type:feature
549,2251,2022-08-26T12:54:11Z,"type:feature,topic:models,topic:reader,journey:intermediate,topic:retriever",2022-02-01,topic:models
550,2251,2022-08-26T12:54:11Z,"type:feature,topic:models,topic:reader,journey:intermediate,topic:retriever",2022-02-01,topic:reader
551,2251,2022-08-26T12:54:11Z,"type:feature,topic:models,topic:reader,journey:intermediate,topic:retriever",2022-02-01,journey:intermediate
552,2251,2022-08-26T12:54:11Z,"type:feature,topic:models,topic:reader,journey:intermediate,topic:retriever",2022-02-01,topic:retriever
553,2836,,"type:feature,good first issue,topic:save/load,topic:reader,journey:intermediate",2022-07-01,type:feature
554,2836,,"type:feature,good first issue,topic:save/load,topic:reader,journey:intermediate",2022-07-01,good first issue
555,2836,,"type:feature,good first issue,topic:save/load,topic:reader,journey:intermediate",2022-07-01,topic:save/load
556,2836,,"type:feature,good first issue,topic:save/load,topic:reader,journey:intermediate",2022-07-01,topic:reader
557,2836,,"type:feature,good first issue,topic:save/load,topic:reader,journey:intermediate",2022-07-01,journey:intermediate
558,1019,2021-05-06T03:02:15Z,"action:needs documentation,topic:DPR,topic:faiss,topic:save/load",2021-05-01,action:needs documentation
559,1019,2021-05-06T03:02:15Z,"action:needs documentation,topic:DPR,topic:faiss,topic:save/load",2021-05-01,topic:DPR
560,1019,2021-05-06T03:02:15Z,"action:needs documentation,topic:DPR,topic:faiss,topic:save/load",2021-05-01,topic:faiss
561,1019,2021-05-06T03:02:15Z,"action:needs documentation,topic:DPR,topic:faiss,topic:save/load",2021-05-01,topic:save/load
562,2636,2022-08-25T15:50:59Z,"type:feature,topic:speed,topic:pipeline",2022-06-01,type:feature
563,2636,2022-08-25T15:50:59Z,"type:feature,topic:speed,topic:pipeline",2022-06-01,topic:speed
564,2636,2022-08-25T15:50:59Z,"type:feature,topic:speed,topic:pipeline",2022-06-01,topic:pipeline
565,3102,,"type:bug,topic:opensearch",2022-08-01,type:bug
566,3102,,"type:bug,topic:opensearch",2022-08-01,topic:opensearch
567,2912,2022-08-25T15:33:28Z,"type:feature,topic:document_store,journey:advanced,topic:opensearch",2022-07-01,type:feature
568,2912,2022-08-25T15:33:28Z,"type:feature,topic:document_store,journey:advanced,topic:opensearch",2022-07-01,topic:document_store
569,2912,2022-08-25T15:33:28Z,"type:feature,topic:document_store,journey:advanced,topic:opensearch",2022-07-01,journey:advanced
570,2912,2022-08-25T15:33:28Z,"type:feature,topic:document_store,journey:advanced,topic:opensearch",2022-07-01,topic:opensearch
571,3051,2022-08-24T17:05:13Z,"good first issue,Contributions wanted!,type:refactor",2022-08-01,good first issue
572,3051,2022-08-24T17:05:13Z,"good first issue,Contributions wanted!,type:refactor",2022-08-01,Contributions wanted!
573,3051,2022-08-24T17:05:13Z,"good first issue,Contributions wanted!,type:refactor",2022-08-01,type:refactor
574,2911,2022-08-24T14:43:55Z,"type:feature,topic:document_store,journey:advanced,topic:opensearch",2022-07-01,type:feature
575,2911,2022-08-24T14:43:55Z,"type:feature,topic:document_store,journey:advanced,topic:opensearch",2022-07-01,topic:document_store
576,2911,2022-08-24T14:43:55Z,"type:feature,topic:document_store,journey:advanced,topic:opensearch",2022-07-01,journey:advanced
577,2911,2022-08-24T14:43:55Z,"type:feature,topic:document_store,journey:advanced,topic:opensearch",2022-07-01,topic:opensearch
578,2589,2022-08-24T08:40:21Z,"type:bug,Contributions wanted!,topic:save/load",2022-05-01,type:bug
579,2589,2022-08-24T08:40:21Z,"type:bug,Contributions wanted!,topic:save/load",2022-05-01,Contributions wanted!
580,2589,2022-08-24T08:40:21Z,"type:bug,Contributions wanted!,topic:save/load",2022-05-01,topic:save/load
581,3082,2022-08-22T11:19:46Z,"type:bug,topic:tests",2022-08-01,type:bug
582,3082,2022-08-22T11:19:46Z,"type:bug,topic:tests",2022-08-01,topic:tests
583,3066,2022-08-22T11:08:18Z,,2022-08-01,Others
584,2946,2022-08-22T10:59:35Z,"type:bug,journey:advanced,topic:crawler",2022-08-01,type:bug
585,2946,2022-08-22T10:59:35Z,"type:bug,journey:advanced,topic:crawler",2022-08-01,journey:advanced
586,2946,2022-08-22T10:59:35Z,"type:bug,journey:advanced,topic:crawler",2022-08-01,topic:crawler
587,2672,2022-08-22T10:42:39Z,"topic:elasticsearch,topic:document_store,journey:intermediate",2022-06-01,topic:elasticsearch
588,2672,2022-08-22T10:42:39Z,"topic:elasticsearch,topic:document_store,journey:intermediate",2022-06-01,topic:document_store
589,2672,2022-08-22T10:42:39Z,"topic:elasticsearch,topic:document_store,journey:intermediate",2022-06-01,journey:intermediate
590,2896,2022-08-22T08:07:07Z,"type:bug,topic:pipeline,journey:advanced",2022-07-01,type:bug
591,2896,2022-08-22T08:07:07Z,"type:bug,topic:pipeline,journey:advanced",2022-07-01,topic:pipeline
592,2896,2022-08-22T08:07:07Z,"type:bug,topic:pipeline,journey:advanced",2022-07-01,journey:advanced
593,3068,,,2022-08-01,Others
594,2532,2022-08-18T10:14:25Z,"type:question,topic:faiss,topic:rest_api,topic:document_store,journey:first steps",2022-05-01,type:question
595,2532,2022-08-18T10:14:25Z,"type:question,topic:faiss,topic:rest_api,topic:document_store,journey:first steps",2022-05-01,topic:faiss
596,2532,2022-08-18T10:14:25Z,"type:question,topic:faiss,topic:rest_api,topic:document_store,journey:first steps",2022-05-01,topic:rest_api
597,2532,2022-08-18T10:14:25Z,"type:question,topic:faiss,topic:rest_api,topic:document_store,journey:first steps",2022-05-01,topic:document_store
598,2532,2022-08-18T10:14:25Z,"type:question,topic:faiss,topic:rest_api,topic:document_store,journey:first steps",2022-05-01,journey:first steps
599,2761,2022-08-18T10:06:13Z,"topic:elasticsearch,topic:predictions",2022-07-01,topic:elasticsearch
600,2761,2022-08-18T10:06:13Z,"topic:elasticsearch,topic:predictions",2022-07-01,topic:predictions
601,2715,2022-08-18T09:22:56Z,"topic:rest_api,topic:ui",2022-06-01,topic:rest_api
602,2715,2022-08-18T09:22:56Z,"topic:rest_api,topic:ui",2022-06-01,topic:ui
603,2688,2022-08-18T09:18:51Z,"topic:reader,journey:first steps",2022-06-01,topic:reader
604,2688,2022-08-18T09:18:51Z,"topic:reader,journey:first steps",2022-06-01,journey:first steps
605,2660,2022-08-18T09:11:55Z,"topic:rest_api,journey:intermediate",2022-06-01,topic:rest_api
606,2660,2022-08-18T09:11:55Z,"topic:rest_api,journey:intermediate",2022-06-01,journey:intermediate
607,2609,2022-08-18T09:07:33Z,"type:question,topic:installation,journey:first steps",2022-05-01,type:question
608,2609,2022-08-18T09:07:33Z,"type:question,topic:installation,journey:first steps",2022-05-01,topic:installation
609,2609,2022-08-18T09:07:33Z,"type:question,topic:installation,journey:first steps",2022-05-01,journey:first steps
610,2992,,"action:needs documentation,type:feature,journey:advanced",2022-08-01,action:needs documentation
611,2992,,"action:needs documentation,type:feature,journey:advanced",2022-08-01,type:feature
612,2992,,"action:needs documentation,type:feature,journey:advanced",2022-08-01,journey:advanced
613,3044,,"type:feature,topic:document_store,topic:milvus",2022-08-01,type:feature
614,3044,,"type:feature,topic:document_store,topic:milvus",2022-08-01,topic:document_store
615,3044,,"type:feature,topic:document_store,topic:milvus",2022-08-01,topic:milvus
616,2806,,"epic,epic:in-progress",2022-07-01,epic
617,2806,,"epic,epic:in-progress",2022-07-01,epic:in-progress
618,3059,2022-08-17T12:49:10Z,,2022-08-01,Others
619,3057,,,2022-08-01,Others
620,3046,2022-08-17T06:11:29Z,"type:bug,topic:dependencies,journey:first steps",2022-08-01,type:bug
621,3046,2022-08-17T06:11:29Z,"type:bug,topic:dependencies,journey:first steps",2022-08-01,topic:dependencies
622,3046,2022-08-17T06:11:29Z,"type:bug,topic:dependencies,journey:first steps",2022-08-01,journey:first steps
623,3052,,"type:question,topic:models",2022-08-01,type:question
624,3052,,"type:question,topic:models",2022-08-01,topic:models
625,2600,2022-08-16T15:20:01Z,type:refactor,2022-05-01,type:refactor
626,2204,2022-08-16T15:15:00Z,"type:feature,topic:installation,journey:intermediate",2022-02-01,type:feature
627,2204,2022-08-16T15:15:00Z,"type:feature,topic:installation,journey:intermediate",2022-02-01,topic:installation
628,2204,2022-08-16T15:15:00Z,"type:feature,topic:installation,journey:intermediate",2022-02-01,journey:intermediate
629,2203,2022-08-16T15:13:40Z,"type:feature,topic:installation,journey:intermediate",2022-02-01,type:feature
630,2203,2022-08-16T15:13:40Z,"type:feature,topic:installation,journey:intermediate",2022-02-01,topic:installation
631,2203,2022-08-16T15:13:40Z,"type:feature,topic:installation,journey:intermediate",2022-02-01,journey:intermediate
632,2872,2022-08-15T11:09:20Z,"type:bug,Contributions wanted!,topic:rest_api,good second issue,topic:eval,journey:advanced",2022-07-01,type:bug
633,2872,2022-08-15T11:09:20Z,"type:bug,Contributions wanted!,topic:rest_api,good second issue,topic:eval,journey:advanced",2022-07-01,Contributions wanted!
634,2872,2022-08-15T11:09:20Z,"type:bug,Contributions wanted!,topic:rest_api,good second issue,topic:eval,journey:advanced",2022-07-01,topic:rest_api
635,2872,2022-08-15T11:09:20Z,"type:bug,Contributions wanted!,topic:rest_api,good second issue,topic:eval,journey:advanced",2022-07-01,good second issue
636,2872,2022-08-15T11:09:20Z,"type:bug,Contributions wanted!,topic:rest_api,good second issue,topic:eval,journey:advanced",2022-07-01,topic:eval
637,2872,2022-08-15T11:09:20Z,"type:bug,Contributions wanted!,topic:rest_api,good second issue,topic:eval,journey:advanced",2022-07-01,journey:advanced
638,2976,2022-08-15T08:05:35Z,"type:bug,topic:pipeline",2022-08-01,type:bug
639,2976,2022-08-15T08:05:35Z,"type:bug,topic:pipeline",2022-08-01,topic:pipeline
640,3035,2022-08-14T10:11:24Z,,2022-08-01,Others
641,2816,2022-08-12T09:20:00Z,"type:bug,topic:document_store,journey:advanced,topic:opensearch",2022-07-01,type:bug
642,2816,2022-08-12T09:20:00Z,"type:bug,topic:document_store,journey:advanced,topic:opensearch",2022-07-01,topic:document_store
643,2816,2022-08-12T09:20:00Z,"type:bug,topic:document_store,journey:advanced,topic:opensearch",2022-07-01,journey:advanced
644,2816,2022-08-12T09:20:00Z,"type:bug,topic:document_store,journey:advanced,topic:opensearch",2022-07-01,topic:opensearch
645,3028,2022-08-12T08:26:54Z,,2022-08-01,Others
646,3024,2022-08-11T16:13:44Z,"type:bug,topic:tests",2022-08-01,type:bug
647,3024,2022-08-11T16:13:44Z,"type:bug,topic:tests",2022-08-01,topic:tests
648,2853,2022-08-11T14:46:55Z,"topic:accuracy,topic:eval,topic:reader",2022-07-01,topic:accuracy
649,2853,2022-08-11T14:46:55Z,"topic:accuracy,topic:eval,topic:reader",2022-07-01,topic:eval
650,2853,2022-08-11T14:46:55Z,"topic:accuracy,topic:eval,topic:reader",2022-07-01,topic:reader
651,3012,2022-08-11T13:16:44Z,"type:bug,topic:installation,topic:dependencies,journey:advanced",2022-08-01,type:bug
652,3012,2022-08-11T13:16:44Z,"type:bug,topic:installation,topic:dependencies,journey:advanced",2022-08-01,topic:installation
653,3012,2022-08-11T13:16:44Z,"type:bug,topic:installation,topic:dependencies,journey:advanced",2022-08-01,topic:dependencies
654,3012,2022-08-11T13:16:44Z,"type:bug,topic:installation,topic:dependencies,journey:advanced",2022-08-01,journey:advanced
655,2983,2022-08-11T08:43:26Z,"type:bug,topic:retriever,topic:weaviate",2022-08-01,type:bug
656,2983,2022-08-11T08:43:26Z,"type:bug,topic:retriever,topic:weaviate",2022-08-01,topic:retriever
657,2983,2022-08-11T08:43:26Z,"type:bug,topic:retriever,topic:weaviate",2022-08-01,topic:weaviate
658,2968,2022-08-11T07:50:17Z,"type:feature,type:refactor,journey:advanced",2022-08-01,type:feature
659,2968,2022-08-11T07:50:17Z,"type:feature,type:refactor,journey:advanced",2022-08-01,type:refactor
660,2968,2022-08-11T07:50:17Z,"type:feature,type:refactor,journey:advanced",2022-08-01,journey:advanced
661,2967,2022-08-11T07:50:16Z,"type:bug,journey:intermediate",2022-08-01,type:bug
662,2967,2022-08-11T07:50:16Z,"type:bug,journey:intermediate",2022-08-01,journey:intermediate
663,3000,2022-08-11T07:48:22Z,"type:feature,topic:document_store,topic:weaviate",2022-08-01,type:feature
664,3000,2022-08-11T07:48:22Z,"type:feature,topic:document_store,topic:weaviate",2022-08-01,topic:document_store
665,3000,2022-08-11T07:48:22Z,"type:feature,topic:document_store,topic:weaviate",2022-08-01,topic:weaviate
666,2924,2022-08-10T13:08:21Z,"type:feature,topic:eval,journey:intermediate,topic:dc-api",2022-07-01,type:feature
667,2924,2022-08-10T13:08:21Z,"type:feature,topic:eval,journey:intermediate,topic:dc-api",2022-07-01,topic:eval
668,2924,2022-08-10T13:08:21Z,"type:feature,topic:eval,journey:intermediate,topic:dc-api",2022-07-01,journey:intermediate
669,2924,2022-08-10T13:08:21Z,"type:feature,topic:eval,journey:intermediate,topic:dc-api",2022-07-01,topic:dc-api
670,2985,2022-08-10T10:59:17Z,"type:bug,Contributions wanted!,topic:pipeline,journey:first steps",2022-08-01,type:bug
671,2985,2022-08-10T10:59:17Z,"type:bug,Contributions wanted!,topic:pipeline,journey:first steps",2022-08-01,Contributions wanted!
672,2985,2022-08-10T10:59:17Z,"type:bug,Contributions wanted!,topic:pipeline,journey:first steps",2022-08-01,topic:pipeline
673,2985,2022-08-10T10:59:17Z,"type:bug,Contributions wanted!,topic:pipeline,journey:first steps",2022-08-01,journey:first steps
674,3010,2022-08-10T10:01:58Z,"type:bug,topic:document_store,topic:tests",2022-08-01,type:bug
675,3010,2022-08-10T10:01:58Z,"type:bug,topic:document_store,topic:tests",2022-08-01,topic:document_store
676,3010,2022-08-10T10:01:58Z,"type:bug,topic:document_store,topic:tests",2022-08-01,topic:tests
677,2999,2022-08-10T10:00:20Z,type:documentation,2022-08-01,type:documentation
678,2955,2022-08-10T07:43:22Z,"type:feature,good first issue,Contributions wanted!,breaking change,topic:eval,journey:intermediate",2022-08-01,type:feature
679,2955,2022-08-10T07:43:22Z,"type:feature,good first issue,Contributions wanted!,breaking change,topic:eval,journey:intermediate",2022-08-01,good first issue
680,2955,2022-08-10T07:43:22Z,"type:feature,good first issue,Contributions wanted!,breaking change,topic:eval,journey:intermediate",2022-08-01,Contributions wanted!
681,2955,2022-08-10T07:43:22Z,"type:feature,good first issue,Contributions wanted!,breaking change,topic:eval,journey:intermediate",2022-08-01,breaking change
682,2955,2022-08-10T07:43:22Z,"type:feature,good first issue,Contributions wanted!,breaking change,topic:eval,journey:intermediate",2022-08-01,topic:eval
683,2955,2022-08-10T07:43:22Z,"type:feature,good first issue,Contributions wanted!,breaking change,topic:eval,journey:intermediate",2022-08-01,journey:intermediate
684,2374,2022-08-09T13:55:28Z,"type:feature,Contributions wanted!,topic:file_converter,good second issue,topic:preprocessing",2022-03-01,type:feature
685,2374,2022-08-09T13:55:28Z,"type:feature,Contributions wanted!,topic:file_converter,good second issue,topic:preprocessing",2022-03-01,Contributions wanted!
686,2374,2022-08-09T13:55:28Z,"type:feature,Contributions wanted!,topic:file_converter,good second issue,topic:preprocessing",2022-03-01,topic:file_converter
687,2374,2022-08-09T13:55:28Z,"type:feature,Contributions wanted!,topic:file_converter,good second issue,topic:preprocessing",2022-03-01,good second issue
688,2374,2022-08-09T13:55:28Z,"type:feature,Contributions wanted!,topic:file_converter,good second issue,topic:preprocessing",2022-03-01,topic:preprocessing
689,2953,2022-08-09T13:53:26Z,"type:bug,good first issue,Contributions wanted!,topic:eval,journey:intermediate",2022-08-01,type:bug
690,2953,2022-08-09T13:53:26Z,"type:bug,good first issue,Contributions wanted!,topic:eval,journey:intermediate",2022-08-01,good first issue
691,2953,2022-08-09T13:53:26Z,"type:bug,good first issue,Contributions wanted!,topic:eval,journey:intermediate",2022-08-01,Contributions wanted!
692,2953,2022-08-09T13:53:26Z,"type:bug,good first issue,Contributions wanted!,topic:eval,journey:intermediate",2022-08-01,topic:eval
693,2953,2022-08-09T13:53:26Z,"type:bug,good first issue,Contributions wanted!,topic:eval,journey:intermediate",2022-08-01,journey:intermediate
694,3007,,"type:feature,good first issue,Contributions wanted!,topic:document_store,journey:first steps",2022-08-01,type:feature
695,3007,,"type:feature,good first issue,Contributions wanted!,topic:document_store,journey:first steps",2022-08-01,good first issue
696,3007,,"type:feature,good first issue,Contributions wanted!,topic:document_store,journey:first steps",2022-08-01,Contributions wanted!
697,3007,,"type:feature,good first issue,Contributions wanted!,topic:document_store,journey:first steps",2022-08-01,topic:document_store
698,3007,,"type:feature,good first issue,Contributions wanted!,topic:document_store,journey:first steps",2022-08-01,journey:first steps
699,3003,,"action:needs documentation,type:feature,topic:speed,topic:pipeline,journey:advanced",2022-08-01,action:needs documentation
700,3003,,"action:needs documentation,type:feature,topic:speed,topic:pipeline,journey:advanced",2022-08-01,type:feature
701,3003,,"action:needs documentation,type:feature,topic:speed,topic:pipeline,journey:advanced",2022-08-01,topic:speed
702,3003,,"action:needs documentation,type:feature,topic:speed,topic:pipeline,journey:advanced",2022-08-01,topic:pipeline
703,3003,,"action:needs documentation,type:feature,topic:speed,topic:pipeline,journey:advanced",2022-08-01,journey:advanced
704,3004,,"action:needs documentation,type:feature,journey:advanced",2022-08-01,action:needs documentation
705,3004,,"action:needs documentation,type:feature,journey:advanced",2022-08-01,type:feature
706,3004,,"action:needs documentation,type:feature,journey:advanced",2022-08-01,journey:advanced
707,3005,,"type:documentation,journey:advanced",2022-08-01,type:documentation
708,3005,,"type:documentation,journey:advanced",2022-08-01,journey:advanced
709,2805,,"epic,epic:in-progress",2022-07-01,epic
710,2805,,"epic,epic:in-progress",2022-07-01,epic:in-progress
711,2587,2022-08-09T07:43:34Z,"type:feature,Contributions wanted!,journey:intermediate",2022-05-01,type:feature
712,2587,2022-08-09T07:43:34Z,"type:feature,Contributions wanted!,journey:intermediate",2022-05-01,Contributions wanted!
713,2587,2022-08-09T07:43:34Z,"type:feature,Contributions wanted!,journey:intermediate",2022-05-01,journey:intermediate
714,2869,2022-08-08T15:20:45Z,"type:feature,topic:speed,topic:pipeline,journey:advanced",2022-07-01,type:feature
715,2869,2022-08-08T15:20:45Z,"type:feature,topic:speed,topic:pipeline,journey:advanced",2022-07-01,topic:speed
716,2869,2022-08-08T15:20:45Z,"type:feature,topic:speed,topic:pipeline,journey:advanced",2022-07-01,topic:pipeline
717,2869,2022-08-08T15:20:45Z,"type:feature,topic:speed,topic:pipeline,journey:advanced",2022-07-01,journey:advanced
718,2580,2022-08-08T13:55:15Z,type:feature,2022-05-01,type:feature
719,2989,,"type:bug,Contributions wanted!,good second issue,topic:document_store,journey:intermediate",2022-08-01,type:bug
720,2989,,"type:bug,Contributions wanted!,good second issue,topic:document_store,journey:intermediate",2022-08-01,Contributions wanted!
721,2989,,"type:bug,Contributions wanted!,good second issue,topic:document_store,journey:intermediate",2022-08-01,good second issue
722,2989,,"type:bug,Contributions wanted!,good second issue,topic:document_store,journey:intermediate",2022-08-01,topic:document_store
723,2989,,"type:bug,Contributions wanted!,good second issue,topic:document_store,journey:intermediate",2022-08-01,journey:intermediate
724,2939,2022-08-05T15:40:34Z,type:documentation,2022-08-01,type:documentation
725,2969,,"type:feature,journey:advanced",2022-08-01,type:feature
726,2969,,"type:feature,journey:advanced",2022-08-01,journey:advanced
727,2615,2022-08-04T15:21:29Z,"type:bug,Contributions wanted!,good second issue,topic:eval",2022-05-01,type:bug
728,2615,2022-08-04T15:21:29Z,"type:bug,Contributions wanted!,good second issue,topic:eval",2022-05-01,Contributions wanted!
729,2615,2022-08-04T15:21:29Z,"type:bug,Contributions wanted!,good second issue,topic:eval",2022-05-01,good second issue
730,2615,2022-08-04T15:21:29Z,"type:bug,Contributions wanted!,good second issue,topic:eval",2022-05-01,topic:eval
731,2683,2022-08-04T10:31:43Z,"good first issue,Contributions wanted!,type:documentation",2022-06-01,good first issue
732,2683,2022-08-04T10:31:43Z,"good first issue,Contributions wanted!,type:documentation",2022-06-01,Contributions wanted!
733,2683,2022-08-04T10:31:43Z,"good first issue,Contributions wanted!,type:documentation",2022-06-01,type:documentation
734,2954,2022-08-04T10:20:29Z,"type:bug,topic:pipeline",2022-08-01,type:bug
735,2954,2022-08-04T10:20:29Z,"type:bug,topic:pipeline",2022-08-01,topic:pipeline
736,2849,2022-08-04T08:27:51Z,"type:bug,topic:pipeline,journey:advanced",2022-07-01,type:bug
737,2849,2022-08-04T08:27:51Z,"type:bug,topic:pipeline,journey:advanced",2022-07-01,topic:pipeline
738,2849,2022-08-04T08:27:51Z,"type:bug,topic:pipeline,journey:advanced",2022-07-01,journey:advanced
739,2943,2022-08-03T17:19:08Z,"type:feature,topic:tests,ignore-for-release-notes",2022-08-01,type:feature
740,2943,2022-08-03T17:19:08Z,"type:feature,topic:tests,ignore-for-release-notes",2022-08-01,topic:tests
741,2943,2022-08-03T17:19:08Z,"type:feature,topic:tests,ignore-for-release-notes",2022-08-01,ignore-for-release-notes
742,2944,2022-08-03T16:49:04Z,"type:feature,journey:advanced",2022-08-01,type:feature
743,2944,2022-08-03T16:49:04Z,"type:feature,journey:advanced",2022-08-01,journey:advanced
744,2887,2022-08-03T16:43:56Z,"topic:DPR,type:refactor,journey:first steps",2022-07-01,topic:DPR
745,2887,2022-08-03T16:43:56Z,"topic:DPR,type:refactor,journey:first steps",2022-07-01,type:refactor
746,2887,2022-08-03T16:43:56Z,"topic:DPR,type:refactor,journey:first steps",2022-07-01,journey:first steps
747,2917,2022-08-03T14:38:24Z,"type:feature,journey:advanced",2022-07-01,type:feature
748,2917,2022-08-03T14:38:24Z,"type:feature,journey:advanced",2022-07-01,journey:advanced
749,2709,2022-07-01T16:41:56Z,"topic:elasticsearch,topic:document_store",2022-06-01,topic:elasticsearch
750,2709,2022-07-01T16:41:56Z,"topic:elasticsearch,topic:document_store",2022-06-01,topic:document_store
751,2920,2022-08-03T08:11:41Z,"type:bug,topic:dependencies",2022-07-01,type:bug
752,2920,2022-08-03T08:11:41Z,"type:bug,topic:dependencies",2022-07-01,topic:dependencies
753,2793,2022-08-02T10:07:54Z,"type:bug,topic:rest_api,journey:intermediate",2022-07-01,type:bug
754,2793,2022-08-02T10:07:54Z,"type:bug,topic:rest_api,journey:intermediate",2022-07-01,topic:rest_api
755,2793,2022-08-02T10:07:54Z,"type:bug,topic:rest_api,journey:intermediate",2022-07-01,journey:intermediate
756,2780,2022-08-02T09:34:23Z,"type:feature,topic:preprocessing,journey:advanced",2022-07-01,type:feature
757,2780,2022-08-02T09:34:23Z,"type:feature,topic:preprocessing,journey:advanced",2022-07-01,topic:preprocessing
758,2780,2022-08-02T09:34:23Z,"type:feature,topic:preprocessing,journey:advanced",2022-07-01,journey:advanced
759,2938,2022-08-01T11:34:45Z,,2022-08-01,Others
760,2937,2022-08-01T10:28:40Z,,2022-08-01,Others
761,2898,2022-07-29T15:21:27Z,"type:bug,topic:document_store,journey:advanced,topic:weaviate",2022-07-01,type:bug
762,2898,2022-07-29T15:21:27Z,"type:bug,topic:document_store,journey:advanced,topic:weaviate",2022-07-01,topic:document_store
763,2898,2022-07-29T15:21:27Z,"type:bug,topic:document_store,journey:advanced,topic:weaviate",2022-07-01,journey:advanced
764,2898,2022-07-29T15:21:27Z,"type:bug,topic:document_store,journey:advanced,topic:weaviate",2022-07-01,topic:weaviate
765,2930,,type:bug,2022-07-01,type:bug
766,2828,,"type:feature,topic:speed,topic:models",2022-07-01,type:feature
767,2828,,"type:feature,topic:speed,topic:models",2022-07-01,topic:speed
768,2828,,"type:feature,topic:speed,topic:models",2022-07-01,topic:models
769,2885,2022-07-29T09:31:54Z,"type:bug,topic:DPR,topic:train,journey:advanced",2022-07-01,type:bug
770,2885,2022-07-29T09:31:54Z,"type:bug,topic:DPR,topic:train,journey:advanced",2022-07-01,topic:DPR
771,2885,2022-07-29T09:31:54Z,"type:bug,topic:DPR,topic:train,journey:advanced",2022-07-01,topic:train
772,2885,2022-07-29T09:31:54Z,"type:bug,topic:DPR,topic:train,journey:advanced",2022-07-01,journey:advanced
773,2922,2022-07-29T09:06:27Z,,2022-07-01,Others
774,2916,,"type:feature,topic:reader,topic:predictions,journey:intermediate",2022-07-01,type:feature
775,2916,,"type:feature,topic:reader,topic:predictions,journey:intermediate",2022-07-01,topic:reader
776,2916,,"type:feature,topic:reader,topic:predictions,journey:intermediate",2022-07-01,topic:predictions
777,2916,,"type:feature,topic:reader,topic:predictions,journey:intermediate",2022-07-01,journey:intermediate
778,2915,,"type:feature,topic:document_store,journey:advanced,topic:opensearch",2022-07-01,type:feature
779,2915,,"type:feature,topic:document_store,journey:advanced,topic:opensearch",2022-07-01,topic:document_store
780,2915,,"type:feature,topic:document_store,journey:advanced,topic:opensearch",2022-07-01,journey:advanced
781,2915,,"type:feature,topic:document_store,journey:advanced,topic:opensearch",2022-07-01,topic:opensearch
782,2914,,"type:feature,topic:document_store,journey:advanced,topic:opensearch",2022-07-01,type:feature
783,2914,,"type:feature,topic:document_store,journey:advanced,topic:opensearch",2022-07-01,topic:document_store
784,2914,,"type:feature,topic:document_store,journey:advanced,topic:opensearch",2022-07-01,journey:advanced
785,2914,,"type:feature,topic:document_store,journey:advanced,topic:opensearch",2022-07-01,topic:opensearch
786,2904,,"type:bug,topic:dependencies,journey:advanced",2022-07-01,type:bug
787,2904,,"type:bug,topic:dependencies,journey:advanced",2022-07-01,topic:dependencies
788,2904,,"type:bug,topic:dependencies,journey:advanced",2022-07-01,journey:advanced
789,2881,2022-07-28T11:43:14Z,"type:bug,topic:reader",2022-07-01,type:bug
790,2881,2022-07-28T11:43:14Z,"type:bug,topic:reader",2022-07-01,topic:reader
791,2905,2022-07-28T10:25:33Z,,2022-07-01,Others
792,1285,2022-07-28T09:34:47Z,type:feature,2021-07-01,type:feature
793,2137,2022-07-28T08:13:25Z,"type:refactor,topic:document_store,topic:tests",2022-02-01,type:refactor
794,2137,2022-07-28T08:13:25Z,"type:refactor,topic:document_store,topic:tests",2022-02-01,topic:document_store
795,2137,2022-07-28T08:13:25Z,"type:refactor,topic:document_store,topic:tests",2022-02-01,topic:tests
796,2802,2022-07-28T08:04:51Z,"type:bug,topic:document_store",2022-07-01,type:bug
797,2802,2022-07-28T08:04:51Z,"type:bug,topic:document_store",2022-07-01,topic:document_store
798,1764,2022-07-28T08:04:50Z,,2021-11-01,Others
799,2902,2022-07-28T07:56:54Z,duplicate,2022-07-01,duplicate
800,2901,2022-07-27T19:15:46Z,,2022-07-01,Others
801,2392,2022-06-10T16:09:03Z,"type:feature,topic:retriever",2022-04-01,type:feature
802,2392,2022-06-10T16:09:03Z,"type:feature,topic:retriever",2022-04-01,topic:retriever
803,2894,,"type:feature,topic:tests,ignore-for-release-notes",2022-07-01,type:feature
804,2894,,"type:feature,topic:tests,ignore-for-release-notes",2022-07-01,topic:tests
805,2894,,"type:feature,topic:tests,ignore-for-release-notes",2022-07-01,ignore-for-release-notes
806,1661,2022-07-22T08:34:57Z,,2021-10-01,Others
807,2892,,"type:feature,topic:tests,ignore-for-release-notes",2022-07-01,type:feature
808,2892,,"type:feature,topic:tests,ignore-for-release-notes",2022-07-01,topic:tests
809,2892,,"type:feature,topic:tests,ignore-for-release-notes",2022-07-01,ignore-for-release-notes
810,2882,2022-07-27T09:32:52Z,"type:bug,topic:tests,journey:advanced",2022-07-01,type:bug
811,2882,2022-07-27T09:32:52Z,"type:bug,topic:tests,journey:advanced",2022-07-01,topic:tests
812,2882,2022-07-27T09:32:52Z,"type:bug,topic:tests,journey:advanced",2022-07-01,journey:advanced
813,2888,2022-07-27T08:13:50Z,"type:bug,ignore-for-release-notes",2022-07-01,type:bug
814,2888,2022-07-27T08:13:50Z,"type:bug,ignore-for-release-notes",2022-07-01,ignore-for-release-notes
815,2859,2022-07-27T08:07:14Z,"type:feature,topic:document_store,journey:first steps,topic:weaviate",2022-07-01,type:feature
816,2859,2022-07-27T08:07:14Z,"type:feature,topic:document_store,journey:first steps,topic:weaviate",2022-07-01,topic:document_store
817,2859,2022-07-27T08:07:14Z,"type:feature,topic:document_store,journey:first steps,topic:weaviate",2022-07-01,journey:first steps
818,2859,2022-07-27T08:07:14Z,"type:feature,topic:document_store,journey:first steps,topic:weaviate",2022-07-01,topic:weaviate
819,2834,,"type:bug,topic:faiss,topic:document_store,journey:advanced",2022-07-01,type:bug
820,2834,,"type:bug,topic:faiss,topic:document_store,journey:advanced",2022-07-01,topic:faiss
821,2834,,"type:bug,topic:faiss,topic:document_store,journey:advanced",2022-07-01,topic:document_store
822,2834,,"type:bug,topic:faiss,topic:document_store,journey:advanced",2022-07-01,journey:advanced
823,2052,2022-07-26T14:51:56Z,"type:feature,Contributions wanted!,topic:metadata,journey:first steps",2022-01-01,type:feature
824,2052,2022-07-26T14:51:56Z,"type:feature,Contributions wanted!,topic:metadata,journey:first steps",2022-01-01,Contributions wanted!
825,2052,2022-07-26T14:51:56Z,"type:feature,Contributions wanted!,topic:metadata,journey:first steps",2022-01-01,topic:metadata
826,2052,2022-07-26T14:51:56Z,"type:feature,Contributions wanted!,topic:metadata,journey:first steps",2022-01-01,journey:first steps
827,2841,2022-07-26T13:02:17Z,type:bug,2022-07-01,type:bug
828,2760,,,2022-07-01,Others
829,1044,,"type:bug,journey:advanced,topic:retriever",2021-05-01,type:bug
830,1044,,"type:bug,journey:advanced,topic:retriever",2021-05-01,journey:advanced
831,1044,,"type:bug,journey:advanced,topic:retriever",2021-05-01,topic:retriever
832,2485,2022-07-25T15:57:31Z,"type:feature,good first issue,Contributions wanted!,journey:intermediate",2022-05-01,type:feature
833,2485,2022-07-25T15:57:31Z,"type:feature,good first issue,Contributions wanted!,journey:intermediate",2022-05-01,good first issue
834,2485,2022-07-25T15:57:31Z,"type:feature,good first issue,Contributions wanted!,journey:intermediate",2022-05-01,Contributions wanted!
835,2485,2022-07-25T15:57:31Z,"type:feature,good first issue,Contributions wanted!,journey:intermediate",2022-05-01,journey:intermediate
836,2855,2022-07-25T15:35:37Z,,2022-07-01,Others
837,2704,2022-07-22T14:29:32Z,"topic:models,type:refactor",2022-06-01,topic:models
838,2704,2022-07-22T14:29:32Z,"topic:models,type:refactor",2022-06-01,type:refactor
839,2867,,"type:feature,topic:document_store,topic:tests,topic:images,topic:audio",2022-07-01,type:feature
840,2867,,"type:feature,topic:document_store,topic:tests,topic:images,topic:audio",2022-07-01,topic:document_store
841,2867,,"type:feature,topic:document_store,topic:tests,topic:images,topic:audio",2022-07-01,topic:tests
842,2867,,"type:feature,topic:document_store,topic:tests,topic:images,topic:audio",2022-07-01,topic:images
843,2867,,"type:feature,topic:document_store,topic:tests,topic:images,topic:audio",2022-07-01,topic:audio
844,2622,2022-07-21T15:25:17Z,"type:bug,topic:eval,topic:reader,journey:advanced",2022-06-01,type:bug
845,2622,2022-07-21T15:25:17Z,"type:bug,topic:eval,topic:reader,journey:advanced",2022-06-01,topic:eval
846,2622,2022-07-21T15:25:17Z,"type:bug,topic:eval,topic:reader,journey:advanced",2022-06-01,topic:reader
847,2622,2022-07-21T15:25:17Z,"type:bug,topic:eval,topic:reader,journey:advanced",2022-06-01,journey:advanced
848,2866,,"type:bug,type:refactor,topic:document_store,topic:tests,topic:retriever,topic:images",2022-07-01,type:bug
849,2866,,"type:bug,type:refactor,topic:document_store,topic:tests,topic:retriever,topic:images",2022-07-01,type:refactor
850,2866,,"type:bug,type:refactor,topic:document_store,topic:tests,topic:retriever,topic:images",2022-07-01,topic:document_store
851,2866,,"type:bug,type:refactor,topic:document_store,topic:tests,topic:retriever,topic:images",2022-07-01,topic:tests
852,2866,,"type:bug,type:refactor,topic:document_store,topic:tests,topic:retriever,topic:images",2022-07-01,topic:retriever
853,2866,,"type:bug,type:refactor,topic:document_store,topic:tests,topic:retriever,topic:images",2022-07-01,topic:images
854,2817,2022-07-21T08:01:47Z,"good first issue,Contributions wanted!,topic:tableQA,journey:first steps",2022-07-01,good first issue
855,2817,2022-07-21T08:01:47Z,"good first issue,Contributions wanted!,topic:tableQA,journey:first steps",2022-07-01,Contributions wanted!
856,2817,2022-07-21T08:01:47Z,"good first issue,Contributions wanted!,topic:tableQA,journey:first steps",2022-07-01,topic:tableQA
857,2817,2022-07-21T08:01:47Z,"good first issue,Contributions wanted!,topic:tableQA,journey:first steps",2022-07-01,journey:first steps
858,2847,2022-07-20T14:49:55Z,"good first issue,Contributions wanted!,topic:models,type:refactor",2022-07-01,good first issue
859,2847,2022-07-20T14:49:55Z,"good first issue,Contributions wanted!,topic:models,type:refactor",2022-07-01,Contributions wanted!
860,2847,2022-07-20T14:49:55Z,"good first issue,Contributions wanted!,topic:models,type:refactor",2022-07-01,topic:models
861,2847,2022-07-20T14:49:55Z,"good first issue,Contributions wanted!,topic:models,type:refactor",2022-07-01,type:refactor
862,2445,2022-07-20T13:17:05Z,"type:feature,topic:document_store,topic:retriever,topic:images",2022-04-01,type:feature
863,2445,2022-07-20T13:17:05Z,"type:feature,topic:document_store,topic:retriever,topic:images",2022-04-01,topic:document_store
864,2445,2022-07-20T13:17:05Z,"type:feature,topic:document_store,topic:retriever,topic:images",2022-04-01,topic:retriever
865,2445,2022-07-20T13:17:05Z,"type:feature,topic:document_store,topic:retriever,topic:images",2022-04-01,topic:images
866,2851,2022-07-19T21:56:15Z,,2022-07-01,Others
867,2040,,"type:feature,Contributions wanted!,topic:document_store,journey:advanced",2022-01-01,type:feature
868,2040,,"type:feature,Contributions wanted!,topic:document_store,journey:advanced",2022-01-01,Contributions wanted!
869,2040,,"type:feature,Contributions wanted!,topic:document_store,journey:advanced",2022-01-01,topic:document_store
870,2040,,"type:feature,Contributions wanted!,topic:document_store,journey:advanced",2022-01-01,journey:advanced
871,2058,,"type:feature,Contributions wanted!,topic:accuracy,topic:models,journey:intermediate",2022-01-01,type:feature
872,2058,,"type:feature,Contributions wanted!,topic:accuracy,topic:models,journey:intermediate",2022-01-01,Contributions wanted!
873,2058,,"type:feature,Contributions wanted!,topic:accuracy,topic:models,journey:intermediate",2022-01-01,topic:accuracy
874,2058,,"type:feature,Contributions wanted!,topic:accuracy,topic:models,journey:intermediate",2022-01-01,topic:models
875,2058,,"type:feature,Contributions wanted!,topic:accuracy,topic:models,journey:intermediate",2022-01-01,journey:intermediate
876,2303,2022-07-19T16:49:01Z,"topic:pipeline,type:refactor",2022-03-01,topic:pipeline
877,2303,2022-07-19T16:49:01Z,"topic:pipeline,type:refactor",2022-03-01,type:refactor
878,2353,,"type:feature,Contributions wanted!",2022-03-01,type:feature
879,2353,,"type:feature,Contributions wanted!",2022-03-01,Contributions wanted!
880,2319,2022-07-19T16:47:29Z,"type:feature,good first issue,topic:models,journey:intermediate",2022-03-01,type:feature
881,2319,2022-07-19T16:47:29Z,"type:feature,good first issue,topic:models,journey:intermediate",2022-03-01,good first issue
882,2319,2022-07-19T16:47:29Z,"type:feature,good first issue,topic:models,journey:intermediate",2022-03-01,topic:models
883,2319,2022-07-19T16:47:29Z,"type:feature,good first issue,topic:models,journey:intermediate",2022-03-01,journey:intermediate
884,2372,,"type:feature,Contributions wanted!,topic:preprocessing,topic:document_store",2022-03-01,type:feature
885,2372,,"type:feature,Contributions wanted!,topic:preprocessing,topic:document_store",2022-03-01,Contributions wanted!
886,2372,,"type:feature,Contributions wanted!,topic:preprocessing,topic:document_store",2022-03-01,topic:preprocessing
887,2372,,"type:feature,Contributions wanted!,topic:preprocessing,topic:document_store",2022-03-01,topic:document_store
888,2431,,"type:feature,good first issue,Contributions wanted!,topic:eval,journey:advanced",2022-04-01,type:feature
889,2431,,"type:feature,good first issue,Contributions wanted!,topic:eval,journey:advanced",2022-04-01,good first issue
890,2431,,"type:feature,good first issue,Contributions wanted!,topic:eval,journey:advanced",2022-04-01,Contributions wanted!
891,2431,,"type:feature,good first issue,Contributions wanted!,topic:eval,journey:advanced",2022-04-01,topic:eval
892,2431,,"type:feature,good first issue,Contributions wanted!,topic:eval,journey:advanced",2022-04-01,journey:advanced
893,2464,2022-07-19T16:44:15Z,"topic:save/load,journey:intermediate",2022-04-01,topic:save/load
894,2464,2022-07-19T16:44:15Z,"topic:save/load,journey:intermediate",2022-04-01,journey:intermediate
895,2599,2022-07-19T16:41:30Z,"type:bug,topic:pipeline,journey:intermediate",2022-05-01,type:bug
896,2599,2022-07-19T16:41:30Z,"type:bug,topic:pipeline,journey:intermediate",2022-05-01,topic:pipeline
897,2599,2022-07-19T16:41:30Z,"type:bug,topic:pipeline,journey:intermediate",2022-05-01,journey:intermediate
898,2655,,"action:needs documentation,type:documentation",2022-06-01,action:needs documentation
899,2655,,"action:needs documentation,type:documentation",2022-06-01,type:documentation
900,2775,,"type:feature,Contributions wanted!,topic:document_store,topic:dependencies,topic:weaviate",2022-07-01,type:feature
901,2775,,"type:feature,Contributions wanted!,topic:document_store,topic:dependencies,topic:weaviate",2022-07-01,Contributions wanted!
902,2775,,"type:feature,Contributions wanted!,topic:document_store,topic:dependencies,topic:weaviate",2022-07-01,topic:document_store
903,2775,,"type:feature,Contributions wanted!,topic:document_store,topic:dependencies,topic:weaviate",2022-07-01,topic:dependencies
904,2775,,"type:feature,Contributions wanted!,topic:document_store,topic:dependencies,topic:weaviate",2022-07-01,topic:weaviate
905,2794,,"type:feature,good first issue,topic:reader,journey:first steps",2022-07-01,type:feature
906,2794,,"type:feature,good first issue,topic:reader,journey:first steps",2022-07-01,good first issue
907,2794,,"type:feature,good first issue,topic:reader,journey:first steps",2022-07-01,topic:reader
908,2794,,"type:feature,good first issue,topic:reader,journey:first steps",2022-07-01,journey:first steps
909,2835,2022-07-19T13:32:29Z,"topic:reader,type:refactor,topic:predictions,journey:intermediate",2022-07-01,topic:reader
910,2835,2022-07-19T13:32:29Z,"topic:reader,type:refactor,topic:predictions,journey:intermediate",2022-07-01,type:refactor
911,2835,2022-07-19T13:32:29Z,"topic:reader,type:refactor,topic:predictions,journey:intermediate",2022-07-01,topic:predictions
912,2835,2022-07-19T13:32:29Z,"topic:reader,type:refactor,topic:predictions,journey:intermediate",2022-07-01,journey:intermediate
913,2787,2022-07-19T09:54:50Z,"type:bug,good first issue,topic:tests,journey:advanced",2022-07-01,type:bug
914,2787,2022-07-19T09:54:50Z,"type:bug,good first issue,topic:tests,journey:advanced",2022-07-01,good first issue
915,2787,2022-07-19T09:54:50Z,"type:bug,good first issue,topic:tests,journey:advanced",2022-07-01,topic:tests
916,2787,2022-07-19T09:54:50Z,"type:bug,good first issue,topic:tests,journey:advanced",2022-07-01,journey:advanced
917,2839,2022-07-18T16:31:23Z,"type:bug,journey:intermediate,topic:annotation_tool",2022-07-01,type:bug
918,2839,2022-07-18T16:31:23Z,"type:bug,journey:intermediate,topic:annotation_tool",2022-07-01,journey:intermediate
919,2839,2022-07-18T16:31:23Z,"type:bug,journey:intermediate,topic:annotation_tool",2022-07-01,topic:annotation_tool
920,2368,2022-07-18T08:16:53Z,"type:feature,topic:elasticsearch,topic:document_store,journey:advanced",2022-03-01,type:feature
921,2368,2022-07-18T08:16:53Z,"type:feature,topic:elasticsearch,topic:document_store,journey:advanced",2022-03-01,topic:elasticsearch
922,2368,2022-07-18T08:16:53Z,"type:feature,topic:elasticsearch,topic:document_store,journey:advanced",2022-03-01,topic:document_store
923,2368,2022-07-18T08:16:53Z,"type:feature,topic:elasticsearch,topic:document_store,journey:advanced",2022-03-01,journey:advanced
924,2833,2022-07-18T06:45:39Z,duplicate,2022-07-01,duplicate
925,2821,2022-07-16T16:22:56Z,"type:bug,topic:elasticsearch,topic:document_store,journey:first steps",2022-07-01,type:bug
926,2821,2022-07-16T16:22:56Z,"type:bug,topic:elasticsearch,topic:document_store,journey:first steps",2022-07-01,topic:elasticsearch
927,2821,2022-07-16T16:22:56Z,"type:bug,topic:elasticsearch,topic:document_store,journey:first steps",2022-07-01,topic:document_store
928,2821,2022-07-16T16:22:56Z,"type:bug,topic:elasticsearch,topic:document_store,journey:first steps",2022-07-01,journey:first steps
929,2823,,"type:feature,topic:reader",2022-07-01,type:feature
930,2823,,"type:feature,topic:reader",2022-07-01,topic:reader
931,2824,2022-07-15T12:37:52Z,,2022-07-01,Others
932,2656,2022-07-15T11:24:30Z,"type:bug,topic:rest_api,journey:intermediate",2022-06-01,type:bug
933,2656,2022-07-15T11:24:30Z,"type:bug,topic:rest_api,journey:intermediate",2022-06-01,topic:rest_api
934,2656,2022-07-15T11:24:30Z,"type:bug,topic:rest_api,journey:intermediate",2022-06-01,journey:intermediate
935,2822,2022-07-15T11:21:51Z,"type:question,topic:elasticsearch,journey:first steps,topic:retriever",2022-07-01,type:question
936,2822,2022-07-15T11:21:51Z,"type:question,topic:elasticsearch,journey:first steps,topic:retriever",2022-07-01,topic:elasticsearch
937,2822,2022-07-15T11:21:51Z,"type:question,topic:elasticsearch,journey:first steps,topic:retriever",2022-07-01,journey:first steps
938,2822,2022-07-15T11:21:51Z,"type:question,topic:elasticsearch,journey:first steps,topic:retriever",2022-07-01,topic:retriever
939,2754,2022-07-14T10:02:14Z,"type:bug,topic:elasticsearch,topic:pipeline,topic:document_store,journey:advanced",2022-07-01,type:bug
940,2754,2022-07-14T10:02:14Z,"type:bug,topic:elasticsearch,topic:pipeline,topic:document_store,journey:advanced",2022-07-01,topic:elasticsearch
941,2754,2022-07-14T10:02:14Z,"type:bug,topic:elasticsearch,topic:pipeline,topic:document_store,journey:advanced",2022-07-01,topic:pipeline
942,2754,2022-07-14T10:02:14Z,"type:bug,topic:elasticsearch,topic:pipeline,topic:document_store,journey:advanced",2022-07-01,topic:document_store
943,2754,2022-07-14T10:02:14Z,"type:bug,topic:elasticsearch,topic:pipeline,topic:document_store,journey:advanced",2022-07-01,journey:advanced
944,1227,,"type:feature,topic:speed,topic:accuracy,type:documentation",2021-06-01,type:feature
945,1227,,"type:feature,topic:speed,topic:accuracy,type:documentation",2021-06-01,topic:speed
946,1227,,"type:feature,topic:speed,topic:accuracy,type:documentation",2021-06-01,topic:accuracy
947,1227,,"type:feature,topic:speed,topic:accuracy,type:documentation",2021-06-01,type:documentation
948,2799,,"type:feature,topic:elasticsearch,topic:document_store,journey:advanced",2022-07-01,type:feature
949,2799,,"type:feature,topic:elasticsearch,topic:document_store,journey:advanced",2022-07-01,topic:elasticsearch
950,2799,,"type:feature,topic:elasticsearch,topic:document_store,journey:advanced",2022-07-01,topic:document_store
951,2799,,"type:feature,topic:elasticsearch,topic:document_store,journey:advanced",2022-07-01,journey:advanced
952,2658,2022-07-14T10:06:35Z,"type:feature,good first issue,Contributions wanted!,journey:intermediate,topic:crawler",2022-06-01,type:feature
953,2658,2022-07-14T10:06:35Z,"type:feature,good first issue,Contributions wanted!,journey:intermediate,topic:crawler",2022-06-01,good first issue
954,2658,2022-07-14T10:06:35Z,"type:feature,good first issue,Contributions wanted!,journey:intermediate,topic:crawler",2022-06-01,Contributions wanted!
955,2658,2022-07-14T10:06:35Z,"type:feature,good first issue,Contributions wanted!,journey:intermediate,topic:crawler",2022-06-01,journey:intermediate
956,2658,2022-07-14T10:06:35Z,"type:feature,good first issue,Contributions wanted!,journey:intermediate,topic:crawler",2022-06-01,topic:crawler
957,2679,2022-07-14T10:04:14Z,"journey:intermediate,topic:crawler",2022-06-01,journey:intermediate
958,2679,2022-07-14T10:04:14Z,"journey:intermediate,topic:crawler",2022-06-01,topic:crawler
959,2701,2022-07-14T10:03:33Z,,2022-06-01,Others
960,2782,2022-07-14T09:57:39Z,,2022-07-01,Others
961,2803,2022-07-14T08:53:05Z,epic,2022-07-01,epic
962,2623,2022-07-13T18:31:51Z,,2022-06-01,Others
963,2796,2022-07-12T09:02:57Z,,2022-07-01,Others
964,2795,,"type:feature,topic:pipeline,journey:intermediate",2022-07-01,type:feature
965,2795,,"type:feature,topic:pipeline,journey:intermediate",2022-07-01,topic:pipeline
966,2795,,"type:feature,topic:pipeline,journey:intermediate",2022-07-01,journey:intermediate
967,2712,2022-07-11T16:31:50Z,"Contributions wanted!,topic:crawler",2022-06-01,Contributions wanted!
968,2712,2022-07-11T16:31:50Z,"Contributions wanted!,topic:crawler",2022-06-01,topic:crawler
969,2785,2022-07-11T15:31:24Z,"type:bug,topic:file_converter,journey:first steps",2022-07-01,type:bug
970,2785,2022-07-11T15:31:24Z,"type:bug,topic:file_converter,journey:first steps",2022-07-01,topic:file_converter
971,2785,2022-07-11T15:31:24Z,"type:bug,topic:file_converter,journey:first steps",2022-07-01,journey:first steps
972,2788,,"type:bug,topic:pipeline",2022-07-01,type:bug
973,2788,,"type:bug,topic:pipeline",2022-07-01,topic:pipeline
974,2344,2022-07-08T11:59:28Z,"action:needs documentation,type:feature,topic:models,topic:reader",2022-03-01,action:needs documentation
975,2344,2022-07-08T11:59:28Z,"action:needs documentation,type:feature,topic:models,topic:reader",2022-03-01,type:feature
976,2344,2022-07-08T11:59:28Z,"action:needs documentation,type:feature,topic:models,topic:reader",2022-03-01,topic:models
977,2344,2022-07-08T11:59:28Z,"action:needs documentation,type:feature,topic:models,topic:reader",2022-03-01,topic:reader
978,2762,2022-07-06T13:40:52Z,"type:bug,topic:elasticsearch,topic:document_store,journey:first steps",2022-07-01,type:bug
979,2762,2022-07-06T13:40:52Z,"type:bug,topic:elasticsearch,topic:document_store,journey:first steps",2022-07-01,topic:elasticsearch
980,2762,2022-07-06T13:40:52Z,"type:bug,topic:elasticsearch,topic:document_store,journey:first steps",2022-07-01,topic:document_store
981,2762,2022-07-06T13:40:52Z,"type:bug,topic:elasticsearch,topic:document_store,journey:first steps",2022-07-01,journey:first steps
982,2555,2022-07-05T09:31:12Z,"type:feature,topic:DPR,journey:advanced,topic:retriever",2022-05-01,type:feature
983,2555,2022-07-05T09:31:12Z,"type:feature,topic:DPR,journey:advanced,topic:retriever",2022-05-01,topic:DPR
984,2555,2022-07-05T09:31:12Z,"type:feature,topic:DPR,journey:advanced,topic:retriever",2022-05-01,journey:advanced
985,2555,2022-07-05T09:31:12Z,"type:feature,topic:DPR,journey:advanced,topic:retriever",2022-05-01,topic:retriever
986,1842,2022-07-04T13:45:34Z,"type:bug,Contributions wanted!,topic:faiss,journey:intermediate",2021-12-01,type:bug
987,1842,2022-07-04T13:45:34Z,"type:bug,Contributions wanted!,topic:faiss,journey:intermediate",2021-12-01,Contributions wanted!
988,1842,2022-07-04T13:45:34Z,"type:bug,Contributions wanted!,topic:faiss,journey:intermediate",2021-12-01,topic:faiss
989,1842,2022-07-04T13:45:34Z,"type:bug,Contributions wanted!,topic:faiss,journey:intermediate",2021-12-01,journey:intermediate
990,2416,2022-07-04T13:39:56Z,"type:feature,topic:train,topic:models,topic:save/load,topic:reader,journey:intermediate",2022-04-01,type:feature
991,2416,2022-07-04T13:39:56Z,"type:feature,topic:train,topic:models,topic:save/load,topic:reader,journey:intermediate",2022-04-01,topic:train
992,2416,2022-07-04T13:39:56Z,"type:feature,topic:train,topic:models,topic:save/load,topic:reader,journey:intermediate",2022-04-01,topic:models
993,2416,2022-07-04T13:39:56Z,"type:feature,topic:train,topic:models,topic:save/load,topic:reader,journey:intermediate",2022-04-01,topic:save/load
994,2416,2022-07-04T13:39:56Z,"type:feature,topic:train,topic:models,topic:save/load,topic:reader,journey:intermediate",2022-04-01,topic:reader
995,2416,2022-07-04T13:39:56Z,"type:feature,topic:train,topic:models,topic:save/load,topic:reader,journey:intermediate",2022-04-01,journey:intermediate
996,2746,2022-07-04T11:44:33Z,"type:bug,topic:pipeline",2022-06-01,type:bug
997,2746,2022-07-04T11:44:33Z,"type:bug,topic:pipeline",2022-06-01,topic:pipeline
998,2528,2022-07-04T12:02:55Z,"good first issue,Contributions wanted!,journey:first steps",2022-05-01,good first issue
999,2528,2022-07-04T12:02:55Z,"good first issue,Contributions wanted!,journey:first steps",2022-05-01,Contributions wanted!
1000,2528,2022-07-04T12:02:55Z,"good first issue,Contributions wanted!,journey:first steps",2022-05-01,journey:first steps
1001,1737,2022-07-04T12:02:55Z,journey:first steps,2021-11-01,journey:first steps
1002,2753,,topic:reader,2022-07-01,topic:reader
1003,2669,2022-07-04T08:19:19Z,"topic:rest_api,topic:ui,journey:advanced",2022-06-01,topic:rest_api
1004,2669,2022-07-04T08:19:19Z,"topic:rest_api,topic:ui,journey:advanced",2022-06-01,topic:ui
1005,2669,2022-07-04T08:19:19Z,"topic:rest_api,topic:ui,journey:advanced",2022-06-01,journey:advanced
1006,2693,2022-07-04T08:10:26Z,"topic:document_store,topic:pinecone",2022-06-01,topic:document_store
1007,2693,2022-07-04T08:10:26Z,"topic:document_store,topic:pinecone",2022-06-01,topic:pinecone
1008,2745,2022-07-01T18:23:33Z,topic:dependencies,2022-06-01,topic:dependencies
1009,2750,,topic:dependencies,2022-07-01,topic:dependencies
1010,2747,,"type:feature,topic:speed,topic:retriever",2022-06-01,type:feature
1011,2747,,"type:feature,topic:speed,topic:retriever",2022-06-01,topic:speed
1012,2747,,"type:feature,topic:speed,topic:retriever",2022-06-01,topic:retriever
1013,1749,2022-06-28T19:18:57Z,"type:bug,good first issue,Contributions wanted!,topic:elasticsearch,journey:intermediate",2021-11-01,type:bug
1014,1749,2022-06-28T19:18:57Z,"type:bug,good first issue,Contributions wanted!,topic:elasticsearch,journey:intermediate",2021-11-01,good first issue
1015,1749,2022-06-28T19:18:57Z,"type:bug,good first issue,Contributions wanted!,topic:elasticsearch,journey:intermediate",2021-11-01,Contributions wanted!
1016,1749,2022-06-28T19:18:57Z,"type:bug,good first issue,Contributions wanted!,topic:elasticsearch,journey:intermediate",2021-11-01,topic:elasticsearch
1017,1749,2022-06-28T19:18:57Z,"type:bug,good first issue,Contributions wanted!,topic:elasticsearch,journey:intermediate",2021-11-01,journey:intermediate
1018,2628,2022-06-27T13:13:35Z,type:bug,2022-06-01,type:bug
1019,2706,2022-06-27T10:17:18Z,topic:predictions,2022-06-01,topic:predictions
1020,2708,2022-06-24T07:55:09Z,"type:bug,topic:pipeline,journey:intermediate",2022-06-01,type:bug
1021,2708,2022-06-24T07:55:09Z,"type:bug,topic:pipeline,journey:intermediate",2022-06-01,topic:pipeline
1022,2708,2022-06-24T07:55:09Z,"type:bug,topic:pipeline,journey:intermediate",2022-06-01,journey:intermediate
1023,980,2022-06-23T14:01:53Z,"type:feature,Contributions wanted!,topic:knowledge_graph",2021-04-01,type:feature
1024,980,2022-06-23T14:01:53Z,"type:feature,Contributions wanted!,topic:knowledge_graph",2021-04-01,Contributions wanted!
1025,980,2022-06-23T14:01:53Z,"type:feature,Contributions wanted!,topic:knowledge_graph",2021-04-01,topic:knowledge_graph
1026,759,2021-06-13T18:20:20Z,"type:question,stale",2021-01-01,type:question
1027,759,2021-06-13T18:20:20Z,"type:question,stale",2021-01-01,stale
1028,1794,2022-06-22T13:12:18Z,"epic,type:refactor,topic:tests",2021-11-01,epic
1029,1794,2022-06-22T13:12:18Z,"epic,type:refactor,topic:tests",2021-11-01,type:refactor
1030,1794,2022-06-22T13:12:18Z,"epic,type:refactor,topic:tests",2021-11-01,topic:tests
1031,2671,2022-06-22T11:20:20Z,"topic:document_store,journey:first steps",2022-06-01,topic:document_store
1032,2671,2022-06-22T11:20:20Z,"topic:document_store,journey:first steps",2022-06-01,journey:first steps
1033,2560,2022-06-22T10:38:39Z,"type:question,topic:elasticsearch,journey:first steps",2022-05-01,type:question
1034,2560,2022-06-22T10:38:39Z,"type:question,topic:elasticsearch,journey:first steps",2022-05-01,topic:elasticsearch
1035,2560,2022-06-22T10:38:39Z,"type:question,topic:elasticsearch,journey:first steps",2022-05-01,journey:first steps
1036,2687,2022-06-22T10:18:49Z,topic:reader,2022-06-01,topic:reader
1037,2695,,topic:preprocessing,2022-06-01,topic:preprocessing
1038,2692,2022-06-22T09:23:50Z,,2022-06-01,Others
1039,2611,2022-06-21T12:37:44Z,"type:question,topic:tableQA,journey:intermediate",2022-05-01,type:question
1040,2611,2022-06-21T12:37:44Z,"type:question,topic:tableQA,journey:intermediate",2022-05-01,topic:tableQA
1041,2611,2022-06-21T12:37:44Z,"type:question,topic:tableQA,journey:intermediate",2022-05-01,journey:intermediate
1042,2505,2022-06-21T12:28:20Z,"type:question,topic:models,journey:first steps",2022-05-01,type:question
1043,2505,2022-06-21T12:28:20Z,"type:question,topic:models,journey:first steps",2022-05-01,topic:models
1044,2505,2022-06-21T12:28:20Z,"type:question,topic:models,journey:first steps",2022-05-01,journey:first steps
1045,2397,,"type:feature,topic:installation,journey:intermediate",2022-04-01,type:feature
1046,2397,,"type:feature,topic:installation,journey:intermediate",2022-04-01,topic:installation
1047,2397,,"type:feature,topic:installation,journey:intermediate",2022-04-01,journey:intermediate
1048,1504,,"type:feature,Contributions wanted!,topic:save/load",2021-09-01,type:feature
1049,1504,,"type:feature,Contributions wanted!,topic:save/load",2021-09-01,Contributions wanted!
1050,1504,,"type:feature,Contributions wanted!,topic:save/load",2021-09-01,topic:save/load
1051,1345,,"type:bug,topic:preprocessing",2021-08-01,type:bug
1052,1345,,"type:bug,topic:preprocessing",2021-08-01,topic:preprocessing
1053,1052,,"type:bug,topic:speed,topic:faiss,topic:sql",2021-05-01,type:bug
1054,1052,,"type:bug,topic:speed,topic:faiss,topic:sql",2021-05-01,topic:speed
1055,1052,,"type:bug,topic:speed,topic:faiss,topic:sql",2021-05-01,topic:faiss
1056,1052,,"type:bug,topic:speed,topic:faiss,topic:sql",2021-05-01,topic:sql
1057,993,,"type:feature,stale,topic:models",2021-04-01,type:feature
1058,993,,"type:feature,stale,topic:models",2021-04-01,stale
1059,993,,"type:feature,stale,topic:models",2021-04-01,topic:models
1060,2686,2022-06-20T14:34:55Z,,2022-06-01,Others
1061,2680,2022-06-20T08:12:13Z,,2022-06-01,Others
1062,2674,,"type:bug,journey:first steps",2022-06-01,type:bug
1063,2674,,"type:bug,journey:first steps",2022-06-01,journey:first steps
1064,2670,2022-06-16T19:36:42Z,,2022-06-01,Others
1065,2667,2022-06-16T09:08:57Z,,2022-06-01,Others
1066,2665,2022-06-15T20:17:02Z,,2022-06-01,Others
1067,2527,2022-06-13T13:09:39Z,"type:feature,good first issue,Contributions wanted!,good second issue,topic:preprocessing,journey:intermediate",2022-05-01,type:feature
1068,2527,2022-06-13T13:09:39Z,"type:feature,good first issue,Contributions wanted!,good second issue,topic:preprocessing,journey:intermediate",2022-05-01,good first issue
1069,2527,2022-06-13T13:09:39Z,"type:feature,good first issue,Contributions wanted!,good second issue,topic:preprocessing,journey:intermediate",2022-05-01,Contributions wanted!
1070,2527,2022-06-13T13:09:39Z,"type:feature,good first issue,Contributions wanted!,good second issue,topic:preprocessing,journey:intermediate",2022-05-01,good second issue
1071,2527,2022-06-13T13:09:39Z,"type:feature,good first issue,Contributions wanted!,good second issue,topic:preprocessing,journey:intermediate",2022-05-01,topic:preprocessing
1072,2527,2022-06-13T13:09:39Z,"type:feature,good first issue,Contributions wanted!,good second issue,topic:preprocessing,journey:intermediate",2022-05-01,journey:intermediate
1073,2356,2022-06-10T17:30:57Z,"type:bug,topic:labelling,journey:intermediate",2022-03-01,type:bug
1074,2356,2022-06-10T17:30:57Z,"type:bug,topic:labelling,journey:intermediate",2022-03-01,topic:labelling
1075,2356,2022-06-10T17:30:57Z,"type:bug,topic:labelling,journey:intermediate",2022-03-01,journey:intermediate
1076,2540,2022-06-10T16:11:06Z,"type:feature,type:question,topic:knowledge_graph,journey:advanced,topic:graphdb",2022-05-01,type:feature
1077,2540,2022-06-10T16:11:06Z,"type:feature,type:question,topic:knowledge_graph,journey:advanced,topic:graphdb",2022-05-01,type:question
1078,2540,2022-06-10T16:11:06Z,"type:feature,type:question,topic:knowledge_graph,journey:advanced,topic:graphdb",2022-05-01,topic:knowledge_graph
1079,2540,2022-06-10T16:11:06Z,"type:feature,type:question,topic:knowledge_graph,journey:advanced,topic:graphdb",2022-05-01,journey:advanced
1080,2540,2022-06-10T16:11:06Z,"type:feature,type:question,topic:knowledge_graph,journey:advanced,topic:graphdb",2022-05-01,topic:graphdb
1081,1782,2022-06-10T15:59:29Z,"topic:elasticsearch,topic:document_store",2021-11-01,topic:elasticsearch
1082,1782,2022-06-10T15:59:29Z,"topic:elasticsearch,topic:document_store",2021-11-01,topic:document_store
1083,2421,2022-06-10T15:58:01Z,"action:needs documentation,type:question,topic:preprocessing,journey:intermediate",2022-04-01,action:needs documentation
1084,2421,2022-06-10T15:58:01Z,"action:needs documentation,type:question,topic:preprocessing,journey:intermediate",2022-04-01,type:question
1085,2421,2022-06-10T15:58:01Z,"action:needs documentation,type:question,topic:preprocessing,journey:intermediate",2022-04-01,topic:preprocessing
1086,2421,2022-06-10T15:58:01Z,"action:needs documentation,type:question,topic:preprocessing,journey:intermediate",2022-04-01,journey:intermediate
1087,2651,,type:feature,2022-06-01,type:feature
1088,2620,2022-06-09T10:01:16Z,"type:question,topic:pipeline,journey:intermediate",2022-06-01,type:question
1089,2620,2022-06-09T10:01:16Z,"type:question,topic:pipeline,journey:intermediate",2022-06-01,topic:pipeline
1090,2620,2022-06-09T10:01:16Z,"type:question,topic:pipeline,journey:intermediate",2022-06-01,journey:intermediate
1091,2645,2022-06-08T17:54:47Z,,2022-06-01,Others
1092,2641,,topic:document_store,2022-06-01,topic:document_store
1093,2403,,"topic:pipeline,type:refactor,topic:document_store,topic:retriever",2022-04-01,topic:pipeline
1094,2403,,"topic:pipeline,type:refactor,topic:document_store,topic:retriever",2022-04-01,type:refactor
1095,2403,,"topic:pipeline,type:refactor,topic:document_store,topic:retriever",2022-04-01,topic:document_store
1096,2403,,"topic:pipeline,type:refactor,topic:document_store,topic:retriever",2022-04-01,topic:retriever
1097,2304,2022-06-07T12:14:18Z,"type:feature,good first issue,topic:file_converter,journey:intermediate",2022-03-01,type:feature
1098,2304,2022-06-07T12:14:18Z,"type:feature,good first issue,topic:file_converter,journey:intermediate",2022-03-01,good first issue
1099,2304,2022-06-07T12:14:18Z,"type:feature,good first issue,topic:file_converter,journey:intermediate",2022-03-01,topic:file_converter
1100,2304,2022-06-07T12:14:18Z,"type:feature,good first issue,topic:file_converter,journey:intermediate",2022-03-01,journey:intermediate
1101,2512,2022-06-06T16:36:56Z,"type:feature,topic:eval",2022-05-01,type:feature
1102,2512,2022-06-06T16:36:56Z,"type:feature,topic:eval",2022-05-01,topic:eval
1103,2613,2022-06-03T05:21:56Z,"type:question,topic:preprocessing,journey:intermediate",2022-05-01,type:question
1104,2613,2022-06-03T05:21:56Z,"type:question,topic:preprocessing,journey:intermediate",2022-05-01,topic:preprocessing
1105,2613,2022-06-03T05:21:56Z,"type:question,topic:preprocessing,journey:intermediate",2022-05-01,journey:intermediate
1106,2626,,"type:bug,topic:eval,topic:tests,journey:intermediate",2022-06-01,type:bug
1107,2626,,"type:bug,topic:eval,topic:tests,journey:intermediate",2022-06-01,topic:eval
1108,2626,,"type:bug,topic:eval,topic:tests,journey:intermediate",2022-06-01,topic:tests
1109,2626,,"type:bug,topic:eval,topic:tests,journey:intermediate",2022-06-01,journey:intermediate
1110,1908,2022-06-02T14:12:47Z,"type:feature,journey:advanced,topic:retriever",2021-12-01,type:feature
1111,1908,2022-06-02T14:12:47Z,"type:feature,journey:advanced,topic:retriever",2021-12-01,journey:advanced
1112,1908,2022-06-02T14:12:47Z,"type:feature,journey:advanced,topic:retriever",2021-12-01,topic:retriever
1113,2406,2022-06-02T13:05:29Z,"type:refactor,topic:retriever",2022-04-01,type:refactor
1114,2406,2022-06-02T13:05:29Z,"type:refactor,topic:retriever",2022-04-01,topic:retriever
1115,1786,2021-11-23T10:49:46Z,type:bug,2021-11-01,type:bug
1116,2607,2022-06-01T08:21:29Z,"type:bug,topic:document_store,journey:intermediate",2022-05-01,type:bug
1117,2607,2022-06-01T08:21:29Z,"type:bug,topic:document_store,journey:intermediate",2022-05-01,topic:document_store
1118,2607,2022-06-01T08:21:29Z,"type:bug,topic:document_store,journey:intermediate",2022-05-01,journey:intermediate
1119,2608,,"type:bug,topic:pipeline",2022-05-01,type:bug
1120,2608,,"type:bug,topic:pipeline",2022-05-01,topic:pipeline
1121,2592,2022-05-27T15:50:37Z,"type:bug,topic:installation,journey:first steps",2022-05-01,type:bug
1122,2592,2022-05-27T15:50:37Z,"type:bug,topic:installation,journey:first steps",2022-05-01,topic:installation
1123,2592,2022-05-27T15:50:37Z,"type:bug,topic:installation,journey:first steps",2022-05-01,journey:first steps
1124,2594,2022-05-27T07:58:04Z,"type:bug,topic:document_store,journey:first steps,topic:weaviate",2022-05-01,type:bug
1125,2594,2022-05-27T07:58:04Z,"type:bug,topic:document_store,journey:first steps,topic:weaviate",2022-05-01,topic:document_store
1126,2594,2022-05-27T07:58:04Z,"type:bug,topic:document_store,journey:first steps,topic:weaviate",2022-05-01,journey:first steps
1127,2594,2022-05-27T07:58:04Z,"type:bug,topic:document_store,journey:first steps,topic:weaviate",2022-05-01,topic:weaviate
1128,2541,2022-05-25T21:54:36Z,"type:question,topic:DPR,journey:intermediate",2022-05-01,type:question
1129,2541,2022-05-25T21:54:36Z,"type:question,topic:DPR,journey:intermediate",2022-05-01,topic:DPR
1130,2541,2022-05-25T21:54:36Z,"type:question,topic:DPR,journey:intermediate",2022-05-01,journey:intermediate
1131,2586,2022-05-25T06:51:04Z,"type:bug,topic:save/load,topic:dc_document_store",2022-05-01,type:bug
1132,2586,2022-05-25T06:51:04Z,"type:bug,topic:save/load,topic:dc_document_store",2022-05-01,topic:save/load
1133,2586,2022-05-25T06:51:04Z,"type:bug,topic:save/load,topic:dc_document_store",2022-05-01,topic:dc_document_store
1134,2427,2022-05-24T16:11:52Z,type:bug,2022-04-01,type:bug
1135,2373,2022-05-24T16:11:52Z,"type:feature,topic:eval,journey:intermediate",2022-03-01,type:feature
1136,2373,2022-05-24T16:11:52Z,"type:feature,topic:eval,journey:intermediate",2022-03-01,topic:eval
1137,2373,2022-05-24T16:11:52Z,"type:feature,topic:eval,journey:intermediate",2022-03-01,journey:intermediate
1138,2529,2022-05-24T10:33:45Z,"topic:pipeline,type:refactor",2022-05-01,topic:pipeline
1139,2529,2022-05-24T10:33:45Z,"topic:pipeline,type:refactor",2022-05-01,type:refactor
1140,2497,2022-05-24T09:31:32Z,"type:bug,topic:file_converter",2022-05-01,type:bug
1141,2497,2022-05-24T09:31:32Z,"type:bug,topic:file_converter",2022-05-01,topic:file_converter
1142,2582,2022-05-24T09:24:55Z,,2022-05-01,Others
1143,2552,2022-05-24T08:04:19Z,"type:feature,good first issue,Contributions wanted!,topic:preprocessing",2022-05-01,type:feature
1144,2552,2022-05-24T08:04:19Z,"type:feature,good first issue,Contributions wanted!,topic:preprocessing",2022-05-01,good first issue
1145,2552,2022-05-24T08:04:19Z,"type:feature,good first issue,Contributions wanted!,topic:preprocessing",2022-05-01,Contributions wanted!
1146,2552,2022-05-24T08:04:19Z,"type:feature,good first issue,Contributions wanted!,topic:preprocessing",2022-05-01,topic:preprocessing
1147,2568,2022-05-24T07:53:59Z,"type:bug,topic:pipeline,topic:document_store,journey:advanced",2022-05-01,type:bug
1148,2568,2022-05-24T07:53:59Z,"type:bug,topic:pipeline,topic:document_store,journey:advanced",2022-05-01,topic:pipeline
1149,2568,2022-05-24T07:53:59Z,"type:bug,topic:pipeline,topic:document_store,journey:advanced",2022-05-01,topic:document_store
1150,2568,2022-05-24T07:53:59Z,"type:bug,topic:pipeline,topic:document_store,journey:advanced",2022-05-01,journey:advanced
1151,2473,2022-05-23T15:05:57Z,"type:feature,topic:rest_api,journey:advanced",2022-04-01,type:feature
1152,2473,2022-05-23T15:05:57Z,"type:feature,topic:rest_api,journey:advanced",2022-04-01,topic:rest_api
1153,2473,2022-05-23T15:05:57Z,"type:feature,topic:rest_api,journey:advanced",2022-04-01,journey:advanced
1154,2475,2022-05-23T14:33:44Z,"type:bug,topic:faiss,topic:eval,topic:document_store,journey:intermediate",2022-04-01,type:bug
1155,2475,2022-05-23T14:33:44Z,"type:bug,topic:faiss,topic:eval,topic:document_store,journey:intermediate",2022-04-01,topic:faiss
1156,2475,2022-05-23T14:33:44Z,"type:bug,topic:faiss,topic:eval,topic:document_store,journey:intermediate",2022-04-01,topic:eval
1157,2475,2022-05-23T14:33:44Z,"type:bug,topic:faiss,topic:eval,topic:document_store,journey:intermediate",2022-04-01,topic:document_store
1158,2475,2022-05-23T14:33:44Z,"type:bug,topic:faiss,topic:eval,topic:document_store,journey:intermediate",2022-04-01,journey:intermediate
1159,1915,2022-05-23T13:58:24Z,"type:feature,topic:document_store,journey:advanced",2021-12-01,type:feature
1160,1915,2022-05-23T13:58:24Z,"type:feature,topic:document_store,journey:advanced",2021-12-01,topic:document_store
1161,1915,2022-05-23T13:58:24Z,"type:feature,topic:document_store,journey:advanced",2021-12-01,journey:advanced
1162,2474,2022-05-23T12:19:32Z,"type:feature,topic:rest_api,journey:advanced",2022-04-01,type:feature
1163,2474,2022-05-23T12:19:32Z,"type:feature,topic:rest_api,journey:advanced",2022-04-01,topic:rest_api
1164,2474,2022-05-23T12:19:32Z,"type:feature,topic:rest_api,journey:advanced",2022-04-01,journey:advanced
1165,2517,2022-05-20T07:07:04Z,"type:bug,journey:first steps,topic:weaviate",2022-05-01,type:bug
1166,2517,2022-05-20T07:07:04Z,"type:bug,journey:first steps,topic:weaviate",2022-05-01,journey:first steps
1167,2517,2022-05-20T07:07:04Z,"type:bug,journey:first steps,topic:weaviate",2022-05-01,topic:weaviate
1168,2291,2022-05-19T17:40:04Z,"type:feature,topic:pipeline",2022-03-01,type:feature
1169,2291,2022-05-19T17:40:04Z,"type:feature,topic:pipeline",2022-03-01,topic:pipeline
1170,2578,,type:bug,2022-05-01,type:bug
1171,2177,2022-03-30T10:03:59Z,"type:question,topic:models,topic:reader,journey:intermediate",2022-02-01,type:question
1172,2177,2022-03-30T10:03:59Z,"type:question,topic:models,topic:reader,journey:intermediate",2022-02-01,topic:models
1173,2177,2022-03-30T10:03:59Z,"type:question,topic:models,topic:reader,journey:intermediate",2022-02-01,topic:reader
1174,2177,2022-03-30T10:03:59Z,"type:question,topic:models,topic:reader,journey:intermediate",2022-02-01,journey:intermediate
1175,2472,2022-05-17T15:53:55Z,"action:needs documentation,type:feature,topic:rest_api,topic:document_store,journey:advanced",2022-04-01,action:needs documentation
1176,2472,2022-05-17T15:53:55Z,"action:needs documentation,type:feature,topic:rest_api,topic:document_store,journey:advanced",2022-04-01,type:feature
1177,2472,2022-05-17T15:53:55Z,"action:needs documentation,type:feature,topic:rest_api,topic:document_store,journey:advanced",2022-04-01,topic:rest_api
1178,2472,2022-05-17T15:53:55Z,"action:needs documentation,type:feature,topic:rest_api,topic:document_store,journey:advanced",2022-04-01,topic:document_store
1179,2472,2022-05-17T15:53:55Z,"action:needs documentation,type:feature,topic:rest_api,topic:document_store,journey:advanced",2022-04-01,journey:advanced
1180,2524,2022-05-17T14:11:02Z,"type:question,topic:rest_api,topic:pipeline,topic:document_store,journey:intermediate",2022-05-01,type:question
1181,2524,2022-05-17T14:11:02Z,"type:question,topic:rest_api,topic:pipeline,topic:document_store,journey:intermediate",2022-05-01,topic:rest_api
1182,2524,2022-05-17T14:11:02Z,"type:question,topic:rest_api,topic:pipeline,topic:document_store,journey:intermediate",2022-05-01,topic:pipeline
1183,2524,2022-05-17T14:11:02Z,"type:question,topic:rest_api,topic:pipeline,topic:document_store,journey:intermediate",2022-05-01,topic:document_store
1184,2524,2022-05-17T14:11:02Z,"type:question,topic:rest_api,topic:pipeline,topic:document_store,journey:intermediate",2022-05-01,journey:intermediate
1185,2563,2022-05-17T14:06:44Z,type:bug,2022-05-01,type:bug
1186,2551,2022-05-16T19:42:47Z,"action:needs documentation,type:documentation,journey:first steps",2022-05-01,action:needs documentation
1187,2551,2022-05-16T19:42:47Z,"action:needs documentation,type:documentation,journey:first steps",2022-05-01,type:documentation
1188,2551,2022-05-16T19:42:47Z,"action:needs documentation,type:documentation,journey:first steps",2022-05-01,journey:first steps
1189,2558,2022-05-16T16:31:10Z,"action:needs documentation,type:documentation,topic:predictions,journey:advanced",2022-05-01,action:needs documentation
1190,2558,2022-05-16T16:31:10Z,"action:needs documentation,type:documentation,topic:predictions,journey:advanced",2022-05-01,type:documentation
1191,2558,2022-05-16T16:31:10Z,"action:needs documentation,type:documentation,topic:predictions,journey:advanced",2022-05-01,topic:predictions
1192,2558,2022-05-16T16:31:10Z,"action:needs documentation,type:documentation,topic:predictions,journey:advanced",2022-05-01,journey:advanced
1193,2081,2022-03-28T08:11:31Z,"type:bug,topic:document_store,topic:dependencies,journey:first steps",2022-01-01,type:bug
1194,2081,2022-03-28T08:11:31Z,"type:bug,topic:document_store,topic:dependencies,journey:first steps",2022-01-01,topic:document_store
1195,2081,2022-03-28T08:11:31Z,"type:bug,topic:document_store,topic:dependencies,journey:first steps",2022-01-01,topic:dependencies
1196,2081,2022-03-28T08:11:31Z,"type:bug,topic:document_store,topic:dependencies,journey:first steps",2022-01-01,journey:first steps
1197,2549,2022-05-16T12:16:07Z,"topic:eval,journey:intermediate",2022-05-01,topic:eval
1198,2549,2022-05-16T12:16:07Z,"topic:eval,journey:intermediate",2022-05-01,journey:intermediate
1199,2456,2022-05-04T15:42:32Z,"type:bug,topic:dependencies",2022-04-01,type:bug
1200,2456,2022-05-04T15:42:32Z,"type:bug,topic:dependencies",2022-04-01,topic:dependencies
1201,2450,2022-05-03T13:52:09Z,,2022-04-01,Others
1202,2429,2022-04-20T06:54:07Z,"type:question,topic:retriever",2022-04-01,type:question
1203,2429,2022-04-20T06:54:07Z,"type:question,topic:retriever",2022-04-01,topic:retriever
1204,2394,2022-04-12T02:42:19Z,"type:question,topic:models",2022-04-01,type:question
1205,2394,2022-04-12T02:42:19Z,"type:question,topic:models",2022-04-01,topic:models
1206,2382,2022-04-19T14:08:09Z,"type:bug,topic:save/load,topic:pipeline",2022-04-01,type:bug
1207,2382,2022-04-19T14:08:09Z,"type:bug,topic:save/load,topic:pipeline",2022-04-01,topic:save/load
1208,2382,2022-04-19T14:08:09Z,"type:bug,topic:save/load,topic:pipeline",2022-04-01,topic:pipeline
1209,1057,2021-06-15T13:50:55Z,,2021-05-01,Others
1210,2536,2022-05-13T14:39:50Z,journey:first steps,2022-05-01,journey:first steps
1211,2544,2022-05-13T14:06:11Z,"type:question,topic:docker,topic:ui,journey:first steps",2022-05-01,type:question
1212,2544,2022-05-13T14:06:11Z,"type:question,topic:docker,topic:ui,journey:first steps",2022-05-01,topic:docker
1213,2544,2022-05-13T14:06:11Z,"type:question,topic:docker,topic:ui,journey:first steps",2022-05-01,topic:ui
1214,2544,2022-05-13T14:06:11Z,"type:question,topic:docker,topic:ui,journey:first steps",2022-05-01,journey:first steps
1215,2371,2022-05-13T12:45:53Z,"type:refactor,topic:dependencies",2022-03-01,type:refactor
1216,2371,2022-05-13T12:45:53Z,"type:refactor,topic:dependencies",2022-03-01,topic:dependencies
1217,2451,2022-05-13T07:43:00Z,"topic:faiss,topic:document_store",2022-04-01,topic:faiss
1218,2451,2022-05-13T07:43:00Z,"topic:faiss,topic:document_store",2022-04-01,topic:document_store
1219,2521,2022-05-13T05:25:16Z,journey:first steps,2022-05-01,journey:first steps
1220,2539,,type:bug,2022-05-01,type:bug
1221,2535,,"type:bug,topic:tests",2022-05-01,type:bug
1222,2535,,"type:bug,topic:tests",2022-05-01,topic:tests
1223,1239,2022-05-11T09:11:00Z,"type:feature,topic:pipeline",2021-06-01,type:feature
1224,1239,2022-05-11T09:11:00Z,"type:feature,topic:pipeline",2021-06-01,topic:pipeline
1225,2365,2022-05-10T14:04:41Z,"type:feature,topic:labelling,journey:advanced",2022-03-01,type:feature
1226,2365,2022-05-10T14:04:41Z,"type:feature,topic:labelling,journey:advanced",2022-03-01,topic:labelling
1227,2365,2022-05-10T14:04:41Z,"type:feature,topic:labelling,journey:advanced",2022-03-01,journey:advanced
1228,2471,2022-05-10T13:21:36Z,"type:feature,topic:rest_api,topic:document_store,journey:advanced",2022-04-01,type:feature
1229,2471,2022-05-10T13:21:36Z,"type:feature,topic:rest_api,topic:document_store,journey:advanced",2022-04-01,topic:rest_api
1230,2471,2022-05-10T13:21:36Z,"type:feature,topic:rest_api,topic:document_store,journey:advanced",2022-04-01,topic:document_store
1231,2471,2022-05-10T13:21:36Z,"type:feature,topic:rest_api,topic:document_store,journey:advanced",2022-04-01,journey:advanced
1232,2409,2022-05-10T11:47:46Z,topic:rest_api,2022-04-01,topic:rest_api
1233,1702,2021-11-23T13:01:44Z,,2021-11-01,Others
1234,2435,2022-05-10T09:47:00Z,,2022-04-01,Others
1235,2430,,"breaking change,topic:models,type:refactor,topic:dependencies,journey:advanced",2022-04-01,breaking change
1236,2430,,"breaking change,topic:models,type:refactor,topic:dependencies,journey:advanced",2022-04-01,topic:models
1237,2430,,"breaking change,topic:models,type:refactor,topic:dependencies,journey:advanced",2022-04-01,type:refactor
1238,2430,,"breaking change,topic:models,type:refactor,topic:dependencies,journey:advanced",2022-04-01,topic:dependencies
1239,2430,,"breaking change,topic:models,type:refactor,topic:dependencies,journey:advanced",2022-04-01,journey:advanced
1240,2037,,"type:feature,good first issue,Contributions wanted!,topic:models,journey:advanced",2022-01-01,type:feature
1241,2037,,"type:feature,good first issue,Contributions wanted!,topic:models,journey:advanced",2022-01-01,good first issue
1242,2037,,"type:feature,good first issue,Contributions wanted!,topic:models,journey:advanced",2022-01-01,Contributions wanted!
1243,2037,,"type:feature,good first issue,Contributions wanted!,topic:models,journey:advanced",2022-01-01,topic:models
1244,2037,,"type:feature,good first issue,Contributions wanted!,topic:models,journey:advanced",2022-01-01,journey:advanced
1245,2470,2022-05-06T13:48:31Z,,2022-04-01,Others
1246,2507,2022-05-06T08:13:32Z,"topic:installation,journey:first steps",2022-05-01,topic:installation
1247,2507,2022-05-06T08:13:32Z,"topic:installation,journey:first steps",2022-05-01,journey:first steps
1248,2504,,"type:feature,topic:reader",2022-05-01,type:feature
1249,2504,,"type:feature,topic:reader",2022-05-01,topic:reader
1250,2500,2022-05-05T10:21:34Z,type:question,2022-05-01,type:question
1251,2492,2022-05-05T08:38:10Z,"type:bug,topic:elasticsearch,topic:document_store",2022-05-01,type:bug
1252,2492,2022-05-05T08:38:10Z,"type:bug,topic:elasticsearch,topic:document_store",2022-05-01,topic:elasticsearch
1253,2492,2022-05-05T08:38:10Z,"type:bug,topic:elasticsearch,topic:document_store",2022-05-01,topic:document_store
1254,2338,2022-05-04T15:39:06Z,"type:bug,topic:pipeline,journey:advanced",2022-03-01,type:bug
1255,2338,2022-05-04T15:39:06Z,"type:bug,topic:pipeline,journey:advanced",2022-03-01,topic:pipeline
1256,2338,2022-05-04T15:39:06Z,"type:bug,topic:pipeline,journey:advanced",2022-03-01,journey:advanced
1257,2302,2022-05-04T15:39:06Z,"topic:pipeline,type:refactor",2022-03-01,topic:pipeline
1258,2302,2022-05-04T15:39:06Z,"topic:pipeline,type:refactor",2022-03-01,type:refactor
1259,2417,,"type:refactor,topic:document_store",2022-04-01,type:refactor
1260,2417,,"type:refactor,topic:document_store",2022-04-01,topic:document_store
1261,2446,2022-05-04T08:04:18Z,"topic:reader,type:refactor",2022-04-01,topic:reader
1262,2446,2022-05-04T08:04:18Z,"topic:reader,type:refactor",2022-04-01,type:refactor
1263,2493,2022-05-04T07:24:11Z,,2022-05-01,Others
1264,2455,2022-05-03T16:09:42Z,,2022-04-01,Others
1265,2465,2022-05-03T13:57:39Z,journey:first steps,2022-04-01,journey:first steps
1266,2452,2022-05-02T14:58:42Z,,2022-04-01,Others
1267,2439,2022-05-02T13:27:15Z,"type:feature,topic:predictions,topic:document_store,journey:intermediate,topic:retriever",2022-04-01,type:feature
1268,2439,2022-05-02T13:27:15Z,"type:feature,topic:predictions,topic:document_store,journey:intermediate,topic:retriever",2022-04-01,topic:predictions
1269,2439,2022-05-02T13:27:15Z,"type:feature,topic:predictions,topic:document_store,journey:intermediate,topic:retriever",2022-04-01,topic:document_store
1270,2439,2022-05-02T13:27:15Z,"type:feature,topic:predictions,topic:document_store,journey:intermediate,topic:retriever",2022-04-01,journey:intermediate
1271,2439,2022-05-02T13:27:15Z,"type:feature,topic:predictions,topic:document_store,journey:intermediate,topic:retriever",2022-04-01,topic:retriever
1272,2396,2022-05-02T12:59:51Z,"type:question,topic:document_store,journey:intermediate",2022-04-01,type:question
1273,2396,2022-05-02T12:59:51Z,"type:question,topic:document_store,journey:intermediate",2022-04-01,topic:document_store
1274,2396,2022-05-02T12:59:51Z,"type:question,topic:document_store,journey:intermediate",2022-04-01,journey:intermediate
1275,2402,2022-04-28T14:24:33Z,"type:feature,topic:pipeline,topic:document_store,journey:intermediate",2022-04-01,type:feature
1276,2402,2022-04-28T14:24:33Z,"type:feature,topic:pipeline,topic:document_store,journey:intermediate",2022-04-01,topic:pipeline
1277,2402,2022-04-28T14:24:33Z,"type:feature,topic:pipeline,topic:document_store,journey:intermediate",2022-04-01,topic:document_store
1278,2402,2022-04-28T14:24:33Z,"type:feature,topic:pipeline,topic:document_store,journey:intermediate",2022-04-01,journey:intermediate
1279,2428,2022-04-28T12:01:54Z,type:bug,2022-04-01,type:bug
1280,2469,2022-04-28T07:04:44Z,,2022-04-01,Others
1281,486,2020-10-20T19:45:09Z,type:question,2020-10-01,type:question
1282,2201,2022-04-27T11:56:48Z,"type:question,topic:dependencies,journey:intermediate",2022-02-01,type:question
1283,2201,2022-04-27T11:56:48Z,"type:question,topic:dependencies,journey:intermediate",2022-02-01,topic:dependencies
1284,2201,2022-04-27T11:56:48Z,"type:question,topic:dependencies,journey:intermediate",2022-02-01,journey:intermediate
1285,2244,2022-04-27T11:56:38Z,"type:bug,topic:models,topic:reader,journey:intermediate",2022-02-01,type:bug
1286,2244,2022-04-27T11:56:38Z,"type:bug,topic:models,topic:reader,journey:intermediate",2022-02-01,topic:models
1287,2244,2022-04-27T11:56:38Z,"type:bug,topic:models,topic:reader,journey:intermediate",2022-02-01,topic:reader
1288,2244,2022-04-27T11:56:38Z,"type:bug,topic:models,topic:reader,journey:intermediate",2022-02-01,journey:intermediate
1289,1949,2022-04-27T11:55:04Z,"type:feature,epic,topic:eval,journey:intermediate",2022-01-01,type:feature
1290,1949,2022-04-27T11:55:04Z,"type:feature,epic,topic:eval,journey:intermediate",2022-01-01,epic
1291,1949,2022-04-27T11:55:04Z,"type:feature,epic,topic:eval,journey:intermediate",2022-01-01,topic:eval
1292,1949,2022-04-27T11:55:04Z,"type:feature,epic,topic:eval,journey:intermediate",2022-01-01,journey:intermediate
1293,2190,2022-04-27T10:21:30Z,"topic:dependencies,journey:first steps",2022-02-01,topic:dependencies
1294,2190,2022-04-27T10:21:30Z,"topic:dependencies,journey:first steps",2022-02-01,journey:first steps
1295,2250,2022-04-27T10:20:55Z,"type:question,topic:models,topic:reader,journey:intermediate",2022-02-01,type:question
1296,2250,2022-04-27T10:20:55Z,"type:question,topic:models,topic:reader,journey:intermediate",2022-02-01,topic:models
1297,2250,2022-04-27T10:20:55Z,"type:question,topic:models,topic:reader,journey:intermediate",2022-02-01,topic:reader
1298,2250,2022-04-27T10:20:55Z,"type:question,topic:models,topic:reader,journey:intermediate",2022-02-01,journey:intermediate
1299,2449,2022-04-27T09:01:47Z,,2022-04-01,Others
1300,2405,2022-04-26T18:28:13Z,"type:question,topic:document_store",2022-04-01,type:question
1301,2405,2022-04-26T18:28:13Z,"type:question,topic:document_store",2022-04-01,topic:document_store
1302,2458,,"action:needs documentation,topic:pipeline,type:refactor",2022-04-01,action:needs documentation
1303,2458,,"action:needs documentation,topic:pipeline,type:refactor",2022-04-01,topic:pipeline
1304,2458,,"action:needs documentation,topic:pipeline,type:refactor",2022-04-01,type:refactor
1305,2440,2022-04-26T07:24:20Z,"type:bug,topic:pipeline",2022-04-01,type:bug
1306,2440,2022-04-26T07:24:20Z,"type:bug,topic:pipeline",2022-04-01,topic:pipeline
1307,2188,2022-04-25T18:14:49Z,"type:feature,topic:eval,journey:intermediate",2022-02-01,type:feature
1308,2188,2022-04-25T18:14:49Z,"type:feature,topic:eval,journey:intermediate",2022-02-01,topic:eval
1309,2188,2022-04-25T18:14:49Z,"type:feature,topic:eval,journey:intermediate",2022-02-01,journey:intermediate
1310,2186,,topic:elasticsearch,2022-02-01,topic:elasticsearch
1311,2447,2022-04-25T09:12:38Z,,2022-04-01,Others
1312,2391,2022-04-25T08:23:46Z,,2022-04-01,Others
1313,2139,2022-04-25T07:53:48Z,"topic:elasticsearch,topic:document_store,topic:retriever",2022-02-01,topic:elasticsearch
1314,2139,2022-04-25T07:53:48Z,"topic:elasticsearch,topic:document_store,topic:retriever",2022-02-01,topic:document_store
1315,2139,2022-04-25T07:53:48Z,"topic:elasticsearch,topic:document_store,topic:retriever",2022-02-01,topic:retriever
1316,2410,2022-04-21T09:24:39Z,"type:bug,topic:eval,topic:pipeline,topic:reader,journey:intermediate",2022-04-01,type:bug
1317,2410,2022-04-21T09:24:39Z,"type:bug,topic:eval,topic:pipeline,topic:reader,journey:intermediate",2022-04-01,topic:eval
1318,2410,2022-04-21T09:24:39Z,"type:bug,topic:eval,topic:pipeline,topic:reader,journey:intermediate",2022-04-01,topic:pipeline
1319,2410,2022-04-21T09:24:39Z,"type:bug,topic:eval,topic:pipeline,topic:reader,journey:intermediate",2022-04-01,topic:reader
1320,2410,2022-04-21T09:24:39Z,"type:bug,topic:eval,topic:pipeline,topic:reader,journey:intermediate",2022-04-01,journey:intermediate
1321,1668,2021-10-28T14:00:49Z,,2021-10-01,Others
1322,2043,2022-01-21T09:01:55Z,"type:question,topic:file_converter,journey:first steps",2022-01-01,type:question
1323,2043,2022-01-21T09:01:55Z,"type:question,topic:file_converter,journey:first steps",2022-01-01,topic:file_converter
1324,2043,2022-01-21T09:01:55Z,"type:question,topic:file_converter,journey:first steps",2022-01-01,journey:first steps
1325,2411,2022-04-19T05:45:18Z,"type:question,topic:elasticsearch,topic:document_store",2022-04-01,type:question
1326,2411,2022-04-19T05:45:18Z,"type:question,topic:elasticsearch,topic:document_store",2022-04-01,topic:elasticsearch
1327,2411,2022-04-19T05:45:18Z,"type:question,topic:elasticsearch,topic:document_store",2022-04-01,topic:document_store
1328,2422,2022-04-15T11:08:57Z,,2022-04-01,Others
1329,2249,2022-04-13T11:56:17Z,"type:bug,topic:rest_api,topic:metadata,journey:intermediate",2022-02-01,type:bug
1330,2249,2022-04-13T11:56:17Z,"type:bug,topic:rest_api,topic:metadata,journey:intermediate",2022-02-01,topic:rest_api
1331,2249,2022-04-13T11:56:17Z,"type:bug,topic:rest_api,topic:metadata,journey:intermediate",2022-02-01,topic:metadata
1332,2249,2022-04-13T11:56:17Z,"type:bug,topic:rest_api,topic:metadata,journey:intermediate",2022-02-01,journey:intermediate
1333,2216,2022-04-12T07:24:23Z,"topic:accuracy,topic:eval",2022-02-01,topic:accuracy
1334,2216,2022-04-12T07:24:23Z,"topic:accuracy,topic:eval",2022-02-01,topic:eval
1335,1944,2022-04-12T12:21:25Z,topic:models,2022-01-01,topic:models
1336,2301,2022-04-12T09:52:28Z,"type:feature,topic:retriever",2022-03-01,type:feature
1337,2301,2022-04-12T09:52:28Z,"type:feature,topic:retriever",2022-03-01,topic:retriever
1338,2349,2022-04-11T13:17:35Z,"type:bug,topic:document_store,topic:tests,topic:milvus",2022-03-01,type:bug
1339,2349,2022-04-11T13:17:35Z,"type:bug,topic:document_store,topic:tests,topic:milvus",2022-03-01,topic:document_store
1340,2349,2022-04-11T13:17:35Z,"type:bug,topic:document_store,topic:tests,topic:milvus",2022-03-01,topic:tests
1341,2349,2022-04-11T13:17:35Z,"type:bug,topic:document_store,topic:tests,topic:milvus",2022-03-01,topic:milvus
1342,1579,2022-04-11T13:16:49Z,,2021-10-01,Others
1343,2292,2022-04-11T13:16:04Z,"type:bug,type:feature,topic:preprocessing",2022-03-01,type:bug
1344,2292,2022-04-11T13:16:04Z,"type:bug,type:feature,topic:preprocessing",2022-03-01,type:feature
1345,2292,2022-04-11T13:16:04Z,"type:bug,type:feature,topic:preprocessing",2022-03-01,topic:preprocessing
1346,1590,2022-04-11T13:11:15Z,breaking change,2021-10-01,breaking change
1347,1341,2022-04-11T13:09:44Z,"type:feature,breaking change,epic,type:refactor",2021-08-01,type:feature
1348,1341,2022-04-11T13:09:44Z,"type:feature,breaking change,epic,type:refactor",2021-08-01,breaking change
1349,1341,2022-04-11T13:09:44Z,"type:feature,breaking change,epic,type:refactor",2021-08-01,epic
1350,1341,2022-04-11T13:09:44Z,"type:feature,breaking change,epic,type:refactor",2021-08-01,type:refactor
1351,2383,,"type:feature,topic:document_store,journey:advanced",2022-04-01,type:feature
1352,2383,,"type:feature,topic:document_store,journey:advanced",2022-04-01,topic:document_store
1353,2383,,"type:feature,topic:document_store,journey:advanced",2022-04-01,journey:advanced
1354,2399,,"type:feature,topic:rest_api,topic:docker,topic:elasticsearch,topic:document_store",2022-04-01,type:feature
1355,2399,,"type:feature,topic:rest_api,topic:docker,topic:elasticsearch,topic:document_store",2022-04-01,topic:rest_api
1356,2399,,"type:feature,topic:rest_api,topic:docker,topic:elasticsearch,topic:document_store",2022-04-01,topic:docker
1357,2399,,"type:feature,topic:rest_api,topic:docker,topic:elasticsearch,topic:document_store",2022-04-01,topic:elasticsearch
1358,2399,,"type:feature,topic:rest_api,topic:docker,topic:elasticsearch,topic:document_store",2022-04-01,topic:document_store
1359,2384,2022-04-02T05:11:25Z,,2022-04-01,Others
1360,2386,2022-04-02T05:03:09Z,,2022-04-01,Others
1361,2331,2022-03-28T10:21:58Z,"type:question,topic:speed,journey:first steps",2022-03-01,type:question
1362,2331,2022-03-28T10:21:58Z,"type:question,topic:speed,journey:first steps",2022-03-01,topic:speed
1363,2331,2022-03-28T10:21:58Z,"type:question,topic:speed,journey:first steps",2022-03-01,journey:first steps
1364,2357,2022-04-01T12:37:34Z,"topic:document_store,topic:weaviate",2022-03-01,topic:document_store
1365,2357,2022-04-01T12:37:34Z,"topic:document_store,topic:weaviate",2022-03-01,topic:weaviate
1366,1893,2022-04-01T12:37:34Z,"type:bug,topic:document_store,journey:intermediate",2021-12-01,type:bug
1367,1893,2022-04-01T12:37:34Z,"type:bug,topic:document_store,journey:intermediate",2021-12-01,topic:document_store
1368,1893,2022-04-01T12:37:34Z,"type:bug,topic:document_store,journey:intermediate",2021-12-01,journey:intermediate
1369,1950,2022-03-31T07:49:43Z,"type:feature,epic,topic:document_store,journey:advanced",2022-01-01,type:feature
1370,1950,2022-03-31T07:49:43Z,"type:feature,epic,topic:document_store,journey:advanced",2022-01-01,epic
1371,1950,2022-03-31T07:49:43Z,"type:feature,epic,topic:document_store,journey:advanced",2022-01-01,topic:document_store
1372,1950,2022-03-31T07:49:43Z,"type:feature,epic,topic:document_store,journey:advanced",2022-01-01,journey:advanced
1373,1985,2022-03-31T07:49:12Z,"type:feature,topic:document_store,journey:advanced",2022-01-01,type:feature
1374,1985,2022-03-31T07:49:12Z,"type:feature,topic:document_store,journey:advanced",2022-01-01,topic:document_store
1375,1985,2022-03-31T07:49:12Z,"type:feature,topic:document_store,journey:advanced",2022-01-01,journey:advanced
1376,2324,2022-03-30T13:48:15Z,"type:bug,topic:docker,journey:first steps",2022-03-01,type:bug
1377,2324,2022-03-30T13:48:15Z,"type:bug,topic:docker,journey:first steps",2022-03-01,topic:docker
1378,2324,2022-03-30T13:48:15Z,"type:bug,topic:docker,journey:first steps",2022-03-01,journey:first steps
1379,779,2022-03-30T13:09:21Z,"type:feature,Contributions wanted!,topic:faiss",2021-01-01,type:feature
1380,779,2022-03-30T13:09:21Z,"type:feature,Contributions wanted!,topic:faiss",2021-01-01,Contributions wanted!
1381,779,2022-03-30T13:09:21Z,"type:feature,Contributions wanted!,topic:faiss",2021-01-01,topic:faiss
1382,2242,2022-03-30T09:46:43Z,"type:question,topic:dependencies,journey:first steps",2022-02-01,type:question
1383,2242,2022-03-30T09:46:43Z,"type:question,topic:dependencies,journey:first steps",2022-02-01,topic:dependencies
1384,2242,2022-03-30T09:46:43Z,"type:question,topic:dependencies,journey:first steps",2022-02-01,journey:first steps
1385,2370,2022-03-30T09:09:33Z,"breaking change,type:refactor,topic:preprocessing,journey:intermediate",2022-03-01,breaking change
1386,2370,2022-03-30T09:09:33Z,"breaking change,type:refactor,topic:preprocessing,journey:intermediate",2022-03-01,type:refactor
1387,2370,2022-03-30T09:09:33Z,"breaking change,type:refactor,topic:preprocessing,journey:intermediate",2022-03-01,topic:preprocessing
1388,2370,2022-03-30T09:09:33Z,"breaking change,type:refactor,topic:preprocessing,journey:intermediate",2022-03-01,journey:intermediate
1389,2367,2022-03-30T08:44:02Z,,2022-03-01,Others
1390,2348,2022-03-29T14:59:20Z,"type:bug,topic:document_store,topic:weaviate",2022-03-01,type:bug
1391,2348,2022-03-29T14:59:20Z,"type:bug,topic:document_store,topic:weaviate",2022-03-01,topic:document_store
1392,2348,2022-03-29T14:59:20Z,"type:bug,topic:document_store,topic:weaviate",2022-03-01,topic:weaviate
1393,1920,2022-03-29T11:53:36Z,type:bug,2021-12-01,type:bug
1394,1859,2022-03-29T11:53:36Z,topic:file_converter,2021-12-01,topic:file_converter
1395,2221,2022-03-25T16:58:00Z,"type:question,topic:tableQA,journey:intermediate",2022-02-01,type:question
1396,2221,2022-03-25T16:58:00Z,"type:question,topic:tableQA,journey:intermediate",2022-02-01,topic:tableQA
1397,2221,2022-03-25T16:58:00Z,"type:question,topic:tableQA,journey:intermediate",2022-02-01,journey:intermediate
1398,2360,,"breaking change,type:refactor",2022-03-01,breaking change
1399,2360,,"breaking change,type:refactor",2022-03-01,type:refactor
1400,2351,,"type:bug,topic:tests,topic:dependencies",2022-03-01,type:bug
1401,2351,,"type:bug,topic:tests,topic:dependencies",2022-03-01,topic:tests
1402,2351,,"type:bug,topic:tests,topic:dependencies",2022-03-01,topic:dependencies
1403,1973,2022-03-23T11:08:57Z,topic:speed,2022-01-01,topic:speed
1404,2346,2022-03-22T22:11:22Z,type:bug,2022-03-01,type:bug
1405,2339,2022-03-22T16:36:02Z,"type:question,topic:labelling",2022-03-01,type:question
1406,2339,2022-03-22T16:36:02Z,"type:question,topic:labelling",2022-03-01,topic:labelling
1407,2317,2022-03-21T12:21:16Z,type:bug,2022-03-01,type:bug
1408,2277,2022-03-21T10:43:06Z,"type:question,topic:models,journey:intermediate",2022-03-01,type:question
1409,2277,2022-03-21T10:43:06Z,"type:question,topic:models,journey:intermediate",2022-03-01,topic:models
1410,2277,2022-03-21T10:43:06Z,"type:question,topic:models,journey:intermediate",2022-03-01,journey:intermediate
1411,2255,,"topic:pipeline,type:refactor",2022-02-01,topic:pipeline
1412,2255,,"topic:pipeline,type:refactor",2022-02-01,type:refactor
1413,2265,2022-03-21T09:35:12Z,"type:feature,topic:labelling,topic:eval,journey:advanced",2022-03-01,type:feature
1414,2265,2022-03-21T09:35:12Z,"type:feature,topic:labelling,topic:eval,journey:advanced",2022-03-01,topic:labelling
1415,2265,2022-03-21T09:35:12Z,"type:feature,topic:labelling,topic:eval,journey:advanced",2022-03-01,topic:eval
1416,2265,2022-03-21T09:35:12Z,"type:feature,topic:labelling,topic:eval,journey:advanced",2022-03-01,journey:advanced
1417,2191,2022-03-16T09:45:33Z,"type:question,topic:speed,topic:faiss",2022-02-01,type:question
1418,2191,2022-03-16T09:45:33Z,"type:question,topic:speed,topic:faiss",2022-02-01,topic:speed
1419,2191,2022-03-16T09:45:33Z,"type:question,topic:speed,topic:faiss",2022-02-01,topic:faiss
1420,2306,2022-03-18T09:29:59Z,"type:feature,type:question,topic:eval,journey:intermediate",2022-03-01,type:feature
1421,2306,2022-03-18T09:29:59Z,"type:feature,type:question,topic:eval,journey:intermediate",2022-03-01,type:question
1422,2306,2022-03-18T09:29:59Z,"type:feature,type:question,topic:eval,journey:intermediate",2022-03-01,topic:eval
1423,2306,2022-03-18T09:29:59Z,"type:feature,type:question,topic:eval,journey:intermediate",2022-03-01,journey:intermediate
1424,2060,2022-02-17T10:23:00Z,"type:question,topic:installation,type:documentation,journey:first steps",2022-01-01,type:question
1425,2060,2022-02-17T10:23:00Z,"type:question,topic:installation,type:documentation,journey:first steps",2022-01-01,topic:installation
1426,2060,2022-02-17T10:23:00Z,"type:question,topic:installation,type:documentation,journey:first steps",2022-01-01,type:documentation
1427,2060,2022-02-17T10:23:00Z,"type:question,topic:installation,type:documentation,journey:first steps",2022-01-01,journey:first steps
1428,2312,2022-03-15T14:01:58Z,"type:bug,topic:installation",2022-03-01,type:bug
1429,2312,2022-03-15T14:01:58Z,"type:bug,topic:installation",2022-03-01,topic:installation
1430,2276,2022-03-16T12:57:27Z,"type:question,journey:intermediate",2022-03-01,type:question
1431,2276,2022-03-16T12:57:27Z,"type:question,journey:intermediate",2022-03-01,journey:intermediate
1432,2288,2022-03-16T12:56:04Z,"type:question,topic:rest_api,topic:predictions",2022-03-01,type:question
1433,2288,2022-03-16T12:56:04Z,"type:question,topic:rest_api,topic:predictions",2022-03-01,topic:rest_api
1434,2288,2022-03-16T12:56:04Z,"type:question,topic:rest_api,topic:predictions",2022-03-01,topic:predictions
1435,2261,2022-03-16T09:51:56Z,"type:question,topic:models,journey:intermediate",2022-03-01,type:question
1436,2261,2022-03-16T09:51:56Z,"type:question,topic:models,journey:intermediate",2022-03-01,topic:models
1437,2261,2022-03-16T09:51:56Z,"type:question,topic:models,journey:intermediate",2022-03-01,journey:intermediate
1438,2310,2022-03-16T08:57:23Z,"type:bug,topic:save/load,topic:pipeline,journey:first steps",2022-03-01,type:bug
1439,2310,2022-03-16T08:57:23Z,"type:bug,topic:save/load,topic:pipeline,journey:first steps",2022-03-01,topic:save/load
1440,2310,2022-03-16T08:57:23Z,"type:bug,topic:save/load,topic:pipeline,journey:first steps",2022-03-01,topic:pipeline
1441,2310,2022-03-16T08:57:23Z,"type:bug,topic:save/load,topic:pipeline,journey:first steps",2022-03-01,journey:first steps
1442,2252,2022-03-15T10:17:27Z,"topic:pipeline,type:refactor,journey:advanced",2022-02-01,topic:pipeline
1443,2252,2022-03-15T10:17:27Z,"topic:pipeline,type:refactor,journey:advanced",2022-02-01,type:refactor
1444,2252,2022-03-15T10:17:27Z,"topic:pipeline,type:refactor,journey:advanced",2022-02-01,journey:advanced
1445,2246,2022-03-15T10:17:27Z,"type:feature,topic:pipeline,journey:first steps",2022-02-01,type:feature
1446,2246,2022-03-15T10:17:27Z,"type:feature,topic:pipeline,journey:first steps",2022-02-01,topic:pipeline
1447,2246,2022-03-15T10:17:27Z,"type:feature,topic:pipeline,journey:first steps",2022-02-01,journey:first steps
1448,1981,2022-03-15T10:17:27Z,"type:feature,epic,topic:pipeline",2022-01-01,type:feature
1449,1981,2022-03-15T10:17:27Z,"type:feature,epic,topic:pipeline",2022-01-01,epic
1450,1981,2022-03-15T10:17:27Z,"type:feature,epic,topic:pipeline",2022-01-01,topic:pipeline
1451,600,2022-03-15T10:17:27Z,topic:pipeline,2020-11-01,topic:pipeline
1452,2131,2022-03-11T13:40:01Z,,2022-02-01,Others
1453,2305,2022-03-14T10:23:02Z,"type:question,topic:rest_api,journey:first steps",2022-03-01,type:question
1454,2305,2022-03-14T10:23:02Z,"type:question,topic:rest_api,journey:first steps",2022-03-01,topic:rest_api
1455,2305,2022-03-14T10:23:02Z,"type:question,topic:rest_api,journey:first steps",2022-03-01,journey:first steps
1456,2269,2022-03-11T14:15:38Z,"type:question,topic:models,journey:intermediate",2022-03-01,type:question
1457,2269,2022-03-11T14:15:38Z,"type:question,topic:models,journey:intermediate",2022-03-01,topic:models
1458,2269,2022-03-11T14:15:38Z,"type:question,topic:models,journey:intermediate",2022-03-01,journey:intermediate
1459,2222,2022-03-11T13:57:18Z,"type:question,topic:rest_api,journey:first steps",2022-02-01,type:question
1460,2222,2022-03-11T13:57:18Z,"type:question,topic:rest_api,journey:first steps",2022-02-01,topic:rest_api
1461,2222,2022-03-11T13:57:18Z,"type:question,topic:rest_api,journey:first steps",2022-02-01,journey:first steps
1462,2219,2022-03-11T13:56:25Z,"type:question,topic:pipeline,journey:first steps",2022-02-01,type:question
1463,2219,2022-03-11T13:56:25Z,"type:question,topic:pipeline,journey:first steps",2022-02-01,topic:pipeline
1464,2219,2022-03-11T13:56:25Z,"type:question,topic:pipeline,journey:first steps",2022-02-01,journey:first steps
1465,2167,2022-03-11T13:53:42Z,"topic:labelling,journey:intermediate",2022-02-01,topic:labelling
1466,2167,2022-03-11T13:53:42Z,"topic:labelling,journey:intermediate",2022-02-01,journey:intermediate
1467,1921,2022-03-11T13:33:13Z,type:bug,2021-12-01,type:bug
1468,2258,2022-03-10T08:49:29Z,"type:feature,topic:pipeline,journey:advanced",2022-02-01,type:feature
1469,2258,2022-03-10T08:49:29Z,"type:feature,topic:pipeline,journey:advanced",2022-02-01,topic:pipeline
1470,2258,2022-03-10T08:49:29Z,"type:feature,topic:pipeline,journey:advanced",2022-02-01,journey:advanced
1471,2110,2022-03-09T16:13:31Z,"type:feature,topic:pipeline,journey:first steps",2022-02-01,type:feature
1472,2110,2022-03-09T16:13:31Z,"type:feature,topic:pipeline,journey:first steps",2022-02-01,topic:pipeline
1473,2110,2022-03-09T16:13:31Z,"type:feature,topic:pipeline,journey:first steps",2022-02-01,journey:first steps
1474,2022,2022-03-09T16:13:20Z,"type:refactor,topic:dependencies,journey:advanced",2022-01-01,type:refactor
1475,2022,2022-03-09T16:13:20Z,"type:refactor,topic:dependencies,journey:advanced",2022-01-01,topic:dependencies
1476,2022,2022-03-09T16:13:20Z,"type:refactor,topic:dependencies,journey:advanced",2022-01-01,journey:advanced
1477,2280,2022-03-07T19:45:03Z,"type:bug,journey:first steps",2022-03-01,type:bug
1478,2280,2022-03-07T19:45:03Z,"type:bug,journey:first steps",2022-03-01,journey:first steps
1479,2273,2022-03-08T18:14:18Z,"type:bug,topic:eval,topic:reader,journey:intermediate",2022-03-01,type:bug
1480,2273,2022-03-08T18:14:18Z,"type:bug,topic:eval,topic:reader,journey:intermediate",2022-03-01,topic:eval
1481,2273,2022-03-08T18:14:18Z,"type:bug,topic:eval,topic:reader,journey:intermediate",2022-03-01,topic:reader
1482,2273,2022-03-08T18:14:18Z,"type:bug,topic:eval,topic:reader,journey:intermediate",2022-03-01,journey:intermediate
1483,2235,2022-03-07T21:35:15Z,"type:feature,topic:pipeline,topic:document_store,journey:advanced",2022-02-01,type:feature
1484,2235,2022-03-07T21:35:15Z,"type:feature,topic:pipeline,topic:document_store,journey:advanced",2022-02-01,topic:pipeline
1485,2235,2022-03-07T21:35:15Z,"type:feature,topic:pipeline,topic:document_store,journey:advanced",2022-02-01,topic:document_store
1486,2235,2022-03-07T21:35:15Z,"type:feature,topic:pipeline,topic:document_store,journey:advanced",2022-02-01,journey:advanced
1487,2119,2022-02-16T09:51:17Z,"type:question,topic:reader",2022-02-01,type:question
1488,2119,2022-02-16T09:51:17Z,"type:question,topic:reader",2022-02-01,topic:reader
1489,2100,2022-02-16T09:51:35Z,"type:question,topic:eval,topic:reader,journey:advanced",2022-02-01,type:question
1490,2100,2022-02-16T09:51:35Z,"type:question,topic:eval,topic:reader,journey:advanced",2022-02-01,topic:eval
1491,2100,2022-02-16T09:51:35Z,"type:question,topic:eval,topic:reader,journey:advanced",2022-02-01,topic:reader
1492,2100,2022-02-16T09:51:35Z,"type:question,topic:eval,topic:reader,journey:advanced",2022-02-01,journey:advanced
1493,2272,,"type:bug,topic:file_converter,topic:tableQA",2022-03-01,type:bug
1494,2272,,"type:bug,topic:file_converter,topic:tableQA",2022-03-01,topic:file_converter
1495,2272,,"type:bug,topic:file_converter,topic:tableQA",2022-03-01,topic:tableQA
1496,2118,2022-03-03T14:05:49Z,"type:bug,topic:dependencies",2022-02-01,type:bug
1497,2118,2022-03-03T14:05:49Z,"type:bug,topic:dependencies",2022-02-01,topic:dependencies
1498,2178,2022-03-03T14:17:29Z,,2022-02-01,Others
1499,2074,2022-03-03T14:11:00Z,"type:question,topic:pipeline,journey:first steps",2022-01-01,type:question
1500,2074,2022-03-03T14:11:00Z,"type:question,topic:pipeline,journey:first steps",2022-01-01,topic:pipeline
1501,2074,2022-03-03T14:11:00Z,"type:question,topic:pipeline,journey:first steps",2022-01-01,journey:first steps
1502,2085,2022-03-03T14:07:51Z,"type:question,topic:rest_api,topic:pipeline,journey:intermediate",2022-01-01,type:question
1503,2085,2022-03-03T14:07:51Z,"type:question,topic:rest_api,topic:pipeline,journey:intermediate",2022-01-01,topic:rest_api
1504,2085,2022-03-03T14:07:51Z,"type:question,topic:rest_api,topic:pipeline,journey:intermediate",2022-01-01,topic:pipeline
1505,2085,2022-03-03T14:07:51Z,"type:question,topic:rest_api,topic:pipeline,journey:intermediate",2022-01-01,journey:intermediate
1506,2266,,"type:bug,type:feature,topic:pipeline",2022-03-01,type:bug
1507,2266,,"type:bug,type:feature,topic:pipeline",2022-03-01,type:feature
1508,2266,,"type:bug,type:feature,topic:pipeline",2022-03-01,topic:pipeline
1509,1958,2022-03-02T14:17:32Z,"type:feature,epic,topic:metadata,topic:document_store",2022-01-01,type:feature
1510,1958,2022-03-02T14:17:32Z,"type:feature,epic,topic:metadata,topic:document_store",2022-01-01,epic
1511,1958,2022-03-02T14:17:32Z,"type:feature,epic,topic:metadata,topic:document_store",2022-01-01,topic:metadata
1512,1958,2022-03-02T14:17:32Z,"type:feature,epic,topic:metadata,topic:document_store",2022-01-01,topic:document_store
1513,2197,2022-03-02T07:48:50Z,"type:feature,topic:speed,topic:models,topic:reader",2022-02-01,type:feature
1514,2197,2022-03-02T07:48:50Z,"type:feature,topic:speed,topic:models,topic:reader",2022-02-01,topic:speed
1515,2197,2022-03-02T07:48:50Z,"type:feature,topic:speed,topic:models,topic:reader",2022-02-01,topic:models
1516,2197,2022-03-02T07:48:50Z,"type:feature,topic:speed,topic:models,topic:reader",2022-02-01,topic:reader
1517,2021,,"type:feature,topic:models,journey:advanced",2022-01-01,type:feature
1518,2021,,"type:feature,topic:models,journey:advanced",2022-01-01,topic:models
1519,2021,,"type:feature,topic:models,journey:advanced",2022-01-01,journey:advanced
1520,1551,,"type:feature,topic:speed,topic:reader",2021-10-01,type:feature
1521,1551,,"type:feature,topic:speed,topic:reader",2021-10-01,topic:speed
1522,1551,,"type:feature,topic:speed,topic:reader",2021-10-01,topic:reader
1523,2142,2022-02-22T09:36:21Z,"type:bug,journey:first steps",2022-02-01,type:bug
1524,2142,2022-02-22T09:36:21Z,"type:bug,journey:first steps",2022-02-01,journey:first steps
1525,2028,2022-02-28T10:02:16Z,"type:feature,topic:metadata,topic:document_store",2022-01-01,type:feature
1526,2028,2022-02-28T10:02:16Z,"type:feature,topic:metadata,topic:document_store",2022-01-01,topic:metadata
1527,2028,2022-02-28T10:02:16Z,"type:feature,topic:metadata,topic:document_store",2022-01-01,topic:document_store
1528,2033,2022-02-28T10:02:03Z,"type:feature,topic:metadata,topic:document_store",2022-01-01,type:feature
1529,2033,2022-02-28T10:02:03Z,"type:feature,topic:metadata,topic:document_store",2022-01-01,topic:metadata
1530,2033,2022-02-28T10:02:03Z,"type:feature,topic:metadata,topic:document_store",2022-01-01,topic:document_store
1531,1194,2021-06-15T07:42:09Z,,2021-06-01,Others
1532,2067,2022-02-24T16:43:38Z,"type:refactor,topic:document_store,journey:first steps",2022-01-01,type:refactor
1533,2067,2022-02-24T16:43:38Z,"type:refactor,topic:document_store,journey:first steps",2022-01-01,topic:document_store
1534,2067,2022-02-24T16:43:38Z,"type:refactor,topic:document_store,journey:first steps",2022-01-01,journey:first steps
1535,2247,,type:feature,2022-02-01,type:feature
1536,2241,2022-02-24T13:58:36Z,"type:bug,topic:file_converter,journey:intermediate",2022-02-01,type:bug
1537,2241,2022-02-24T13:58:36Z,"type:bug,topic:file_converter,journey:intermediate",2022-02-01,topic:file_converter
1538,2241,2022-02-24T13:58:36Z,"type:bug,topic:file_converter,journey:intermediate",2022-02-01,journey:intermediate
1539,2238,2022-02-24T10:32:11Z,"type:question,topic:DPR,journey:intermediate",2022-02-01,type:question
1540,2238,2022-02-24T10:32:11Z,"type:question,topic:DPR,journey:intermediate",2022-02-01,topic:DPR
1541,2238,2022-02-24T10:32:11Z,"type:question,topic:DPR,journey:intermediate",2022-02-01,journey:intermediate
1542,2223,2022-02-21T09:19:30Z,"type:question,topic:elasticsearch,journey:intermediate",2022-02-01,type:question
1543,2223,2022-02-21T09:19:30Z,"type:question,topic:elasticsearch,journey:intermediate",2022-02-01,topic:elasticsearch
1544,2223,2022-02-21T09:19:30Z,"type:question,topic:elasticsearch,journey:intermediate",2022-02-01,journey:intermediate
1545,2079,2022-02-23T15:57:53Z,"type:question,topic:models,topic:reader,journey:advanced",2022-01-01,type:question
1546,2079,2022-02-23T15:57:53Z,"type:question,topic:models,topic:reader,journey:advanced",2022-01-01,topic:models
1547,2079,2022-02-23T15:57:53Z,"type:question,topic:models,topic:reader,journey:advanced",2022-01-01,topic:reader
1548,2079,2022-02-23T15:57:53Z,"type:question,topic:models,topic:reader,journey:advanced",2022-01-01,journey:advanced
1549,2195,2022-02-23T10:08:57Z,"type:feature,topic:pipeline,journey:intermediate",2022-02-01,type:feature
1550,2195,2022-02-23T10:08:57Z,"type:feature,topic:pipeline,journey:intermediate",2022-02-01,topic:pipeline
1551,2195,2022-02-23T10:08:57Z,"type:feature,topic:pipeline,journey:intermediate",2022-02-01,journey:intermediate
1552,1959,2022-02-22T19:58:58Z,"type:feature,epic,topic:elasticsearch,topic:document_store",2022-01-01,type:feature
1553,1959,2022-02-22T19:58:58Z,"type:feature,epic,topic:elasticsearch,topic:document_store",2022-01-01,epic
1554,1959,2022-02-22T19:58:58Z,"type:feature,epic,topic:elasticsearch,topic:document_store",2022-01-01,topic:elasticsearch
1555,1959,2022-02-22T19:58:58Z,"type:feature,epic,topic:elasticsearch,topic:document_store",2022-01-01,topic:document_store
1556,1621,2022-02-22T19:58:58Z,"type:feature,topic:elasticsearch,topic:document_store",2021-10-01,type:feature
1557,1621,2022-02-22T19:58:58Z,"type:feature,topic:elasticsearch,topic:document_store",2021-10-01,topic:elasticsearch
1558,1621,2022-02-22T19:58:58Z,"type:feature,topic:elasticsearch,topic:document_store",2021-10-01,topic:document_store
1559,2113,2022-02-22T17:40:34Z,"type:bug,topic:elasticsearch,topic:document_store",2022-02-01,type:bug
1560,2113,2022-02-22T17:40:34Z,"type:bug,topic:elasticsearch,topic:document_store",2022-02-01,topic:elasticsearch
1561,2113,2022-02-22T17:40:34Z,"type:bug,topic:elasticsearch,topic:document_store",2022-02-01,topic:document_store
1562,2032,2022-02-22T17:13:10Z,"type:feature,topic:faiss,topic:sql,topic:metadata,topic:document_store",2022-01-01,type:feature
1563,2032,2022-02-22T17:13:10Z,"type:feature,topic:faiss,topic:sql,topic:metadata,topic:document_store",2022-01-01,topic:faiss
1564,2032,2022-02-22T17:13:10Z,"type:feature,topic:faiss,topic:sql,topic:metadata,topic:document_store",2022-01-01,topic:sql
1565,2032,2022-02-22T17:13:10Z,"type:feature,topic:faiss,topic:sql,topic:metadata,topic:document_store",2022-01-01,topic:metadata
1566,2032,2022-02-22T17:13:10Z,"type:feature,topic:faiss,topic:sql,topic:metadata,topic:document_store",2022-01-01,topic:document_store
1567,2030,2022-02-22T17:12:57Z,"type:feature,topic:metadata,topic:document_store",2022-01-01,type:feature
1568,2030,2022-02-22T17:12:57Z,"type:feature,topic:metadata,topic:document_store",2022-01-01,topic:metadata
1569,2030,2022-02-22T17:12:57Z,"type:feature,topic:metadata,topic:document_store",2022-01-01,topic:document_store
1570,1823,2022-02-22T14:01:07Z,"type:bug,topic:pipeline",2021-11-01,type:bug
1571,1823,2022-02-22T14:01:07Z,"type:bug,topic:pipeline",2021-11-01,topic:pipeline
1572,2134,2022-02-21T14:41:36Z,"type:feature,topic:pipeline",2022-02-01,type:feature
1573,2134,2022-02-21T14:41:36Z,"type:feature,topic:pipeline",2022-02-01,topic:pipeline
1574,1897,,"type:refactor,topic:document_store",2021-12-01,type:refactor
1575,1897,,"type:refactor,topic:document_store",2021-12-01,topic:document_store
1576,2042,2022-02-21T11:22:38Z,"type:feature,topic:save/load,topic:pipeline",2022-01-01,type:feature
1577,2042,2022-02-21T11:22:38Z,"type:feature,topic:save/load,topic:pipeline",2022-01-01,topic:save/load
1578,2042,2022-02-21T11:22:38Z,"type:feature,topic:save/load,topic:pipeline",2022-01-01,topic:pipeline
1579,538,2020-11-05T12:59:54Z,type:feature,2020-11-01,type:feature
1580,2031,2022-02-18T07:55:17Z,"type:feature,topic:metadata,topic:document_store",2022-01-01,type:feature
1581,2031,2022-02-18T07:55:17Z,"type:feature,topic:metadata,topic:document_store",2022-01-01,topic:metadata
1582,2031,2022-02-18T07:55:17Z,"type:feature,topic:metadata,topic:document_store",2022-01-01,topic:document_store
1583,2217,,"topic:file_converter,type:refactor",2022-02-01,topic:file_converter
1584,2217,,"topic:file_converter,type:refactor",2022-02-01,type:refactor
1585,1779,2022-02-17T16:24:40Z,"type:question,topic:models",2021-11-01,type:question
1586,1779,2022-02-17T16:24:40Z,"type:question,topic:models",2021-11-01,topic:models
1587,1972,2022-02-17T15:37:02Z,,2022-01-01,Others
1588,2206,,"topic:installation,type:documentation,journey:intermediate",2022-02-01,topic:installation
1589,2206,,"topic:installation,type:documentation,journey:intermediate",2022-02-01,type:documentation
1590,2206,,"topic:installation,type:documentation,journey:intermediate",2022-02-01,journey:intermediate
1591,2208,,"type:feature,topic:installation,type:documentation,journey:intermediate",2022-02-01,type:feature
1592,2208,,"type:feature,topic:installation,type:documentation,journey:intermediate",2022-02-01,topic:installation
1593,2208,,"type:feature,topic:installation,type:documentation,journey:intermediate",2022-02-01,type:documentation
1594,2208,,"type:feature,topic:installation,type:documentation,journey:intermediate",2022-02-01,journey:intermediate
1595,2194,2022-02-16T13:38:26Z,"type:bug,duplicate,topic:rest_api,topic:metadata,journey:first steps",2022-02-01,type:bug
1596,2194,2022-02-16T13:38:26Z,"type:bug,duplicate,topic:rest_api,topic:metadata,journey:first steps",2022-02-01,duplicate
1597,2194,2022-02-16T13:38:26Z,"type:bug,duplicate,topic:rest_api,topic:metadata,journey:first steps",2022-02-01,topic:rest_api
1598,2194,2022-02-16T13:38:26Z,"type:bug,duplicate,topic:rest_api,topic:metadata,journey:first steps",2022-02-01,topic:metadata
1599,2194,2022-02-16T13:38:26Z,"type:bug,duplicate,topic:rest_api,topic:metadata,journey:first steps",2022-02-01,journey:first steps
1600,2111,2022-02-16T13:38:12Z,"type:feature,topic:document_store,journey:advanced",2022-02-01,type:feature
1601,2111,2022-02-16T13:38:12Z,"type:feature,topic:document_store,journey:advanced",2022-02-01,topic:document_store
1602,2111,2022-02-16T13:38:12Z,"type:feature,topic:document_store,journey:advanced",2022-02-01,journey:advanced
1603,2019,2022-02-16T10:12:10Z,"type:feature,topic:models,journey:advanced",2022-01-01,type:feature
1604,2019,2022-02-16T10:12:10Z,"type:feature,topic:models,journey:advanced",2022-01-01,topic:models
1605,2019,2022-02-16T10:12:10Z,"type:feature,topic:models,journey:advanced",2022-01-01,journey:advanced
1606,1863,2022-02-16T10:11:00Z,"type:bug,topic:rest_api,journey:intermediate,topic:retriever",2021-12-01,type:bug
1607,1863,2022-02-16T10:11:00Z,"type:bug,topic:rest_api,journey:intermediate,topic:retriever",2021-12-01,topic:rest_api
1608,1863,2022-02-16T10:11:00Z,"type:bug,topic:rest_api,journey:intermediate,topic:retriever",2021-12-01,journey:intermediate
1609,1863,2022-02-16T10:11:00Z,"type:bug,topic:rest_api,journey:intermediate,topic:retriever",2021-12-01,topic:retriever
1610,2092,2022-02-16T09:51:52Z,"type:question,topic:labelling,topic:eval,journey:advanced",2022-01-01,type:question
1611,2092,2022-02-16T09:51:52Z,"type:question,topic:labelling,topic:eval,journey:advanced",2022-01-01,topic:labelling
1612,2092,2022-02-16T09:51:52Z,"type:question,topic:labelling,topic:eval,journey:advanced",2022-01-01,topic:eval
1613,2092,2022-02-16T09:51:52Z,"type:question,topic:labelling,topic:eval,journey:advanced",2022-01-01,journey:advanced
1614,2187,2022-02-16T09:37:51Z,,2022-02-01,Others
1615,2183,2022-02-16T09:32:22Z,,2022-02-01,Others
1616,2174,2022-02-14T23:57:19Z,topic:document_store,2022-02-01,topic:document_store
1617,1825,2022-02-14T10:43:27Z,topic:rest_api,2021-11-01,topic:rest_api
1618,2173,2022-02-12T04:33:50Z,,2022-02-01,Others
1619,2112,2022-02-11T14:17:55Z,"type:feature,topic:eval,journey:intermediate",2022-02-01,type:feature
1620,2112,2022-02-11T14:17:55Z,"type:feature,topic:eval,journey:intermediate",2022-02-01,topic:eval
1621,2112,2022-02-11T14:17:55Z,"type:feature,topic:eval,journey:intermediate",2022-02-01,journey:intermediate
1622,2004,2022-02-11T14:17:05Z,"type:feature,topic:save/load,topic:pipeline,journey:advanced",2022-01-01,type:feature
1623,2004,2022-02-11T14:17:05Z,"type:feature,topic:save/load,topic:pipeline,journey:advanced",2022-01-01,topic:save/load
1624,2004,2022-02-11T14:17:05Z,"type:feature,topic:save/load,topic:pipeline,journey:advanced",2022-01-01,topic:pipeline
1625,2004,2022-02-11T14:17:05Z,"type:feature,topic:save/load,topic:pipeline,journey:advanced",2022-01-01,journey:advanced
1626,1170,2022-02-11T14:07:13Z,type:documentation,2021-06-01,type:documentation
1627,2146,2022-02-11T09:40:01Z,"topic:document_store,journey:first steps",2022-02-01,topic:document_store
1628,2146,2022-02-11T09:40:01Z,"topic:document_store,journey:first steps",2022-02-01,journey:first steps
1629,1171,2022-02-11T09:39:26Z,type:documentation,2021-06-01,type:documentation
1630,2073,2022-02-11T08:34:10Z,"type:question,topic:DPR,topic:models,journey:first steps",2022-01-01,type:question
1631,2073,2022-02-11T08:34:10Z,"type:question,topic:DPR,topic:models,journey:first steps",2022-01-01,topic:DPR
1632,2073,2022-02-11T08:34:10Z,"type:question,topic:DPR,topic:models,journey:first steps",2022-01-01,topic:models
1633,2073,2022-02-11T08:34:10Z,"type:question,topic:DPR,topic:models,journey:first steps",2022-01-01,journey:first steps
1634,2166,,"type:feature,topic:accuracy,topic:eval,journey:advanced",2022-02-01,type:feature
1635,2166,,"type:feature,topic:accuracy,topic:eval,journey:advanced",2022-02-01,topic:accuracy
1636,2166,,"type:feature,topic:accuracy,topic:eval,journey:advanced",2022-02-01,topic:eval
1637,2166,,"type:feature,topic:accuracy,topic:eval,journey:advanced",2022-02-01,journey:advanced
1638,2153,2022-02-10T11:25:42Z,"type:question,journey:first steps",2022-02-01,type:question
1639,2153,2022-02-10T11:25:42Z,"type:question,journey:first steps",2022-02-01,journey:first steps
1640,2150,2022-02-09T16:27:52Z,"type:feature,topic:metadata,topic:document_store",2022-02-01,type:feature
1641,2150,2022-02-09T16:27:52Z,"type:feature,topic:metadata,topic:document_store",2022-02-01,topic:metadata
1642,2150,2022-02-09T16:27:52Z,"type:feature,topic:metadata,topic:document_store",2022-02-01,topic:document_store
1643,2149,,"type:refactor,topic:dependencies",2022-02-01,type:refactor
1644,2149,,"type:refactor,topic:dependencies",2022-02-01,topic:dependencies
1645,2138,,"type:feature,topic:accuracy,topic:metadata,topic:document_store,journey:advanced",2022-02-01,type:feature
1646,2138,,"type:feature,topic:accuracy,topic:metadata,topic:document_store,journey:advanced",2022-02-01,topic:accuracy
1647,2138,,"type:feature,topic:accuracy,topic:metadata,topic:document_store,journey:advanced",2022-02-01,topic:metadata
1648,2138,,"type:feature,topic:accuracy,topic:metadata,topic:document_store,journey:advanced",2022-02-01,topic:document_store
1649,2138,,"type:feature,topic:accuracy,topic:metadata,topic:document_store,journey:advanced",2022-02-01,journey:advanced
1650,2136,,"type:documentation,topic:document_store,journey:first steps",2022-02-01,type:documentation
1651,2136,,"type:documentation,topic:document_store,journey:first steps",2022-02-01,topic:document_store
1652,2136,,"type:documentation,topic:document_store,journey:first steps",2022-02-01,journey:first steps
1653,2055,2022-02-07T10:45:28Z,"type:bug,topic:document_store,journey:first steps",2022-01-01,type:bug
1654,2055,2022-02-07T10:45:28Z,"type:bug,topic:document_store,journey:first steps",2022-01-01,topic:document_store
1655,2055,2022-02-07T10:45:28Z,"type:bug,topic:document_store,journey:first steps",2022-01-01,journey:first steps
1656,2029,2022-02-04T12:43:12Z,"type:feature,topic:elasticsearch,topic:metadata,topic:document_store",2022-01-01,type:feature
1657,2029,2022-02-04T12:43:12Z,"type:feature,topic:elasticsearch,topic:metadata,topic:document_store",2022-01-01,topic:elasticsearch
1658,2029,2022-02-04T12:43:12Z,"type:feature,topic:elasticsearch,topic:metadata,topic:document_store",2022-01-01,topic:metadata
1659,2029,2022-02-04T12:43:12Z,"type:feature,topic:elasticsearch,topic:metadata,topic:document_store",2022-01-01,topic:document_store
1660,2116,2022-02-03T10:42:36Z,topic:preprocessing,2022-02-01,topic:preprocessing
1661,1977,2022-02-02T16:51:05Z,"type:question,topic:preprocessing",2022-01-01,type:question
1662,1977,2022-02-02T16:51:05Z,"type:question,topic:preprocessing",2022-01-01,topic:preprocessing
1663,2094,2022-02-02T23:20:25Z,"type:bug,topic:eval,journey:intermediate",2022-02-01,type:bug
1664,2094,2022-02-02T23:20:25Z,"type:bug,topic:eval,journey:intermediate",2022-02-01,topic:eval
1665,2094,2022-02-02T23:20:25Z,"type:bug,topic:eval,journey:intermediate",2022-02-01,journey:intermediate
1666,1081,2021-09-28T14:48:52Z,"type:question,topic:pipeline",2021-05-01,type:question
1667,1081,2021-09-28T14:48:52Z,"type:question,topic:pipeline",2021-05-01,topic:pipeline
1668,1892,2022-01-27T11:29:35Z,"type:question,topic:predictions,journey:intermediate",2021-12-01,type:question
1669,1892,2022-01-27T11:29:35Z,"type:question,topic:predictions,journey:intermediate",2021-12-01,topic:predictions
1670,1892,2022-01-27T11:29:35Z,"type:question,topic:predictions,journey:intermediate",2021-12-01,journey:intermediate
1671,1872,2022-01-26T16:35:33Z,"type:feature,topic:elasticsearch,topic:predictions,journey:intermediate,topic:retriever",2021-12-01,type:feature
1672,1872,2022-01-26T16:35:33Z,"type:feature,topic:elasticsearch,topic:predictions,journey:intermediate,topic:retriever",2021-12-01,topic:elasticsearch
1673,1872,2022-01-26T16:35:33Z,"type:feature,topic:elasticsearch,topic:predictions,journey:intermediate,topic:retriever",2021-12-01,topic:predictions
1674,1872,2022-01-26T16:35:33Z,"type:feature,topic:elasticsearch,topic:predictions,journey:intermediate,topic:retriever",2021-12-01,journey:intermediate
1675,1872,2022-01-26T16:35:33Z,"type:feature,topic:elasticsearch,topic:predictions,journey:intermediate,topic:retriever",2021-12-01,topic:retriever
1676,2057,,"type:bug,topic:metadata,journey:intermediate",2022-01-01,type:bug
1677,2057,,"type:bug,topic:metadata,journey:intermediate",2022-01-01,topic:metadata
1678,2057,,"type:bug,topic:metadata,journey:intermediate",2022-01-01,journey:intermediate
1679,2011,,"type:bug,type:feature,topic:document_store,journey:intermediate",2022-01-01,type:bug
1680,2011,,"type:bug,type:feature,topic:document_store,journey:intermediate",2022-01-01,type:feature
1681,2011,,"type:bug,type:feature,topic:document_store,journey:intermediate",2022-01-01,topic:document_store
1682,2011,,"type:bug,type:feature,topic:document_store,journey:intermediate",2022-01-01,journey:intermediate
1683,1971,,"Contributions wanted!,topic:speed,topic:reader,journey:intermediate",2022-01-01,Contributions wanted!
1684,1971,,"Contributions wanted!,topic:speed,topic:reader,journey:intermediate",2022-01-01,topic:speed
1685,1971,,"Contributions wanted!,topic:speed,topic:reader,journey:intermediate",2022-01-01,topic:reader
1686,1971,,"Contributions wanted!,topic:speed,topic:reader,journey:intermediate",2022-01-01,journey:intermediate
1687,2076,2022-02-01T14:39:40Z,"type:question,topic:models,journey:first steps,journey:intermediate",2022-01-01,type:question
1688,2076,2022-02-01T14:39:40Z,"type:question,topic:models,journey:first steps,journey:intermediate",2022-01-01,topic:models
1689,2076,2022-02-01T14:39:40Z,"type:question,topic:models,journey:first steps,journey:intermediate",2022-01-01,journey:first steps
1690,2076,2022-02-01T14:39:40Z,"type:question,topic:models,journey:first steps,journey:intermediate",2022-01-01,journey:intermediate
1691,2035,2022-01-27T11:35:54Z,"type:question,topic:document_store,journey:first steps,journey:intermediate",2022-01-01,type:question
1692,2035,2022-01-27T11:35:54Z,"type:question,topic:document_store,journey:first steps,journey:intermediate",2022-01-01,topic:document_store
1693,2035,2022-01-27T11:35:54Z,"type:question,topic:document_store,journey:first steps,journey:intermediate",2022-01-01,journey:first steps
1694,2035,2022-01-27T11:35:54Z,"type:question,topic:document_store,journey:first steps,journey:intermediate",2022-01-01,journey:intermediate
1695,1943,2022-01-04T14:43:05Z,"type:question,topic:eval,journey:first steps,journey:intermediate,topic:retriever",2022-01-01,type:question
1696,1943,2022-01-04T14:43:05Z,"type:question,topic:eval,journey:first steps,journey:intermediate,topic:retriever",2022-01-01,topic:eval
1697,1943,2022-01-04T14:43:05Z,"type:question,topic:eval,journey:first steps,journey:intermediate,topic:retriever",2022-01-01,journey:first steps
1698,1943,2022-01-04T14:43:05Z,"type:question,topic:eval,journey:first steps,journey:intermediate,topic:retriever",2022-01-01,journey:intermediate
1699,1943,2022-01-04T14:43:05Z,"type:question,topic:eval,journey:first steps,journey:intermediate,topic:retriever",2022-01-01,topic:retriever
1700,1939,2022-01-04T15:03:43Z,"type:question,topic:elasticsearch,topic:metadata,journey:first steps,journey:intermediate",2021-12-01,type:question
1701,1939,2022-01-04T15:03:43Z,"type:question,topic:elasticsearch,topic:metadata,journey:first steps,journey:intermediate",2021-12-01,topic:elasticsearch
1702,1939,2022-01-04T15:03:43Z,"type:question,topic:elasticsearch,topic:metadata,journey:first steps,journey:intermediate",2021-12-01,topic:metadata
1703,1939,2022-01-04T15:03:43Z,"type:question,topic:elasticsearch,topic:metadata,journey:first steps,journey:intermediate",2021-12-01,journey:first steps
1704,1939,2022-01-04T15:03:43Z,"type:question,topic:elasticsearch,topic:metadata,journey:first steps,journey:intermediate",2021-12-01,journey:intermediate
1705,1935,2022-01-04T14:04:16Z,"type:bug,topic:document_store,journey:first steps,journey:intermediate",2021-12-01,type:bug
1706,1935,2022-01-04T14:04:16Z,"type:bug,topic:document_store,journey:first steps,journey:intermediate",2021-12-01,topic:document_store
1707,1935,2022-01-04T14:04:16Z,"type:bug,topic:document_store,journey:first steps,journey:intermediate",2021-12-01,journey:first steps
1708,1935,2022-01-04T14:04:16Z,"type:bug,topic:document_store,journey:first steps,journey:intermediate",2021-12-01,journey:intermediate
1709,1932,2022-01-04T11:22:31Z,"type:bug,topic:faiss,topic:document_store,journey:first steps,journey:intermediate",2021-12-01,type:bug
1710,1932,2022-01-04T11:22:31Z,"type:bug,topic:faiss,topic:document_store,journey:first steps,journey:intermediate",2021-12-01,topic:faiss
1711,1932,2022-01-04T11:22:31Z,"type:bug,topic:faiss,topic:document_store,journey:first steps,journey:intermediate",2021-12-01,topic:document_store
1712,1932,2022-01-04T11:22:31Z,"type:bug,topic:faiss,topic:document_store,journey:first steps,journey:intermediate",2021-12-01,journey:first steps
1713,1932,2022-01-04T11:22:31Z,"type:bug,topic:faiss,topic:document_store,journey:first steps,journey:intermediate",2021-12-01,journey:intermediate
1714,1929,2022-01-03T16:02:28Z,"type:bug,topic:document_store,journey:first steps,journey:intermediate",2021-12-01,type:bug
1715,1929,2022-01-03T16:02:28Z,"type:bug,topic:document_store,journey:first steps,journey:intermediate",2021-12-01,topic:document_store
1716,1929,2022-01-03T16:02:28Z,"type:bug,topic:document_store,journey:first steps,journey:intermediate",2021-12-01,journey:first steps
1717,1929,2022-01-03T16:02:28Z,"type:bug,topic:document_store,journey:first steps,journey:intermediate",2021-12-01,journey:intermediate
1718,1924,2022-01-03T16:14:52Z,"type:bug,topic:document_store,journey:first steps,journey:intermediate,topic:retriever",2021-12-01,type:bug
1719,1924,2022-01-03T16:14:52Z,"type:bug,topic:document_store,journey:first steps,journey:intermediate,topic:retriever",2021-12-01,topic:document_store
1720,1924,2022-01-03T16:14:52Z,"type:bug,topic:document_store,journey:first steps,journey:intermediate,topic:retriever",2021-12-01,journey:first steps
1721,1924,2022-01-03T16:14:52Z,"type:bug,topic:document_store,journey:first steps,journey:intermediate,topic:retriever",2021-12-01,journey:intermediate
1722,1924,2022-01-03T16:14:52Z,"type:bug,topic:document_store,journey:first steps,journey:intermediate,topic:retriever",2021-12-01,topic:retriever
1723,1911,2022-01-11T08:35:02Z,"type:bug,topic:elasticsearch,topic:pipeline,topic:predictions,journey:first steps,journey:intermediate,topic:retriever",2021-12-01,type:bug
1724,1911,2022-01-11T08:35:02Z,"type:bug,topic:elasticsearch,topic:pipeline,topic:predictions,journey:first steps,journey:intermediate,topic:retriever",2021-12-01,topic:elasticsearch
1725,1911,2022-01-11T08:35:02Z,"type:bug,topic:elasticsearch,topic:pipeline,topic:predictions,journey:first steps,journey:intermediate,topic:retriever",2021-12-01,topic:pipeline
1726,1911,2022-01-11T08:35:02Z,"type:bug,topic:elasticsearch,topic:pipeline,topic:predictions,journey:first steps,journey:intermediate,topic:retriever",2021-12-01,topic:predictions
1727,1911,2022-01-11T08:35:02Z,"type:bug,topic:elasticsearch,topic:pipeline,topic:predictions,journey:first steps,journey:intermediate,topic:retriever",2021-12-01,journey:first steps
1728,1911,2022-01-11T08:35:02Z,"type:bug,topic:elasticsearch,topic:pipeline,topic:predictions,journey:first steps,journey:intermediate,topic:retriever",2021-12-01,journey:intermediate
1729,1911,2022-01-11T08:35:02Z,"type:bug,topic:elasticsearch,topic:pipeline,topic:predictions,journey:first steps,journey:intermediate,topic:retriever",2021-12-01,topic:retriever
1730,2086,2022-02-02T15:14:12Z,"type:bug,topic:docker,topic:dependencies,journey:first steps",2022-01-01,type:bug
1731,2086,2022-02-02T15:14:12Z,"type:bug,topic:docker,topic:dependencies,journey:first steps",2022-01-01,topic:docker
1732,2086,2022-02-02T15:14:12Z,"type:bug,topic:docker,topic:dependencies,journey:first steps",2022-01-01,topic:dependencies
1733,2086,2022-02-02T15:14:12Z,"type:bug,topic:docker,topic:dependencies,journey:first steps",2022-01-01,journey:first steps
1734,1983,2022-02-02T13:52:51Z,"type:feature,topic:document_store,journey:advanced",2022-01-01,type:feature
1735,1983,2022-02-02T13:52:51Z,"type:feature,topic:document_store,journey:advanced",2022-01-01,topic:document_store
1736,1983,2022-02-02T13:52:51Z,"type:feature,topic:document_store,journey:advanced",2022-01-01,journey:advanced
1737,2056,2022-02-02T13:03:53Z,"type:refactor,topic:document_store,journey:advanced",2022-01-01,type:refactor
1738,2056,2022-02-02T13:03:53Z,"type:refactor,topic:document_store,journey:advanced",2022-01-01,topic:document_store
1739,2056,2022-02-02T13:03:53Z,"type:refactor,topic:document_store,journey:advanced",2022-01-01,journey:advanced
1740,1722,2022-02-02T11:42:52Z,"type:feature,topic:tableQA",2021-11-01,type:feature
1741,1722,2022-02-02T11:42:52Z,"type:feature,topic:tableQA",2021-11-01,topic:tableQA
1742,2089,2022-02-02T09:31:17Z,"type:bug,topic:sql,topic:document_store,journey:first steps",2022-01-01,type:bug
1743,2089,2022-02-02T09:31:17Z,"type:bug,topic:sql,topic:document_store,journey:first steps",2022-01-01,topic:sql
1744,2089,2022-02-02T09:31:17Z,"type:bug,topic:sql,topic:document_store,journey:first steps",2022-01-01,topic:document_store
1745,2089,2022-02-02T09:31:17Z,"type:bug,topic:sql,topic:document_store,journey:first steps",2022-01-01,journey:first steps
1746,1917,,"type:feature,Contributions wanted!,topic:models,topic:save/load,journey:first steps",2021-12-01,type:feature
1747,1917,,"type:feature,Contributions wanted!,topic:models,topic:save/load,journey:first steps",2021-12-01,Contributions wanted!
1748,1917,,"type:feature,Contributions wanted!,topic:models,topic:save/load,journey:first steps",2021-12-01,topic:models
1749,1917,,"type:feature,Contributions wanted!,topic:models,topic:save/load,journey:first steps",2021-12-01,topic:save/load
1750,1917,,"type:feature,Contributions wanted!,topic:models,topic:save/load,journey:first steps",2021-12-01,journey:first steps
1751,2093,2022-02-01T19:18:40Z,"type:question,topic:labelling,journey:intermediate",2022-01-01,type:question
1752,2093,2022-02-01T19:18:40Z,"type:question,topic:labelling,journey:intermediate",2022-01-01,topic:labelling
1753,2093,2022-02-01T19:18:40Z,"type:question,topic:labelling,journey:intermediate",2022-01-01,journey:intermediate
1754,1721,,type:feature,2021-11-01,type:feature
1755,2002,2022-01-28T16:32:57Z,"type:feature,topic:save/load,topic:pipeline,journey:advanced",2022-01-01,type:feature
1756,2002,2022-01-28T16:32:57Z,"type:feature,topic:save/load,topic:pipeline,journey:advanced",2022-01-01,topic:save/load
1757,2002,2022-01-28T16:32:57Z,"type:feature,topic:save/load,topic:pipeline,journey:advanced",2022-01-01,topic:pipeline
1758,2002,2022-01-28T16:32:57Z,"type:feature,topic:save/load,topic:pipeline,journey:advanced",2022-01-01,journey:advanced
1759,1753,2022-01-20T13:35:37Z,"type:bug,journey:first steps",2021-11-01,type:bug
1760,1753,2022-01-20T13:35:37Z,"type:bug,journey:first steps",2021-11-01,journey:first steps
1761,2062,2022-01-26T18:35:17Z,"type:bug,topic:document_store,journey:advanced",2022-01-01,type:bug
1762,2062,2022-01-26T18:35:17Z,"type:bug,topic:document_store,journey:advanced",2022-01-01,topic:document_store
1763,2062,2022-01-26T18:35:17Z,"type:bug,topic:document_store,journey:advanced",2022-01-01,journey:advanced
1764,1815,2022-01-26T17:20:44Z,"topic:rest_api,topic:document_store",2021-11-01,topic:rest_api
1765,1815,2022-01-26T17:20:44Z,"topic:rest_api,topic:document_store",2021-11-01,topic:document_store
1766,1979,2022-01-26T17:12:55Z,"breaking change,epic,topic:installation,type:refactor,topic:dependencies",2022-01-01,breaking change
1767,1979,2022-01-26T17:12:55Z,"breaking change,epic,topic:installation,type:refactor,topic:dependencies",2022-01-01,epic
1768,1979,2022-01-26T17:12:55Z,"breaking change,epic,topic:installation,type:refactor,topic:dependencies",2022-01-01,topic:installation
1769,1979,2022-01-26T17:12:55Z,"breaking change,epic,topic:installation,type:refactor,topic:dependencies",2022-01-01,type:refactor
1770,1979,2022-01-26T17:12:55Z,"breaking change,epic,topic:installation,type:refactor,topic:dependencies",2022-01-01,topic:dependencies
1771,2059,2022-01-26T16:30:17Z,"type:feature,topic:pipeline,journey:advanced",2022-01-01,type:feature
1772,2059,2022-01-26T16:30:17Z,"type:feature,topic:pipeline,journey:advanced",2022-01-01,topic:pipeline
1773,2059,2022-01-26T16:30:17Z,"type:feature,topic:pipeline,journey:advanced",2022-01-01,journey:advanced
1774,1982,2022-01-25T19:36:28Z,"type:feature,topic:document_store,journey:advanced",2022-01-01,type:feature
1775,1982,2022-01-25T19:36:28Z,"type:feature,topic:document_store,journey:advanced",2022-01-01,topic:document_store
1776,1982,2022-01-25T19:36:28Z,"type:feature,topic:document_store,journey:advanced",2022-01-01,journey:advanced
1777,2024,2022-01-25T13:54:35Z,"type:feature,topic:preprocessing,journey:advanced",2022-01-01,type:feature
1778,2024,2022-01-25T13:54:35Z,"type:feature,topic:preprocessing,journey:advanced",2022-01-01,topic:preprocessing
1779,2024,2022-01-25T13:54:35Z,"type:feature,topic:preprocessing,journey:advanced",2022-01-01,journey:advanced
1780,2034,2022-01-20T18:42:09Z,"type:bug,topic:document_store,journey:first steps",2022-01-01,type:bug
1781,2034,2022-01-20T18:42:09Z,"type:bug,topic:document_store,journey:first steps",2022-01-01,topic:document_store
1782,2034,2022-01-20T18:42:09Z,"type:bug,topic:document_store,journey:first steps",2022-01-01,journey:first steps
1783,1720,2022-01-20T14:14:18Z,"type:bug,journey:advanced,topic:retriever",2021-11-01,type:bug
1784,1720,2022-01-20T14:14:18Z,"type:bug,journey:advanced,topic:retriever",2021-11-01,journey:advanced
1785,1720,2022-01-20T14:14:18Z,"type:bug,journey:advanced,topic:retriever",2021-11-01,topic:retriever
1786,1583,2022-01-20T14:07:18Z,"type:bug,topic:docker,journey:first steps",2021-10-01,type:bug
1787,1583,2022-01-20T14:07:18Z,"type:bug,topic:docker,journey:first steps",2021-10-01,topic:docker
1788,1583,2022-01-20T14:07:18Z,"type:bug,topic:docker,journey:first steps",2021-10-01,journey:first steps
1789,1767,2022-01-20T14:06:08Z,"type:bug,topic:rest_api,journey:advanced",2021-11-01,type:bug
1790,1767,2022-01-20T14:06:08Z,"type:bug,topic:rest_api,journey:advanced",2021-11-01,topic:rest_api
1791,1767,2022-01-20T14:06:08Z,"type:bug,topic:rest_api,journey:advanced",2021-11-01,journey:advanced
1792,1799,2022-01-20T14:04:55Z,"type:question,topic:eval,journey:intermediate",2021-11-01,type:question
1793,1799,2022-01-20T14:04:55Z,"type:question,topic:eval,journey:intermediate",2021-11-01,topic:eval
1794,1799,2022-01-20T14:04:55Z,"type:question,topic:eval,journey:intermediate",2021-11-01,journey:intermediate
1795,1800,2022-01-20T14:03:24Z,"type:question,journey:intermediate",2021-11-01,type:question
1796,1800,2022-01-20T14:03:24Z,"type:question,journey:intermediate",2021-11-01,journey:intermediate
1797,1804,2022-01-20T14:00:29Z,"type:question,topic:document_store,journey:intermediate",2021-11-01,type:question
1798,1804,2022-01-20T14:00:29Z,"type:question,topic:document_store,journey:intermediate",2021-11-01,topic:document_store
1799,1804,2022-01-20T14:00:29Z,"type:question,topic:document_store,journey:intermediate",2021-11-01,journey:intermediate
1800,2041,,"type:feature,topic:rest_api,topic:pipeline,topic:installation,journey:first steps",2022-01-01,type:feature
1801,2041,,"type:feature,topic:rest_api,topic:pipeline,topic:installation,journey:first steps",2022-01-01,topic:rest_api
1802,2041,,"type:feature,topic:rest_api,topic:pipeline,topic:installation,journey:first steps",2022-01-01,topic:pipeline
1803,2041,,"type:feature,topic:rest_api,topic:pipeline,topic:installation,journey:first steps",2022-01-01,topic:installation
1804,2041,,"type:feature,topic:rest_api,topic:pipeline,topic:installation,journey:first steps",2022-01-01,journey:first steps
1805,2036,2022-01-20T10:17:48Z,"type:question,topic:document_store,journey:first steps",2022-01-01,type:question
1806,2036,2022-01-20T10:17:48Z,"type:question,topic:document_store,journey:first steps",2022-01-01,topic:document_store
1807,2036,2022-01-20T10:17:48Z,"type:question,topic:document_store,journey:first steps",2022-01-01,journey:first steps
1808,2027,2022-01-19T17:35:56Z,type:feature,2022-01-01,type:feature
1809,1070,2022-01-19T14:49:33Z,"type:feature,topic:installation",2021-05-01,type:feature
1810,1070,2022-01-19T14:49:33Z,"type:feature,topic:installation",2021-05-01,topic:installation
1811,1947,2022-01-19T14:11:49Z,"type:feature,topic:speed,topic:reader",2022-01-01,type:feature
1812,1947,2022-01-19T14:11:49Z,"type:feature,topic:speed,topic:reader",2022-01-01,topic:speed
1813,1947,2022-01-19T14:11:49Z,"type:feature,topic:speed,topic:reader",2022-01-01,topic:reader
1814,1986,2022-01-19T13:58:30Z,"type:feature,topic:document_store,journey:advanced",2022-01-01,type:feature
1815,1986,2022-01-19T13:58:30Z,"type:feature,topic:document_store,journey:advanced",2022-01-01,topic:document_store
1816,1986,2022-01-19T13:58:30Z,"type:feature,topic:document_store,journey:advanced",2022-01-01,journey:advanced
1817,2023,2022-01-19T10:04:28Z,"type:feature,topic:models,journey:advanced",2022-01-01,type:feature
1818,2023,2022-01-19T10:04:28Z,"type:feature,topic:models,journey:advanced",2022-01-01,topic:models
1819,2023,2022-01-19T10:04:28Z,"type:feature,topic:models,journey:advanced",2022-01-01,journey:advanced
1820,2016,,"type:feature,topic:docker,journey:first steps",2022-01-01,type:feature
1821,2016,,"type:feature,topic:docker,journey:first steps",2022-01-01,topic:docker
1822,2016,,"type:feature,topic:docker,journey:first steps",2022-01-01,journey:first steps
1823,2012,2022-01-19T09:11:00Z,,2022-01-01,Others
1824,1589,2022-01-17T10:53:51Z,"type:feature,topic:eval",2021-10-01,type:feature
1825,1589,2022-01-17T10:53:51Z,"type:feature,topic:eval",2021-10-01,topic:eval
1826,1719,2022-01-17T10:53:11Z,"type:feature,topic:eval",2021-11-01,type:feature
1827,1719,2022-01-17T10:53:11Z,"type:feature,topic:eval",2021-11-01,topic:eval
1828,2010,2022-01-17T08:55:36Z,,2022-01-01,Others
1829,2009,,"type:feature,topic:accuracy,topic:eval,topic:pipeline,journey:advanced",2022-01-01,type:feature
1830,2009,,"type:feature,topic:accuracy,topic:eval,topic:pipeline,journey:advanced",2022-01-01,topic:accuracy
1831,2009,,"type:feature,topic:accuracy,topic:eval,topic:pipeline,journey:advanced",2022-01-01,topic:eval
1832,2009,,"type:feature,topic:accuracy,topic:eval,topic:pipeline,journey:advanced",2022-01-01,topic:pipeline
1833,2009,,"type:feature,topic:accuracy,topic:eval,topic:pipeline,journey:advanced",2022-01-01,journey:advanced
1834,1849,2022-01-14T15:29:19Z,"type:feature,topic:eval",2021-12-01,type:feature
1835,1849,2022-01-14T15:29:19Z,"type:feature,topic:eval",2021-12-01,topic:eval
1836,1848,2022-01-14T13:37:17Z,"type:feature,topic:eval",2021-12-01,type:feature
1837,1848,2022-01-14T13:37:17Z,"type:feature,topic:eval",2021-12-01,topic:eval
1838,1835,2022-01-14T12:48:58Z,"type:bug,topic:document_store,journey:advanced",2021-12-01,type:bug
1839,1835,2022-01-14T12:48:58Z,"type:bug,topic:document_store,journey:advanced",2021-12-01,topic:document_store
1840,1835,2022-01-14T12:48:58Z,"type:bug,topic:document_store,journey:advanced",2021-12-01,journey:advanced
1841,2007,,"topic:eval,topic:pipeline",2022-01-01,topic:eval
1842,2007,,"topic:eval,topic:pipeline",2022-01-01,topic:pipeline
1843,1993,2022-01-14T09:31:04Z,"type:question,topic:installation,journey:first steps,topic:windows",2022-01-01,type:question
1844,1993,2022-01-14T09:31:04Z,"type:question,topic:installation,journey:first steps,topic:windows",2022-01-01,topic:installation
1845,1993,2022-01-14T09:31:04Z,"type:question,topic:installation,journey:first steps,topic:windows",2022-01-01,journey:first steps
1846,1993,2022-01-14T09:31:04Z,"type:question,topic:installation,journey:first steps,topic:windows",2022-01-01,topic:windows
1847,1537,2022-01-12T18:28:20Z,"type:bug,topic:document_store",2021-09-01,type:bug
1848,1537,2022-01-12T18:28:20Z,"type:bug,topic:document_store",2021-09-01,topic:document_store
1849,672,2022-01-12T18:28:20Z,type:bug,2020-12-01,type:bug
1850,1996,,"type:refactor,topic:document_store,topic:tests",2022-01-01,type:refactor
1851,1996,,"type:refactor,topic:document_store,topic:tests",2022-01-01,topic:document_store
1852,1996,,"type:refactor,topic:document_store,topic:tests",2022-01-01,topic:tests
1853,1988,2022-01-12T08:59:51Z,topic:dependencies,2022-01-01,topic:dependencies
1854,1769,2022-01-11T16:54:44Z,,2021-11-01,Others
1855,1989,,"type:feature,topic:dependencies",2022-01-01,type:feature
1856,1989,,"type:feature,topic:dependencies",2022-01-01,topic:dependencies
1857,1652,2022-01-11T15:37:45Z,"type:feature,topic:docker,journey:first steps",2021-10-01,type:feature
1858,1652,2022-01-11T15:37:45Z,"type:feature,topic:docker,journey:first steps",2021-10-01,topic:docker
1859,1652,2022-01-11T15:37:45Z,"type:feature,topic:docker,journey:first steps",2021-10-01,journey:first steps
1860,1117,,,2021-06-01,Others
1861,1956,2022-01-05T10:02:08Z,type:question,2022-01-01,type:question
1862,1740,2022-01-10T17:10:32Z,"type:refactor,topic:document_store",2021-11-01,type:refactor
1863,1740,2022-01-10T17:10:32Z,"type:refactor,topic:document_store",2021-11-01,topic:document_store
1864,1963,2022-01-10T08:59:15Z,topic:installation,2022-01-01,topic:installation
1865,1955,,"topic:models,topic:reader",2022-01-01,topic:models
1866,1955,,"topic:models,topic:reader",2022-01-01,topic:reader
1867,1310,2021-09-27T08:30:11Z,"type:bug,topic:installation",2021-07-01,type:bug
1868,1310,2021-09-27T08:30:11Z,"type:bug,topic:installation",2021-07-01,topic:installation
1869,1970,2022-01-06T08:51:05Z,,2022-01-01,Others
1870,1945,2022-01-05T21:42:54Z,"type:bug,topic:preprocessing",2022-01-01,type:bug
1871,1945,2022-01-05T21:42:54Z,"type:bug,topic:preprocessing",2022-01-01,topic:preprocessing
1872,1968,2022-01-05T17:39:12Z,,2022-01-01,Others
1873,1964,2022-01-05T17:22:10Z,,2022-01-01,Others
1874,1557,2022-01-05T17:13:01Z,"type:feature,topic:eval",2021-10-01,type:feature
1875,1557,2022-01-05T17:13:01Z,"type:feature,topic:eval",2021-10-01,topic:eval
1876,1954,2022-01-05T17:10:47Z,"topic:faiss,topic:document_store",2022-01-01,topic:faiss
1877,1954,2022-01-05T17:10:47Z,"topic:faiss,topic:document_store",2022-01-01,topic:document_store
1878,1226,,"type:feature,topic:document_store",2021-06-01,type:feature
1879,1226,,"type:feature,topic:document_store",2021-06-01,topic:document_store
1880,1618,2022-01-05T13:08:38Z,topic:pipeline,2021-10-01,topic:pipeline
1881,625,2022-01-05T13:04:48Z,type:feature,2020-11-01,type:feature
1882,1850,2021-12-14T09:34:35Z,"type:feature,topic:eval",2021-12-01,type:feature
1883,1850,2021-12-14T09:34:35Z,"type:feature,topic:eval",2021-12-01,topic:eval
1884,1874,2022-01-04T17:34:17Z,"topic:speed,topic:models",2021-12-01,topic:speed
1885,1874,2022-01-04T17:34:17Z,"topic:speed,topic:models",2021-12-01,topic:models
1886,1873,2022-01-04T15:05:00Z,"topic:speed,topic:models",2021-12-01,topic:speed
1887,1873,2022-01-04T15:05:00Z,"topic:speed,topic:models",2021-12-01,topic:models
1888,1927,2022-01-04T12:29:26Z,,2021-12-01,Others
1889,1940,2022-01-03T17:34:37Z,type:documentation,2022-01-01,type:documentation
1890,1754,2022-01-03T10:38:03Z,"topic:document_store,journey:advanced",2021-11-01,topic:document_store
1891,1754,2022-01-03T10:38:03Z,"topic:document_store,journey:advanced",2021-11-01,journey:advanced
1892,1925,2022-01-03T07:33:55Z,,2021-12-01,Others
1893,1417,2021-12-30T17:49:20Z,"type:question,topic:eval",2021-09-01,type:question
1894,1417,2021-12-30T17:49:20Z,"type:question,topic:eval",2021-09-01,topic:eval
1895,1858,2021-12-30T09:15:11Z,"type:feature,topic:file_converter",2021-12-01,type:feature
1896,1858,2021-12-30T09:15:11Z,"type:feature,topic:file_converter",2021-12-01,topic:file_converter
1897,1312,,Contributions wanted!,2021-07-01,Contributions wanted!
1898,1142,,,2021-06-01,Others
1899,1282,2021-08-30T10:07:11Z,,2021-07-01,Others
1900,1657,2021-12-22T14:39:38Z,"type:refactor,topic:dependencies,journey:advanced",2021-10-01,type:refactor
1901,1657,2021-12-22T14:39:38Z,"type:refactor,topic:dependencies,journey:advanced",2021-10-01,topic:dependencies
1902,1657,2021-12-22T14:39:38Z,"type:refactor,topic:dependencies,journey:advanced",2021-10-01,journey:advanced
1903,1738,,"type:bug,topic:preprocessing",2021-11-01,type:bug
1904,1738,,"type:bug,topic:preprocessing",2021-11-01,topic:preprocessing
1905,1904,2021-12-20T11:55:49Z,"type:bug,topic:elasticsearch,topic:document_store,journey:first steps,topic:retriever",2021-12-01,type:bug
1906,1904,2021-12-20T11:55:49Z,"type:bug,topic:elasticsearch,topic:document_store,journey:first steps,topic:retriever",2021-12-01,topic:elasticsearch
1907,1904,2021-12-20T11:55:49Z,"type:bug,topic:elasticsearch,topic:document_store,journey:first steps,topic:retriever",2021-12-01,topic:document_store
1908,1904,2021-12-20T11:55:49Z,"type:bug,topic:elasticsearch,topic:document_store,journey:first steps,topic:retriever",2021-12-01,journey:first steps
1909,1904,2021-12-20T11:55:49Z,"type:bug,topic:elasticsearch,topic:document_store,journey:first steps,topic:retriever",2021-12-01,topic:retriever
1910,719,,"type:feature,topic:models",2021-01-01,type:feature
1911,719,,"type:feature,topic:models",2021-01-01,topic:models
1912,1898,2021-12-16T14:39:18Z,"type:bug,topic:elasticsearch,topic:pipeline,journey:first steps,topic:retriever",2021-12-01,type:bug
1913,1898,2021-12-16T14:39:18Z,"type:bug,topic:elasticsearch,topic:pipeline,journey:first steps,topic:retriever",2021-12-01,topic:elasticsearch
1914,1898,2021-12-16T14:39:18Z,"type:bug,topic:elasticsearch,topic:pipeline,journey:first steps,topic:retriever",2021-12-01,topic:pipeline
1915,1898,2021-12-16T14:39:18Z,"type:bug,topic:elasticsearch,topic:pipeline,journey:first steps,topic:retriever",2021-12-01,journey:first steps
1916,1898,2021-12-16T14:39:18Z,"type:bug,topic:elasticsearch,topic:pipeline,journey:first steps,topic:retriever",2021-12-01,topic:retriever
1917,1882,2021-12-16T15:03:59Z,"type:bug,journey:first steps",2021-12-01,type:bug
1918,1882,2021-12-16T15:03:59Z,"type:bug,journey:first steps",2021-12-01,journey:first steps
1919,1887,2021-12-16T15:03:36Z,"type:bug,journey:first steps",2021-12-01,type:bug
1920,1887,2021-12-16T15:03:36Z,"type:bug,journey:first steps",2021-12-01,journey:first steps
1921,1796,2021-12-16T15:03:09Z,"action:needs documentation,type:question,journey:intermediate,topic:retriever",2021-11-01,action:needs documentation
1922,1796,2021-12-16T15:03:09Z,"action:needs documentation,type:question,journey:intermediate,topic:retriever",2021-11-01,type:question
1923,1796,2021-12-16T15:03:09Z,"action:needs documentation,type:question,journey:intermediate,topic:retriever",2021-11-01,journey:intermediate
1924,1796,2021-12-16T15:03:09Z,"action:needs documentation,type:question,journey:intermediate,topic:retriever",2021-11-01,topic:retriever
1925,841,2021-12-16T09:10:53Z,"type:feature,good first issue,Contributions wanted!",2021-02-01,type:feature
1926,841,2021-12-16T09:10:53Z,"type:feature,good first issue,Contributions wanted!",2021-02-01,good first issue
1927,841,2021-12-16T09:10:53Z,"type:feature,good first issue,Contributions wanted!",2021-02-01,Contributions wanted!
1928,1885,2021-12-14T16:18:42Z,"type:bug,topic:rest_api,topic:docker,journey:first steps",2021-12-01,type:bug
1929,1885,2021-12-14T16:18:42Z,"type:bug,topic:rest_api,topic:docker,journey:first steps",2021-12-01,topic:rest_api
1930,1885,2021-12-14T16:18:42Z,"type:bug,topic:rest_api,topic:docker,journey:first steps",2021-12-01,topic:docker
1931,1885,2021-12-14T16:18:42Z,"type:bug,topic:rest_api,topic:docker,journey:first steps",2021-12-01,journey:first steps
1932,1812,2021-12-14T17:37:50Z,,2021-11-01,Others
1933,1814,2021-12-14T17:35:45Z,"action:needs documentation,topic:speed,topic:reader",2021-11-01,action:needs documentation
1934,1814,2021-12-14T17:35:45Z,"action:needs documentation,topic:speed,topic:reader",2021-11-01,topic:speed
1935,1814,2021-12-14T17:35:45Z,"action:needs documentation,topic:speed,topic:reader",2021-11-01,topic:reader
1936,1880,2021-12-14T09:50:26Z,"type:bug,type:documentation",2021-12-01,type:bug
1937,1880,2021-12-14T09:50:26Z,"type:bug,type:documentation",2021-12-01,type:documentation
1938,1870,2021-12-11T16:44:06Z,topic:rest_api,2021-12-01,topic:rest_api
1939,1658,2021-12-11T11:08:16Z,type:refactor,2021-10-01,type:refactor
1940,1866,2021-12-10T17:05:24Z,"type:bug,topic:rest_api,topic:ui,journey:intermediate",2021-12-01,type:bug
1941,1866,2021-12-10T17:05:24Z,"type:bug,topic:rest_api,topic:ui,journey:intermediate",2021-12-01,topic:rest_api
1942,1866,2021-12-10T17:05:24Z,"type:bug,topic:rest_api,topic:ui,journey:intermediate",2021-12-01,topic:ui
1943,1866,2021-12-10T17:05:24Z,"type:bug,topic:rest_api,topic:ui,journey:intermediate",2021-12-01,journey:intermediate
1944,1865,2021-12-10T09:11:22Z,"type:bug,topic:rest_api,journey:first steps",2021-12-01,type:bug
1945,1865,2021-12-10T09:11:22Z,"type:bug,topic:rest_api,journey:first steps",2021-12-01,topic:rest_api
1946,1865,2021-12-10T09:11:22Z,"type:bug,topic:rest_api,journey:first steps",2021-12-01,journey:first steps
1947,573,2021-05-28T07:49:43Z,"type:question,stale",2020-11-01,type:question
1948,573,2021-05-28T07:49:43Z,"type:question,stale",2020-11-01,stale
1949,1725,2021-12-09T18:42:10Z,topic:rest_api,2021-11-01,topic:rest_api
1950,1686,2021-12-09T15:40:58Z,,2021-11-01,Others
1951,1640,2021-12-09T15:40:47Z,,2021-10-01,Others
1952,1615,2021-12-09T15:39:34Z,"type:question,topic:document_store,journey:first steps",2021-10-01,type:question
1953,1615,2021-12-09T15:39:34Z,"type:question,topic:document_store,journey:first steps",2021-10-01,topic:document_store
1954,1615,2021-12-09T15:39:34Z,"type:question,topic:document_store,journey:first steps",2021-10-01,journey:first steps
1955,1669,,"type:feature,journey:intermediate,topic:retriever",2021-10-01,type:feature
1956,1669,,"type:feature,journey:intermediate,topic:retriever",2021-10-01,journey:intermediate
1957,1669,,"type:feature,journey:intermediate,topic:retriever",2021-10-01,topic:retriever
1958,1797,2021-12-09T14:56:45Z,,2021-11-01,Others
1959,1864,,"topic:rest_api,type:refactor,journey:intermediate",2021-12-01,topic:rest_api
1960,1864,,"topic:rest_api,type:refactor,journey:intermediate",2021-12-01,type:refactor
1961,1864,,"topic:rest_api,type:refactor,journey:intermediate",2021-12-01,journey:intermediate
1962,1811,,"type:feature,topic:eval,journey:intermediate",2021-11-01,type:feature
1963,1811,,"type:feature,topic:eval,journey:intermediate",2021-11-01,topic:eval
1964,1811,,"type:feature,topic:eval,journey:intermediate",2021-11-01,journey:intermediate
1965,182,2020-07-06T15:41:26Z,"type:question,topic:file_converter",2020-07-01,type:question
1966,182,2020-07-06T15:41:26Z,"type:question,topic:file_converter",2020-07-01,topic:file_converter
1967,1844,2021-12-08T08:53:15Z,"type:question,topic:rest_api,topic:ui,journey:first steps",2021-12-01,type:question
1968,1844,2021-12-08T08:53:15Z,"type:question,topic:rest_api,topic:ui,journey:first steps",2021-12-01,topic:rest_api
1969,1844,2021-12-08T08:53:15Z,"type:question,topic:rest_api,topic:ui,journey:first steps",2021-12-01,topic:ui
1970,1844,2021-12-08T08:53:15Z,"type:question,topic:rest_api,topic:ui,journey:first steps",2021-12-01,journey:first steps
1971,1820,2021-12-08T08:56:46Z,,2021-11-01,Others
1972,1739,2021-12-08T08:49:02Z,"type:feature,topic:eval",2021-11-01,type:feature
1973,1739,2021-12-08T08:49:02Z,"type:feature,topic:eval",2021-11-01,topic:eval
1974,1853,2021-12-07T15:56:03Z,type:question,2021-12-01,type:question
1975,1838,2021-12-07T10:06:32Z,"type:question,topic:reader",2021-12-01,type:question
1976,1838,2021-12-07T10:06:32Z,"type:question,topic:reader",2021-12-01,topic:reader
1977,1011,2021-12-06T22:53:18Z,,2021-04-01,Others
1978,1833,2021-12-06T14:10:51Z,,2021-12-01,Others
1979,1852,,,2021-12-01,Others
1980,1847,2021-12-06T17:44:24Z,"type:feature,topic:eval",2021-12-01,type:feature
1981,1847,2021-12-06T17:44:24Z,"type:feature,topic:eval",2021-12-01,topic:eval
1982,1724,2021-12-06T08:40:20Z,"type:feature,topic:preprocessing",2021-11-01,type:feature
1983,1724,2021-12-06T08:40:20Z,"type:feature,topic:preprocessing",2021-11-01,topic:preprocessing
1984,1715,2021-12-03T10:19:42Z,"topic:eval,type:documentation",2021-11-01,topic:eval
1985,1715,2021-12-03T10:19:42Z,"topic:eval,type:documentation",2021-11-01,type:documentation
1986,1717,2021-12-02T17:09:27Z,topic:eval,2021-11-01,topic:eval
1987,1712,2021-12-01T15:16:17Z,,2021-11-01,Others
1988,1793,2021-12-01T00:34:43Z,type:feature,2021-11-01,type:feature
1989,1718,2021-11-30T18:26:34Z,"type:feature,topic:eval",2021-11-01,type:feature
1990,1718,2021-11-30T18:26:34Z,"type:feature,topic:eval",2021-11-01,topic:eval
1991,1819,2021-11-30T17:34:25Z,,2021-11-01,Others
1992,1818,,"type:feature,topic:eval",2021-11-01,type:feature
1993,1818,,"type:feature,topic:eval",2021-11-01,topic:eval
1994,1807,2021-11-25T15:15:26Z,,2021-11-01,Others
1995,1630,2021-11-25T14:15:53Z,"topic:elasticsearch,topic:document_store",2021-10-01,topic:elasticsearch
1996,1630,2021-11-25T14:15:53Z,"topic:elasticsearch,topic:document_store",2021-10-01,topic:document_store
1997,1790,2021-11-24T12:42:10Z,"type:question,journey:intermediate",2021-11-01,type:question
1998,1790,2021-11-24T12:42:10Z,"type:question,journey:intermediate",2021-11-01,journey:intermediate
1999,1805,2021-11-24T12:18:43Z,type:bug,2021-11-01,type:bug
2000,1792,2021-11-24T03:17:29Z,,2021-11-01,Others
2001,1007,2021-06-02T12:05:38Z,,2021-04-01,Others
2002,1464,,"type:feature,topic:DPR,topic:speed",2021-09-01,type:feature
2003,1464,,"type:feature,topic:DPR,topic:speed",2021-09-01,topic:DPR
2004,1464,,"type:feature,topic:DPR,topic:speed",2021-09-01,topic:speed
2005,1681,2021-11-23T16:01:40Z,"Contributions wanted!,topic:save/load,topic:pipeline",2021-10-01,Contributions wanted!
2006,1681,2021-11-23T16:01:40Z,"Contributions wanted!,topic:save/load,topic:pipeline",2021-10-01,topic:save/load
2007,1681,2021-11-23T16:01:40Z,"Contributions wanted!,topic:save/load,topic:pipeline",2021-10-01,topic:pipeline
2008,1109,2021-11-23T15:50:45Z,action:needs documentation,2021-05-01,action:needs documentation
2009,82,2021-11-23T15:49:17Z,"Contributions wanted!,stale,good second issue",2020-04-01,Contributions wanted!
2010,82,2021-11-23T15:49:17Z,"Contributions wanted!,stale,good second issue",2020-04-01,stale
2011,82,2021-11-23T15:49:17Z,"Contributions wanted!,stale,good second issue",2020-04-01,good second issue
2012,1478,2021-11-23T15:48:15Z,"type:feature,topic:eval",2021-09-01,type:feature
2013,1478,2021-11-23T15:48:15Z,"type:feature,topic:eval",2021-09-01,topic:eval
2014,1679,2021-11-23T14:27:02Z,,2021-10-01,Others
2015,1787,2021-11-23T10:53:52Z,,2021-11-01,Others
2016,1788,2021-11-23T10:52:53Z,,2021-11-01,Others
2017,769,2021-01-28T09:46:23Z,action:needs documentation,2021-01-01,action:needs documentation
2018,1777,2021-11-23T06:45:50Z,,2021-11-01,Others
2019,1784,2021-11-22T19:02:54Z,"type:feature,topic:document_store",2021-11-01,type:feature
2020,1784,2021-11-22T19:02:54Z,"type:feature,topic:document_store",2021-11-01,topic:document_store
2021,1145,,"type:feature,topic:document_store",2021-06-01,type:feature
2022,1145,,"type:feature,topic:document_store",2021-06-01,topic:document_store
2023,1695,2021-11-19T13:50:24Z,"type:question,topic:document_store",2021-11-01,type:question
2024,1695,2021-11-19T13:50:24Z,"type:question,topic:document_store",2021-11-01,topic:document_store
2025,1748,2021-11-15T11:47:14Z,type:documentation,2021-11-01,type:documentation
2026,1771,2021-11-18T11:36:40Z,"topic:faiss,topic:document_store",2021-11-01,topic:faiss
2027,1771,2021-11-18T11:36:40Z,"topic:faiss,topic:document_store",2021-11-01,topic:document_store
2028,1773,2021-11-18T06:06:09Z,"type:bug,topic:elasticsearch,topic:document_store",2021-11-01,type:bug
2029,1773,2021-11-18T06:06:09Z,"type:bug,topic:elasticsearch,topic:document_store",2021-11-01,topic:elasticsearch
2030,1773,2021-11-18T06:06:09Z,"type:bug,topic:elasticsearch,topic:document_store",2021-11-01,topic:document_store
2031,1651,2021-11-19T10:34:33Z,,2021-10-01,Others
2032,1647,2021-11-17T15:41:04Z,,2021-10-01,Others
2033,1711,2021-11-15T13:51:11Z,"type:feature,topic:eval",2021-11-01,type:feature
2034,1711,2021-11-15T13:51:11Z,"type:feature,topic:eval",2021-11-01,topic:eval
2035,1701,2021-11-13T10:14:51Z,"topic:document_store,journey:first steps",2021-11-01,topic:document_store
2036,1701,2021-11-13T10:14:51Z,"topic:document_store,journey:first steps",2021-11-01,journey:first steps
2037,1736,2021-11-12T15:44:29Z,"type:bug,topic:pipeline",2021-11-01,type:bug
2038,1736,2021-11-12T15:44:29Z,"type:bug,topic:pipeline",2021-11-01,topic:pipeline
2039,1732,2021-11-11T16:18:06Z,"type:bug,topic:eval",2021-11-01,type:bug
2040,1732,2021-11-11T16:18:06Z,"type:bug,topic:eval",2021-11-01,topic:eval
2041,1714,2021-11-11T11:05:06Z,,2021-11-01,Others
2042,1698,2021-11-11T10:02:23Z,"topic:rest_api,topic:document_store,journey:first steps",2021-11-01,topic:rest_api
2043,1698,2021-11-11T10:02:23Z,"topic:rest_api,topic:document_store,journey:first steps",2021-11-01,topic:document_store
2044,1698,2021-11-11T10:02:23Z,"topic:rest_api,topic:document_store,journey:first steps",2021-11-01,journey:first steps
2045,1587,2021-11-11T09:56:01Z,type:feature,2021-10-01,type:feature
2046,1597,2021-11-11T09:16:26Z,"topic:models,type:refactor",2021-10-01,topic:models
2047,1597,2021-11-11T09:16:26Z,"topic:models,type:refactor",2021-10-01,type:refactor
2048,1728,2021-11-10T13:37:29Z,,2021-11-01,Others
2049,1608,2021-11-10T09:22:32Z,"type:bug,topic:document_store",2021-10-01,type:bug
2050,1608,2021-11-10T09:22:32Z,"type:bug,topic:document_store",2021-10-01,topic:document_store
2051,1561,2021-11-10T08:52:30Z,"action:needs documentation,type:feature,topic:eval",2021-10-01,action:needs documentation
2052,1561,2021-11-10T08:52:30Z,"action:needs documentation,type:feature,topic:eval",2021-10-01,type:feature
2053,1561,2021-11-10T08:52:30Z,"action:needs documentation,type:feature,topic:eval",2021-10-01,topic:eval
2054,293,2020-08-10T09:35:20Z,,2020-08-01,Others
2055,577,2021-11-09T11:37:42Z,type:bug,2020-11-01,type:bug
2056,1281,2021-11-09T17:43:00Z,"type:feature,topic:pipeline",2021-07-01,type:feature
2057,1281,2021-11-09T17:43:00Z,"type:feature,topic:pipeline",2021-07-01,topic:pipeline
2058,1716,2021-11-09T14:12:46Z,,2021-11-01,Others
2059,1595,2021-11-09T14:09:26Z,"type:refactor,type:documentation",2021-10-01,type:refactor
2060,1595,2021-11-09T14:09:26Z,"type:refactor,type:documentation",2021-10-01,type:documentation
2061,1687,2021-11-09T11:52:09Z,,2021-11-01,Others
2062,1538,2021-11-09T11:44:20Z,type:refactor,2021-09-01,type:refactor
2063,1713,,,2021-11-01,Others
2064,1648,,"type:feature,topic:models",2021-10-01,type:feature
2065,1648,,"type:feature,topic:models",2021-10-01,topic:models
2066,1563,,type:feature,2021-10-01,type:feature
2067,1528,2021-11-09T08:05:29Z,type:feature,2021-09-01,type:feature
2068,1708,,,2021-11-01,Others
2069,1707,,,2021-11-01,Others
2070,1699,2021-11-08T12:47:12Z,"topic:preprocessing,journey:first steps",2021-11-01,topic:preprocessing
2071,1699,2021-11-08T12:47:12Z,"topic:preprocessing,journey:first steps",2021-11-01,journey:first steps
2072,1410,2021-11-08T08:38:29Z,type:bug,2021-09-01,type:bug
2073,335,2020-09-22T14:24:59Z,type:question,2020-08-01,type:question
2074,1581,2021-11-04T08:27:13Z,"type:bug,topic:document_store",2021-10-01,type:bug
2075,1581,2021-11-04T08:27:13Z,"type:bug,topic:document_store",2021-10-01,topic:document_store
2076,1632,2021-11-04T01:54:02Z,"type:question,topic:eval,journey:first steps",2021-10-01,type:question
2077,1632,2021-11-04T01:54:02Z,"type:question,topic:eval,journey:first steps",2021-10-01,topic:eval
2078,1632,2021-11-04T01:54:02Z,"type:question,topic:eval,journey:first steps",2021-10-01,journey:first steps
2079,929,,type:feature,2021-03-01,type:feature
2080,1539,2021-11-01T12:42:32Z,"type:feature,topic:document_store",2021-09-01,type:feature
2081,1539,2021-11-01T12:42:32Z,"type:feature,topic:document_store",2021-09-01,topic:document_store
2082,1643,2021-10-30T21:51:15Z,"type:feature,Contributions wanted!",2021-10-01,type:feature
2083,1643,2021-10-30T21:51:15Z,"type:feature,Contributions wanted!",2021-10-01,Contributions wanted!
2084,1676,,"topic:pipeline,topic:document_store",2021-10-01,topic:pipeline
2085,1676,,"topic:pipeline,topic:document_store",2021-10-01,topic:document_store
2086,1637,2021-10-28T14:48:06Z,"type:bug,topic:pipeline,journey:first steps",2021-10-01,type:bug
2087,1637,2021-10-28T14:48:06Z,"type:bug,topic:pipeline,journey:first steps",2021-10-01,topic:pipeline
2088,1637,2021-10-28T14:48:06Z,"type:bug,topic:pipeline,journey:first steps",2021-10-01,journey:first steps
2089,1465,2021-10-26T14:08:03Z,"type:question,topic:save/load",2021-09-01,type:question
2090,1465,2021-10-26T14:08:03Z,"type:question,topic:save/load",2021-09-01,topic:save/load
2091,1623,2021-10-28T10:17:57Z,type:refactor,2021-10-01,type:refactor
2092,1650,2021-10-28T07:35:30Z,"type:bug,topic:save/load",2021-10-01,type:bug
2093,1650,2021-10-28T07:35:30Z,"type:bug,topic:save/load",2021-10-01,topic:save/load
2094,1456,2021-10-27T14:44:25Z,,2021-09-01,Others
2095,1533,2021-10-27T10:28:20Z,"type:bug,topic:eval",2021-09-01,type:bug
2096,1533,2021-10-27T10:28:20Z,"type:bug,topic:eval",2021-09-01,topic:eval
2097,1660,,,2021-10-01,Others
2098,1555,2021-10-27T07:57:55Z,topic:rest_api,2021-10-01,topic:rest_api
2099,1576,2021-10-27T07:06:45Z,"type:question,topic:preprocessing,journey:first steps",2021-10-01,type:question
2100,1576,2021-10-27T07:06:45Z,"type:question,topic:preprocessing,journey:first steps",2021-10-01,topic:preprocessing
2101,1576,2021-10-27T07:06:45Z,"type:question,topic:preprocessing,journey:first steps",2021-10-01,journey:first steps
2102,997,2021-10-26T14:50:34Z,"type:feature,stale,topic:save/load",2021-04-01,type:feature
2103,997,2021-10-26T14:50:34Z,"type:feature,stale,topic:save/load",2021-04-01,stale
2104,997,2021-10-26T14:50:34Z,"type:feature,stale,topic:save/load",2021-04-01,topic:save/load
2105,1627,2021-10-26T14:37:49Z,"type:question,topic:predictions,journey:first steps",2021-10-01,type:question
2106,1627,2021-10-26T14:37:49Z,"type:question,topic:predictions,journey:first steps",2021-10-01,topic:predictions
2107,1627,2021-10-26T14:37:49Z,"type:question,topic:predictions,journey:first steps",2021-10-01,journey:first steps
2108,1544,2021-10-26T13:48:53Z,,2021-09-01,Others
2109,1468,2021-10-26T13:08:13Z,"type:bug,topic:docker",2021-09-01,type:bug
2110,1468,2021-10-26T13:08:13Z,"type:bug,topic:docker",2021-09-01,topic:docker
2111,1421,2021-10-26T13:02:48Z,topic:docker,2021-09-01,topic:docker
2112,1407,2021-10-26T13:00:57Z,"type:bug,topic:document_store",2021-09-01,type:bug
2113,1407,2021-10-26T13:00:57Z,"type:bug,topic:document_store",2021-09-01,topic:document_store
2114,1229,2021-10-26T09:54:23Z,,2021-06-01,Others
2115,1443,2021-10-26T09:50:55Z,"topic:rest_api,topic:docker",2021-09-01,topic:rest_api
2116,1443,2021-10-26T09:50:55Z,"topic:rest_api,topic:docker",2021-09-01,topic:docker
2117,1454,2021-10-25T15:23:57Z,topic:tableQA,2021-09-01,topic:tableQA
2118,1541,2021-10-25T13:50:23Z,"breaking change,type:refactor",2021-09-01,breaking change
2119,1541,2021-10-25T13:50:23Z,"breaking change,type:refactor",2021-09-01,type:refactor
2120,1642,2021-10-25T09:58:53Z,"type:question,topic:faiss,topic:document_store,journey:first steps",2021-10-01,type:question
2121,1642,2021-10-25T09:58:53Z,"type:question,topic:faiss,topic:document_store,journey:first steps",2021-10-01,topic:faiss
2122,1642,2021-10-25T09:58:53Z,"type:question,topic:faiss,topic:document_store,journey:first steps",2021-10-01,topic:document_store
2123,1642,2021-10-25T09:58:53Z,"type:question,topic:faiss,topic:document_store,journey:first steps",2021-10-01,journey:first steps
2124,1362,2021-10-25T08:39:49Z,"type:question,topic:document_store",2021-08-01,type:question
2125,1362,2021-10-25T08:39:49Z,"type:question,topic:document_store",2021-08-01,topic:document_store
2126,1631,2021-10-22T12:41:26Z,"type:bug,topic:pipeline",2021-10-01,type:bug
2127,1631,2021-10-22T12:41:26Z,"type:bug,topic:pipeline",2021-10-01,topic:pipeline
2128,1628,2021-10-22T12:41:26Z,"topic:save/load,topic:pipeline",2021-10-01,topic:save/load
2129,1628,2021-10-22T12:41:26Z,"topic:save/load,topic:pipeline",2021-10-01,topic:pipeline
2130,1582,2021-10-21T12:10:47Z,"type:bug,type:refactor",2021-10-01,type:bug
2131,1582,2021-10-21T12:10:47Z,"type:bug,type:refactor",2021-10-01,type:refactor
2132,687,2021-10-18T07:57:24Z,"type:feature,topic:tableQA,topic:models",2020-12-01,type:feature
2133,687,2021-10-18T07:57:24Z,"type:feature,topic:tableQA,topic:models",2020-12-01,topic:tableQA
2134,687,2021-10-18T07:57:24Z,"type:feature,topic:tableQA,topic:models",2020-12-01,topic:models
2135,1619,2021-10-20T07:59:01Z,,2021-10-01,Others
2136,1610,2021-10-20T07:56:31Z,,2021-10-01,Others
2137,679,2021-10-20T07:20:03Z,type:refactor,2020-12-01,type:refactor
2138,1502,2021-10-19T15:20:28Z,"type:feature,topic:document_store",2021-09-01,type:feature
2139,1502,2021-10-19T15:20:28Z,"type:feature,topic:document_store",2021-09-01,topic:document_store
2140,1607,2021-10-19T12:40:53Z,"type:bug,topic:document_store,journey:first steps",2021-10-01,type:bug
2141,1607,2021-10-19T12:40:53Z,"type:bug,topic:document_store,journey:first steps",2021-10-01,topic:document_store
2142,1607,2021-10-19T12:40:53Z,"type:bug,topic:document_store,journey:first steps",2021-10-01,journey:first steps
2143,1612,2021-10-19T14:18:31Z,"type:bug,topic:DPR",2021-10-01,type:bug
2144,1612,2021-10-19T14:18:31Z,"type:bug,topic:DPR",2021-10-01,topic:DPR
2145,1568,2021-10-19T13:22:45Z,topic:pipeline,2021-10-01,topic:pipeline
2146,1269,2021-10-19T11:34:43Z,,2021-07-01,Others
2147,1547,2021-10-19T10:36:33Z,"type:feature,type:question,topic:reader",2021-10-01,type:feature
2148,1547,2021-10-19T10:36:33Z,"type:feature,type:question,topic:reader",2021-10-01,type:question
2149,1547,2021-10-19T10:36:33Z,"type:feature,type:question,topic:reader",2021-10-01,topic:reader
2150,1532,2021-10-19T10:30:15Z,"type:feature,topic:document_store",2021-09-01,type:feature
2151,1532,2021-10-19T10:30:15Z,"type:feature,topic:document_store",2021-09-01,topic:document_store
2152,1593,2021-10-18T12:38:15Z,"type:bug,topic:rest_api",2021-10-01,type:bug
2153,1593,2021-10-18T12:38:15Z,"type:bug,topic:rest_api",2021-10-01,topic:rest_api
2154,1599,,"type:feature,topic:save/load,topic:document_store",2021-10-01,type:feature
2155,1599,,"type:feature,topic:save/load,topic:document_store",2021-10-01,topic:save/load
2156,1599,,"type:feature,topic:save/load,topic:document_store",2021-10-01,topic:document_store
2157,1600,2021-10-18T02:21:45Z,"topic:rest_api,topic:document_store",2021-10-01,topic:rest_api
2158,1600,2021-10-18T02:21:45Z,"topic:rest_api,topic:document_store",2021-10-01,topic:document_store
2159,1584,2021-10-15T08:29:37Z,,2021-10-01,Others
2160,1222,,"type:feature,Contributions wanted!",2021-06-01,type:feature
2161,1222,,"type:feature,Contributions wanted!",2021-06-01,Contributions wanted!
2162,371,,"type:feature,Contributions wanted!,topic:models",2020-09-01,type:feature
2163,371,,"type:feature,Contributions wanted!,topic:models",2020-09-01,Contributions wanted!
2164,371,,"type:feature,Contributions wanted!,topic:models",2020-09-01,topic:models
2165,1357,2021-10-14T12:36:33Z,"type:question,topic:docker,topic:installation,journey:first steps",2021-08-01,type:question
2166,1357,2021-10-14T12:36:33Z,"type:question,topic:docker,topic:installation,journey:first steps",2021-08-01,topic:docker
2167,1357,2021-10-14T12:36:33Z,"type:question,topic:docker,topic:installation,journey:first steps",2021-08-01,topic:installation
2168,1357,2021-10-14T12:36:33Z,"type:question,topic:docker,topic:installation,journey:first steps",2021-08-01,journey:first steps
2169,1038,2021-10-14T09:37:59Z,"type:bug,topic:ui,topic:preprocessing",2021-05-01,type:bug
2170,1038,2021-10-14T09:37:59Z,"type:bug,topic:ui,topic:preprocessing",2021-05-01,topic:ui
2171,1038,2021-10-14T09:37:59Z,"type:bug,topic:ui,topic:preprocessing",2021-05-01,topic:preprocessing
2172,1592,2021-10-13T22:26:59Z,,2021-10-01,Others
2173,1156,2021-10-13T16:37:18Z,"type:question,topic:docker,topic:installation",2021-06-01,type:question
2174,1156,2021-10-13T16:37:18Z,"type:question,topic:docker,topic:installation",2021-06-01,topic:docker
2175,1156,2021-10-13T16:37:18Z,"type:question,topic:docker,topic:installation",2021-06-01,topic:installation
2176,1005,2021-10-13T16:22:52Z,,2021-04-01,Others
2177,1488,2021-10-13T16:20:27Z,type:question,2021-09-01,type:question
2178,1435,2021-10-13T16:15:25Z,topic:installation,2021-09-01,topic:installation
2179,1503,2021-10-13T15:53:13Z,"type:feature,topic:speed,topic:document_store",2021-09-01,type:feature
2180,1503,2021-10-13T15:53:13Z,"type:feature,topic:speed,topic:document_store",2021-09-01,topic:speed
2181,1503,2021-10-13T15:53:13Z,"type:feature,topic:speed,topic:document_store",2021-09-01,topic:document_store
2182,1411,2021-10-13T15:25:15Z,"type:feature,topic:rest_api,topic:document_store",2021-09-01,type:feature
2183,1411,2021-10-13T15:25:15Z,"type:feature,topic:rest_api,topic:document_store",2021-09-01,topic:rest_api
2184,1411,2021-10-13T15:25:15Z,"type:feature,topic:rest_api,topic:document_store",2021-09-01,topic:document_store
2185,1466,2021-10-13T15:10:31Z,"type:question,topic:labelling",2021-09-01,type:question
2186,1466,2021-10-13T15:10:31Z,"type:question,topic:labelling",2021-09-01,topic:labelling
2187,1513,2021-10-13T14:53:44Z,,2021-09-01,Others
2188,1232,2021-10-13T12:24:39Z,,2021-06-01,Others
2189,1240,2021-10-13T10:22:24Z,,2021-06-01,Others
2190,1308,2021-10-13T10:19:04Z,,2021-07-01,Others
2191,1373,2021-10-13T10:13:35Z,,2021-08-01,Others
2192,1246,2021-10-13T09:03:20Z,,2021-07-01,Others
2193,1560,2021-10-13T08:45:11Z,,2021-10-01,Others
2194,1566,2021-10-07T00:40:35Z,,2021-10-01,Others
2195,1548,,"type:feature,topic:document_store",2021-10-01,type:feature
2196,1548,,"type:feature,topic:document_store",2021-10-01,topic:document_store
2197,1193,2021-10-07T20:13:26Z,"good first issue,topic:pipeline",2021-06-01,good first issue
2198,1193,2021-10-07T20:13:26Z,"good first issue,topic:pipeline",2021-06-01,topic:pipeline
2199,1510,2021-10-07T13:33:10Z,type:question,2021-09-01,type:question
2200,1507,2021-10-05T18:42:11Z,,2021-09-01,Others
2201,1553,2021-10-05T10:38:29Z,"type:feature,topic:labelling",2021-10-01,type:feature
2202,1553,2021-10-05T10:38:29Z,"type:feature,topic:labelling",2021-10-01,topic:labelling
2203,1552,2021-10-05T07:56:48Z,type:bug,2021-10-01,type:bug
2204,1476,,"type:feature,topic:labelling",2021-09-01,type:feature
2205,1476,,"type:feature,topic:labelling",2021-09-01,topic:labelling
2206,797,2021-10-04T09:21:00Z,"type:feature,good first issue",2021-02-01,type:feature
2207,797,2021-10-04T09:21:00Z,"type:feature,good first issue",2021-02-01,good first issue
2208,39,2020-06-19T16:27:08Z,"type:feature,topic:speed",2020-03-01,type:feature
2209,39,2020-06-19T16:27:08Z,"type:feature,topic:speed",2020-03-01,topic:speed
2210,865,2021-10-02T05:33:31Z,"type:feature,Contributions wanted!,topic:speed",2021-02-01,type:feature
2211,865,2021-10-02T05:33:31Z,"type:feature,Contributions wanted!,topic:speed",2021-02-01,Contributions wanted!
2212,865,2021-10-02T05:33:31Z,"type:feature,Contributions wanted!,topic:speed",2021-02-01,topic:speed
2213,1527,,"breaking change,type:refactor",2021-09-01,breaking change
2214,1527,,"breaking change,type:refactor",2021-09-01,type:refactor
2215,1505,,"type:feature,Contributions wanted!,topic:faiss,topic:document_store",2021-09-01,type:feature
2216,1505,,"type:feature,Contributions wanted!,topic:faiss,topic:document_store",2021-09-01,Contributions wanted!
2217,1505,,"type:feature,Contributions wanted!,topic:faiss,topic:document_store",2021-09-01,topic:faiss
2218,1505,,"type:feature,Contributions wanted!,topic:faiss,topic:document_store",2021-09-01,topic:document_store
2219,1530,2021-10-01T10:12:14Z,"type:question,topic:labelling",2021-09-01,type:question
2220,1530,2021-10-01T10:12:14Z,"type:question,topic:labelling",2021-09-01,topic:labelling
2221,1508,2021-10-01T09:22:57Z,,2021-09-01,Others
2222,1534,2021-10-01T08:56:47Z,"type:bug,topic:rest_api",2021-09-01,type:bug
2223,1534,2021-10-01T08:56:47Z,"type:bug,topic:rest_api",2021-09-01,topic:rest_api
2224,1463,2021-09-29T14:32:33Z,type:refactor,2021-09-01,type:refactor
2225,1381,2021-09-29T14:18:48Z,"type:question,topic:predictions",2021-08-01,type:question
2226,1381,2021-09-29T14:18:48Z,"type:question,topic:predictions",2021-08-01,topic:predictions
2227,1397,2021-09-29T12:57:09Z,,2021-09-01,Others
2228,1386,2021-09-29T09:27:05Z,,2021-08-01,Others
2229,827,,"type:bug,topic:reader",2021-02-01,type:bug
2230,827,,"type:bug,topic:reader",2021-02-01,topic:reader
2231,1185,2021-09-29T07:44:31Z,,2021-06-01,Others
2232,1452,2021-09-29T07:41:11Z,,2021-09-01,Others
2233,1499,2021-09-29T04:18:45Z,"type:question,topic:DPR",2021-09-01,type:question
2234,1499,2021-09-29T04:18:45Z,"type:question,topic:DPR",2021-09-01,topic:DPR
2235,963,2021-09-28T18:27:19Z,type:bug,2021-04-01,type:bug
2236,1218,2021-09-28T14:49:46Z,,2021-06-01,Others
2237,1262,2021-09-28T14:45:59Z,,2021-07-01,Others
2238,1433,2021-09-28T14:35:10Z,,2021-09-01,Others
2239,1353,2021-09-28T10:47:47Z,"type:feature,topic:tests",2021-08-01,type:feature
2240,1353,2021-09-28T10:47:47Z,"type:feature,topic:tests",2021-08-01,topic:tests
2241,1453,2021-09-28T09:56:46Z,,2021-09-01,Others
2242,1525,2021-09-28T09:52:28Z,,2020-10-01,Others
2243,1524,2021-09-28T09:50:46Z,,2021-01-01,Others
2244,1523,2021-09-28T09:48:56Z,,2021-01-01,Others
2245,1522,2021-09-28T09:45:33Z,,2021-01-01,Others
2246,1521,2021-09-28T09:44:57Z,,2021-01-01,Others
2247,1520,2021-09-28T09:41:47Z,,2021-03-01,Others
2248,1519,2021-09-28T09:21:01Z,,2021-03-01,Others
2249,1518,2021-09-28T09:19:58Z,,2021-05-01,Others
2250,1517,2021-09-28T09:19:22Z,,2021-05-01,Others
2251,1516,2021-09-28T09:17:53Z,,2021-05-01,Others
2252,1515,2021-09-28T09:16:30Z,,2021-06-01,Others
2253,1514,2021-09-28T09:16:04Z,,2021-06-01,Others
2254,1512,,,2020-11-01,Others
2255,1511,,,2021-02-01,Others
2256,1439,2021-09-27T14:50:05Z,"good first issue,Contributions wanted!",2021-09-01,good first issue
2257,1439,2021-09-27T14:50:05Z,"good first issue,Contributions wanted!",2021-09-01,Contributions wanted!
2258,1491,,"type:feature,Contributions wanted!,topic:models",2021-09-01,type:feature
2259,1491,,"type:feature,Contributions wanted!,topic:models",2021-09-01,Contributions wanted!
2260,1491,,"type:feature,Contributions wanted!,topic:models",2021-09-01,topic:models
2261,135,2020-11-26T13:38:35Z,"type:feature,topic:DPR",2020-06-01,type:feature
2262,135,2020-11-26T13:38:35Z,"type:feature,topic:DPR",2020-06-01,topic:DPR
2263,392,2020-09-21T11:37:55Z,type:bug,2020-09-01,type:bug
2264,1494,2021-09-23T16:13:37Z,,2021-09-01,Others
2265,1497,2021-09-23T09:41:45Z,,2021-09-01,Others
2266,1481,2021-09-23T07:12:17Z,topic:pipeline,2021-09-01,topic:pipeline
2267,1474,2021-09-22T16:23:55Z,topic:installation,2021-09-01,topic:installation
2268,1490,,,2021-09-01,Others
2269,1483,2021-09-22T08:29:43Z,,2021-09-01,Others
2270,1432,,,2021-09-01,Others
2271,1337,2021-09-20T19:29:57Z,"type:feature,topic:faiss,topic:document_store",2021-08-01,type:feature
2272,1337,2021-09-20T19:29:57Z,"type:feature,topic:faiss,topic:document_store",2021-08-01,topic:faiss
2273,1337,2021-09-20T19:29:57Z,"type:feature,topic:faiss,topic:document_store",2021-08-01,topic:document_store
2274,937,2021-09-20T12:45:41Z,"type:feature,topic:faiss,topic:save/load",2021-04-01,type:feature
2275,937,2021-09-20T12:45:41Z,"type:feature,topic:faiss,topic:save/load",2021-04-01,topic:faiss
2276,937,2021-09-20T12:45:41Z,"type:feature,topic:faiss,topic:save/load",2021-04-01,topic:save/load
2277,1469,,"type:bug,topic:eval",2021-09-01,type:bug
2278,1469,,"type:bug,topic:eval",2021-09-01,topic:eval
2279,1366,2021-09-20T07:40:17Z,"type:feature,topic:faiss,topic:document_store",2021-08-01,type:feature
2280,1366,2021-09-20T07:40:17Z,"type:feature,topic:faiss,topic:document_store",2021-08-01,topic:faiss
2281,1366,2021-09-20T07:40:17Z,"type:feature,topic:faiss,topic:document_store",2021-08-01,topic:document_store
2282,589,2020-11-16T16:40:08Z,type:question,2020-11-01,type:question
2283,1462,2021-09-16T12:48:16Z,,2021-09-01,Others
2284,1447,2021-09-16T10:59:43Z,"topic:faiss,topic:installation",2021-09-01,topic:faiss
2285,1447,2021-09-16T10:59:43Z,"topic:faiss,topic:installation",2021-09-01,topic:installation
2286,1396,2021-09-16T09:34:41Z,,2021-09-01,Others
2287,1394,2021-09-16T09:34:14Z,,2021-09-01,Others
2288,1395,2021-09-16T09:34:04Z,,2021-09-01,Others
2289,1393,2021-09-16T09:32:41Z,,2021-09-01,Others
2290,1389,2021-09-16T09:32:41Z,,2021-09-01,Others
2291,1416,2021-09-16T07:41:46Z,topic:docker,2021-09-01,topic:docker
2292,1438,,,2021-09-01,Others
2293,1335,2021-09-15T11:58:33Z,action:needs documentation,2021-08-01,action:needs documentation
2294,1173,,type:documentation,2021-06-01,type:documentation
2295,1457,2021-09-15T11:51:13Z,,2021-09-01,Others
2296,1440,2021-09-15T03:07:42Z,,2021-09-01,Others
2297,1445,2021-09-14T19:37:03Z,,2021-09-01,Others
2298,1434,2021-09-14T18:01:19Z,"type:question,topic:pipeline,topic:reader",2021-09-01,type:question
2299,1434,2021-09-14T18:01:19Z,"type:question,topic:pipeline,topic:reader",2021-09-01,topic:pipeline
2300,1434,2021-09-14T18:01:19Z,"type:question,topic:pipeline,topic:reader",2021-09-01,topic:reader
2301,1455,2021-09-14T15:20:46Z,,2021-09-01,Others
2302,1449,2021-09-14T10:28:30Z,,2021-09-01,Others
2303,809,2021-09-14T10:11:17Z,"type:feature,good first issue,Contributions wanted!",2021-02-01,type:feature
2304,809,2021-09-14T10:11:17Z,"type:feature,good first issue,Contributions wanted!",2021-02-01,good first issue
2305,809,2021-09-14T10:11:17Z,"type:feature,good first issue,Contributions wanted!",2021-02-01,Contributions wanted!
2306,1091,2021-09-13T10:43:45Z,"topic:pipeline,topic:metadata,topic:document_store",2021-05-01,topic:pipeline
2307,1091,2021-09-13T10:43:45Z,"topic:pipeline,topic:metadata,topic:document_store",2021-05-01,topic:metadata
2308,1091,2021-09-13T10:43:45Z,"topic:pipeline,topic:metadata,topic:document_store",2021-05-01,topic:document_store
2309,1233,2021-09-13T07:25:11Z,,2021-06-01,Others
2310,1276,2021-09-13T07:24:18Z,"type:bug,topic:sql,topic:document_store",2021-07-01,type:bug
2311,1276,2021-09-13T07:24:18Z,"type:bug,topic:sql,topic:document_store",2021-07-01,topic:sql
2312,1276,2021-09-13T07:24:18Z,"type:bug,topic:sql,topic:document_store",2021-07-01,topic:document_store
2313,1318,2021-09-10T11:25:40Z,"type:feature,topic:models",2021-08-01,type:feature
2314,1318,2021-09-10T11:25:40Z,"type:feature,topic:models",2021-08-01,topic:models
2315,1374,2021-09-09T15:13:42Z,type:question,2021-08-01,type:question
2316,1016,2021-09-09T07:38:27Z,type:documentation,2021-04-01,type:documentation
2317,1327,,"type:feature,topic:metadata",2021-08-01,type:feature
2318,1327,,"type:feature,topic:metadata",2021-08-01,topic:metadata
2319,1418,2021-09-08T06:44:30Z,,2021-09-01,Others
2320,1311,2021-09-03T18:31:57Z,"type:question,topic:models",2021-07-01,type:question
2321,1311,2021-09-03T18:31:57Z,"type:question,topic:models",2021-07-01,topic:models
2322,1415,2021-09-06T13:32:09Z,,2021-09-01,Others
2323,1409,2021-09-03T15:13:45Z,topic:models,2021-09-01,topic:models
2324,1036,,"topic:eval,topic:reader",2021-05-01,topic:eval
2325,1036,,"topic:eval,topic:reader",2021-05-01,topic:reader
2326,1404,,"type:feature,topic:preprocessing",2021-09-01,type:feature
2327,1404,,"type:feature,topic:preprocessing",2021-09-01,topic:preprocessing
2328,1305,2021-09-02T08:46:02Z,,2021-07-01,Others
2329,1356,2021-09-02T07:54:13Z,type:bug,2021-08-01,type:bug
2330,1403,,action:needs documentation,2021-09-01,action:needs documentation
2331,482,,"type:feature,topic:file_converter",2020-10-01,type:feature
2332,482,,"type:feature,topic:file_converter",2020-10-01,topic:file_converter
2333,655,2021-01-06T09:17:06Z,type:question,2020-12-01,type:question
2334,1248,2021-09-01T14:42:26Z,,2021-07-01,Others
2335,1392,,,2021-09-01,Others
2336,1391,,,2021-09-01,Others
2337,1390,,,2021-09-01,Others
2338,673,2021-09-01T05:15:37Z,stale,2020-12-01,stale
2339,1384,2021-08-31T16:40:58Z,topic:document_store,2021-08-01,topic:document_store
2340,1382,2021-08-31T14:14:21Z,topic:document_store,2021-08-01,topic:document_store
2341,1135,2021-08-30T17:38:07Z,"type:feature,good first issue,Contributions wanted!,topic:elasticsearch",2021-06-01,type:feature
2342,1135,2021-08-30T17:38:07Z,"type:feature,good first issue,Contributions wanted!,topic:elasticsearch",2021-06-01,good first issue
2343,1135,2021-08-30T17:38:07Z,"type:feature,good first issue,Contributions wanted!,topic:elasticsearch",2021-06-01,Contributions wanted!
2344,1135,2021-08-30T17:38:07Z,"type:feature,good first issue,Contributions wanted!,topic:elasticsearch",2021-06-01,topic:elasticsearch
2345,1376,2021-08-30T14:00:04Z,good first issue,2021-08-01,good first issue
2346,1369,2021-08-30T13:14:55Z,,2021-08-01,Others
2347,1006,,"type:feature,topic:installation",2021-04-01,type:feature
2348,1006,,"type:feature,topic:installation",2021-04-01,topic:installation
2349,688,2021-08-26T17:32:06Z,"type:feature,topic:pipeline",2020-12-01,type:feature
2350,688,2021-08-26T17:32:06Z,"type:feature,topic:pipeline",2020-12-01,topic:pipeline
2351,1370,2021-08-25T19:08:30Z,,2021-08-01,Others
2352,1155,2021-08-24T13:56:11Z,,2021-06-01,Others
2353,1322,2021-08-24T12:25:22Z,"type:feature,topic:pipeline",2021-08-01,type:feature
2354,1322,2021-08-24T12:25:22Z,"type:feature,topic:pipeline",2021-08-01,topic:pipeline
2355,701,,"type:feature,topic:models",2020-12-01,type:feature
2356,701,,"type:feature,topic:models",2020-12-01,topic:models
2357,597,,"type:feature,topic:DPR,topic:speed",2020-11-01,type:feature
2358,597,,"type:feature,topic:DPR,topic:speed",2020-11-01,topic:DPR
2359,597,,"type:feature,topic:DPR,topic:speed",2020-11-01,topic:speed
2360,670,,"type:feature,Contributions wanted!,stale",2020-12-01,type:feature
2361,670,,"type:feature,Contributions wanted!,stale",2020-12-01,Contributions wanted!
2362,670,,"type:feature,Contributions wanted!,stale",2020-12-01,stale
2363,752,,"type:feature,stale,topic:models",2021-01-01,type:feature
2364,752,,"type:feature,stale,topic:models",2021-01-01,stale
2365,752,,"type:feature,stale,topic:models",2021-01-01,topic:models
2366,967,,"type:bug,stale,topic:sql",2021-04-01,type:bug
2367,967,,"type:bug,stale,topic:sql",2021-04-01,stale
2368,967,,"type:bug,stale,topic:sql",2021-04-01,topic:sql
2369,1358,2021-08-20T08:42:04Z,,2021-08-01,Others
2370,1350,2021-08-19T14:25:46Z,"type:question,topic:preprocessing",2021-08-01,type:question
2371,1350,2021-08-19T14:25:46Z,"type:question,topic:preprocessing",2021-08-01,topic:preprocessing
2372,1351,2021-08-18T07:14:21Z,,2021-08-01,Others
2373,1283,2021-08-18T12:05:44Z,"good first issue,Contributions wanted!",2021-07-01,good first issue
2374,1283,2021-08-18T12:05:44Z,"good first issue,Contributions wanted!",2021-07-01,Contributions wanted!
2375,1316,2021-08-17T10:07:36Z,"type:bug,topic:elasticsearch,topic:document_store",2021-08-01,type:bug
2376,1316,2021-08-17T10:07:36Z,"type:bug,topic:elasticsearch,topic:document_store",2021-08-01,topic:elasticsearch
2377,1316,2021-08-17T10:07:36Z,"type:bug,topic:elasticsearch,topic:document_store",2021-08-01,topic:document_store
2378,1220,2021-08-17T08:27:11Z,,2021-06-01,Others
2379,1343,2021-08-15T10:30:49Z,,2021-08-01,Others
2380,1241,2021-08-12T12:31:48Z,"type:feature,topic:accuracy,topic:reader,topic:predictions",2021-06-01,type:feature
2381,1241,2021-08-12T12:31:48Z,"type:feature,topic:accuracy,topic:reader,topic:predictions",2021-06-01,topic:accuracy
2382,1241,2021-08-12T12:31:48Z,"type:feature,topic:accuracy,topic:reader,topic:predictions",2021-06-01,topic:reader
2383,1241,2021-08-12T12:31:48Z,"type:feature,topic:accuracy,topic:reader,topic:predictions",2021-06-01,topic:predictions
2384,864,2021-08-12T12:20:41Z,"type:feature,good first issue,stale",2021-02-01,type:feature
2385,864,2021-08-12T12:20:41Z,"type:feature,good first issue,stale",2021-02-01,good first issue
2386,864,2021-08-12T12:20:41Z,"type:feature,good first issue,stale",2021-02-01,stale
2387,859,2021-08-11T13:01:05Z,type:feature,2021-02-01,type:feature
2388,1332,2021-08-10T12:55:31Z,,2021-08-01,Others
2389,1295,2021-08-10T11:52:47Z,,2021-07-01,Others
2390,1330,2021-08-10T10:43:46Z,,2021-08-01,Others
2391,1331,2021-08-10T09:59:50Z,,2021-08-01,Others
2392,1033,2021-08-06T14:59:51Z,,2021-05-01,Others
2393,1234,,"type:feature,topic:pipeline",2021-06-01,type:feature
2394,1234,,"type:feature,topic:pipeline",2021-06-01,topic:pipeline
2395,197,2021-08-06T14:54:35Z,,2020-07-01,Others
2396,1317,2021-08-06T14:47:10Z,"type:question,topic:installation",2021-08-01,type:question
2397,1317,2021-08-06T14:47:10Z,"type:question,topic:installation",2021-08-01,topic:installation
2398,1290,,"type:bug,topic:pipeline",2021-07-01,type:bug
2399,1290,,"type:bug,topic:pipeline",2021-07-01,topic:pipeline
2400,1139,2021-08-03T14:31:14Z,,2021-06-01,Others
2401,1296,2021-08-02T16:02:41Z,"type:feature,Contributions wanted!,topic:models,topic:pipeline,topic:preprocessing",2021-07-01,type:feature
2402,1296,2021-08-02T16:02:41Z,"type:feature,Contributions wanted!,topic:models,topic:pipeline,topic:preprocessing",2021-07-01,Contributions wanted!
2403,1296,2021-08-02T16:02:41Z,"type:feature,Contributions wanted!,topic:models,topic:pipeline,topic:preprocessing",2021-07-01,topic:models
2404,1296,2021-08-02T16:02:41Z,"type:feature,Contributions wanted!,topic:models,topic:pipeline,topic:preprocessing",2021-07-01,topic:pipeline
2405,1296,2021-08-02T16:02:41Z,"type:feature,Contributions wanted!,topic:models,topic:pipeline,topic:preprocessing",2021-07-01,topic:preprocessing
2406,1303,2021-08-02T08:58:33Z,,2021-07-01,Others
2407,1189,2021-07-29T12:32:34Z,,2021-06-01,Others
2408,1302,2021-07-29T10:42:56Z,,2021-07-01,Others
2409,1307,2021-07-29T06:20:47Z,,2021-07-01,Others
2410,1179,,"type:feature,topic:document_store",2021-06-01,type:feature
2411,1179,,"type:feature,topic:document_store",2021-06-01,topic:document_store
2412,1079,2021-07-27T14:01:18Z,"type:feature,Contributions wanted!,topic:elasticsearch",2021-05-01,type:feature
2413,1079,2021-07-27T14:01:18Z,"type:feature,Contributions wanted!,topic:elasticsearch",2021-05-01,Contributions wanted!
2414,1079,2021-07-27T14:01:18Z,"type:feature,Contributions wanted!,topic:elasticsearch",2021-05-01,topic:elasticsearch
2415,1167,2021-06-14T16:27:24Z,,2021-06-01,Others
2416,1304,2021-07-27T06:56:45Z,topic:DPR,2021-07-01,topic:DPR
2417,1299,2021-07-26T15:26:20Z,,2021-07-01,Others
2418,1298,2021-07-23T08:09:05Z,,2021-07-01,Others
2419,1125,2021-07-19T12:56:18Z,"type:feature,topic:labelling",2021-06-01,type:feature
2420,1125,2021-07-19T12:56:18Z,"type:feature,topic:labelling",2021-06-01,topic:labelling
2421,312,,"type:feature,topic:models",2020-08-01,type:feature
2422,312,,"type:feature,topic:models",2020-08-01,topic:models
2423,295,2020-08-07T17:15:21Z,type:feature,2020-08-01,type:feature
2424,1272,2021-07-21T07:55:15Z,,2021-07-01,Others
2425,1219,2021-06-29T08:38:48Z,,2021-06-01,Others
2426,1097,2021-07-20T16:42:09Z,"action:needs documentation,topic:labelling",2021-05-01,action:needs documentation
2427,1097,2021-07-20T16:42:09Z,"action:needs documentation,topic:labelling",2021-05-01,topic:labelling
2428,1292,2021-07-19T13:23:41Z,,2021-07-01,Others
2429,1221,2021-07-19T09:52:17Z,,2021-06-01,Others
2430,1250,2021-07-16T07:44:24Z,,2021-07-01,Others
2431,857,2021-07-17T14:03:55Z,"type:feature,good first issue,stale",2021-02-01,type:feature
2432,857,2021-07-17T14:03:55Z,"type:feature,good first issue,stale",2021-02-01,good first issue
2433,857,2021-07-17T14:03:55Z,"type:feature,good first issue,stale",2021-02-01,stale
2434,1288,2021-07-15T10:33:33Z,,2021-07-01,Others
2435,1140,2021-07-14T14:21:06Z,"good first issue,Contributions wanted!,topic:eval,topic:document_store",2021-06-01,good first issue
2436,1140,2021-07-14T14:21:06Z,"good first issue,Contributions wanted!,topic:eval,topic:document_store",2021-06-01,Contributions wanted!
2437,1140,2021-07-14T14:21:06Z,"good first issue,Contributions wanted!,topic:eval,topic:document_store",2021-06-01,topic:eval
2438,1140,2021-07-14T14:21:06Z,"good first issue,Contributions wanted!,topic:eval,topic:document_store",2021-06-01,topic:document_store
2439,1197,2021-07-14T11:16:28Z,,2021-06-01,Others
2440,1120,2021-07-14T12:03:34Z,type:documentation,2021-06-01,type:documentation
2441,1278,2021-07-14T08:39:11Z,,2021-07-01,Others
2442,1270,,"type:feature,topic:pipeline,topic:tests",2021-07-01,type:feature
2443,1270,,"type:feature,topic:pipeline,topic:tests",2021-07-01,topic:pipeline
2444,1270,,"type:feature,topic:pipeline,topic:tests",2021-07-01,topic:tests
2445,1280,2021-07-14T08:23:32Z,,2021-07-01,Others
2446,1277,,"type:feature,topic:models",2021-07-01,type:feature
2447,1277,,"type:feature,topic:models",2021-07-01,topic:models
2448,1264,2021-07-14T05:25:13Z,,2021-07-01,Others
2449,1260,2021-07-13T14:23:41Z,"type:question,topic:predictions",2021-07-01,type:question
2450,1260,2021-07-13T14:23:41Z,"type:question,topic:predictions",2021-07-01,topic:predictions
2451,1184,2021-07-12T12:39:22Z,,2021-06-01,Others
2452,1206,2021-07-12T11:54:04Z,,2021-06-01,Others
2453,1273,2021-07-12T10:54:59Z,,2021-07-01,Others
2454,1105,2021-07-12T09:48:59Z,,2021-05-01,Others
2455,1268,,type:documentation,2021-07-01,type:documentation
2456,1258,2021-07-08T13:01:41Z,,2021-07-01,Others
2457,1261,2021-07-08T09:45:05Z,,2021-07-01,Others
2458,1129,2021-07-07T15:31:45Z,,2021-06-01,Others
2459,1237,2021-07-06T18:04:18Z,,2021-06-01,Others
2460,1164,2021-07-06T14:59:15Z,,2021-06-01,Others
2461,1243,2021-07-06T08:08:32Z,,2021-06-01,Others
2462,1254,2021-07-05T07:25:52Z,,2021-07-01,Others
2463,1236,2021-07-04T07:37:53Z,,2021-06-01,Others
2464,1244,2021-07-02T04:40:39Z,,2021-07-01,Others
2465,1168,2021-06-30T12:13:47Z,"good first issue,topic:preprocessing",2021-06-01,good first issue
2466,1168,2021-06-30T12:13:47Z,"good first issue,topic:preprocessing",2021-06-01,topic:preprocessing
2467,1144,2021-06-30T08:15:03Z,topic:preprocessing,2021-06-01,topic:preprocessing
2468,1238,2021-06-29T19:39:15Z,,2021-06-01,Others
2469,1153,2021-06-29T15:25:34Z,,2021-06-01,Others
2470,81,2020-08-01T19:04:06Z,"type:feature,topic:faiss,stale",2020-04-01,type:feature
2471,81,2020-08-01T19:04:06Z,"type:feature,topic:faiss,stale",2020-04-01,topic:faiss
2472,81,2020-08-01T19:04:06Z,"type:feature,topic:faiss,stale",2020-04-01,stale
2473,1058,,,2021-05-01,Others
2474,1230,2021-06-29T05:51:10Z,,2021-06-01,Others
2475,1228,2021-06-29T05:44:44Z,"type:feature,topic:rest_api",2021-06-01,type:feature
2476,1228,2021-06-29T05:44:44Z,"type:feature,topic:rest_api",2021-06-01,topic:rest_api
2477,807,2021-06-27T01:23:49Z,"type:feature,stale",2021-02-01,type:feature
2478,807,2021-06-27T01:23:49Z,"type:feature,stale",2021-02-01,stale
2479,1049,2021-05-12T06:31:45Z,type:bug,2021-05-01,type:bug
2480,1122,2021-06-25T16:50:07Z,,2021-06-01,Others
2481,804,2021-06-25T01:12:48Z,"type:feature,stale",2021-02-01,type:feature
2482,804,2021-06-25T01:12:48Z,"type:feature,stale",2021-02-01,stale
2483,1080,2021-06-24T12:18:06Z,"type:bug,topic:ui",2021-05-01,type:bug
2484,1080,2021-06-24T12:18:06Z,"type:bug,topic:ui",2021-05-01,topic:ui
2485,1137,2021-06-24T07:22:34Z,topic:reader,2021-06-01,topic:reader
2486,955,2021-06-23T10:02:54Z,"type:feature,topic:pipeline",2021-04-01,type:feature
2487,955,2021-06-23T10:02:54Z,"type:feature,topic:pipeline",2021-04-01,topic:pipeline
2488,1108,2021-06-22T14:08:23Z,,2021-05-01,Others
2489,1175,2021-06-22T10:37:21Z,good first issue,2021-06-01,good first issue
2490,1078,2021-06-21T16:53:19Z,,2021-05-01,Others
2491,1213,2021-06-21T10:52:29Z,,2021-06-01,Others
2492,1200,2021-06-18T06:01:22Z,,2021-06-01,Others
2493,1207,2021-06-18T08:57:36Z,,2021-06-01,Others
2494,1148,2021-06-14T16:02:59Z,,2021-06-01,Others
2495,1174,2021-06-16T14:52:36Z,,2021-06-01,Others
2496,1098,2021-06-16T14:40:13Z,"type:question,topic:speed,topic:preprocessing",2021-05-01,type:question
2497,1098,2021-06-16T14:40:13Z,"type:question,topic:speed,topic:preprocessing",2021-05-01,topic:speed
2498,1098,2021-06-16T14:40:13Z,"type:question,topic:speed,topic:preprocessing",2021-05-01,topic:preprocessing
2499,1068,2021-06-16T14:39:31Z,"type:question,topic:pipeline",2021-05-01,type:question
2500,1068,2021-06-16T14:39:31Z,"type:question,topic:pipeline",2021-05-01,topic:pipeline
2501,1061,2021-06-16T14:39:00Z,"type:question,topic:elasticsearch",2021-05-01,type:question
2502,1061,2021-06-16T14:39:00Z,"type:question,topic:elasticsearch",2021-05-01,topic:elasticsearch
2503,1026,2021-06-16T14:38:10Z,"type:question,topic:models,topic:predictions,topic:preprocessing",2021-05-01,type:question
2504,1026,2021-06-16T14:38:10Z,"type:question,topic:models,topic:predictions,topic:preprocessing",2021-05-01,topic:models
2505,1026,2021-06-16T14:38:10Z,"type:question,topic:models,topic:predictions,topic:preprocessing",2021-05-01,topic:predictions
2506,1026,2021-06-16T14:38:10Z,"type:question,topic:models,topic:predictions,topic:preprocessing",2021-05-01,topic:preprocessing
2507,1062,2021-06-16T12:58:50Z,"type:question,topic:rest_api",2021-05-01,type:question
2508,1062,2021-06-16T12:58:50Z,"type:question,topic:rest_api",2021-05-01,topic:rest_api
2509,1178,2021-06-16T08:38:08Z,type:feature,2021-06-01,type:feature
2510,1111,2021-06-15T15:50:08Z,,2021-05-01,Others
2511,914,2021-06-15T14:02:24Z,"type:feature,topic:models",2021-03-01,type:feature
2512,914,2021-06-15T14:02:24Z,"type:feature,topic:models",2021-03-01,topic:models
2513,957,2021-06-15T13:53:44Z,"type:feature,Contributions wanted!",2021-04-01,type:feature
2514,957,2021-06-15T13:53:44Z,"type:feature,Contributions wanted!",2021-04-01,Contributions wanted!
2515,1093,2021-06-15T07:46:11Z,,2021-05-01,Others
2516,1183,2021-06-15T06:03:32Z,,2021-06-01,Others
2517,1154,2021-06-14T16:19:51Z,,2021-06-01,Others
2518,1112,2021-06-14T16:08:56Z,"type:bug,topic:preprocessing",2021-05-01,type:bug
2519,1112,2021-06-14T16:08:56Z,"type:bug,topic:preprocessing",2021-05-01,topic:preprocessing
2520,1065,2021-06-14T16:06:18Z,"type:question,topic:speed",2021-05-01,type:question
2521,1065,2021-06-14T16:06:18Z,"type:question,topic:speed",2021-05-01,topic:speed
2522,1159,2021-06-14T16:02:11Z,,2021-06-01,Others
2523,1046,2021-06-14T14:10:06Z,topic:DPR,2021-05-01,topic:DPR
2524,1147,2021-06-14T12:53:16Z,,2021-06-01,Others
2525,1188,2021-06-14T09:11:13Z,,2021-06-01,Others
2526,611,2021-06-13T18:59:35Z,"type:feature,Contributions wanted!,good second issue",2020-11-01,type:feature
2527,611,2021-06-13T18:59:35Z,"type:feature,Contributions wanted!,good second issue",2020-11-01,Contributions wanted!
2528,611,2021-06-13T18:59:35Z,"type:feature,Contributions wanted!,good second issue",2020-11-01,good second issue
2529,1176,2021-06-11T11:26:11Z,,2021-06-01,Others
2530,658,2021-06-11T08:34:56Z,"type:question,stale",2020-12-01,type:question
2531,658,2021-06-11T08:34:56Z,"type:question,stale",2020-12-01,stale
2532,1116,2021-06-10T13:24:16Z,,2021-06-01,Others
2533,1172,,type:documentation,2021-06-01,type:documentation
2534,1161,2021-06-09T14:24:39Z,,2021-06-01,Others
2535,1130,2021-06-09T11:45:53Z,"type:question,topic:save/load",2021-06-01,type:question
2536,1130,2021-06-09T11:45:53Z,"type:question,topic:save/load",2021-06-01,topic:save/load
2537,1150,2021-06-08T07:15:03Z,,2021-06-01,Others
2538,1004,2021-06-07T19:08:03Z,"type:feature,topic:document_store",2021-04-01,type:feature
2539,1004,2021-06-07T19:08:03Z,"type:feature,topic:document_store",2021-04-01,topic:document_store
2540,895,2021-06-04T14:33:02Z,type:feature,2021-03-01,type:feature
2541,753,2021-06-04T11:51:34Z,"type:feature,stale",2021-01-01,type:feature
2542,753,2021-06-04T11:51:34Z,"type:feature,stale",2021-01-01,stale
2543,1051,2021-06-04T07:11:35Z,"type:question,topic:elasticsearch,topic:save/load",2021-05-01,type:question
2544,1051,2021-06-04T07:11:35Z,"type:question,topic:elasticsearch,topic:save/load",2021-05-01,topic:elasticsearch
2545,1051,2021-06-04T07:11:35Z,"type:question,topic:elasticsearch,topic:save/load",2021-05-01,topic:save/load
2546,1143,2021-06-04T06:55:09Z,"type:question,topic:labelling",2021-06-01,type:question
2547,1143,2021-06-04T06:55:09Z,"type:question,topic:labelling",2021-06-01,topic:labelling
2548,725,2021-06-03T20:03:56Z,"type:feature,stale",2021-01-01,type:feature
2549,725,2021-06-03T20:03:56Z,"type:feature,stale",2021-01-01,stale
2550,1141,,topic:document_store,2021-06-01,topic:document_store
2551,1102,2021-06-03T16:47:36Z,,2021-05-01,Others
2552,1032,2021-06-03T13:49:08Z,"type:feature,type:documentation,topic:predictions",2021-05-01,type:feature
2553,1032,2021-06-03T13:49:08Z,"type:feature,type:documentation,topic:predictions",2021-05-01,type:documentation
2554,1032,2021-06-03T13:49:08Z,"type:feature,type:documentation,topic:predictions",2021-05-01,topic:predictions
2555,899,2021-06-02T12:07:31Z,type:question,2021-03-01,type:question
2556,847,2021-06-02T12:06:27Z,"type:question,topic:eval",2021-02-01,type:question
2557,847,2021-06-02T12:06:27Z,"type:question,topic:eval",2021-02-01,topic:eval
2558,778,2021-06-02T12:03:47Z,type:feature,2021-01-01,type:feature
2559,1023,2021-06-02T11:59:21Z,"type:bug,topic:preprocessing",2021-05-01,type:bug
2560,1023,2021-06-02T11:59:21Z,"type:bug,topic:preprocessing",2021-05-01,topic:preprocessing
2561,1031,2021-06-02T11:58:37Z,"type:feature,topic:eval",2021-05-01,type:feature
2562,1031,2021-06-02T11:58:37Z,"type:feature,topic:eval",2021-05-01,topic:eval
2563,968,2021-06-02T11:57:30Z,"type:bug,topic:eval",2021-04-01,type:bug
2564,968,2021-06-02T11:57:30Z,"type:bug,topic:eval",2021-04-01,topic:eval
2565,1123,,"type:feature,topic:speed,topic:sql",2021-06-01,type:feature
2566,1123,,"type:feature,topic:speed,topic:sql",2021-06-01,topic:speed
2567,1123,,"type:feature,topic:speed,topic:sql",2021-06-01,topic:sql
2568,1126,2021-06-02T11:52:52Z,,2021-06-01,Others
2569,933,2021-06-02T11:49:31Z,"type:bug,topic:eval",2021-03-01,type:bug
2570,933,2021-06-02T11:49:31Z,"type:bug,topic:eval",2021-03-01,topic:eval
2571,1103,2021-06-01T16:12:21Z,,2021-05-01,Others
2572,998,2021-06-01T14:02:01Z,"action:needs documentation,type:question,topic:eval",2021-04-01,action:needs documentation
2573,998,2021-06-01T14:02:01Z,"action:needs documentation,type:question,topic:eval",2021-04-01,type:question
2574,998,2021-06-01T14:02:01Z,"action:needs documentation,type:question,topic:eval",2021-04-01,topic:eval
2575,1056,2021-06-01T13:24:45Z,"type:bug,topic:installation",2021-05-01,type:bug
2576,1056,2021-06-01T13:24:45Z,"type:bug,topic:installation",2021-05-01,topic:installation
2577,1104,2021-06-01T13:01:39Z,,2021-05-01,Others
2578,1115,2021-06-01T10:32:21Z,,2021-06-01,Others
2579,1067,2021-05-31T17:09:10Z,,2021-05-01,Others
2580,1094,2021-05-31T17:01:03Z,"type:bug,topic:file_converter,topic:docker,topic:installation",2021-05-01,type:bug
2581,1094,2021-05-31T17:01:03Z,"type:bug,topic:file_converter,topic:docker,topic:installation",2021-05-01,topic:file_converter
2582,1094,2021-05-31T17:01:03Z,"type:bug,topic:file_converter,topic:docker,topic:installation",2021-05-01,topic:docker
2583,1094,2021-05-31T17:01:03Z,"type:bug,topic:file_converter,topic:docker,topic:installation",2021-05-01,topic:installation
2584,423,2021-05-31T13:31:37Z,type:feature,2020-09-01,type:feature
2585,1084,2021-05-31T07:28:45Z,,2021-05-01,Others
2586,1090,2021-05-27T09:16:15Z,,2021-05-01,Others
2587,1096,2021-05-26T16:05:21Z,,2021-05-01,Others
2588,647,2021-05-26T05:56:09Z,"topic:speed,topic:faiss,type:refactor",2020-12-01,topic:speed
2589,647,2021-05-26T05:56:09Z,"topic:speed,topic:faiss,type:refactor",2020-12-01,topic:faiss
2590,647,2021-05-26T05:56:09Z,"topic:speed,topic:faiss,type:refactor",2020-12-01,type:refactor
2591,1092,2021-05-25T16:00:06Z,,2021-05-01,Others
2592,1089,2021-05-25T14:11:39Z,,2021-05-01,Others
2593,975,2021-05-25T12:46:30Z,type:question,2021-04-01,type:question
2594,1069,2021-05-25T11:30:06Z,type:feature,2021-05-01,type:feature
2595,1012,2021-05-25T09:58:46Z,"type:question,topic:predictions",2021-04-01,type:question
2596,1012,2021-05-25T09:58:46Z,"type:question,topic:predictions",2021-04-01,topic:predictions
2597,1002,2021-05-24T10:06:14Z,"type:feature,topic:elasticsearch",2021-04-01,type:feature
2598,1002,2021-05-24T10:06:14Z,"type:feature,topic:elasticsearch",2021-04-01,topic:elasticsearch
2599,1085,2021-05-23T08:50:07Z,,2021-05-01,Others
2600,902,2021-04-07T19:25:26Z,type:question,2021-03-01,type:question
2601,1082,2021-05-21T12:18:09Z,"type:bug,topic:elasticsearch",2021-05-01,type:bug
2602,1082,2021-05-21T12:18:09Z,"type:bug,topic:elasticsearch",2021-05-01,topic:elasticsearch
2603,1037,2021-05-21T12:18:08Z,"good first issue,Contributions wanted!,type:refactor",2021-05-01,good first issue
2604,1037,2021-05-21T12:18:08Z,"good first issue,Contributions wanted!,type:refactor",2021-05-01,Contributions wanted!
2605,1037,2021-05-21T12:18:08Z,"good first issue,Contributions wanted!,type:refactor",2021-05-01,type:refactor
2606,1075,2021-05-21T09:13:38Z,"type:question,topic:eval",2021-05-01,type:question
2607,1075,2021-05-21T09:13:38Z,"type:question,topic:eval",2021-05-01,topic:eval
2608,1073,2021-05-21T08:57:55Z,,2021-05-01,Others
2609,988,2021-05-20T15:34:26Z,"type:question,topic:save/load,topic:pipeline",2021-04-01,type:question
2610,988,2021-05-20T15:34:26Z,"type:question,topic:save/load,topic:pipeline",2021-04-01,topic:save/load
2611,988,2021-05-20T15:34:26Z,"type:question,topic:save/load,topic:pipeline",2021-04-01,topic:pipeline
2612,749,2021-05-20T15:33:13Z,"type:question,topic:sql",2021-01-01,type:question
2613,749,2021-05-20T15:33:13Z,"type:question,topic:sql",2021-01-01,topic:sql
2614,928,2021-05-20T15:31:47Z,"type:question,topic:installation",2021-03-01,type:question
2615,928,2021-05-20T15:31:47Z,"type:question,topic:installation",2021-03-01,topic:installation
2616,974,2021-05-20T15:30:13Z,"type:bug,topic:sql",2021-04-01,type:bug
2617,974,2021-05-20T15:30:13Z,"type:bug,topic:sql",2021-04-01,topic:sql
2618,858,2021-02-28T00:48:49Z,type:bug,2021-02-01,type:bug
2619,1050,2021-05-14T09:32:29Z,"type:question,topic:installation",2021-05-01,type:question
2620,1050,2021-05-14T09:32:29Z,"type:question,topic:installation",2021-05-01,topic:installation
2621,635,2021-02-18T09:56:52Z,type:question,2020-11-01,type:question
2622,930,2021-05-19T16:26:09Z,type:question,2021-03-01,type:question
2623,1076,,,2021-05-01,Others
2624,1072,2021-05-19T07:55:48Z,,2021-05-01,Others
2625,1074,2021-05-19T06:47:06Z,,2021-05-01,Others
2626,1034,2021-05-18T13:12:35Z,type:question,2021-05-01,type:question
2627,1071,,,2021-05-01,Others
2628,1053,2021-05-17T11:08:30Z,"type:bug,topic:installation",2021-05-01,type:bug
2629,1053,2021-05-17T11:08:30Z,"type:bug,topic:installation",2021-05-01,topic:installation
2630,1010,,"type:feature,topic:models",2021-04-01,type:feature
2631,1010,,"type:feature,topic:models",2021-04-01,topic:models
2632,1055,2021-05-15T18:39:26Z,"type:question,topic:speed",2021-05-01,type:question
2633,1055,2021-05-15T18:39:26Z,"type:question,topic:speed",2021-05-01,topic:speed
2634,1043,2021-05-14T19:48:11Z,"type:question,topic:save/load",2021-05-01,type:question
2635,1043,2021-05-14T19:48:11Z,"type:question,topic:save/load",2021-05-01,topic:save/load
2636,1039,2021-05-14T07:45:58Z,"type:question,topic:elasticsearch",2021-05-01,type:question
2637,1039,2021-05-14T07:45:58Z,"type:question,topic:elasticsearch",2021-05-01,topic:elasticsearch
2638,1027,2021-05-14T09:30:58Z,"action:needs documentation,type:question,topic:predictions",2021-05-01,action:needs documentation
2639,1027,2021-05-14T09:30:58Z,"action:needs documentation,type:question,topic:predictions",2021-05-01,type:question
2640,1027,2021-05-14T09:30:58Z,"action:needs documentation,type:question,topic:predictions",2021-05-01,topic:predictions
2641,942,2021-05-13T22:48:10Z,type:question,2021-04-01,type:question
2642,1054,2021-05-13T03:05:44Z,,2021-05-01,Others
2643,356,2020-09-08T07:56:04Z,type:question,2020-09-01,type:question
2644,1045,2021-05-10T11:37:09Z,"good first issue,Contributions wanted!,type:refactor",2021-05-01,good first issue
2645,1045,2021-05-10T11:37:09Z,"good first issue,Contributions wanted!,type:refactor",2021-05-01,Contributions wanted!
2646,1045,2021-05-10T11:37:09Z,"good first issue,Contributions wanted!,type:refactor",2021-05-01,type:refactor
2647,1035,2021-05-10T08:35:41Z,,2021-05-01,Others
2648,1041,2021-05-07T01:05:11Z,,2021-05-01,Others
2649,886,2021-05-06T17:02:15Z,"type:feature,good first issue",2021-03-01,type:feature
2650,886,2021-05-06T17:02:15Z,"type:feature,good first issue",2021-03-01,good first issue
2651,983,2021-05-05T12:52:27Z,"type:question,topic:eval",2021-04-01,type:question
2652,983,2021-05-05T12:52:27Z,"type:question,topic:eval",2021-04-01,topic:eval
2653,944,2021-05-04T11:59:29Z,"type:bug,topic:elasticsearch",2021-04-01,type:bug
2654,944,2021-05-04T11:59:29Z,"type:bug,topic:elasticsearch",2021-04-01,topic:elasticsearch
2655,916,2021-05-04T11:53:12Z,"type:question,topic:accuracy",2021-03-01,type:question
2656,916,2021-05-04T11:53:12Z,"type:question,topic:accuracy",2021-03-01,topic:accuracy
2657,1017,2021-05-03T15:44:57Z,,2021-05-01,Others
2658,990,2021-05-03T14:39:19Z,"type:feature,topic:reader",2021-04-01,type:feature
2659,990,2021-05-03T14:39:19Z,"type:feature,topic:reader",2021-04-01,topic:reader
2660,1009,2021-05-03T09:59:04Z,"type:question,topic:predictions",2021-04-01,type:question
2661,1009,2021-05-03T09:59:04Z,"type:question,topic:predictions",2021-04-01,topic:predictions
2662,798,2021-05-03T09:37:34Z,type:documentation,2021-02-01,type:documentation
2663,315,2021-05-02T16:17:16Z,"type:feature,good first issue,stale",2020-08-01,type:feature
2664,315,2021-05-02T16:17:16Z,"type:feature,good first issue,stale",2020-08-01,good first issue
2665,315,2021-05-02T16:17:16Z,"type:feature,good first issue,stale",2020-08-01,stale
2666,830,2021-05-02T06:11:02Z,"type:feature,good first issue,Contributions wanted!,topic:ui",2021-02-01,type:feature
2667,830,2021-05-02T06:11:02Z,"type:feature,good first issue,Contributions wanted!,topic:ui",2021-02-01,good first issue
2668,830,2021-05-02T06:11:02Z,"type:feature,good first issue,Contributions wanted!,topic:ui",2021-02-01,Contributions wanted!
2669,830,2021-05-02T06:11:02Z,"type:feature,good first issue,Contributions wanted!,topic:ui",2021-02-01,topic:ui
2670,1014,2021-05-01T07:56:22Z,,2021-04-01,Others
2671,741,2021-04-30T10:23:30Z,"type:feature,topic:pipeline",2021-01-01,type:feature
2672,741,2021-04-30T10:23:30Z,"type:feature,topic:pipeline",2021-01-01,topic:pipeline
2673,994,2021-04-30T08:47:43Z,"type:bug,topic:rest_api,topic:ui",2021-04-01,type:bug
2674,994,2021-04-30T08:47:43Z,"type:bug,topic:rest_api,topic:ui",2021-04-01,topic:rest_api
2675,994,2021-04-30T08:47:43Z,"type:bug,topic:rest_api,topic:ui",2021-04-01,topic:ui
2676,1001,2021-04-29T05:48:46Z,"type:question,topic:labelling",2021-04-01,type:question
2677,1001,2021-04-29T05:48:46Z,"type:question,topic:labelling",2021-04-01,topic:labelling
2678,961,2021-04-13T12:00:44Z,type:question,2021-04-01,type:question
2679,540,2021-04-23T04:33:52Z,"type:question,stale",2020-11-01,type:question
2680,540,2021-04-23T04:33:52Z,"type:question,stale",2020-11-01,stale
2681,981,2021-04-22T22:09:41Z,"type:question,topic:speed,topic:metadata",2021-04-01,type:question
2682,981,2021-04-22T22:09:41Z,"type:question,topic:speed,topic:metadata",2021-04-01,topic:speed
2683,981,2021-04-22T22:09:41Z,"type:question,topic:speed,topic:metadata",2021-04-01,topic:metadata
2684,793,2021-04-22T14:45:29Z,,2021-02-01,Others
2685,721,2021-01-08T16:52:12Z,type:bug,2021-01-01,type:bug
2686,986,2021-04-22T12:37:04Z,"type:question,topic:docker",2021-04-01,type:question
2687,986,2021-04-22T12:37:04Z,"type:question,topic:docker",2021-04-01,topic:docker
2688,740,2021-04-22T09:49:30Z,"type:question,topic:eval",2021-01-01,type:question
2689,740,2021-04-22T09:49:30Z,"type:question,topic:eval",2021-01-01,topic:eval
2690,985,2021-04-22T07:35:12Z,type:bug,2021-04-01,type:bug
2691,649,2021-04-21T08:34:19Z,type:feature,2020-12-01,type:feature
2692,885,2021-04-21T07:56:35Z,type:bug,2021-03-01,type:bug
2693,950,2021-04-20T14:02:14Z,type:question,2021-04-01,type:question
2694,973,2021-04-20T09:59:43Z,type:feature,2021-04-01,type:feature
2695,932,2021-04-15T15:02:45Z,type:bug,2021-03-01,type:bug
2696,125,2020-12-16T14:54:59Z,"type:feature,topic:DPR",2020-05-01,type:feature
2697,125,2020-12-16T14:54:59Z,"type:feature,topic:DPR",2020-05-01,topic:DPR
2698,972,2021-04-15T15:14:46Z,type:bug,2021-04-01,type:bug
2699,956,2021-04-15T11:53:19Z,type:question,2021-04-01,type:question
2700,924,2021-04-15T09:41:23Z,type:question,2021-03-01,type:question
2701,966,2021-04-14T15:25:29Z,type:feature,2021-04-01,type:feature
2702,387,2020-09-17T14:47:03Z,type:bug,2020-09-01,type:bug
2703,954,2021-04-13T14:07:16Z,type:question,2021-04-01,type:question
2704,588,2021-04-13T11:59:17Z,type:bug,2020-11-01,type:bug
2705,939,2021-04-12T17:06:16Z,type:feature,2021-04-01,type:feature
2706,739,2021-04-12T17:25:41Z,,2021-01-01,Others
2707,874,2021-04-12T17:12:19Z,type:bug,2021-03-01,type:bug
2708,941,2021-04-12T17:04:56Z,type:question,2021-04-01,type:question
2709,921,2021-04-12T17:02:06Z,type:question,2021-03-01,type:question
2710,851,2021-04-12T17:01:38Z,type:question,2021-02-01,type:question
2711,958,2021-04-12T16:59:13Z,type:question,2021-04-01,type:question
2712,472,2020-10-15T10:09:43Z,type:question,2020-10-01,type:question
2713,919,2021-04-08T14:38:47Z,,2021-03-01,Others
2714,918,2021-04-08T14:38:24Z,,2021-03-01,Others
2715,917,2021-04-08T12:05:33Z,,2021-03-01,Others
2716,951,2021-04-07T17:50:50Z,type:bug,2021-04-01,type:bug
2717,882,2021-04-07T15:58:21Z,type:bug,2021-03-01,type:bug
2718,777,2021-04-07T13:45:15Z,type:feature,2021-01-01,type:feature
2719,801,2021-04-07T13:42:32Z,,2021-02-01,Others
2720,948,2021-04-07T11:32:26Z,type:bug,2021-04-01,type:bug
2721,946,2021-04-07T08:29:30Z,type:question,2021-04-01,type:question
2722,202,2021-04-06T23:42:50Z,"type:feature,stale",2020-07-01,type:feature
2723,202,2021-04-06T23:42:50Z,"type:feature,stale",2020-07-01,stale
2724,945,2021-04-06T09:13:23Z,type:bug,2021-04-01,type:bug
2725,599,2021-04-06T08:33:07Z,,2020-11-01,Others
2726,878,2021-03-24T12:01:55Z,type:question,2021-03-01,type:question
2727,894,2021-04-06T07:28:35Z,type:bug,2021-03-01,type:bug
2728,893,2021-04-06T07:27:14Z,type:question,2021-03-01,type:question
2729,940,2021-04-04T17:08:13Z,type:question,2021-04-01,type:question
2730,909,2021-04-01T16:24:41Z,,2021-03-01,Others
2731,881,2021-04-01T03:05:12Z,type:bug,2021-03-01,type:bug
2732,900,2021-03-30T16:20:18Z,,2021-03-01,Others
2733,766,2021-03-18T08:19:12Z,type:bug,2021-01-01,type:bug
2734,915,2021-03-25T18:00:45Z,type:question,2021-03-01,type:question
2735,448,2021-03-25T15:47:34Z,type:question,2020-09-01,type:question
2736,911,2021-03-24T17:48:16Z,,2021-03-01,Others
2737,912,2021-03-24T11:42:44Z,type:bug,2021-03-01,type:bug
2738,907,2021-03-23T15:42:58Z,type:bug,2021-03-01,type:bug
2739,908,2021-03-20T08:28:53Z,,2021-03-01,Others
2740,891,2021-03-22T08:08:19Z,type:question,2021-03-01,type:question
2741,848,2021-03-20T11:12:25Z,,2021-02-01,Others
2742,369,2021-03-19T14:04:39Z,type:bug,2020-09-01,type:bug
2743,770,2021-03-19T13:45:53Z,type:feature,2021-01-01,type:feature
2744,862,2021-03-19T13:43:34Z,type:feature,2021-02-01,type:feature
2745,815,2021-03-19T13:36:52Z,type:bug,2021-02-01,type:bug
2746,903,2021-03-18T17:00:22Z,type:bug,2021-03-01,type:bug
2747,883,2021-03-18T14:00:15Z,type:question,2021-03-01,type:question
2748,897,2021-03-18T16:59:32Z,type:question,2021-03-01,type:question
2749,657,2021-03-18T08:18:03Z,type:feature,2020-12-01,type:feature
2750,896,2021-03-17T17:34:24Z,type:bug,2021-03-01,type:bug
2751,892,2021-03-15T13:18:54Z,type:question,2021-03-01,type:question
2752,889,2021-03-15T14:20:38Z,type:question,2021-03-01,type:question
2753,879,2021-03-10T23:21:25Z,type:question,2021-03-01,type:question
2754,849,2021-03-08T18:22:01Z,type:bug,2021-02-01,type:bug
2755,872,2021-03-08T18:21:09Z,type:question,2021-03-01,type:question
2756,867,2021-03-08T13:25:56Z,type:bug,2021-03-01,type:bug
2757,876,2021-03-06T02:08:56Z,type:question,2021-03-01,type:question
2758,835,2021-03-03T02:56:54Z,type:question,2021-02-01,type:question
2759,829,2021-02-18T07:53:26Z,type:bug,2021-02-01,type:bug
2760,856,2021-03-01T14:37:48Z,type:question,2021-02-01,type:question
2761,861,2021-02-26T15:32:21Z,type:question,2021-02-01,type:question
2762,743,2021-02-26T07:55:15Z,type:question,2021-01-01,type:question
2763,750,2021-02-26T07:54:53Z,,2021-01-01,Others
2764,704,2021-02-23T22:27:15Z,type:feature,2021-01-01,type:feature
2765,846,2021-02-23T14:20:51Z,type:question,2021-02-01,type:question
2766,822,2021-02-11T08:43:20Z,type:bug,2021-02-01,type:bug
2767,783,2021-02-23T08:02:48Z,,2021-01-01,Others
2768,854,2021-02-22T13:26:09Z,type:question,2021-02-01,type:question
2769,810,2021-02-22T12:32:42Z,type:feature,2021-02-01,type:feature
2770,842,2021-02-21T14:36:54Z,type:bug,2021-02-01,type:bug
2771,853,2021-02-21T14:36:15Z,type:bug,2021-02-01,type:bug
2772,844,2021-02-18T12:02:25Z,type:question,2021-02-01,type:question
2773,786,2021-02-18T09:54:01Z,type:question,2021-01-01,type:question
2774,806,2021-02-09T20:25:01Z,type:question,2021-02-01,type:question
2775,839,2021-02-17T19:58:58Z,type:question,2021-02-01,type:question
2776,840,2021-02-17T17:50:24Z,type:bug,2021-02-01,type:bug
2777,833,2021-02-17T09:00:34Z,type:bug,2021-02-01,type:bug
2778,696,2021-02-16T13:48:33Z,type:question,2020-12-01,type:question
2779,714,2021-02-12T15:52:19Z,type:feature,2021-01-01,type:feature
2780,817,2021-02-12T11:15:23Z,type:bug,2021-02-01,type:bug
2781,824,2021-02-11T15:46:18Z,type:question,2021-02-01,type:question
2782,787,2021-02-11T15:26:27Z,type:question,2021-01-01,type:question
2783,747,2021-02-11T12:31:54Z,type:question,2021-01-01,type:question
2784,821,2021-02-11T09:50:15Z,type:feature,2021-02-01,type:feature
2785,818,2021-02-11T09:06:25Z,type:bug,2021-02-01,type:bug
2786,712,2021-02-10T17:37:34Z,,2021-01-01,Others
2787,598,2021-02-10T17:37:32Z,,2020-11-01,Others
2788,805,2021-02-09T12:42:44Z,type:question,2021-02-01,type:question
2789,764,2021-02-08T10:30:58Z,type:bug,2021-01-01,type:bug
2790,802,2021-02-06T14:14:44Z,type:bug,2021-02-01,type:bug
2791,799,2021-02-05T11:19:56Z,,2021-02-01,Others
2792,791,2021-02-04T12:34:56Z,type:question,2021-02-01,type:question
2793,748,2021-02-04T12:24:28Z,type:question,2021-01-01,type:question
2794,675,2021-02-03T14:45:00Z,,2020-12-01,Others
2795,726,2021-02-03T13:59:49Z,type:feature,2021-01-01,type:feature
2796,653,2021-02-03T13:44:27Z,,2020-12-01,Others
2797,705,2021-02-03T13:41:35Z,"type:feature,type:question",2021-01-01,type:feature
2798,705,2021-02-03T13:41:35Z,"type:feature,type:question",2021-01-01,type:question
2799,744,2021-02-02T16:23:50Z,type:question,2021-01-01,type:question
2800,732,2021-02-02T16:22:42Z,type:question,2021-01-01,type:question
2801,774,2021-02-01T16:08:27Z,type:bug,2021-01-01,type:bug
2802,763,2021-02-01T16:08:27Z,type:bug,2021-01-01,type:bug
2803,268,2020-09-22T14:24:28Z,"type:bug,type:question",2020-07-01,type:bug
2804,268,2020-09-22T14:24:28Z,"type:bug,type:question",2020-07-01,type:question
2805,789,2021-02-01T06:25:18Z,type:question,2021-01-01,type:question
2806,790,2021-01-31T20:31:01Z,type:bug,2021-01-01,type:bug
2807,715,2021-01-27T15:50:03Z,type:bug,2021-01-01,type:bug
2808,772,2021-01-26T13:27:04Z,type:question,2021-01-01,type:question
2809,710,2021-01-26T11:48:37Z,,2021-01-01,Others
2810,767,2021-01-26T02:11:02Z,type:question,2021-01-01,type:question
2811,601,2021-01-21T15:00:09Z,type:feature,2020-11-01,type:feature
2812,605,2021-01-25T15:48:54Z,type:question,2020-11-01,type:question
2813,758,2021-01-25T11:54:35Z,type:bug,2021-01-01,type:bug
2814,756,2021-01-23T09:31:43Z,type:bug,2021-01-01,type:bug
2815,738,2021-01-22T14:03:19Z,type:bug,2021-01-01,type:bug
2816,760,2021-01-22T13:55:45Z,type:bug,2021-01-01,type:bug
2817,668,2021-01-22T13:48:14Z,type:question,2020-12-01,type:question
2818,666,2021-01-22T09:24:49Z,type:bug,2020-12-01,type:bug
2819,735,2021-01-22T09:06:38Z,type:bug,2021-01-01,type:bug
2820,711,2021-01-20T13:40:11Z,type:feature,2021-01-01,type:feature
2821,716,2021-01-19T11:04:55Z,type:question,2021-01-01,type:question
2822,707,2021-01-19T11:04:02Z,type:question,2021-01-01,type:question
2823,742,2021-01-17T15:53:13Z,type:question,2021-01-01,type:question
2824,720,2021-01-15T10:59:12Z,type:question,2021-01-01,type:question
2825,593,2021-01-14T13:54:40Z,,2020-11-01,Others
2826,709,2021-01-13T17:17:55Z,type:bug,2021-01-01,type:bug
2827,651,2021-01-08T13:30:31Z,type:feature,2020-12-01,type:feature
2828,664,2021-01-06T10:32:49Z,"type:feature,good first issue",2020-12-01,type:feature
2829,664,2021-01-06T10:32:49Z,"type:feature,good first issue",2020-12-01,good first issue
2830,713,2021-01-06T14:52:44Z,,2021-01-01,Others
2831,661,2021-01-06T13:22:29Z,type:bug,2020-12-01,type:bug
2832,637,2021-01-06T12:59:44Z,type:question,2020-11-01,type:question
2833,617,2021-01-06T09:26:37Z,type:bug,2020-11-01,type:bug
2834,535,2021-01-06T09:25:56Z,type:question,2020-11-01,type:question
2835,594,2021-01-06T09:14:28Z,,2020-11-01,Others
2836,662,2021-01-06T09:13:58Z,type:bug,2020-12-01,type:bug
2837,488,2021-01-06T09:13:58Z,type:question,2020-10-01,type:question
2838,580,2021-01-06T09:13:06Z,type:feature,2020-11-01,type:feature
2839,700,2021-01-05T14:19:03Z,type:question,2020-12-01,type:question
2840,440,2021-01-02T11:24:50Z,"type:feature,stale",2020-09-01,type:feature
2841,440,2021-01-02T11:24:50Z,"type:feature,stale",2020-09-01,stale
2842,695,2020-12-30T15:31:20Z,type:question,2020-12-01,type:question
2843,694,2020-12-30T08:59:32Z,type:question,2020-12-01,type:question
2844,699,2020-12-30T08:57:03Z,type:bug,2020-12-01,type:bug
2845,686,2020-12-24T13:26:10Z,type:bug,2020-12-01,type:bug
2846,248,2020-07-21T21:03:16Z,type:question,2020-07-01,type:question
2847,691,2020-12-22T06:05:50Z,type:question,2020-12-01,type:question
2848,610,2020-12-20T16:14:26Z,"type:feature,good first issue",2020-11-01,type:feature
2849,610,2020-12-20T16:14:26Z,"type:feature,good first issue",2020-11-01,good first issue
2850,690,2020-12-18T17:16:56Z,type:question,2020-12-01,type:question
2851,636,2020-12-17T08:18:58Z,type:bug,2020-11-01,type:bug
2852,678,2020-12-16T16:11:05Z,type:bug,2020-12-01,type:bug
2853,677,2020-12-16T16:09:48Z,type:bug,2020-12-01,type:bug
2854,685,2020-12-16T12:37:47Z,,2020-12-01,Others
2855,684,2020-12-15T16:31:17Z,type:question,2020-12-01,type:question
2856,211,2020-07-15T10:49:24Z,type:bug,2020-07-01,type:bug
2857,680,2020-12-15T09:40:03Z,type:bug,2020-12-01,type:bug
2858,665,2020-12-15T08:28:40Z,type:feature,2020-12-01,type:feature
2859,624,2020-12-15T05:54:34Z,type:question,2020-11-01,type:question
2860,564,2020-12-01T11:11:17Z,,2020-11-01,Others
2861,607,2020-12-11T11:14:41Z,,2020-11-01,Others
2862,674,2020-12-10T14:39:54Z,,2020-12-01,Others
2863,660,2020-12-08T16:25:36Z,type:question,2020-12-01,type:question
2864,654,2020-12-08T08:58:59Z,,2020-12-01,Others
2865,602,2020-12-08T08:57:51Z,type:feature,2020-11-01,type:feature
2866,644,2020-12-07T13:51:03Z,type:bug,2020-12-01,type:bug
2867,465,2020-12-03T08:34:47Z,,2020-10-01,Others
2868,634,2020-12-02T14:24:28Z,type:feature,2020-11-01,type:feature
2869,420,2020-12-02T14:19:24Z,type:feature,2020-09-01,type:feature
2870,407,2020-12-02T14:02:29Z,"action:needs documentation,type:feature,epic",2020-09-01,action:needs documentation
2871,407,2020-12-02T14:02:29Z,"action:needs documentation,type:feature,epic",2020-09-01,type:feature
2872,407,2020-12-02T14:02:29Z,"action:needs documentation,type:feature,epic",2020-09-01,epic
2873,414,2020-12-02T14:02:17Z,,2020-09-01,Others
2874,646,2020-12-01T15:27:51Z,,2020-12-01,Others
2875,475,2020-12-01T11:13:37Z,type:feature,2020-10-01,type:feature
2876,603,2020-11-30T16:33:17Z,,2020-11-01,Others
2877,633,2020-11-30T05:46:00Z,type:question,2020-11-01,type:question
2878,632,2020-11-28T11:25:44Z,type:question,2020-11-01,type:question
2879,622,2020-11-27T22:31:55Z,type:bug,2020-11-01,type:bug
2880,333,2020-11-27T14:56:38Z,"type:feature,stale",2020-08-01,type:feature
2881,333,2020-11-27T14:56:38Z,"type:feature,stale",2020-08-01,stale
2882,373,2020-11-27T12:30:22Z,"type:feature,stale",2020-09-01,type:feature
2883,373,2020-11-27T12:30:22Z,"type:feature,stale",2020-09-01,stale
2884,623,2020-11-26T11:34:54Z,type:bug,2020-11-01,type:bug
2885,619,2020-11-25T17:05:28Z,type:question,2020-11-01,type:question
2886,544,2020-11-25T11:15:37Z,type:feature,2020-11-01,type:feature
2887,612,2020-11-23T12:40:19Z,type:bug,2020-11-01,type:bug
2888,227,2020-11-22T13:50:45Z,"Contributions wanted!,type:question,stale",2020-07-01,Contributions wanted!
2889,227,2020-11-22T13:50:45Z,"Contributions wanted!,type:question,stale",2020-07-01,type:question
2890,227,2020-11-22T13:50:45Z,"Contributions wanted!,type:question,stale",2020-07-01,stale
2891,592,2020-11-20T14:25:03Z,,2020-11-01,Others
2892,476,2020-11-12T10:28:41Z,type:bug,2020-10-01,type:bug
2893,528,2020-11-18T13:53:57Z,type:question,2020-10-01,type:question
2894,516,2020-11-18T13:53:33Z,type:question,2020-10-01,type:question
2895,595,2020-11-17T15:14:21Z,,2020-11-01,Others
2896,571,2020-11-17T14:43:28Z,type:question,2020-11-01,type:question
2897,525,2020-10-27T16:30:30Z,type:question,2020-10-01,type:question
2898,562,2020-11-16T15:08:13Z,type:bug,2020-11-01,type:bug
2899,521,2020-11-16T13:35:49Z,type:question,2020-10-01,type:question
2900,461,2020-11-16T13:33:23Z,type:question,2020-10-01,type:question
2901,491,2020-11-16T10:19:03Z,type:question,2020-10-01,type:question
2902,499,2020-11-16T10:28:38Z,type:bug,2020-10-01,type:bug
2903,492,2020-11-16T10:27:50Z,type:question,2020-10-01,type:question
2904,341,2020-11-16T09:07:35Z,"type:feature,stale",2020-08-01,type:feature
2905,341,2020-11-16T09:07:35Z,"type:feature,stale",2020-08-01,stale
2906,585,2020-11-16T08:50:12Z,type:bug,2020-11-01,type:bug
2907,587,2020-11-16T08:41:31Z,type:bug,2020-11-01,type:bug
2908,581,2020-11-13T13:14:25Z,type:bug,2020-11-01,type:bug
2909,570,2020-11-12T08:59:59Z,type:question,2020-11-01,type:question
2910,561,2020-11-10T12:06:35Z,type:question,2020-11-01,type:question
2911,565,2020-11-10T10:34:01Z,type:question,2020-11-01,type:question
2912,567,2020-11-09T19:41:55Z,,2020-11-01,Others
2913,569,2020-11-09T21:10:01Z,type:bug,2020-11-01,type:bug
2914,566,2020-11-09T16:31:20Z,type:bug,2020-11-01,type:bug
2915,563,2020-11-07T13:48:58Z,type:question,2020-11-01,type:question
2916,558,2020-11-07T05:18:12Z,type:bug,2020-11-01,type:bug
2917,552,2020-11-06T17:23:05Z,type:question,2020-11-01,type:question
2918,513,2020-10-22T14:52:53Z,type:question,2020-10-01,type:question
2919,453,2020-10-01T14:25:59Z,type:bug,2020-09-01,type:bug
2920,546,2020-11-05T17:24:10Z,,2020-11-01,Others
2921,446,2020-10-13T15:12:25Z,type:bug,2020-09-01,type:bug
2922,543,2020-11-05T16:39:40Z,type:bug,2020-11-01,type:bug
2923,397,2020-11-05T14:50:08Z,type:feature,2020-09-01,type:feature
2924,252,2020-09-10T07:10:34Z,type:question,2020-07-01,type:question
2925,536,2020-11-05T12:34:47Z,type:bug,2020-11-01,type:bug
2926,542,2020-11-05T12:29:24Z,type:feature,2020-11-01,type:feature
2927,551,2020-11-04T16:55:43Z,,2020-11-01,Others
2928,549,2020-11-04T16:49:07Z,,2020-11-01,Others
2929,548,2020-11-04T14:52:56Z,,2020-11-01,Others
2930,447,2020-11-04T14:07:01Z,action:needs documentation,2020-09-01,action:needs documentation
2931,519,2020-11-04T08:30:35Z,type:question,2020-10-01,type:question
2932,277,2020-11-03T03:54:23Z,"type:bug,topic:DPR",2020-07-01,type:bug
2933,277,2020-11-03T03:54:23Z,"type:bug,topic:DPR",2020-07-01,topic:DPR
2934,526,2020-11-02T14:18:44Z,type:bug,2020-10-01,type:bug
2935,469,2020-11-02T12:53:12Z,,2020-10-01,Others
2936,443,2020-11-02T12:52:11Z,type:feature,2020-09-01,type:feature
2937,532,2020-10-31T20:49:06Z,type:question,2020-10-01,type:question
2938,506,2020-10-28T08:54:11Z,type:bug,2020-10-01,type:bug
2939,474,2020-10-28T08:55:32Z,type:feature,2020-10-01,type:feature
2940,479,2020-10-27T11:00:02Z,type:bug,2020-10-01,type:bug
2941,503,2020-10-27T07:33:40Z,type:feature,2020-10-01,type:feature
2942,198,2020-08-31T09:01:00Z,"type:question,topic:DPR,topic:speed",2020-07-01,type:question
2943,198,2020-08-31T09:01:00Z,"type:question,topic:DPR,topic:speed",2020-07-01,topic:DPR
2944,198,2020-08-31T09:01:00Z,"type:question,topic:DPR,topic:speed",2020-07-01,topic:speed
2945,515,2020-10-27T05:30:25Z,type:question,2020-10-01,type:question
2946,483,2020-10-23T15:50:49Z,type:bug,2020-10-01,type:bug
2947,507,2020-10-23T08:43:59Z,type:bug,2020-10-01,type:bug
2948,508,2020-10-20T12:17:53Z,type:bug,2020-10-01,type:bug
2949,498,2020-10-19T13:49:19Z,type:question,2020-10-01,type:question
2950,378,2020-10-19T12:01:09Z,"type:feature,epic",2020-09-01,type:feature
2951,378,2020-10-19T12:01:09Z,"type:feature,epic",2020-09-01,epic
2952,382,2020-10-19T12:00:29Z,type:feature,2020-09-01,type:feature
2953,377,2020-10-19T11:59:05Z,type:feature,2020-09-01,type:feature
2954,500,2020-10-19T11:56:39Z,type:question,2020-10-01,type:question
2955,470,2020-10-19T09:46:51Z,type:feature,2020-10-01,type:feature
2956,223,2020-10-19T07:30:13Z,type:bug,2020-07-01,type:bug
2957,429,2020-10-16T11:31:01Z,type:feature,2020-09-01,type:feature
2958,487,2020-10-15T16:01:40Z,type:bug,2020-10-01,type:bug
2959,489,2020-10-15T10:28:05Z,type:question,2020-10-01,type:question
2960,381,2020-10-15T08:42:09Z,type:feature,2020-09-01,type:feature
2961,462,2020-10-12T19:53:06Z,type:feature,2020-10-01,type:feature
2962,477,2020-10-12T15:41:02Z,type:feature,2020-10-01,type:feature
2963,412,2020-10-12T15:39:54Z,,2020-09-01,Others
2964,413,2020-10-12T15:39:25Z,,2020-09-01,Others
2965,411,2020-10-12T15:38:35Z,,2020-09-01,Others
2966,409,2020-10-12T15:38:23Z,,2020-09-01,Others
2967,410,2020-10-12T15:38:13Z,,2020-09-01,Others
2968,457,2020-10-12T08:57:12Z,type:feature,2020-10-01,type:feature
2969,403,2020-10-12T08:32:39Z,type:bug,2020-09-01,type:bug
2970,265,2020-10-12T07:40:07Z,type:feature,2020-07-01,type:feature
2971,196,2020-08-20T14:08:00Z,,2020-07-01,Others
2972,283,2020-10-08T18:36:57Z,type:question,2020-08-01,type:question
2973,291,2020-10-08T15:17:19Z,type:question,2020-08-01,type:question
2974,466,2020-10-07T14:17:56Z,type:question,2020-10-01,type:question
2975,394,2020-10-07T17:15:59Z,type:question,2020-09-01,type:question
2976,336,2020-10-07T16:19:36Z,type:question,2020-08-01,type:question
2977,216,2020-10-07T16:18:22Z,"type:question,topic:faiss",2020-07-01,type:question
2978,216,2020-10-07T16:18:22Z,"type:question,topic:faiss",2020-07-01,topic:faiss
2979,421,2020-10-07T16:14:52Z,type:feature,2020-09-01,type:feature
2980,398,2020-10-06T13:16:57Z,type:feature,2020-09-01,type:feature
2981,425,2020-10-05T14:02:56Z,type:bug,2020-09-01,type:bug
2982,454,2020-10-05T09:16:29Z,type:bug,2020-09-01,type:bug
2983,441,2020-10-03T09:08:30Z,type:bug,2020-09-01,type:bug
2984,383,2020-10-02T12:43:26Z,type:feature,2020-09-01,type:feature
2985,458,2020-10-02T12:26:33Z,,2020-10-01,Others
2986,455,2020-10-01T17:06:48Z,type:question,2020-10-01,type:question
2987,442,2020-10-01T07:13:20Z,type:question,2020-09-01,type:question
2988,445,2020-09-30T03:55:44Z,type:question,2020-09-01,type:question
2989,452,2020-09-30T15:17:08Z,type:feature,2020-09-01,type:feature
2990,313,2020-09-26T17:04:01Z,type:question,2020-08-01,type:question
2991,435,2020-09-30T08:27:09Z,,2020-09-01,Others
2992,437,2020-09-29T16:17:49Z,type:question,2020-09-01,type:question
2993,449,2020-09-29T14:07:16Z,type:question,2020-09-01,type:question
2994,126,2020-09-29T12:09:46Z,type:question,2020-05-01,type:question
2995,430,2020-09-29T12:02:41Z,,2020-09-01,Others
2996,419,2020-09-28T14:17:16Z,"type:feature,type:question",2020-09-01,type:feature
2997,419,2020-09-28T14:17:16Z,"type:feature,type:question",2020-09-01,type:question
2998,372,2020-09-28T07:41:01Z,type:question,2020-09-01,type:question
2999,424,2020-09-28T07:39:30Z,type:question,2020-09-01,type:question
3000,431,2020-09-27T21:51:31Z,type:question,2020-09-01,type:question
3001,426,2020-09-25T07:46:48Z,type:question,2020-09-01,type:question
3002,276,2020-09-23T15:59:39Z,"type:question,topic:DPR",2020-07-01,type:question
3003,276,2020-09-23T15:59:39Z,"type:question,topic:DPR",2020-07-01,topic:DPR
3004,280,2020-09-22T13:08:00Z,type:question,2020-08-01,type:question
3005,408,2020-09-22T10:13:55Z,type:bug,2020-09-01,type:bug
3006,417,2020-09-22T09:48:27Z,type:bug,2020-09-01,type:bug
3007,388,2020-09-17T11:51:36Z,type:question,2020-09-01,type:question
3008,401,2020-09-18T16:06:49Z,type:question,2020-09-01,type:question
3009,391,2020-09-18T10:22:52Z,type:bug,2020-09-01,type:bug
3010,380,2020-09-18T08:42:13Z,,2020-09-01,Others
3011,101,2020-05-11T10:28:56Z,type:bug,2020-05-01,type:bug
3012,358,2020-09-16T17:26:54Z,type:question,2020-09-01,type:question
3013,334,2020-09-14T14:18:18Z,type:question,2020-08-01,type:question
3014,281,2020-09-15T08:48:17Z,type:feature,2020-08-01,type:feature
3015,365,2020-09-14T14:50:17Z,type:question,2020-09-01,type:question
3016,263,2020-09-14T14:45:42Z,type:question,2020-07-01,type:question
3017,366,2020-09-14T08:50:55Z,type:question,2020-09-01,type:question
3018,307,2020-09-09T13:03:02Z,type:question,2020-08-01,type:question
3019,260,2020-09-10T07:11:24Z,type:question,2020-07-01,type:question
3020,363,2020-09-09T15:42:34Z,type:bug,2020-09-01,type:bug
3021,361,2020-09-09T10:43:36Z,type:feature,2020-09-01,type:feature
3022,360,2020-09-09T10:43:15Z,type:bug,2020-09-01,type:bug
3023,151,2020-06-24T14:15:53Z,type:question,2020-06-01,type:question
3024,294,2020-09-08T08:23:06Z,type:bug,2020-08-01,type:bug
3025,274,2020-09-08T08:10:36Z,type:question,2020-07-01,type:question
3026,289,2020-09-08T07:57:56Z,type:bug,2020-08-01,type:bug
3027,207,2020-09-07T15:25:06Z,"type:bug,topic:rest_api",2020-07-01,type:bug
3028,207,2020-09-07T15:25:06Z,"type:bug,topic:rest_api",2020-07-01,topic:rest_api
3029,61,2020-07-14T07:30:47Z,"type:feature,topic:speed",2020-04-01,type:feature
3030,61,2020-07-14T07:30:47Z,"type:feature,topic:speed",2020-04-01,topic:speed
3031,262,2020-09-07T10:35:47Z,type:question,2020-07-01,type:question
3032,328,2020-09-07T10:32:48Z,type:question,2020-08-01,type:question
3033,327,2020-09-07T10:30:12Z,type:bug,2020-08-01,type:bug
3034,254,2020-09-04T15:55:31Z,"type:feature,topic:faiss",2020-07-01,type:feature
3035,254,2020-09-04T15:55:31Z,"type:feature,topic:faiss",2020-07-01,topic:faiss
3036,342,2020-09-03T19:26:48Z,type:question,2020-08-01,type:question
3037,344,2020-09-03T13:08:30Z,type:bug,2020-09-01,type:bug
3038,355,2020-09-03T07:41:26Z,,2020-09-01,Others
3039,345,2020-09-03T07:13:47Z,,2020-09-01,Others
3040,346,2020-09-03T07:13:45Z,,2020-09-01,Others
3041,347,2020-09-03T07:13:43Z,,2020-09-01,Others
3042,348,2020-09-03T07:13:41Z,,2020-09-01,Others
3043,349,2020-09-03T07:13:39Z,,2020-09-01,Others
3044,350,2020-09-03T07:13:24Z,,2020-09-01,Others
3045,351,2020-09-03T07:13:22Z,,2020-09-01,Others
3046,352,2020-09-03T07:13:20Z,,2020-09-01,Others
3047,353,2020-09-03T07:13:18Z,,2020-09-01,Others
3048,354,2020-09-03T07:13:16Z,,2020-09-01,Others
3049,275,2020-09-02T07:19:50Z,"type:feature,topic:file_converter",2020-07-01,type:feature
3050,275,2020-09-02T07:19:50Z,"type:feature,topic:file_converter",2020-07-01,topic:file_converter
3051,300,2020-08-31T11:53:18Z,type:question,2020-08-01,type:question
3052,321,2020-08-31T08:58:38Z,type:bug,2020-08-01,type:bug
3053,288,2020-08-31T08:56:33Z,type:question,2020-08-01,type:question
3054,337,2020-08-26T11:00:50Z,type:feature,2020-08-01,type:feature
3055,316,2020-08-25T01:31:45Z,type:question,2020-08-01,type:question
3056,329,2020-08-21T07:24:49Z,"type:bug,topic:faiss",2020-08-01,type:bug
3057,329,2020-08-21T07:24:49Z,"type:bug,topic:faiss",2020-08-01,topic:faiss
3058,236,2020-08-20T14:18:58Z,type:question,2020-07-01,type:question
3059,302,2020-08-20T13:43:38Z,type:bug,2020-08-01,type:bug
3060,323,2020-08-20T13:43:21Z,type:question,2020-08-01,type:question
3061,325,2020-08-20T13:20:25Z,type:question,2020-08-01,type:question
3062,320,2020-08-19T21:26:47Z,"type:feature,topic:faiss",2020-08-01,type:feature
3063,320,2020-08-19T21:26:47Z,"type:feature,topic:faiss",2020-08-01,topic:faiss
3064,309,2020-08-12T11:53:17Z,type:question,2020-08-01,type:question
3065,301,2020-08-10T21:33:12Z,type:bug,2020-08-01,type:bug
3066,296,2020-08-07T19:06:27Z,type:feature,2020-08-01,type:feature
3067,287,2020-08-06T12:49:41Z,type:question,2020-08-01,type:question
3068,282,2020-08-06T08:39:45Z,type:feature,2020-08-01,type:feature
3069,278,2020-08-03T14:22:50Z,"type:bug,topic:faiss",2020-07-01,type:bug
3070,278,2020-08-03T14:22:50Z,"type:bug,topic:faiss",2020-07-01,topic:faiss
3071,267,2020-08-03T10:32:55Z,type:feature,2020-07-01,type:feature
3072,171,2020-08-02T11:05:08Z,,2020-06-01,Others
3073,96,2020-08-01T19:04:07Z,"type:bug,topic:speed,stale",2020-05-01,type:bug
3074,96,2020-08-01T19:04:07Z,"type:bug,topic:speed,stale",2020-05-01,topic:speed
3075,96,2020-08-01T19:04:07Z,"type:bug,topic:speed,stale",2020-05-01,stale
3076,279,2020-08-01T09:05:19Z,type:question,2020-07-01,type:question
3077,249,2020-07-30T02:18:17Z,type:bug,2020-07-01,type:bug
3078,192,2020-07-13T11:40:04Z,type:question,2020-07-01,type:question
3079,270,2020-07-29T15:12:42Z,type:question,2020-07-01,type:question
3080,269,2020-07-29T13:40:10Z,type:question,2020-07-01,type:question
3081,140,2020-07-28T12:32:39Z,type:bug,2020-06-01,type:bug
3082,191,2020-07-27T17:23:14Z,,2020-07-01,Others
3083,261,2020-07-27T15:24:25Z,type:bug,2020-07-01,type:bug
3084,264,2020-07-27T08:55:22Z,"type:question,topic:file_converter",2020-07-01,type:question
3085,264,2020-07-27T08:55:22Z,"type:question,topic:file_converter",2020-07-01,topic:file_converter
3086,221,2020-07-23T17:35:27Z,type:question,2020-07-01,type:question
3087,250,2020-07-23T12:53:17Z,type:question,2020-07-01,type:question
3088,257,2020-07-23T08:58:32Z,type:feature,2020-07-01,type:feature
3089,251,2020-07-23T08:13:06Z,type:question,2020-07-01,type:question
3090,256,2020-07-22T07:22:04Z,type:question,2020-07-01,type:question
3091,255,2020-07-22T07:21:10Z,type:question,2020-07-01,type:question
3092,246,2020-07-20T09:10:10Z,type:question,2020-07-01,type:question
3093,244,2020-07-20T08:57:59Z,type:bug,2020-07-01,type:bug
3094,224,2020-07-18T15:26:00Z,type:question,2020-07-01,type:question
3095,238,2020-07-17T03:21:54Z,type:bug,2020-07-01,type:bug
3096,237,2020-07-16T13:54:29Z,type:question,2020-07-01,type:question
3097,228,2020-07-15T23:29:43Z,type:bug,2020-07-01,type:bug
3098,222,2020-07-15T17:21:19Z,type:question,2020-07-01,type:question
3099,218,2020-07-14T14:37:11Z,,2020-07-01,Others
3100,206,2020-07-14T10:33:22Z,"type:feature,Contributions wanted!,topic:file_converter",2020-07-01,type:feature
3101,206,2020-07-14T10:33:22Z,"type:feature,Contributions wanted!,topic:file_converter",2020-07-01,Contributions wanted!
3102,206,2020-07-14T10:33:22Z,"type:feature,Contributions wanted!,topic:file_converter",2020-07-01,topic:file_converter
3103,111,2020-07-14T08:33:06Z,"type:question,topic:faiss",2020-05-01,type:question
3104,111,2020-07-14T08:33:06Z,"type:question,topic:faiss",2020-05-01,topic:faiss
3105,226,2020-07-14T08:27:17Z,type:question,2020-07-01,type:question
3106,110,2020-07-14T07:38:04Z,"type:question,topic:DPR",2020-05-01,type:question
3107,110,2020-07-14T07:38:04Z,"type:question,topic:DPR",2020-05-01,topic:DPR
3108,91,2020-07-14T07:36:47Z,"type:feature,topic:DPR",2020-05-01,type:feature
3109,91,2020-07-14T07:36:47Z,"type:feature,topic:DPR",2020-05-01,topic:DPR
3110,90,2020-07-14T07:32:26Z,type:bug,2020-05-01,type:bug
3111,219,2020-07-14T02:20:54Z,,2020-07-01,Others
3112,199,2020-07-13T11:42:28Z,"type:question,topic:file_converter",2020-07-01,type:question
3113,199,2020-07-13T11:42:28Z,"type:question,topic:file_converter",2020-07-01,topic:file_converter
3114,163,2020-07-13T10:38:02Z,,2020-06-01,Others
3115,187,2020-07-13T09:13:29Z,"type:question,topic:file_converter",2020-07-01,type:question
3116,187,2020-07-13T09:13:29Z,"type:question,topic:file_converter",2020-07-01,topic:file_converter
3117,185,2020-07-10T08:22:39Z,"type:question,topic:speed",2020-07-01,type:question
3118,185,2020-07-10T08:22:39Z,"type:question,topic:speed",2020-07-01,topic:speed
3119,184,2020-07-10T07:54:11Z,type:question,2020-07-01,type:question
3120,215,2020-07-09T16:34:08Z,,2020-07-01,Others
3121,183,2020-07-06T15:36:15Z,"type:question,topic:rest_api",2020-07-01,type:question
3122,183,2020-07-06T15:36:15Z,"type:question,topic:rest_api",2020-07-01,topic:rest_api
3123,205,2020-07-08T06:57:37Z,"type:question,topic:speed",2020-07-01,type:question
3124,205,2020-07-08T06:57:37Z,"type:question,topic:speed",2020-07-01,topic:speed
3125,120,2020-07-08T01:31:56Z,"type:question,topic:DPR",2020-05-01,type:question
3126,120,2020-07-08T01:31:56Z,"type:question,topic:DPR",2020-05-01,topic:DPR
3127,188,2020-07-07T13:43:57Z,,2020-07-01,Others
3128,189,2020-07-07T13:37:42Z,,2020-07-01,Others
3129,190,2020-07-07T13:33:22Z,action:needs documentation,2020-07-01,action:needs documentation
3130,118,2020-07-02T16:50:27Z,type:question,2020-05-01,type:question
3131,181,2020-07-02T07:04:41Z,"type:bug,topic:speed",2020-07-01,type:bug
3132,181,2020-07-02T07:04:41Z,"type:bug,topic:speed",2020-07-01,topic:speed
3133,63,2020-07-01T12:46:26Z,"type:feature,topic:DPR",2020-04-01,type:feature
3134,63,2020-07-01T12:46:26Z,"type:feature,topic:DPR",2020-04-01,topic:DPR
3135,176,2020-07-01T08:48:35Z,,2020-06-01,Others
3136,179,2020-06-29T10:11:05Z,type:question,2020-06-01,type:question
3137,175,2020-06-26T11:27:53Z,type:question,2020-06-01,type:question
3138,173,2020-06-26T09:01:11Z,type:bug,2020-06-01,type:bug
3139,164,2020-06-24T13:07:33Z,type:bug,2020-06-01,type:bug
3140,168,2020-06-23T14:49:33Z,type:bug,2020-06-01,type:bug
3141,169,2020-06-23T14:08:57Z,,2020-06-01,Others
3142,162,2020-06-22T09:39:29Z,type:question,2020-06-01,type:question
3143,161,2020-06-19T10:08:28Z,,2020-06-01,Others
3144,158,2020-06-18T15:59:44Z,type:bug,2020-06-01,type:bug
3145,147,2020-06-18T08:33:17Z,type:question,2020-06-01,type:question
3146,155,2020-06-17T14:26:22Z,,2020-06-01,Others
3147,153,2020-06-16T11:58:31Z,,2020-06-01,Others
3148,143,2020-06-16T08:56:12Z,type:question,2020-06-01,type:question
3149,149,2020-06-16T06:14:17Z,"type:question,topic:DPR",2020-06-01,type:question
3150,149,2020-06-16T06:14:17Z,"type:question,topic:DPR",2020-06-01,topic:DPR
3151,48,2020-06-15T08:37:54Z,type:feature,2020-03-01,type:feature
3152,150,2020-06-12T16:56:10Z,,2020-06-01,Others
3153,58,2020-06-11T10:36:20Z,stale,2020-04-01,stale
3154,144,2020-06-11T10:05:38Z,action:needs documentation,2020-06-01,action:needs documentation
3155,141,2020-06-09T09:43:14Z,type:question,2020-06-01,type:question
3156,93,2020-06-05T11:48:45Z,type:bug,2020-05-01,type:bug
3157,117,2020-06-03T14:28:00Z,,2020-05-01,Others
3158,67,2020-06-03T14:25:23Z,type:feature,2020-04-01,type:feature
3159,116,2020-06-03T14:22:56Z,"type:bug,topic:DPR",2020-05-01,type:bug
3160,116,2020-06-03T14:22:56Z,"type:bug,topic:DPR",2020-05-01,topic:DPR
3161,127,2020-06-02T20:24:08Z,type:question,2020-06-01,type:question
3162,128,2020-06-02T16:03:37Z,"type:feature,topic:faiss",2020-06-01,type:feature
3163,128,2020-06-02T16:03:37Z,"type:feature,topic:faiss",2020-06-01,topic:faiss
3164,89,2020-05-29T13:57:08Z,type:feature,2020-05-01,type:feature
3165,104,2020-05-28T15:50:18Z,"type:question,topic:DPR",2020-05-01,type:question
3166,104,2020-05-28T15:50:18Z,"type:question,topic:DPR",2020-05-01,topic:DPR
3167,123,2020-05-28T07:11:42Z,,2020-05-01,Others
3168,115,2020-05-19T14:58:38Z,,2020-05-01,Others
3169,94,2020-05-19T07:57:16Z,"type:feature,type:question",2020-05-01,type:feature
3170,94,2020-05-19T07:57:16Z,"type:feature,type:question",2020-05-01,type:question
3171,97,2020-05-13T07:33:56Z,,2020-05-01,Others
3172,105,2020-05-12T13:41:46Z,type:bug,2020-05-01,type:bug
3173,103,2020-05-12T13:41:26Z,type:bug,2020-05-01,type:bug
3174,99,2020-05-08T12:14:13Z,,2020-05-01,Others
3175,37,2020-05-06T10:26:49Z,,2020-03-01,Others
3176,68,2020-05-06T10:05:15Z,type:bug,2020-04-01,type:bug
3177,74,2020-04-26T16:55:38Z,,2020-04-01,Others
3178,51,2020-04-15T09:05:37Z,,2020-03-01,Others
3179,57,2020-04-08T12:10:33Z,,2020-04-01,Others
3180,50,2020-04-06T08:59:24Z,,2020-03-01,Others
3181,53,2020-04-06T08:59:06Z,,2020-04-01,Others
3182,49,2020-03-30T15:48:12Z,type:bug,2020-03-01,type:bug
3183,27,2020-03-22T19:38:24Z,type:question,2020-02-01,type:question
3184,42,2020-03-20T15:27:20Z,type:feature,2020-03-01,type:feature
3185,41,2020-03-16T08:35:42Z,type:question,2020-03-01,type:question
3186,23,2020-03-12T13:40:29Z,type:bug,2020-02-01,type:bug
3187,38,2020-03-07T16:21:38Z,,2020-03-01,Others
3188,34,2020-03-06T11:49:21Z,,2020-03-01,Others
3189,32,2020-03-05T08:08:17Z,type:bug,2020-03-01,type:bug
3190,25,2020-02-24T06:36:59Z,,2020-02-01,Others
3191,22,2020-02-13T07:38:58Z,,2020-02-01,Others
3192,20,2020-02-12T04:16:10Z,,2020-02-01,Others
3193,18,2020-02-11T13:59:00Z,,2020-02-01,Others
3194,16,2020-01-28T20:11:01Z,,2020-01-01,Others
3195,15,2020-01-28T05:43:43Z,,2020-01-01,Others
3196,14,2020-01-27T17:56:01Z,,2020-01-01,Others
3197,11,2020-01-23T14:19:13Z,type:bug,2020-01-01,type:bug
3198,9,2020-01-20T22:31:49Z,,2020-01-01,Others
