Type,issue_id,State,pull_id,pull_link,merged,Created,changed_files
pull,33815,b'closed',34064,https://api.github.com/repos/facebook/react-native/pulls/34064,,2022-06-24T08:39:01Z,1
pull,34018,b'closed',670,https://api.github.com/repos/synonymdev/bitkit/pulls/670,2022-11-09T10:25:01Z,2022-11-08T14:45:44Z,20
pull,31955,b'open',31990,https://api.github.com/repos/facebook/react-native/pulls/31990,,2021-08-09T00:25:39Z,102
pull,35936,b'open',35967,https://api.github.com/repos/facebook/react-native/pulls/35967,,2023-01-25T18:13:07Z,1
pull,35590,b'open',35691,https://api.github.com/repos/facebook/react-native/pulls/35691,,2022-12-20T19:48:27Z,5
pull,33104,b'closed',2982,https://api.github.com/repos/facebook/react-native-website/pulls/2982,2022-03-08T15:12:37Z,2022-02-28T11:17:45Z,2
pull,31878,b'open',591,https://api.github.com/repos/digitalfabrik/integreat-app/pulls/591,2022-02-24T12:32:51Z,2022-02-17T13:56:58Z,22
pull,36100,b'open',36075,https://api.github.com/repos/facebook/react-native/pulls/36075,,2023-02-07T06:06:52Z,5
pull,29614,b'open',73,https://api.github.com/repos/BigThinkcode/AdaptiveCards/pulls/73,2022-03-30T13:07:34Z,2022-02-08T17:33:26Z,5
pull,34168,b'closed',1247,https://api.github.com/repos/microsoft/react-native-macos/pulls/1247,2022-07-11T15:50:56Z,2022-07-10T08:59:13Z,1
pull,34168,b'closed',1249,https://api.github.com/repos/microsoft/react-native-macos/pulls/1249,2022-07-11T19:31:27Z,2022-07-11T15:59:26Z,1
pull,34043,b'open',5202,https://api.github.com/repos/getsentry/sentry-docs/pulls/5202,2022-06-23T12:55:45Z,2022-06-23T09:06:35Z,1
pull,34043,b'open',5231,https://api.github.com/repos/getsentry/sentry-docs/pulls/5231,2022-06-30T09:31:10Z,2022-06-29T09:25:12Z,1
pull,35495,b'closed',1,https://api.github.com/repos/MateWW/react-native-new-arch-monorepo/pulls/1,,2023-01-10T12:25:44Z,6
pull,35495,b'closed',911,https://api.github.com/repos/react-native-async-storage/async-storage/pulls/911,,2023-02-07T10:48:51Z,69
pull,35495,b'closed',36128,https://api.github.com/repos/facebook/react-native/pulls/36128,,2023-02-10T16:31:51Z,9
pull,35577,b'open',35614,https://api.github.com/repos/facebook/react-native/pulls/35614,,2022-12-12T08:24:47Z,170
pull,36085,b'open',36127,https://api.github.com/repos/facebook/react-native/pulls/36127,,2023-02-10T14:32:07Z,1
pull,32503,b'closed',32523,https://api.github.com/repos/facebook/react-native/pulls/32523,,2021-11-03T05:27:07Z,3
pull,30399,b'closed',36075,https://api.github.com/repos/facebook/react-native/pulls/36075,,2023-02-07T06:06:52Z,5
pull,32235,b'closed',14532,https://api.github.com/repos/Expensify/App/pulls/14532,2023-02-13T16:37:33Z,2023-01-25T00:03:59Z,20
pull,32235,b'closed',36104,https://api.github.com/repos/facebook/react-native/pulls/36104,,2023-02-09T10:21:42Z,1
pull,34872,b'open',34874,https://api.github.com/repos/facebook/react-native/pulls/34874,,2022-10-05T20:02:17Z,6
pull,34872,b'open',34879,https://api.github.com/repos/facebook/react-native/pulls/34879,,2022-10-06T06:43:40Z,4
pull,36097,b'closed',36098,https://api.github.com/repos/facebook/react-native/pulls/36098,,2023-02-08T21:24:29Z,1
pull,36097,b'closed',36075,https://api.github.com/repos/facebook/react-native/pulls/36075,,2023-02-07T06:06:52Z,5
pull,25181,b'closed',25425,https://api.github.com/repos/facebook/react-native/pulls/25425,,2019-06-28T09:21:47Z,19
pull,25181,b'closed',2976,https://api.github.com/repos/mattermost/mattermost-mobile/pulls/2976,2019-07-17T19:56:26Z,2019-07-16T03:27:09Z,9
pull,25181,b'closed',25919,https://api.github.com/repos/facebook/react-native/pulls/25919,,2019-08-02T10:56:34Z,25
pull,28012,b'open',29262,https://api.github.com/repos/facebook/react-native/pulls/29262,,2020-07-01T13:59:05Z,1
pull,35639,b'open',36079,https://api.github.com/repos/facebook/react-native/pulls/36079,,2023-02-07T11:57:33Z,5
pull,27449,b'open',63,https://api.github.com/repos/jsartisan/react-native-magnus/pulls/63,2021-01-08T04:45:40Z,2021-01-05T05:25:07Z,135
pull,27449,b'open',29070,https://api.github.com/repos/facebook/react-native/pulls/29070,,2020-06-05T14:25:52Z,2
pull,34442,b'closed',32956,https://api.github.com/repos/facebook/react-native/pulls/32956,,2022-01-23T12:49:01Z,1
pull,34442,b'closed',35387,https://api.github.com/repos/facebook/react-native/pulls/35387,,2022-11-18T02:40:31Z,1
pull,36052,b'closed',36062,https://api.github.com/repos/facebook/react-native/pulls/36062,,2023-02-05T15:33:33Z,3
pull,36052,b'closed',5375,https://api.github.com/repos/realm/realm-js/pulls/5375,2023-02-07T15:00:49Z,2023-02-06T12:24:29Z,3
pull,35921,b'open',35926,https://api.github.com/repos/facebook/react-native/pulls/35926,,2023-01-21T14:38:06Z,1
pull,35263,b'open',35406,https://api.github.com/repos/facebook/react-native/pulls/35406,,2022-11-20T01:46:57Z,46
pull,34542,b'open',24,https://api.github.com/repos/skyhitz/skyhitz-expo-next/pulls/24,2022-09-02T13:21:16Z,2022-08-30T16:07:27Z,13
pull,34350,b'open',34899,https://api.github.com/repos/facebook/react-native/pulls/34899,,2022-10-07T21:26:33Z,1
pull,36066,b'closed',36067,https://api.github.com/repos/facebook/react-native/pulls/36067,,2023-02-06T11:51:49Z,2
pull,35979,b'closed',2927,https://api.github.com/repos/ApollosProject/apollos-apps/pulls/2927,2023-01-27T03:48:48Z,2023-01-26T15:55:22Z,1
pull,35979,b'closed',566,https://api.github.com/repos/cozy/cozy-flagship-app/pulls/566,2023-01-31T14:35:09Z,2023-01-30T10:52:58Z,1
pull,36036,b'open',36129,https://api.github.com/repos/facebook/react-native/pulls/36129,,2023-02-10T16:53:33Z,2
pull,35890,b'open',35889,https://api.github.com/repos/facebook/react-native/pulls/35889,,2023-01-19T08:43:59Z,3
pull,35890,b'open',36075,https://api.github.com/repos/facebook/react-native/pulls/36075,,2023-02-07T06:06:52Z,5
pull,34644,b'closed',366,https://api.github.com/repos/naoufal/react-native-payments/pulls/366,,2022-11-08T15:50:58Z,2
pull,34425,b'open',496,https://api.github.com/repos/react-native-community/discussions-and-proposals/pulls/496,,2022-08-05T19:07:47Z,1
pull,34425,b'open',34539,https://api.github.com/repos/facebook/react-native/pulls/34539,,2022-08-31T00:44:18Z,44
pull,34425,b'open',34567,https://api.github.com/repos/facebook/react-native/pulls/34567,,2022-09-02T03:24:06Z,7
pull,34425,b'open',34575,https://api.github.com/repos/facebook/react-native/pulls/34575,,2022-09-02T09:47:50Z,5
pull,34425,b'open',34576,https://api.github.com/repos/facebook/react-native/pulls/34576,,2022-09-02T10:00:06Z,6
pull,34425,b'open',34585,https://api.github.com/repos/facebook/react-native/pulls/34585,,2022-09-02T19:27:38Z,5
pull,34425,b'open',34586,https://api.github.com/repos/facebook/react-native/pulls/34586,,2022-09-03T07:44:12Z,4
pull,34425,b'open',34590,https://api.github.com/repos/facebook/react-native/pulls/34590,,2022-09-05T07:49:01Z,13
pull,32730,b'open',32889,https://api.github.com/repos/facebook/react-native/pulls/32889,,2022-01-14T17:57:46Z,2
pull,34735,b'open',35432,https://api.github.com/repos/facebook/react-native/pulls/35432,,2022-11-22T17:04:13Z,18
pull,34735,b'open',35130,https://api.github.com/repos/facebook/react-native/pulls/35130,,2022-10-29T12:21:32Z,13
pull,32676,b'closed',33033,https://api.github.com/repos/facebook/react-native/pulls/33033,,2022-02-03T04:55:21Z,1
pull,32999,b'closed',33000,https://api.github.com/repos/facebook/react-native/pulls/33000,,2022-01-31T02:29:09Z,1
pull,31697,b'open',4,https://api.github.com/repos/w-agustin-vazquez/react-native-training-base/pulls/4,2021-12-30T14:30:28Z,2021-12-28T20:12:24Z,14
pull,31697,b'open',34560,https://api.github.com/repos/facebook/react-native/pulls/34560,,2022-09-01T17:23:15Z,1
pull,35592,b'closed',35631,https://api.github.com/repos/facebook/react-native/pulls/35631,,2022-12-13T18:20:38Z,4
pull,35350,b'open',12820,https://api.github.com/repos/Expensify/App/pulls/12820,2022-11-22T13:39:41Z,2022-11-17T12:20:26Z,9
pull,35350,b'open',33,https://api.github.com/repos/Expensify/react-native/pulls/33,2022-11-21T12:33:49Z,2022-11-17T12:25:50Z,1
pull,34982,b'open',34030,https://api.github.com/repos/facebook/react-native/pulls/34030,,2022-06-20T14:28:48Z,1
pull,21718,b'open',422,https://api.github.com/repos/akveo/react-native-ui-kitten/pulls/422,2019-06-06T12:05:46Z,2019-06-06T11:59:10Z,1
pull,27649,b'open',1613,https://api.github.com/repos/facebook/react-native-website/pulls/1613,2020-02-28T15:24:41Z,2020-02-09T02:03:53Z,1
pull,27649,b'open',28862,https://api.github.com/repos/facebook/react-native/pulls/28862,,2020-05-09T18:56:35Z,2
pull,35804,b'open',35803,https://api.github.com/repos/facebook/react-native/pulls/35803,,2023-01-11T10:46:48Z,3
pull,24519,b'closed',46,https://api.github.com/repos/microsoft/react-native-adaptivecards/pulls/46,2019-05-28T06:47:41Z,2019-05-28T06:35:39Z,14
pull,35054,b'open',35078,https://api.github.com/repos/facebook/react-native/pulls/35078,,2022-10-25T12:04:45Z,3
pull,32962,b'closed',32986,https://api.github.com/repos/facebook/react-native/pulls/32986,,2022-01-28T04:39:41Z,1
pull,32962,b'closed',33023,https://api.github.com/repos/facebook/react-native/pulls/33023,,2022-02-02T03:25:42Z,1
pull,34226,b'closed',22,https://api.github.com/repos/discord/react-native/pulls/22,,2022-07-19T20:04:47Z,1
pull,34226,b'closed',23,https://api.github.com/repos/discord/react-native/pulls/23,,2022-07-20T19:50:22Z,1
pull,34226,b'closed',34233,https://api.github.com/repos/facebook/react-native/pulls/34233,,2022-07-20T19:58:38Z,1
pull,34226,b'closed',22,https://api.github.com/repos/discord/react-native/pulls/22,,2022-07-19T20:04:47Z,1
pull,34226,b'closed',23,https://api.github.com/repos/discord/react-native/pulls/23,,2022-07-20T19:50:22Z,1
pull,34226,b'closed',34233,https://api.github.com/repos/facebook/react-native/pulls/34233,,2022-07-20T19:58:38Z,1
pull,16826,b'open',2157,https://api.github.com/repos/zulip/zulip-mobile/pulls/2157,,2018-03-28T11:21:58Z,1
pull,16826,b'open',13183,https://api.github.com/repos/keybase/client/pulls/13183,2018-08-07T14:17:30Z,2018-08-07T13:45:01Z,1
pull,35959,b'closed',35971,https://api.github.com/repos/facebook/react-native/pulls/35971,,2023-01-26T00:52:56Z,2
pull,32939,b'closed',32964,https://api.github.com/repos/facebook/react-native/pulls/32964,,2022-01-25T10:12:01Z,1
pull,35864,b'closed',35961,https://api.github.com/repos/facebook/react-native/pulls/35961,,2023-01-25T12:51:31Z,10
pull,22241,b'open',4160,https://api.github.com/repos/jitsi/jitsi-meet/pulls/4160,2019-08-16T15:59:48Z,2019-05-01T14:05:26Z,3
pull,27819,b'open',11428,https://api.github.com/repos/facebook/react-native/pulls/11428,,2016-12-12T16:41:48Z,1
pull,28043,b'closed',28019,https://api.github.com/repos/facebook/react-native/pulls/28019,,2020-02-11T12:45:28Z,4
pull,28043,b'closed',28050,https://api.github.com/repos/facebook/react-native/pulls/28050,,2020-02-13T08:48:22Z,2
pull,28043,b'closed',32891,https://api.github.com/repos/facebook/react-native/pulls/32891,,2022-01-14T22:10:56Z,3
pull,34988,b'open',35971,https://api.github.com/repos/facebook/react-native/pulls/35971,,2023-01-26T00:52:56Z,2
pull,35858,b'closed',35859,https://api.github.com/repos/facebook/react-native/pulls/35859,,2023-01-17T16:11:21Z,3
pull,33740,b'closed',2960,https://api.github.com/repos/facebook/react-native-website/pulls/2960,,2022-02-08T06:59:04Z,1
pull,33740,b'closed',2959,https://api.github.com/repos/facebook/react-native-website/pulls/2959,2022-06-23T14:09:13Z,2022-02-08T05:40:30Z,1
pull,33740,b'closed',3536,https://api.github.com/repos/facebook/react-native-website/pulls/3536,,2023-01-25T16:05:31Z,2
pull,23693,b'closed',52,https://api.github.com/repos/react-navigation/react-native-safe-area-view/pulls/52,,2018-12-19T11:50:49Z,1
pull,35842,b'open',36132,https://api.github.com/repos/facebook/react-native/pulls/36132,,2023-02-12T20:02:57Z,1
pull,32304,b'closed',32305,https://api.github.com/repos/facebook/react-native/pulls/32305,,2021-09-30T22:01:42Z,1
pull,32304,b'closed',32833,https://api.github.com/repos/facebook/react-native/pulls/32833,,2022-01-05T15:37:47Z,1
pull,32691,b'closed',3,https://api.github.com/repos/gabrieldonadel/react-native/pulls/3,2022-01-23T19:44:06Z,2022-01-23T19:43:54Z,1
pull,32691,b'closed',32957,https://api.github.com/repos/facebook/react-native/pulls/32957,,2022-01-23T20:21:25Z,1
pull,35899,b'closed',35910,https://api.github.com/repos/facebook/react-native/pulls/35910,,2023-01-20T12:35:28Z,1
pull,35913,b'closed',35915,https://api.github.com/repos/facebook/react-native/pulls/35915,,2023-01-20T18:25:30Z,1
pull,35907,b'open',1806,https://api.github.com/repos/react-native-community/cli/pulls/1806,2023-01-23T18:47:56Z,2023-01-23T15:52:27Z,1
pull,35832,b'closed',3524,https://api.github.com/repos/facebook/react-native-website/pulls/3524,2023-01-19T17:29:14Z,2023-01-19T15:23:29Z,3
pull,29268,b'open',159,https://api.github.com/repos/kaishin/Gifu/pulls/159,2020-08-03T13:34:29Z,2020-06-23T23:57:38Z,1
pull,29268,b'open',1560,https://api.github.com/repos/brandingbrand/flagship/pulls/1560,2020-08-05T21:48:17Z,2020-08-05T21:35:17Z,2
pull,32688,b'open',33878,https://api.github.com/repos/facebook/react-native/pulls/33878,,2022-05-20T09:11:22Z,1
pull,32703,b'open',32828,https://api.github.com/repos/facebook/react-native/pulls/32828,,2022-01-04T05:50:51Z,2
pull,32528,b'open',3112,https://api.github.com/repos/wix/Detox/pulls/3112,2021-12-09T12:55:52Z,2021-11-26T18:51:55Z,161
pull,32528,b'open',11,https://api.github.com/repos/ryota1116/stacked_books_ui/pulls/11,,2022-01-25T16:00:59Z,3
pull,25537,b'closed',1,https://api.github.com/repos/mhrpatel12/ReactApplication/pulls/1,,2019-07-09T17:40:36Z,1
pull,25594,b'open',25749,https://api.github.com/repos/facebook/react-native/pulls/25749,,2019-07-20T16:50:23Z,3
pull,35333,b'open',35924,https://api.github.com/repos/facebook/react-native/pulls/35924,,2023-01-21T13:52:05Z,81
pull,35333,b'open',35925,https://api.github.com/repos/facebook/react-native/pulls/35925,,2023-01-21T13:54:58Z,6
pull,35332,b'open',35924,https://api.github.com/repos/facebook/react-native/pulls/35924,,2023-01-21T13:52:05Z,81
pull,35332,b'open',35925,https://api.github.com/repos/facebook/react-native/pulls/35925,,2023-01-21T13:54:58Z,6
pull,35893,b'open',35912,https://api.github.com/repos/facebook/react-native/pulls/35912,,2023-01-20T14:08:36Z,3
pull,35894,b'closed',35897,https://api.github.com/repos/facebook/react-native/pulls/35897,,2023-01-19T12:57:08Z,1
pull,14887,b'open',5,https://api.github.com/repos/sundayhd/react-native-display/pulls/5,,2017-10-30T16:01:25Z,2
pull,14887,b'open',209,https://api.github.com/repos/react-native-modal/react-native-modal/pulls/209,2018-11-03T11:03:32Z,2018-09-12T11:07:39Z,3
pull,30020,b'closed',32847,https://api.github.com/repos/facebook/react-native/pulls/32847,,2022-01-07T13:57:50Z,1
pull,30956,b'closed',31145,https://api.github.com/repos/facebook/react-native/pulls/31145,,2021-03-12T14:00:05Z,2
pull,32325,b'closed',32922,https://api.github.com/repos/facebook/react-native/pulls/32922,,2022-01-19T16:13:43Z,1
pull,32679,b'closed',32911,https://api.github.com/repos/facebook/react-native/pulls/32911,,2022-01-18T02:35:56Z,1
pull,32735,b'closed',32922,https://api.github.com/repos/facebook/react-native/pulls/32922,,2022-01-19T16:13:43Z,1
pull,32735,b'closed',5383,https://api.github.com/repos/zulip/zulip-mobile/pulls/5383,2022-05-16T20:40:12Z,2022-05-14T00:09:07Z,1
pull,32927,b'closed',32932,https://api.github.com/repos/facebook/react-native/pulls/32932,,2022-01-20T11:14:12Z,2
pull,32928,b'closed',32932,https://api.github.com/repos/facebook/react-native/pulls/32932,,2022-01-20T11:14:12Z,2
pull,27483,b'open',2,https://api.github.com/repos/mellet/expo-offline-mapview/pulls/2,2020-02-19T19:08:46Z,2019-12-27T14:40:11Z,9
pull,27483,b'open',246,https://api.github.com/repos/sunnylqm/react-native-storage/pulls/246,,2020-04-13T00:51:15Z,4
pull,35871,b'closed',35875,https://api.github.com/repos/facebook/react-native/pulls/35875,,2023-01-18T14:00:58Z,2
pull,30371,b'open',208,https://api.github.com/repos/PedroBern/react-native-collapsible-tab-view/pulls/208,2021-11-04T17:15:59Z,2021-10-30T19:43:01Z,6
pull,34994,b'closed',181,https://api.github.com/repos/lyswhut/lx-music-mobile/pulls/181,,2023-01-09T10:07:46Z,29
pull,35168,b'closed',225,https://api.github.com/repos/HathorNetwork/hathor-wallet-mobile/pulls/225,2023-01-09T22:33:52Z,2023-01-06T17:59:18Z,8
pull,32692,b'closed',32917,https://api.github.com/repos/facebook/react-native/pulls/32917,,2022-01-18T22:15:36Z,1
pull,32898,b'closed',32901,https://api.github.com/repos/facebook/react-native/pulls/32901,,2022-01-16T20:43:00Z,1
pull,35865,b'closed',35872,https://api.github.com/repos/facebook/react-native/pulls/35872,,2023-01-18T12:26:36Z,1
pull,35398,b'closed',344,https://api.github.com/repos/DataDog/dd-sdk-reactnative/pulls/344,2022-12-28T13:14:57Z,2022-11-18T16:34:30Z,1
pull,30666,b'open',171,https://api.github.com/repos/HathorNetwork/hathor-wallet-mobile/pulls/171,2022-05-18T14:58:30Z,2022-05-18T02:25:53Z,2
pull,33006,b'open',4389,https://api.github.com/repos/realm/realm-js/pulls/4389,2022-04-27T08:44:07Z,2022-03-02T15:20:51Z,9
pull,34665,b'open',34927,https://api.github.com/repos/facebook/react-native/pulls/34927,,2022-10-10T14:45:00Z,3
pull,32734,b'closed',25922,https://api.github.com/repos/facebook/react-native/pulls/25922,,2019-08-02T18:30:21Z,29
pull,30849,b'open',35130,https://api.github.com/repos/facebook/react-native/pulls/35130,,2022-10-29T12:21:32Z,13
pull,30849,b'open',3,https://api.github.com/repos/fabriziobertoglio1987/react-native/pulls/3,2022-11-15T16:01:31Z,2022-11-11T10:04:14Z,19
pull,31042,b'closed',33690,https://api.github.com/repos/facebook/react-native/pulls/33690,,2022-04-22T12:26:09Z,2
pull,31042,b'closed',33468,https://api.github.com/repos/facebook/react-native/pulls/33468,,2022-03-23T04:39:56Z,16
pull,33976,b'closed',34058,https://api.github.com/repos/facebook/react-native/pulls/34058,,2022-06-23T14:40:48Z,1
pull,32835,b'closed',32841,https://api.github.com/repos/facebook/react-native/pulls/32841,,2022-01-06T18:21:32Z,1
pull,32004,b'open',6216,https://api.github.com/repos/microsoft/AdaptiveCards/pulls/6216,,2021-08-17T09:13:42Z,1
pull,32004,b'open',6,https://api.github.com/repos/BigThinkcode/AdaptiveCards/pulls/6,2021-09-06T06:25:44Z,2021-08-24T06:11:27Z,4
pull,32004,b'open',33215,https://api.github.com/repos/facebook/react-native/pulls/33215,,2022-03-03T09:03:07Z,16
pull,31218,b'open',15047,https://api.github.com/repos/status-im/status-mobile/pulls/15047,,2023-02-09T11:00:16Z,2
pull,29663,b'open',29664,https://api.github.com/repos/facebook/react-native/pulls/29664,,2020-08-16T15:23:42Z,1
pull,34424,b'closed',496,https://api.github.com/repos/react-native-community/discussions-and-proposals/pulls/496,,2022-08-05T19:07:47Z,1
pull,34424,b'closed',34444,https://api.github.com/repos/facebook/react-native/pulls/34444,,2022-08-18T04:40:04Z,3
pull,34424,b'closed',34460,https://api.github.com/repos/facebook/react-native/pulls/34460,,2022-08-19T19:24:03Z,2
pull,34424,b'closed',34481,https://api.github.com/repos/facebook/react-native/pulls/34481,,2022-08-23T12:24:34Z,6
pull,34424,b'closed',34482,https://api.github.com/repos/facebook/react-native/pulls/34482,,2022-08-23T15:01:01Z,2
pull,34424,b'closed',34486,https://api.github.com/repos/facebook/react-native/pulls/34486,,2022-08-23T19:13:45Z,2
pull,34424,b'closed',34488,https://api.github.com/repos/facebook/react-native/pulls/34488,,2022-08-24T01:53:16Z,2
pull,34424,b'closed',34502,https://api.github.com/repos/facebook/react-native/pulls/34502,,2022-08-26T04:31:52Z,18
pull,34402,b'open',30769,https://api.github.com/repos/facebook/react-native/pulls/30769,,2021-01-20T17:57:34Z,2
pull,34719,b'open',35557,https://api.github.com/repos/facebook/react-native/pulls/35557,,2022-12-05T06:08:01Z,1
pull,30052,b'open',30919,https://api.github.com/repos/facebook/react-native/pulls/30919,,2021-02-09T11:41:03Z,2
pull,30052,b'open',29292,https://api.github.com/repos/facebook/react-native/pulls/29292,,2020-07-07T15:47:40Z,1
pull,30503,b'open',29070,https://api.github.com/repos/facebook/react-native/pulls/29070,,2020-06-05T14:25:52Z,2
pull,30503,b'open',33975,https://api.github.com/repos/WordPress/gutenberg/pulls/33975,2021-09-03T16:15:05Z,2021-08-10T13:01:24Z,1
pull,35778,b'open',1165,https://api.github.com/repos/cardstack/cardwallet/pulls/1165,2023-01-16T21:14:22Z,2023-01-16T20:20:37Z,4
pull,34923,b'open',2522,https://api.github.com/repos/getsentry/sentry-react-native/pulls/2522,2022-10-13T13:19:49Z,2022-10-05T16:11:33Z,122
pull,27696,b'open',28280,https://api.github.com/repos/facebook/react-native/pulls/28280,,2020-03-10T19:36:52Z,1
pull,31054,b'closed',2544,https://api.github.com/repos/facebook/react-native-website/pulls/2544,,2021-03-14T11:30:53Z,1
pull,31054,b'closed',199,https://api.github.com/repos/react-native-community/react-native-template-typescript/pulls/199,2021-07-21T09:39:29Z,2021-03-24T09:19:44Z,1
pull,31054,b'closed',2697,https://api.github.com/repos/facebook/react-native-website/pulls/2697,,2021-07-21T08:44:08Z,1
pull,35119,b'open',1,https://api.github.com/repos/MirUmair/react-native/pulls/1,2022-10-28T15:15:47Z,2022-10-28T15:13:21Z,1
pull,35119,b'open',35121,https://api.github.com/repos/facebook/react-native/pulls/35121,,2022-10-28T15:20:48Z,1
pull,30115,b'open',35718,https://api.github.com/repos/facebook/react-native/pulls/35718,,2022-12-26T09:40:05Z,1
pull,30176,b'open',4668,https://api.github.com/repos/laurent22/joplin/pulls/4668,2021-03-26T09:09:19Z,2021-03-14T12:33:37Z,1
pull,35588,b'open',4045,https://api.github.com/repos/pass-culture/pass-culture-app-native/pulls/4045,,2022-12-07T14:02:23Z,15
pull,31121,b'open',31141,https://api.github.com/repos/facebook/react-native/pulls/31141,,2021-03-12T03:59:53Z,1
pull,31121,b'open',31195,https://api.github.com/repos/facebook/react-native/pulls/31195,,2021-03-19T09:29:37Z,1
pull,34332,b'closed',1,https://api.github.com/repos/cipolleschi/react-native/pulls/1,,2022-08-02T21:19:28Z,1
pull,34332,b'closed',34333,https://api.github.com/repos/facebook/react-native/pulls/34333,,2022-08-02T21:33:18Z,3
pull,35553,b'closed',1188,https://api.github.com/repos/facebook/yoga/pulls/1188,,2022-12-09T02:42:46Z,1
pull,35682,b'open',35952,https://api.github.com/repos/facebook/react-native/pulls/35952,,2023-01-24T17:35:44Z,2
pull,34376,b'open',32956,https://api.github.com/repos/facebook/react-native/pulls/32956,,2022-01-23T12:49:01Z,1
pull,32237,b'open',39668,https://api.github.com/repos/WordPress/gutenberg/pulls/39668,2022-03-29T01:22:51Z,2022-03-23T03:18:53Z,3
pull,18398,b'closed',24949,https://api.github.com/repos/facebook/react-native/pulls/24949,,2019-05-19T13:40:34Z,1
pull,18398,b'closed',33480,https://api.github.com/repos/facebook/react-native/pulls/33480,,2022-03-24T05:57:45Z,2
pull,32203,b'open',365,https://api.github.com/repos/naoufal/react-native-payments/pulls/365,2022-12-27T17:29:43Z,2022-11-03T15:39:13Z,1
pull,33760,b'open',10297,https://api.github.com/repos/Expensify/App/pulls/10297,2022-08-12T08:35:53Z,2022-08-08T14:47:18Z,6
pull,33760,b'open',31457,https://api.github.com/repos/facebook/react-native/pulls/31457,,2021-04-30T00:46:16Z,2
pull,33760,b'open',5618,https://api.github.com/repos/zulip/zulip-mobile/pulls/5618,2022-12-16T02:08:58Z,2022-12-16T01:39:41Z,12
pull,33760,b'open',4475,https://api.github.com/repos/zulip/zulip-mobile/pulls/4475,,2021-02-13T19:37:48Z,2
pull,29333,b'open',32828,https://api.github.com/repos/facebook/react-native/pulls/32828,,2022-01-04T05:50:51Z,2
pull,33606,b'closed',213,https://api.github.com/repos/edeckers/react-native-blob-courier/pulls/213,,2022-04-29T23:53:36Z,42
pull,35547,b'closed',35605,https://api.github.com/repos/facebook/react-native/pulls/35605,2022-12-12T13:42:34Z,2022-12-09T15:50:28Z,6
pull,28865,b'closed',35603,https://api.github.com/repos/facebook/react-native/pulls/35603,,2022-12-09T09:37:24Z,1
pull,31461,b'open',28236,https://api.github.com/repos/facebook/react-native/pulls/28236,,2020-03-05T14:36:46Z,4
pull,25656,b'open',26444,https://api.github.com/repos/facebook/react-native/pulls/26444,,2019-09-15T14:39:47Z,2
pull,28082,b'closed',28083,https://api.github.com/repos/facebook/react-native/pulls/28083,,2020-02-15T16:42:56Z,2
pull,28082,b'closed',28084,https://api.github.com/repos/facebook/react-native/pulls/28084,,2020-02-15T16:49:14Z,1
pull,30158,b'open',522,https://api.github.com/repos/zoontek/react-native-permissions/pulls/522,2020-11-28T10:15:45Z,2020-09-26T18:57:46Z,85
pull,30158,b'open',696,https://api.github.com/repos/zoontek/react-native-permissions/pulls/696,2022-07-05T11:32:55Z,2022-06-25T13:16:05Z,10
pull,35504,b'closed',169,https://api.github.com/repos/react-native-community/jsc-android-buildscripts/pulls/169,2022-07-12T17:01:21Z,2022-07-10T17:17:27Z,25
pull,34692,b'open',34577,https://api.github.com/repos/facebook/react-native/pulls/34577,,2022-09-02T10:00:49Z,4
pull,34692,b'open',480,https://api.github.com/repos/react-native-community/discussions-and-proposals/pulls/480,,2022-05-19T13:20:17Z,4
pull,34692,b'open',34570,https://api.github.com/repos/facebook/react-native/pulls/34570,,2022-09-02T09:02:48Z,1
pull,34692,b'open',34581,https://api.github.com/repos/facebook/react-native/pulls/34581,,2022-09-02T12:34:27Z,10
pull,34692,b'open',34574,https://api.github.com/repos/facebook/react-native/pulls/34574,,2022-09-02T09:40:16Z,5
pull,34692,b'open',34571,https://api.github.com/repos/facebook/react-native/pulls/34571,,2022-09-02T09:02:51Z,6
pull,34692,b'open',34572,https://api.github.com/repos/facebook/react-native/pulls/34572,,2022-09-02T09:09:13Z,7
pull,34601,b'closed',3323,https://api.github.com/repos/facebook/react-native-website/pulls/3323,2022-09-15T09:21:04Z,2022-09-14T13:28:53Z,2
pull,35042,b'open',35047,https://api.github.com/repos/facebook/react-native/pulls/35047,,2022-10-21T18:07:29Z,2
pull,23561,b'closed',23562,https://api.github.com/repos/facebook/react-native/pulls/23562,,2019-02-20T16:50:08Z,2
pull,23561,b'closed',23566,https://api.github.com/repos/facebook/react-native/pulls/23566,,2019-02-21T04:38:20Z,2
pull,23561,b'closed',23571,https://api.github.com/repos/facebook/react-native/pulls/23571,,2019-02-21T10:30:33Z,2
pull,24316,b'closed',24317,https://api.github.com/repos/facebook/react-native/pulls/24317,,2019-04-04T23:44:31Z,103
pull,24316,b'closed',24318,https://api.github.com/repos/facebook/react-native/pulls/24318,,2019-04-05T01:02:08Z,2
pull,24316,b'closed',24320,https://api.github.com/repos/facebook/react-native/pulls/24320,,2019-04-05T05:43:45Z,22
pull,24316,b'closed',24749,https://api.github.com/repos/facebook/react-native/pulls/24749,,2019-05-08T02:11:03Z,374
pull,24316,b'closed',24750,https://api.github.com/repos/facebook/react-native/pulls/24750,,2019-05-08T02:39:41Z,8
pull,24316,b'closed',24754,https://api.github.com/repos/facebook/react-native/pulls/24754,,2019-05-08T06:15:20Z,2
pull,24316,b'closed',24782,https://api.github.com/repos/facebook/react-native/pulls/24782,,2019-05-09T18:23:00Z,12
pull,30862,b'open',31475,https://api.github.com/repos/facebook/react-native/pulls/31475,,2021-05-04T11:20:08Z,5
pull,30864,b'open',31200,https://api.github.com/repos/facebook/react-native/pulls/31200,,2021-03-20T08:21:01Z,7
pull,27857,b'closed',31392,https://api.github.com/repos/facebook/react-native/pulls/31392,,2021-04-20T16:40:37Z,1
pull,32883,b'open',12908,https://api.github.com/repos/Expensify/App/pulls/12908,2022-11-24T14:13:09Z,2022-11-21T23:10:18Z,1
pull,27887,b'open',29185,https://api.github.com/repos/facebook/react-native/pulls/29185,,2020-06-22T05:37:22Z,2
pull,32984,b'open',6458,https://api.github.com/repos/artsy/eigen/pulls/6458,,2022-03-18T15:10:44Z,1
pull,31278,b'closed',28,https://api.github.com/repos/senseye-inc/senseye-react-native-sdk/pulls/28,2021-06-29T20:09:47Z,2021-06-28T21:57:13Z,7
pull,35439,b'closed',35456,https://api.github.com/repos/facebook/react-native/pulls/35456,,2022-11-24T12:08:11Z,4
pull,22211,b'open',23784,https://api.github.com/repos/facebook/react-native/pulls/23784,,2019-03-06T09:40:23Z,5
pull,30841,b'closed',34353,https://api.github.com/repos/facebook/react-native/pulls/34353,,2022-08-05T13:00:52Z,4
pull,30841,b'closed',35507,https://api.github.com/repos/facebook/react-native/pulls/35507,,2022-11-29T15:57:31Z,1
pull,31572,b'closed',643,https://api.github.com/repos/microsoft/react-native-test-app/pulls/643,2021-12-08T23:19:46Z,2021-12-08T22:55:12Z,1
pull,30097,b'open',34969,https://api.github.com/repos/facebook/react-native/pulls/34969,,2022-10-13T12:38:19Z,3
pull,30097,b'open',3438,https://api.github.com/repos/facebook/react-native-website/pulls/3438,,2022-11-28T20:26:21Z,2
pull,35478,b'open',35494,https://api.github.com/repos/facebook/react-native/pulls/35494,,2022-11-28T10:10:37Z,1
pull,35136,b'closed',12184,https://api.github.com/repos/Expensify/App/pulls/12184,2022-11-04T14:13:53Z,2022-10-27T14:17:32Z,3
pull,35222,b'closed',763,https://api.github.com/repos/newsuk/times-components-native/pulls/763,,2023-01-03T15:16:34Z,182
pull,35222,b'closed',764,https://api.github.com/repos/newsuk/times-components-native/pulls/764,2023-01-09T10:29:04Z,2023-01-03T17:23:27Z,182
pull,31174,b'closed',2411,https://api.github.com/repos/bazelbuild/rules_nodejs/pulls/2411,,2021-01-21T22:54:19Z,1
pull,32595,b'closed',32636,https://api.github.com/repos/facebook/react-native/pulls/32636,,2021-11-21T16:23:43Z,1
pull,32595,b'closed',32648,https://api.github.com/repos/facebook/react-native/pulls/32648,,2021-11-23T15:00:25Z,1
pull,35429,b'closed',35430,https://api.github.com/repos/facebook/react-native/pulls/35430,,2022-11-22T15:07:07Z,1
pull,35429,b'closed',73,https://api.github.com/repos/byCedric/expo-monorepo-example/pulls/73,,2022-11-22T14:13:01Z,5
pull,32608,b'closed',32609,https://api.github.com/repos/facebook/react-native/pulls/32609,,2021-11-16T22:18:21Z,1
pull,29507,b'open',7696,https://api.github.com/repos/microsoft/react-native-windows/pulls/7696,2021-04-30T04:17:10Z,2021-04-29T18:16:45Z,3
pull,29507,b'open',9124,https://api.github.com/repos/aws-amplify/amplify-js/pulls/9124,2021-10-28T23:15:33Z,2021-10-28T16:02:41Z,19
pull,32372,b'closed',7305,https://api.github.com/repos/wix/react-native-navigation/pulls/7305,2021-11-08T13:22:58Z,2021-10-11T13:15:36Z,23
pull,32372,b'closed',32559,https://api.github.com/repos/facebook/react-native/pulls/32559,,2021-11-08T18:31:14Z,1
pull,32507,b'closed',5,https://api.github.com/repos/hramos/react-native-bot/pulls/5,2021-11-02T18:37:45Z,2021-10-31T15:02:51Z,1
pull,32509,b'closed',32574,https://api.github.com/repos/facebook/react-native/pulls/32574,,2021-11-10T15:40:23Z,2
pull,32509,b'closed',32714,https://api.github.com/repos/facebook/react-native/pulls/32714,2021-12-07T00:24:54Z,2021-12-06T21:16:26Z,2
pull,34868,b'closed',10,https://api.github.com/repos/saigon-technology/rn-base-project/pulls/10,2023-01-06T06:36:53Z,2022-12-11T08:24:49Z,10
pull,34868,b'closed',239,https://api.github.com/repos/EricSmekens/jsep/pulls/239,,2022-12-26T18:59:43Z,1
pull,32476,b'closed',32477,https://api.github.com/repos/facebook/react-native/pulls/32477,,2021-10-26T17:35:54Z,1
pull,32476,b'closed',32956,https://api.github.com/repos/facebook/react-native/pulls/32956,,2022-01-23T12:49:01Z,1
pull,32476,b'closed',35387,https://api.github.com/repos/facebook/react-native/pulls/35387,,2022-11-18T02:40:31Z,1
pull,31346,b'open',34141,https://api.github.com/repos/facebook/react-native/pulls/34141,,2022-07-06T10:42:53Z,3
pull,35351,b'closed',1173,https://api.github.com/repos/facebook/yoga/pulls/1173,,2022-11-15T18:20:26Z,6
pull,33636,b'closed',35354,https://api.github.com/repos/facebook/react-native/pulls/35354,,2022-11-15T19:30:22Z,1
pull,32942,b'closed',27908,https://api.github.com/repos/facebook/react-native/pulls/27908,,2020-01-30T17:18:49Z,52
pull,32942,b'closed',29728,https://api.github.com/repos/facebook/react-native/pulls/29728,,2020-08-22T06:34:04Z,4
pull,32942,b'closed',33544,https://api.github.com/repos/facebook/react-native/pulls/33544,,2022-04-01T12:55:41Z,2
pull,30850,b'closed',31296,https://api.github.com/repos/facebook/react-native/pulls/31296,,2021-04-04T06:53:27Z,6
pull,35280,b'open',35282,https://api.github.com/repos/facebook/react-native/pulls/35282,,2022-11-09T12:27:40Z,1
pull,25675,b'open',24748,https://api.github.com/repos/facebook/react-native/pulls/24748,,2019-05-08T01:39:57Z,1
pull,33034,b'open',33880,https://api.github.com/repos/facebook/react-native/pulls/33880,,2022-05-20T11:42:35Z,2
pull,32533,b'closed',32534,https://api.github.com/repos/facebook/react-native/pulls/32534,,2021-11-03T23:28:40Z,2
pull,22186,b'open',24214,https://api.github.com/repos/facebook/react-native/pulls/24214,,2019-03-30T15:28:52Z,5
pull,22186,b'open',24218,https://api.github.com/repos/facebook/react-native/pulls/24218,,2019-03-30T20:43:20Z,11
pull,22186,b'open',24321,https://api.github.com/repos/facebook/react-native/pulls/24321,,2019-04-05T09:33:30Z,2
pull,35180,b'open',35248,https://api.github.com/repos/facebook/react-native/pulls/35248,,2022-11-07T23:18:40Z,3
pull,34768,b'closed',20,https://api.github.com/repos/Indicio-tech/aries-mobile-agent-react-native/pulls/20,2022-09-26T23:57:57Z,2022-09-24T07:58:19Z,1
pull,30863,b'closed',31396,https://api.github.com/repos/facebook/react-native/pulls/31396,,2021-04-21T13:31:13Z,5
pull,34990,b'closed',35017,https://api.github.com/repos/facebook/react-native/pulls/35017,,2022-10-18T23:27:56Z,18
pull,32406,b'closed',1070,https://api.github.com/repos/microsoft/fluentui-react-native/pulls/1070,,2021-10-15T03:04:59Z,40
pull,33024,b'closed',34560,https://api.github.com/repos/facebook/react-native/pulls/34560,,2022-09-01T17:23:15Z,1
pull,27052,b'closed',30606,https://api.github.com/repos/facebook/react-native/pulls/30606,,2020-12-17T12:16:34Z,3
pull,32393,b'closed',32398,https://api.github.com/repos/facebook/react-native/pulls/32398,,2021-10-13T16:55:37Z,1
pull,27549,b'open',36,https://api.github.com/repos/mrazadar/react-native-mentions-editor/pulls/36,,2020-12-08T18:30:54Z,2
pull,32434,b'closed',32435,https://api.github.com/repos/facebook/react-native/pulls/32435,,2021-10-18T19:46:21Z,1
pull,33157,b'closed',585,https://api.github.com/repos/leotm/react-native-template-new-architecture/pulls/585,2022-05-12T15:50:52Z,2022-05-04T21:34:27Z,383
pull,33525,b'closed',33530,https://api.github.com/repos/facebook/react-native/pulls/33530,,2022-03-31T09:37:18Z,4
pull,31251,b'open',31332,https://api.github.com/repos/facebook/react-native/pulls/31332,,2021-04-09T07:29:31Z,1
pull,31303,b'open',213,https://api.github.com/repos/edeckers/react-native-blob-courier/pulls/213,,2022-04-29T23:53:36Z,42
pull,29408,b'open',31065,https://api.github.com/repos/facebook/react-native/pulls/31065,,2021-02-27T02:24:29Z,1
pull,29408,b'open',1725,https://api.github.com/repos/microsoft/react-native-macos/pulls/1725,2023-02-09T21:54:06Z,2023-02-09T21:27:37Z,3
pull,16060,b'open',20945,https://api.github.com/repos/facebook/react-native/pulls/20945,,2018-09-02T20:20:49Z,1
pull,35009,b'closed',2056,https://api.github.com/repos/dooboolab/react-native-iap/pulls/2056,2022-10-18T20:45:17Z,2022-10-18T17:00:17Z,1
pull,31221,b'open',24,https://api.github.com/repos/discord/react-native/pulls/24,2022-09-12T20:58:38Z,2022-08-18T22:57:45Z,1
pull,26739,b'open',391,https://api.github.com/repos/covid-alert-ny/covid-green-app/pulls/391,2020-09-11T11:54:11Z,2020-09-10T09:54:26Z,3
pull,16989,b'open',17230,https://api.github.com/repos/facebook/react-native/pulls/17230,,2017-12-15T21:33:04Z,1
pull,32557,b'open',32575,https://api.github.com/repos/facebook/react-native/pulls/32575,,2021-11-10T18:10:16Z,3
pull,34274,b'closed',690,https://api.github.com/repos/leotm/react-native-template-new-architecture/pulls/690,2022-08-05T19:01:31Z,2022-06-15T19:04:34Z,56
pull,32240,b'closed',705,https://api.github.com/repos/facebook/metro/pulls/705,,2021-09-21T06:22:32Z,1
pull,32423,b'closed',32659,https://api.github.com/repos/facebook/react-native/pulls/32659,,2021-11-25T09:31:21Z,1
pull,35002,b'closed',3203,https://api.github.com/repos/jsx-eslint/eslint-plugin-react/pulls/3203,2022-04-26T22:52:26Z,2022-02-12T22:51:41Z,8
pull,31149,b'open',6856,https://api.github.com/repos/invertase/react-native-firebase/pulls/6856,,2023-01-23T16:37:33Z,1
pull,30860,b'open',34969,https://api.github.com/repos/facebook/react-native/pulls/34969,,2022-10-13T12:38:19Z,3
pull,33596,b'closed',33666,https://api.github.com/repos/facebook/react-native/pulls/33666,,2022-04-19T15:51:39Z,1
pull,35005,b'open',11684,https://api.github.com/repos/Expensify/App/pulls/11684,,2022-10-08T16:05:44Z,12
pull,34607,b'open',667,https://api.github.com/repos/Shopify/flash-list/pulls/667,,2022-11-08T10:00:19Z,1
pull,31953,b'closed',32282,https://api.github.com/repos/facebook/react-native/pulls/32282,,2021-09-28T14:35:25Z,2
pull,31646,b'closed',31648,https://api.github.com/repos/facebook/react-native/pulls/31648,,2021-06-03T02:48:46Z,3
pull,31646,b'closed',34759,https://api.github.com/repos/facebook/react-native/pulls/34759,,2022-09-21T23:47:27Z,4
pull,34894,b'closed',34895,https://api.github.com/repos/facebook/react-native/pulls/34895,,2022-10-07T11:44:27Z,1
pull,34891,b'open',34892,https://api.github.com/repos/facebook/react-native/pulls/34892,,2022-10-07T06:28:28Z,1
pull,34888,b'open',10688,https://api.github.com/repos/microsoft/react-native-windows/pulls/10688,2022-10-06T20:17:34Z,2022-10-06T17:56:17Z,2
pull,30748,b'closed',32179,https://api.github.com/repos/facebook/react-native/pulls/32179,,2021-09-10T04:35:59Z,1
pull,33513,b'closed',33519,https://api.github.com/repos/facebook/react-native/pulls/33519,,2022-03-29T19:59:07Z,1
pull,34686,b'open',34678,https://api.github.com/repos/facebook/react-native/pulls/34678,,2022-09-13T15:39:46Z,1
pull,34610,b'closed',806,https://api.github.com/repos/NOUIY/react-native-macos/pulls/806,,2022-10-11T21:00:10Z,1
pull,34610,b'closed',857,https://api.github.com/repos/NOUIY/react-native-macos/pulls/857,,2022-10-25T23:49:15Z,1
pull,34610,b'closed',887,https://api.github.com/repos/NOUIY/react-native-macos/pulls/887,,2022-11-03T01:06:55Z,1
pull,31181,b'closed',31141,https://api.github.com/repos/facebook/react-native/pulls/31141,,2021-03-12T03:59:53Z,1
pull,31181,b'closed',31380,https://api.github.com/repos/facebook/react-native/pulls/31380,,2021-04-19T06:38:31Z,4
pull,34116,b'closed',34151,https://api.github.com/repos/facebook/react-native/pulls/34151,,2022-07-07T04:02:39Z,2
pull,29312,b'open',28881,https://api.github.com/repos/facebook/react-native/pulls/28881,,2020-05-12T16:27:45Z,2
pull,31537,b'open',35060,https://api.github.com/repos/facebook/react-native/pulls/35060,,2022-10-24T09:34:13Z,6
pull,27089,b'closed',29292,https://api.github.com/repos/facebook/react-native/pulls/29292,,2020-07-07T15:47:40Z,1
pull,30191,b'closed',30919,https://api.github.com/repos/facebook/react-native/pulls/30919,,2021-02-09T11:41:03Z,2
pull,31606,b'closed',31608,https://api.github.com/repos/facebook/react-native/pulls/31608,,2021-05-27T00:58:55Z,12
pull,29323,b'closed',30324,https://api.github.com/repos/facebook/react-native/pulls/30324,,2020-11-05T19:39:46Z,1
pull,31275,b'open',31380,https://api.github.com/repos/facebook/react-native/pulls/31380,,2021-04-19T06:38:31Z,4
pull,29290,b'open',2799,https://api.github.com/repos/Expensify/App/pulls/2799,2021-05-13T04:51:04Z,2021-05-11T17:56:36Z,1
pull,32253,b'closed',3,https://api.github.com/repos/popshoplive/react-native-shareplay/pulls/3,2021-11-09T13:29:57Z,2021-11-09T11:05:59Z,5
pull,33013,b'closed',33456,https://api.github.com/repos/facebook/react-native/pulls/33456,,2022-03-20T21:37:15Z,2
pull,30741,b'open',31209,https://api.github.com/repos/facebook/react-native/pulls/31209,,2021-03-22T09:13:55Z,2
pull,34714,b'open',34803,https://api.github.com/repos/facebook/react-native/pulls/34803,,2022-09-27T14:36:24Z,4
pull,32051,b'closed',471,https://api.github.com/repos/revtel/react-native-nfc-manager/pulls/471,2022-01-09T07:14:27Z,2021-12-22T08:17:03Z,1
pull,31583,b'closed',2477,https://api.github.com/repos/ecency/ecency-mobile/pulls/2477,2022-09-19T13:38:18Z,2022-09-19T13:33:24Z,5
pull,34565,b'closed',34566,https://api.github.com/repos/facebook/react-native/pulls/34566,,2022-09-02T00:10:00Z,1
pull,34565,b'closed',1693,https://api.github.com/repos/react-native-community/cli/pulls/1693,,2022-09-02T00:13:19Z,1
pull,29303,b'closed',29754,https://api.github.com/repos/facebook/react-native/pulls/29754,,2020-08-25T00:29:08Z,1
pull,29303,b'closed',568,https://api.github.com/repos/callstack/react-native-testing-library/pulls/568,2021-03-02T12:49:30Z,2020-10-08T08:17:25Z,12
pull,29303,b'closed',10874,https://api.github.com/repos/facebook/jest/pulls/10874,2020-12-05T16:10:30Z,2020-11-26T18:10:58Z,6
pull,29303,b'closed',37715,https://api.github.com/repos/WordPress/gutenberg/pulls/37715,2022-01-11T18:16:04Z,2022-01-04T23:06:50Z,39
pull,29303,b'closed',15,https://api.github.com/repos/artsy/energy/pulls/15,,2022-05-06T13:46:04Z,17
pull,29303,b'closed',21,https://api.github.com/repos/artsy/energy/pulls/21,2022-05-13T10:47:32Z,2022-05-12T14:28:01Z,13
pull,29303,b'closed',34659,https://api.github.com/repos/facebook/react-native/pulls/34659,,2022-09-11T21:34:51Z,3
pull,29303,b'closed',3909,https://api.github.com/repos/pass-culture/pass-culture-app-native/pulls/3909,,2022-11-14T17:25:48Z,1
pull,29303,b'closed',49,https://api.github.com/repos/artsy/palette-mobile/pulls/49,2023-02-03T21:33:43Z,2023-02-03T21:00:57Z,26
pull,33734,b'closed',585,https://api.github.com/repos/leotm/react-native-template-new-architecture/pulls/585,2022-05-12T15:50:52Z,2022-05-04T21:34:27Z,383
pull,33734,b'closed',929,https://api.github.com/repos/meliorence/react-native-snap-carousel/pulls/929,,2022-07-06T20:22:09Z,5
pull,34649,b'open',34650,https://api.github.com/repos/facebook/react-native/pulls/34650,,2022-09-09T19:09:09Z,1
pull,31260,b'open',31380,https://api.github.com/repos/facebook/react-native/pulls/31380,,2021-04-19T06:38:31Z,4
pull,34639,b'open',34640,https://api.github.com/repos/facebook/react-native/pulls/34640,,2022-09-09T01:19:54Z,1
pull,34639,b'open',131,https://api.github.com/repos/microsoft/hermes-windows/pulls/131,2022-09-12T19:13:14Z,2022-09-09T23:08:59Z,1
pull,34639,b'open',10562,https://api.github.com/repos/microsoft/react-native-windows/pulls/10562,2022-09-14T18:43:08Z,2022-09-13T00:35:10Z,2
pull,32145,b'closed',2404,https://api.github.com/repos/software-mansion/react-native-reanimated/pulls/2404,2021-09-13T09:54:07Z,2021-09-10T10:02:40Z,1
pull,27107,b'closed',28952,https://api.github.com/repos/facebook/react-native/pulls/28952,,2020-05-22T13:35:57Z,3
pull,31484,b'closed',5163,https://api.github.com/repos/zulip/zulip-mobile/pulls/5163,2021-12-21T20:46:00Z,2021-12-09T09:27:01Z,5
pull,31484,b'closed',2,https://api.github.com/repos/gabrieldonadel/react-native/pulls/2,,2022-01-21T21:58:02Z,7
pull,31484,b'closed',33137,https://api.github.com/repos/facebook/react-native/pulls/33137,,2022-02-17T23:25:27Z,6
pull,31484,b'closed',34406,https://api.github.com/repos/facebook/react-native/pulls/34406,,2022-08-13T21:20:00Z,7
pull,31484,b'closed',34503,https://api.github.com/repos/facebook/react-native/pulls/34503,,2022-08-26T04:44:52Z,1
pull,32054,b'closed',55354,https://api.github.com/repos/DefinitelyTyped/DefinitelyTyped/pulls/55354,2021-09-08T07:19:23Z,2021-08-24T18:11:37Z,17
pull,31605,b'closed',31608,https://api.github.com/repos/facebook/react-native/pulls/31608,,2021-05-27T00:58:55Z,12
pull,31605,b'closed',31619,https://api.github.com/repos/facebook/react-native/pulls/31619,,2021-05-27T22:47:40Z,0
pull,31605,b'closed',32064,https://api.github.com/repos/facebook/react-native/pulls/32064,,2021-08-22T20:40:53Z,3
pull,33950,b'closed',34362,https://api.github.com/repos/facebook/react-native/pulls/34362,,2022-08-07T11:54:06Z,1
pull,31056,b'closed',34427,https://api.github.com/repos/facebook/react-native/pulls/34427,,2022-08-16T08:51:35Z,2
pull,30972,b'closed',3224,https://api.github.com/repos/facebook/react-native-website/pulls/3224,2022-09-06T09:29:42Z,2022-07-25T12:46:14Z,2
pull,30972,b'closed',34267,https://api.github.com/repos/facebook/react-native/pulls/34267,,2022-07-25T07:26:31Z,2
pull,30475,b'closed',29046,https://api.github.com/repos/facebook/react-native/pulls/29046,,2020-06-03T18:24:45Z,1
pull,30717,b'closed',31538,https://api.github.com/repos/facebook/react-native/pulls/31538,,2021-05-17T14:45:20Z,1
pull,30717,b'closed',33135,https://api.github.com/repos/facebook/react-native/pulls/33135,,2022-02-17T16:20:44Z,1
pull,33129,b'closed',33135,https://api.github.com/repos/facebook/react-native/pulls/33135,,2022-02-17T16:20:44Z,1
pull,24149,b'closed',25039,https://api.github.com/repos/facebook/react-native/pulls/25039,,2019-05-25T17:00:53Z,7
pull,29577,b'closed',32026,https://api.github.com/repos/facebook/react-native/pulls/32026,,2021-08-17T13:23:47Z,1
pull,30939,b'closed',354,https://api.github.com/repos/callstack/react-native-slider/pulls/354,2022-02-28T17:17:57Z,2022-02-01T02:14:27Z,5
pull,33060,b'closed',294,https://api.github.com/repos/ripe-tech/ripe-components-react-native/pulls/294,2022-02-10T16:17:26Z,2022-02-07T14:15:19Z,6
pull,33077,b'closed',7433,https://api.github.com/repos/Expensify/App/pulls/7433,,2022-01-27T04:21:24Z,8
pull,31607,b'closed',31608,https://api.github.com/repos/facebook/react-native/pulls/31608,,2021-05-27T00:58:55Z,12
pull,31607,b'closed',31631,https://api.github.com/repos/facebook/react-native/pulls/31631,,2021-05-29T22:07:42Z,2
pull,29378,b'closed',1340,https://api.github.com/repos/BlueWallet/BlueWallet/pulls/1340,2020-10-07T12:24:37Z,2020-07-09T00:42:52Z,14
pull,29378,b'closed',30057,https://api.github.com/repos/facebook/react-native/pulls/30057,,2020-09-28T16:59:55Z,1
pull,29378,b'closed',29830,https://api.github.com/repos/facebook/react-native/pulls/29830,,2020-09-02T08:42:45Z,1
pull,29412,b'closed',29830,https://api.github.com/repos/facebook/react-native/pulls/29830,,2020-09-02T08:42:45Z,1
pull,29412,b'closed',30897,https://api.github.com/repos/facebook/react-native/pulls/30897,,2021-02-05T10:24:24Z,4
pull,29495,b'closed',30057,https://api.github.com/repos/facebook/react-native/pulls/30057,,2020-09-28T16:59:55Z,1
pull,29495,b'closed',29830,https://api.github.com/repos/facebook/react-native/pulls/29830,,2020-09-02T08:42:45Z,1
pull,29495,b'closed',33337,https://api.github.com/repos/WordPress/gutenberg/pulls/33337,2021-07-12T21:34:43Z,2021-07-09T21:01:46Z,2
pull,29495,b'closed',3716,https://api.github.com/repos/wordpress-mobile/gutenberg-mobile/pulls/3716,2021-07-12T21:59:56Z,2021-07-09T21:09:28Z,1
pull,29717,b'closed',29830,https://api.github.com/repos/facebook/react-native/pulls/29830,,2020-09-02T08:42:45Z,1
pull,30183,b'closed',29830,https://api.github.com/repos/facebook/react-native/pulls/29830,,2020-09-02T08:42:45Z,1
pull,30846,b'closed',32470,https://api.github.com/repos/facebook/react-native/pulls/32470,,2021-10-25T09:03:06Z,9
pull,30846,b'closed',34371,https://api.github.com/repos/facebook/react-native/pulls/34371,,2022-08-09T08:26:39Z,2
pull,30846,b'closed',3249,https://api.github.com/repos/facebook/react-native-website/pulls/3249,2022-08-16T21:06:32Z,2022-08-09T11:02:15Z,3
pull,30283,b'closed',31007,https://api.github.com/repos/facebook/react-native/pulls/31007,,2021-02-17T17:20:47Z,1
pull,32020,b'closed',459,https://api.github.com/repos/newsuk/times-components-native/pulls/459,,2021-08-13T16:52:51Z,23
pull,27658,b'closed',28995,https://api.github.com/repos/facebook/react-native/pulls/28995,,2020-05-28T09:29:19Z,2
pull,28794,b'closed',28995,https://api.github.com/repos/facebook/react-native/pulls/28995,,2020-05-28T09:29:19Z,2
pull,30377,b'closed',31140,https://api.github.com/repos/facebook/react-native/pulls/31140,,2021-03-11T17:32:38Z,1
pull,34229,b'closed',34255,https://api.github.com/repos/facebook/react-native/pulls/34255,,2022-07-23T13:44:06Z,2
pull,32497,b'closed',34111,https://api.github.com/repos/facebook/react-native/pulls/34111,,2022-06-30T15:49:10Z,1
pull,34212,b'closed',34111,https://api.github.com/repos/facebook/react-native/pulls/34111,,2022-06-30T15:49:10Z,1
pull,27232,b'closed',29039,https://api.github.com/repos/facebook/react-native/pulls/29039,,2020-06-03T07:55:01Z,6
pull,34143,b'closed',2467,https://api.github.com/repos/OneKeyHQ/app-monorepo/pulls/2467,2023-02-01T14:09:09Z,2023-02-01T04:01:01Z,1
pull,34348,b'closed',36075,https://api.github.com/repos/facebook/react-native/pulls/36075,,2023-02-07T06:06:52Z,5
pull,30964,b'closed',31630,https://api.github.com/repos/facebook/react-native/pulls/31630,,2021-05-29T18:06:28Z,6
pull,34034,b'closed',34205,https://api.github.com/repos/facebook/react-native/pulls/34205,,2022-07-16T18:02:19Z,2
pull,33641,b'closed',32983,https://api.github.com/repos/facebook/react-native/pulls/32983,,2022-01-27T22:40:39Z,3
pull,34247,b'closed',1660,https://api.github.com/repos/react-native-community/cli/pulls/1660,2022-07-28T16:41:26Z,2022-07-28T12:07:34Z,2
pull,31779,b'closed',31780,https://api.github.com/repos/facebook/react-native/pulls/31780,,2021-06-27T15:39:45Z,1
pull,34120,b'closed',34254,https://api.github.com/repos/facebook/react-native/pulls/34254,,2022-07-23T09:51:31Z,10
pull,34120,b'closed',619,https://api.github.com/repos/grahammendick/navigation/pulls/619,2022-07-28T18:44:21Z,2022-07-28T18:43:40Z,25
pull,30861,b'closed',34267,https://api.github.com/repos/facebook/react-native/pulls/34267,,2022-07-25T07:26:31Z,2
pull,30861,b'closed',3224,https://api.github.com/repos/facebook/react-native-website/pulls/3224,2022-09-06T09:29:42Z,2022-07-25T12:46:14Z,2
pull,29308,b'open',2537,https://api.github.com/repos/facebook/react-native-website/pulls/2537,2021-03-10T15:17:02Z,2021-03-09T14:21:59Z,2
pull,32904,b'closed',1729,https://api.github.com/repos/microsoft/vscode-react-native/pulls/1729,2022-01-24T11:11:24Z,2022-01-18T10:26:02Z,2
pull,34103,b'closed',3178,https://api.github.com/repos/facebook/react-native-website/pulls/3178,2022-06-29T19:19:08Z,2022-06-24T15:28:44Z,3
pull,34103,b'closed',34166,https://api.github.com/repos/facebook/react-native/pulls/34166,,2022-07-09T18:16:15Z,3
pull,34103,b'closed',34310,https://api.github.com/repos/facebook/react-native/pulls/34310,,2022-07-30T13:07:31Z,3
pull,33668,b'closed',340,https://api.github.com/repos/Shopify/flash-list/pulls/340,,2022-04-25T15:54:49Z,35
pull,31592,b'closed',31622,https://api.github.com/repos/facebook/react-native/pulls/31622,,2021-05-28T05:11:28Z,2
pull,28784,b'open',15,https://api.github.com/repos/etn-ccis/blui-react-native-design-patterns/pulls/15,2020-09-04T16:37:27Z,2020-09-02T14:41:07Z,6
pull,31602,b'closed',31608,https://api.github.com/repos/facebook/react-native/pulls/31608,,2021-05-27T00:58:55Z,12
pull,31602,b'closed',31798,https://api.github.com/repos/facebook/react-native/pulls/31798,,2021-07-01T16:54:28Z,1
pull,30373,b'open',34141,https://api.github.com/repos/facebook/react-native/pulls/34141,,2022-07-06T10:42:53Z,3
pull,22005,b'closed',1261,https://api.github.com/repos/pillarwallet/pillarwallet/pulls/1261,2019-07-15T11:24:10Z,2019-07-15T11:14:49Z,1
pull,22005,b'closed',19714,https://api.github.com/repos/facebook/react-native/pulls/19714,,2018-06-14T14:09:00Z,3
pull,22005,b'closed',10393,https://api.github.com/repos/status-im/status-mobile/pulls/10393,2020-06-22T10:45:39Z,2020-04-21T16:31:18Z,1
pull,27952,b'closed',28008,https://api.github.com/repos/facebook/react-native/pulls/28008,,2020-02-09T17:29:54Z,6
pull,34165,b'closed',34217,https://api.github.com/repos/facebook/react-native/pulls/34217,,2022-07-18T20:35:49Z,1
pull,34165,b'closed',34254,https://api.github.com/repos/facebook/react-native/pulls/34254,,2022-07-23T09:51:31Z,10
pull,34165,b'closed',1484,https://api.github.com/repos/microsoft/react-native-macos/pulls/1484,2022-11-11T21:20:58Z,2022-11-11T12:19:19Z,1
pull,29203,b'open',5065,https://api.github.com/repos/artsy/eigen/pulls/5065,2021-06-30T17:56:29Z,2021-06-30T14:09:53Z,1
pull,32366,b'closed',7423,https://api.github.com/repos/wix/react-native-navigation/pulls/7423,2022-01-18T21:43:45Z,2022-01-18T16:55:48Z,9
pull,31604,b'closed',31608,https://api.github.com/repos/facebook/react-native/pulls/31608,,2021-05-27T00:58:55Z,12
pull,31604,b'closed',31804,https://api.github.com/repos/facebook/react-native/pulls/31804,,2021-07-02T17:33:26Z,3
pull,31774,b'closed',31789,https://api.github.com/repos/facebook/react-native/pulls/31789,,2021-06-29T20:14:28Z,4
pull,31774,b'closed',581,https://api.github.com/repos/wonday/react-native-pdf/pulls/581,2021-10-26T15:18:11Z,2021-07-08T06:56:24Z,8
pull,33577,b'open',181,https://api.github.com/repos/lyswhut/lx-music-mobile/pulls/181,,2023-01-09T10:07:46Z,29
pull,27504,b'open',27514,https://api.github.com/repos/facebook/react-native/pulls/27514,,2019-12-15T07:23:08Z,1779
pull,27504,b'open',28977,https://api.github.com/repos/facebook/react-native/pulls/28977,,2020-05-26T10:06:27Z,1
pull,27504,b'open',34141,https://api.github.com/repos/facebook/react-native/pulls/34141,,2022-07-06T10:42:53Z,3
pull,31440,b'open',2655,https://api.github.com/repos/facebook/react-native-website/pulls/2655,,2021-06-24T04:00:43Z,1
pull,30533,b'open',1612,https://api.github.com/repos/wix/react-native-ui-lib/pulls/1612,2021-10-24T10:42:52Z,2021-10-19T10:24:45Z,8
pull,30320,b'open',1555,https://api.github.com/repos/software-mansion/react-native-gesture-handler/pulls/1555,,2021-08-11T14:05:41Z,1
pull,30320,b'open',1556,https://api.github.com/repos/software-mansion/react-native-gesture-handler/pulls/1556,,2021-08-11T14:12:00Z,1
pull,30320,b'open',1,https://api.github.com/repos/PicnicSupermarket/react-native-gesture-handler/pulls/1,,2021-08-11T14:12:51Z,1
pull,30320,b'open',2,https://api.github.com/repos/PicnicSupermarket/react-native-gesture-handler/pulls/2,2021-08-11T15:03:48Z,2021-08-11T14:56:31Z,1
pull,30320,b'open',1681,https://api.github.com/repos/software-mansion/react-native-gesture-handler/pulls/1681,,2021-10-14T16:52:16Z,1
pull,31692,b'open',208,https://api.github.com/repos/PedroBern/react-native-collapsible-tab-view/pulls/208,2021-11-04T17:15:59Z,2021-10-30T19:43:01Z,6
pull,34077,b'closed',3182,https://api.github.com/repos/facebook/react-native-website/pulls/3182,2022-06-27T21:05:54Z,2022-06-27T19:53:55Z,1
pull,34074,b'closed',3182,https://api.github.com/repos/facebook/react-native-website/pulls/3182,2022-06-27T21:05:54Z,2022-06-27T19:53:55Z,1
pull,33029,b'closed',33057,https://api.github.com/repos/facebook/react-native/pulls/33057,,2022-02-06T20:45:13Z,6
pull,30859,b'open',33468,https://api.github.com/repos/facebook/react-native/pulls/33468,,2022-03-23T04:39:56Z,16
pull,30848,b'open',3010,https://api.github.com/repos/facebook/react-native-website/pulls/3010,,2022-03-16T04:44:02Z,1
pull,30848,b'open',33468,https://api.github.com/repos/facebook/react-native/pulls/33468,,2022-03-23T04:39:56Z,16
pull,33648,b'open',34058,https://api.github.com/repos/facebook/react-native/pulls/34058,,2022-06-23T14:40:48Z,1
pull,34038,b'closed',34039,https://api.github.com/repos/facebook/react-native/pulls/34039,,2022-06-21T23:04:15Z,1
pull,33534,b'closed',335,https://api.github.com/repos/ripe-tech/ripe-components-react-native/pulls/335,2022-06-01T12:09:01Z,2022-06-01T11:06:58Z,4
pull,30589,b'open',30689,https://api.github.com/repos/facebook/react-native/pulls/30689,,2021-01-05T18:51:08Z,1
pull,27203,b'open',28037,https://api.github.com/repos/facebook/react-native/pulls/28037,,2020-02-12T15:26:13Z,1
pull,33923,b'closed',33956,https://api.github.com/repos/facebook/react-native/pulls/33956,,2022-06-02T11:13:43Z,3
pull,6480,b'closed',175,https://api.github.com/repos/mastermoo/react-native-action-button/pulls/175,,2017-04-26T16:01:30Z,3
pull,6480,b'closed',185,https://api.github.com/repos/mastermoo/react-native-action-button/pulls/185,2017-06-17T14:51:29Z,2017-06-15T00:00:43Z,4
pull,30055,b'open',30072,https://api.github.com/repos/facebook/react-native/pulls/30072,,2020-09-30T02:01:12Z,2
pull,33451,b'closed',33,https://api.github.com/repos/jpush/jverification-react-native/pulls/33,,2022-06-15T12:08:56Z,3
pull,26342,b'closed',26343,https://api.github.com/repos/facebook/react-native/pulls/26343,,2019-09-05T12:30:51Z,3
pull,33966,b'closed',33967,https://api.github.com/repos/facebook/react-native/pulls/33967,,2022-06-06T18:48:25Z,1
pull,32239,b'closed',33703,https://api.github.com/repos/facebook/react-native/pulls/33703,,2022-04-24T07:19:44Z,1
pull,31269,b'closed',262,https://api.github.com/repos/react-native-community/upgrade-helper/pulls/262,2021-05-04T10:38:57Z,2021-04-30T08:58:38Z,2
pull,31269,b'closed',504,https://api.github.com/repos/two-app/two-app/pulls/504,2021-12-23T15:43:11Z,2021-12-23T15:16:54Z,3
pull,32716,b'closed',32699,https://api.github.com/repos/facebook/react-native/pulls/32699,,2021-12-02T23:11:33Z,1
pull,32823,b'open',27908,https://api.github.com/repos/facebook/react-native/pulls/27908,,2020-01-30T17:18:49Z,52
pull,32823,b'open',259,https://api.github.com/repos/shabados/mobile/pulls/259,2022-01-23T00:30:26Z,2022-01-20T23:45:45Z,6
pull,31061,b'closed',31062,https://api.github.com/repos/facebook/react-native/pulls/31062,,2021-02-26T10:41:51Z,1
pull,33977,b'closed',33983,https://api.github.com/repos/facebook/react-native/pulls/33983,,2022-06-09T14:02:27Z,2
pull,30502,b'closed',31681,https://api.github.com/repos/facebook/react-native/pulls/31681,,2021-06-08T08:19:40Z,2
pull,32697,b'closed',1,https://api.github.com/repos/MaeIg/react-native/pulls/1,,2021-12-13T23:54:21Z,3
pull,32697,b'closed',32774,https://api.github.com/repos/facebook/react-native/pulls/32774,,2021-12-16T17:58:21Z,3
pull,30018,b'open',164,https://api.github.com/repos/invertase/react-native-apple-authentication/pulls/164,,2020-11-16T20:57:47Z,1
pull,30018,b'open',1776,https://api.github.com/repos/react-native-webview/react-native-webview/pulls/1776,,2020-12-08T17:42:04Z,1
pull,33922,b'closed',33965,https://api.github.com/repos/facebook/react-native/pulls/33965,,2022-06-06T10:52:01Z,2
pull,31228,b'closed',31380,https://api.github.com/repos/facebook/react-native/pulls/31380,,2021-04-19T06:38:31Z,4
pull,25696,b'closed',25341,https://api.github.com/repos/facebook/react-native/pulls/25341,,2019-06-21T01:15:14Z,14
pull,31603,b'closed',31608,https://api.github.com/repos/facebook/react-native/pulls/31608,,2021-05-27T00:58:55Z,12
pull,31603,b'closed',31644,https://api.github.com/repos/facebook/react-native/pulls/31644,,2021-06-02T01:52:45Z,3
pull,33065,b'open',33072,https://api.github.com/repos/facebook/react-native/pulls/33072,,2022-02-09T02:36:35Z,3
pull,33065,b'open',1236,https://api.github.com/repos/microsoft/react-native-macos/pulls/1236,2022-07-07T19:32:47Z,2022-07-07T18:52:40Z,3
pull,33065,b'open',1237,https://api.github.com/repos/microsoft/react-native-macos/pulls/1237,2022-07-07T21:37:18Z,2022-07-07T20:08:47Z,3
pull,30854,b'closed',31532,https://api.github.com/repos/facebook/react-native/pulls/31532,,2021-05-16T00:46:42Z,5
pull,31621,b'closed',31622,https://api.github.com/repos/facebook/react-native/pulls/31622,,2021-05-28T05:11:28Z,2
pull,30578,b'open',31376,https://api.github.com/repos/facebook/react-native/pulls/31376,,2021-04-17T21:54:11Z,1
pull,27333,b'open',2537,https://api.github.com/repos/facebook/react-native-website/pulls/2537,2021-03-10T15:17:02Z,2021-03-09T14:21:59Z,2
pull,29981,b'open',30083,https://api.github.com/repos/facebook/react-native/pulls/30083,,2020-10-01T08:37:51Z,1
pull,31374,b'open',33808,https://api.github.com/repos/facebook/react-native/pulls/33808,,2022-05-11T20:52:03Z,2
pull,31374,b'open',11,https://api.github.com/repos/discord/react-native/pulls/11,2022-05-14T00:31:15Z,2022-05-11T21:00:19Z,2
pull,32618,b'closed',32620,https://api.github.com/repos/facebook/react-native/pulls/32620,2021-12-02T19:22:40Z,2021-11-18T08:29:59Z,1
pull,33751,b'closed',33756,https://api.github.com/repos/facebook/react-native/pulls/33756,,2022-05-04T11:14:27Z,1
pull,30951,b'closed',31108,https://api.github.com/repos/facebook/react-native/pulls/31108,,2021-03-06T10:48:10Z,4
pull,31249,b'open',31380,https://api.github.com/repos/facebook/react-native/pulls/31380,,2021-04-19T06:38:31Z,4
pull,33562,b'closed',33564,https://api.github.com/repos/facebook/react-native/pulls/33564,,2022-04-04T17:08:10Z,1
pull,28517,b'closed',29585,https://api.github.com/repos/facebook/react-native/pulls/29585,,2020-08-07T13:12:13Z,1
pull,30842,b'closed',31144,https://api.github.com/repos/facebook/react-native/pulls/31144,,2021-03-12T12:02:25Z,3
pull,29265,b'open',28881,https://api.github.com/repos/facebook/react-native/pulls/28881,,2020-05-12T16:27:45Z,2
pull,33586,b'closed',276,https://api.github.com/repos/leotm/react-native-template-new-architecture/pulls/276,2022-04-27T17:20:29Z,2022-01-15T14:29:32Z,15
pull,33586,b'closed',167,https://api.github.com/repos/react-native-community/docker-android/pulls/167,,2022-03-14T12:58:10Z,1
pull,33763,b'closed',3110,https://api.github.com/repos/facebook/react-native-website/pulls/3110,2022-05-13T15:42:54Z,2022-05-10T13:02:11Z,14
pull,30936,b'closed',31252,https://api.github.com/repos/facebook/react-native/pulls/31252,,2021-03-26T18:14:42Z,3
pull,28709,b'open',586,https://api.github.com/repos/tonlabs/UIKit/pulls/586,2020-05-22T20:03:58Z,2020-05-22T16:41:02Z,2
pull,31354,b'closed',31380,https://api.github.com/repos/facebook/react-native/pulls/31380,,2021-04-19T06:38:31Z,4
pull,31412,b'closed',9,https://api.github.com/repos/topcubeyza/social-app/pulls/9,,2021-08-30T16:00:45Z,5
pull,31412,b'closed',3,https://api.github.com/repos/BrightcovePS/react-native-brightcove-player/pulls/3,2022-02-11T08:50:40Z,2022-02-10T16:46:01Z,3
pull,33705,b'closed',33765,https://api.github.com/repos/facebook/react-native/pulls/33765,,2022-05-05T05:46:01Z,5
pull,31394,b'closed',31402,https://api.github.com/repos/facebook/react-native/pulls/31402,,2021-04-21T23:18:19Z,6
pull,31330,b'closed',31344,https://api.github.com/repos/facebook/react-native/pulls/31344,,2021-04-12T22:50:10Z,3
pull,33540,b'closed',33541,https://api.github.com/repos/facebook/react-native/pulls/33541,,2022-03-31T20:01:03Z,2
pull,33529,b'closed',33558,https://api.github.com/repos/facebook/react-native/pulls/33558,,2022-04-03T10:14:18Z,3
pull,31193,b'closed',31195,https://api.github.com/repos/facebook/react-native/pulls/31195,,2021-03-19T09:29:37Z,1
pull,24855,b'closed',27236,https://api.github.com/repos/facebook/react-native/pulls/27236,,2019-11-15T14:54:28Z,1
pull,24855,b'closed',27397,https://api.github.com/repos/facebook/react-native/pulls/27397,,2019-12-03T10:20:40Z,1
pull,31190,b'closed',3170,https://api.github.com/repos/BlueWallet/BlueWallet/pulls/3170,2021-07-06T09:38:54Z,2021-05-18T02:56:27Z,15
pull,33121,b'closed',33133,https://api.github.com/repos/facebook/react-native/pulls/33133,,2022-02-17T13:08:34Z,1
pull,33121,b'closed',33991,https://api.github.com/repos/facebook/react-native/pulls/33991,,2022-06-10T10:22:54Z,1
pull,33043,b'closed',33044,https://api.github.com/repos/facebook/react-native/pulls/33044,,2022-02-04T10:46:50Z,1
pull,31956,b'closed',31958,https://api.github.com/repos/facebook/react-native/pulls/31958,,2021-08-04T20:54:36Z,2
pull,29849,b'open',30027,https://api.github.com/repos/facebook/react-native/pulls/30027,,2020-09-24T22:37:04Z,2
pull,27243,b'closed',28597,https://api.github.com/repos/facebook/react-native/pulls/28597,,2020-04-11T17:10:31Z,2
pull,27243,b'closed',28798,https://api.github.com/repos/facebook/react-native/pulls/28798,,2020-05-01T14:12:00Z,1
pull,27243,b'closed',28834,https://api.github.com/repos/facebook/react-native/pulls/28834,,2020-05-05T23:08:04Z,9
pull,30866,b'closed',31063,https://api.github.com/repos/facebook/react-native/pulls/31063,,2021-02-26T16:05:23Z,5
pull,30952,b'closed',31224,https://api.github.com/repos/facebook/react-native/pulls/31224,,2021-03-24T02:59:49Z,3
pull,30955,b'closed',31144,https://api.github.com/repos/facebook/react-native/pulls/31144,,2021-03-12T12:02:25Z,3
pull,26661,b'open',30367,https://api.github.com/repos/facebook/react-native/pulls/30367,,2020-11-12T05:08:32Z,6
pull,33452,b'closed',33453,https://api.github.com/repos/facebook/react-native/pulls/33453,,2022-03-19T21:42:11Z,1
pull,30922,b'closed',31134,https://api.github.com/repos/facebook/react-native/pulls/31134,,2021-03-11T03:57:22Z,1
pull,31238,b'closed',31380,https://api.github.com/repos/facebook/react-native/pulls/31380,,2021-04-19T06:38:31Z,4
pull,33497,b'closed',33499,https://api.github.com/repos/facebook/react-native/pulls/33499,,2022-03-25T12:10:30Z,1
pull,30690,b'closed',30372,https://api.github.com/repos/facebook/react-native/pulls/30372,,2020-11-12T13:52:10Z,1
pull,30954,b'closed',31116,https://api.github.com/repos/facebook/react-native/pulls/31116,,2021-03-09T03:33:22Z,1
pull,29929,b'open',29953,https://api.github.com/repos/facebook/react-native/pulls/29953,,2020-09-15T09:29:35Z,1
pull,30950,b'closed',31135,https://api.github.com/repos/facebook/react-native/pulls/31135,,2021-03-11T05:39:42Z,3
pull,31180,b'closed',1202,https://api.github.com/repos/ant-design/ant-design-mobile-rn/pulls/1202,2021-11-06T06:55:26Z,2021-10-31T09:07:39Z,2
pull,28200,b'open',28229,https://api.github.com/repos/facebook/react-native/pulls/28229,,2020-03-05T01:39:53Z,0
pull,28200,b'open',28300,https://api.github.com/repos/facebook/react-native/pulls/28300,,2020-03-13T03:09:26Z,1
pull,28200,b'open',3342,https://api.github.com/repos/react-native-maps/react-native-maps/pulls/3342,,2020-03-16T23:52:33Z,19
pull,22747,b'closed',30928,https://api.github.com/repos/facebook/react-native/pulls/30928,,2021-02-10T14:23:28Z,1
pull,20119,b'open',19645,https://api.github.com/repos/facebook/react-native/pulls/19645,,2018-06-11T06:02:16Z,1
pull,30934,b'closed',31001,https://api.github.com/repos/facebook/react-native/pulls/31001,,2021-02-16T18:09:57Z,2
pull,30943,b'closed',31001,https://api.github.com/repos/facebook/react-native/pulls/31001,,2021-02-16T18:09:57Z,2
pull,28549,b'open',9746,https://api.github.com/repos/facebook/jest/pulls/9746,2020-04-23T20:44:48Z,2020-04-02T06:23:21Z,5
pull,31300,b'closed',31301,https://api.github.com/repos/facebook/react-native/pulls/31301,,2021-04-05T18:00:15Z,43
pull,30912,b'closed',30978,https://api.github.com/repos/facebook/react-native/pulls/30978,,2021-02-10T23:18:04Z,1
pull,33014,b'closed',2961,https://api.github.com/repos/facebook/react-native-website/pulls/2961,2022-03-10T11:58:10Z,2022-02-09T03:51:47Z,13
pull,29255,b'closed',1170,https://api.github.com/repos/mxcl/PromiseKit/pulls/1170,2021-05-22T20:08:22Z,2020-10-05T13:26:51Z,1
pull,30891,b'closed',33090,https://api.github.com/repos/facebook/react-native/pulls/33090,,2022-02-11T11:02:37Z,19
pull,31088,b'closed',31090,https://api.github.com/repos/facebook/react-native/pulls/31090,,2021-03-03T07:24:19Z,1
pull,31051,b'open',31053,https://api.github.com/repos/facebook/react-native/pulls/31053,,2021-02-25T14:19:12Z,1
pull,29638,b'open',29691,https://api.github.com/repos/facebook/react-native/pulls/29691,,2020-08-19T08:31:36Z,1
pull,30716,b'closed',2533,https://api.github.com/repos/facebook/react-native-website/pulls/2533,2021-03-10T16:12:17Z,2021-03-08T11:32:03Z,2
pull,32594,b'closed',32601,https://api.github.com/repos/facebook/react-native/pulls/32601,,2021-11-16T08:42:58Z,1
pull,32594,b'closed',32602,https://api.github.com/repos/facebook/react-native/pulls/32602,,2021-11-16T09:26:32Z,1
pull,32594,b'closed',2358,https://api.github.com/repos/getsentry/sentry-react-native/pulls/2358,,2022-07-07T17:02:36Z,3
pull,30947,b'closed',33076,https://api.github.com/repos/facebook/react-native/pulls/33076,,2022-02-09T08:26:12Z,2
pull,33018,b'closed',33057,https://api.github.com/repos/facebook/react-native/pulls/33057,,2022-02-06T20:45:13Z,6
pull,33002,b'closed',33057,https://api.github.com/repos/facebook/react-native/pulls/33057,,2022-02-06T20:45:13Z,6
pull,33011,b'closed',1105,https://api.github.com/repos/microsoft/rnx-kit/pulls/1105,2022-02-21T10:30:33Z,2022-02-16T01:33:28Z,3
pull,29747,b'closed',29752,https://api.github.com/repos/facebook/react-native/pulls/29752,,2020-08-24T22:39:14Z,1
pull,29747,b'closed',30308,https://api.github.com/repos/facebook/react-native/pulls/30308,,2020-11-03T08:47:57Z,1
pull,30944,b'closed',31199,https://api.github.com/repos/facebook/react-native/pulls/31199,,2021-03-19T14:23:32Z,3
pull,30944,b'closed',33070,https://api.github.com/repos/facebook/react-native/pulls/33070,,2022-02-09T01:55:29Z,1
pull,30937,b'closed',33076,https://api.github.com/repos/facebook/react-native/pulls/33076,,2022-02-09T08:26:12Z,2
pull,30840,b'closed',31001,https://api.github.com/repos/facebook/react-native/pulls/31001,,2021-02-16T18:09:57Z,2
pull,26003,b'closed',1404,https://api.github.com/repos/necolas/react-native-web/pulls/1404,,2019-07-23T19:00:07Z,1
pull,26003,b'closed',26004,https://api.github.com/repos/facebook/react-native/pulls/26004,,2019-08-09T19:37:00Z,0
pull,26003,b'closed',1183,https://api.github.com/repos/facebook/react-native-website/pulls/1183,,2019-08-09T19:41:03Z,1
pull,26003,b'closed',26010,https://api.github.com/repos/facebook/react-native/pulls/26010,,2019-08-10T07:28:06Z,7
pull,26003,b'closed',1184,https://api.github.com/repos/facebook/react-native-website/pulls/1184,2021-08-17T18:04:39Z,2019-08-10T07:29:55Z,1
pull,29866,b'closed',29926,https://api.github.com/repos/facebook/react-native/pulls/29926,,2020-09-10T23:39:25Z,1
pull,30814,b'closed',1376,https://api.github.com/repos/rnmapbox/maps/pulls/1376,,2021-06-01T11:55:52Z,1
pull,29319,b'open',31500,https://api.github.com/repos/facebook/react-native/pulls/31500,,2021-05-09T23:38:00Z,3
pull,32297,b'open',24,https://api.github.com/repos/jgkim/react-native-status-bar-size/pulls/24,,2022-01-28T12:15:45Z,1
pull,32297,b'open',22,https://api.github.com/repos/jgkim/react-native-status-bar-size/pulls/22,,2021-01-30T23:33:41Z,3
pull,30271,b'closed',30535,https://api.github.com/repos/facebook/react-native/pulls/30535,,2020-12-05T02:37:20Z,3
pull,30920,b'open',33482,https://api.github.com/repos/facebook/react-native/pulls/33482,,2022-03-24T06:40:16Z,1
pull,32180,b'closed',5385,https://api.github.com/repos/StoDevX/AAO-React-Native/pulls/5385,2021-10-10T00:04:04Z,2021-10-08T20:18:36Z,1
pull,32198,b'closed',12589,https://api.github.com/repos/status-im/status-mobile/pulls/12589,,2021-09-15T22:07:21Z,22
pull,32198,b'closed',12594,https://api.github.com/repos/status-im/status-mobile/pulls/12594,2021-10-04T13:38:39Z,2021-09-17T00:00:21Z,27
pull,21342,b'closed',21343,https://api.github.com/repos/facebook/react-native/pulls/21343,,2018-09-27T00:59:09Z,2
pull,21342,b'closed',21345,https://api.github.com/repos/facebook/react-native/pulls/21345,,2018-09-27T02:17:37Z,1
pull,21342,b'closed',21346,https://api.github.com/repos/facebook/react-native/pulls/21346,,2018-09-27T02:19:55Z,1
pull,32252,b'closed',32455,https://api.github.com/repos/facebook/react-native/pulls/32455,,2021-10-21T20:03:13Z,1
pull,28602,b'open',1271,https://api.github.com/repos/instructure/canvas-ios/pulls/1271,2020-04-23T21:30:27Z,2020-04-23T20:13:41Z,2
pull,28602,b'open',29895,https://api.github.com/repos/facebook/react-native/pulls/29895,,2020-09-08T16:53:38Z,1
pull,32255,b'closed',1484,https://api.github.com/repos/react-native-community/cli/pulls/1484,2021-10-18T08:03:24Z,2021-10-15T16:33:05Z,1
pull,28140,b'open',29809,https://api.github.com/repos/facebook/react-native/pulls/29809,,2020-08-29T19:00:09Z,11
pull,30497,b'closed',161,https://api.github.com/repos/applicaster/zapp-platform-android/pulls/161,2021-09-14T21:53:41Z,2021-09-14T21:12:13Z,3
pull,32279,b'closed',208,https://api.github.com/repos/PedroBern/react-native-collapsible-tab-view/pulls/208,2021-11-04T17:15:59Z,2021-10-30T19:43:01Z,6
pull,32311,b'closed',1755,https://api.github.com/repos/pass-culture/pass-culture-app-native/pulls/1755,2021-10-01T08:04:43Z,2021-09-30T15:52:37Z,4
pull,32311,b'closed',23,https://api.github.com/repos/tiaanduplessis/react-native-email/pulls/23,,2021-12-23T18:50:16Z,1
pull,28011,b'open',28982,https://api.github.com/repos/facebook/react-native/pulls/28982,,2020-05-26T13:57:52Z,1
pull,28446,b'open',28451,https://api.github.com/repos/facebook/react-native/pulls/28451,,2020-03-30T16:59:50Z,1
pull,28298,b'open',1026,https://api.github.com/repos/software-mansion/react-native-reanimated/pulls/1026,2020-07-29T08:13:00Z,2020-07-26T10:34:55Z,1
pull,28298,b'open',9162,https://api.github.com/repos/expo/expo/pulls/9162,2020-07-30T20:44:23Z,2020-07-10T07:23:18Z,2021
pull,30147,b'open',30744,https://api.github.com/repos/facebook/react-native/pulls/30744,,2021-01-15T15:35:59Z,1
pull,30563,b'open',11105,https://api.github.com/repos/react-navigation/react-navigation/pulls/11105,,2022-12-16T08:36:51Z,5
pull,28876,b'open',28201,https://api.github.com/repos/facebook/react-native/pulls/28201,,2020-02-28T19:46:35Z,1
pull,32168,b'closed',32227,https://api.github.com/repos/facebook/react-native/pulls/32227,,2021-09-17T11:10:45Z,1
pull,30440,b'closed',30441,https://api.github.com/repos/facebook/react-native/pulls/30441,,2020-11-20T12:43:40Z,1
pull,30258,b'closed',30647,https://api.github.com/repos/facebook/react-native/pulls/30647,,2020-12-26T16:11:22Z,3
pull,29205,b'closed',29477,https://api.github.com/repos/facebook/react-native/pulls/29477,,2020-07-23T21:52:58Z,1
pull,30577,b'open',520,https://api.github.com/repos/react-native-modal/react-native-modal/pulls/520,2021-02-20T11:23:58Z,2021-02-08T20:15:16Z,1
pull,16067,b'closed',2,https://api.github.com/repos/melihberberolu/PokeFightClub/pulls/2,2018-02-05T05:33:27Z,2018-02-02T21:41:33Z,1
pull,30610,b'closed',30689,https://api.github.com/repos/facebook/react-native/pulls/30689,,2021-01-05T18:51:08Z,1
pull,32181,b'open',33,https://api.github.com/repos/criszz77/luna/pulls/33,2021-11-29T12:45:06Z,2021-11-28T20:45:45Z,5
pull,28934,b'open',29000,https://api.github.com/repos/facebook/react-native/pulls/29000,,2020-05-28T15:57:45Z,1
pull,29984,b'closed',29914,https://api.github.com/repos/facebook/react-native/pulls/29914,,2020-09-09T17:12:58Z,14
pull,30325,b'closed',30376,https://api.github.com/repos/facebook/react-native/pulls/30376,,2020-11-12T17:33:58Z,1
pull,29218,b'closed',1918,https://api.github.com/repos/necolas/react-native-web/pulls/1918,,2021-02-24T16:17:00Z,2
pull,29473,b'open',337,https://api.github.com/repos/maxs15/react-native-modalbox/pulls/337,,2021-01-21T06:05:27Z,1
pull,29473,b'open',7593,https://api.github.com/repos/laurent22/joplin/pulls/7593,2023-01-11T17:17:55Z,2023-01-07T15:44:35Z,3
pull,30366,b'closed',109,https://api.github.com/repos/ong-bitcoin-argentina/DIDI-SSI-Mobile/pulls/109,2021-02-05T14:54:04Z,2021-02-01T20:24:18Z,1
pull,32313,b'open',9858,https://api.github.com/repos/react-navigation/react-navigation/pulls/9858,2022-02-01T15:47:29Z,2021-08-23T16:03:32Z,1
pull,30415,b'closed',30417,https://api.github.com/repos/facebook/react-native/pulls/30417,,2020-11-17T20:09:22Z,1
pull,31345,b'open',31487,https://api.github.com/repos/facebook/react-native/pulls/31487,,2021-05-06T15:22:37Z,1
pull,31345,b'open',4921,https://api.github.com/repos/zulip/zulip-mobile/pulls/4921,2021-07-26T19:06:44Z,2021-07-22T18:50:48Z,1
pull,31345,b'open',867,https://api.github.com/repos/digidem/mapeo-mobile/pulls/867,2022-01-20T18:26:54Z,2021-11-10T14:07:30Z,30
pull,30329,b'closed',2,https://api.github.com/repos/colbyr/ReactNativeScratch/pulls/2,,2020-11-06T21:43:07Z,2
pull,30329,b'closed',30336,https://api.github.com/repos/facebook/react-native/pulls/30336,,2020-11-07T19:38:30Z,5
pull,29455,b'closed',1646,https://api.github.com/repos/necolas/react-native-web/pulls/1646,,2020-06-21T19:31:39Z,12
pull,29455,b'closed',29882,https://api.github.com/repos/facebook/react-native/pulls/29882,,2020-09-07T22:44:39Z,5
pull,30123,b'closed',30164,https://api.github.com/repos/facebook/react-native/pulls/30164,,2020-10-13T03:29:51Z,1
pull,30315,b'open',30596,https://api.github.com/repos/facebook/react-native/pulls/30596,,2020-12-16T06:15:00Z,5
pull,30311,b'closed',30316,https://api.github.com/repos/facebook/react-native/pulls/30316,,2020-11-04T15:26:55Z,1
pull,27845,b'closed',29609,https://api.github.com/repos/facebook/react-native/pulls/29609,,2020-08-10T19:16:09Z,2
pull,27845,b'closed',29914,https://api.github.com/repos/facebook/react-native/pulls/29914,,2020-09-09T17:12:58Z,14
pull,30288,b'open',1,https://api.github.com/repos/colbyr/ReactNativeScratch/pulls/1,,2020-10-30T23:46:23Z,1
pull,30288,b'open',30334,https://api.github.com/repos/facebook/react-native/pulls/30334,,2020-11-07T18:34:27Z,2
pull,30272,b'open',31064,https://api.github.com/repos/facebook/react-native/pulls/31064,,2021-02-26T17:28:59Z,2
pull,30272,b'open',2518,https://api.github.com/repos/facebook/react-native-website/pulls/2518,2021-02-26T16:31:15Z,2021-02-26T13:54:12Z,1
pull,29398,b'closed',29013,https://api.github.com/repos/facebook/react-native/pulls/29013,,2020-05-31T08:54:34Z,2
pull,29983,b'closed',30308,https://api.github.com/repos/facebook/react-native/pulls/30308,,2020-11-03T08:47:57Z,1
pull,30181,b'closed',250,https://api.github.com/repos/infinitered/apisauce/pulls/250,2020-10-26T23:52:30Z,2020-10-24T01:28:24Z,1
pull,32356,b'open',32357,https://api.github.com/repos/facebook/react-native/pulls/32357,,2021-10-08T10:32:09Z,1
pull,32356,b'open',32457,https://api.github.com/repos/facebook/react-native/pulls/32457,,2021-10-22T03:40:28Z,1
pull,32320,b'open',9,https://api.github.com/repos/wuba/taro-playground/pulls/9,,2021-10-18T15:37:11Z,20
pull,28824,b'closed',16,https://api.github.com/repos/react-native-webrtc-kit/react-native-webrtc-kit-samples/pulls/16,2020-07-04T14:48:57Z,2020-06-28T03:35:24Z,37
pull,29245,b'closed',29830,https://api.github.com/repos/facebook/react-native/pulls/29830,,2020-09-02T08:42:45Z,1
pull,23404,b'closed',1574,https://api.github.com/repos/facebook/react-native-website/pulls/1574,2020-03-05T13:44:28Z,2020-01-31T21:49:08Z,1
pull,25558,b'closed',13,https://api.github.com/repos/react-native-checkbox/react-native-checkbox/pulls/13,2019-07-25T07:23:05Z,2019-07-09T13:54:16Z,3
pull,25589,b'closed',1091,https://api.github.com/repos/facebook/react-native-website/pulls/1091,2019-07-11T18:15:21Z,2019-07-11T14:00:47Z,1
pull,25591,b'closed',25626,https://api.github.com/repos/facebook/react-native/pulls/25626,,2019-07-13T00:44:45Z,1
pull,25601,b'closed',246,https://api.github.com/repos/paritytech/parity-signer/pulls/246,2019-07-17T09:55:14Z,2019-06-16T13:23:26Z,74
pull,25629,b'closed',1,https://api.github.com/repos/bondehagen/react-native/pulls/1,,2019-07-24T13:49:03Z,1
pull,25629,b'closed',25807,https://api.github.com/repos/facebook/react-native/pulls/25807,,2019-07-24T13:55:52Z,1
pull,25643,b'closed',25649,https://api.github.com/repos/facebook/react-native/pulls/25649,,2019-07-14T22:53:56Z,1
pull,25653,b'closed',26109,https://api.github.com/repos/facebook/react-native/pulls/26109,,2019-08-19T17:06:18Z,1
pull,25664,b'closed',25884,https://api.github.com/repos/facebook/react-native/pulls/25884,,2019-07-31T04:55:59Z,1
pull,25667,b'closed',536,https://api.github.com/repos/react-native-community/cli/pulls/536,2019-07-15T18:33:12Z,2019-07-15T18:18:25Z,1
pull,25667,b'closed',541,https://api.github.com/repos/react-native-community/cli/pulls/541,2019-07-16T15:30:13Z,2019-07-16T13:34:37Z,2
pull,25667,b'closed',1056,https://api.github.com/repos/microsoft/vscode-react-native/pulls/1056,,2019-07-16T14:54:45Z,2
pull,25685,b'closed',28834,https://api.github.com/repos/facebook/react-native/pulls/28834,,2020-05-05T23:08:04Z,9
pull,25693,b'closed',25700,https://api.github.com/repos/facebook/react-native/pulls/25700,2019-07-18T10:54:35Z,2019-07-18T08:06:55Z,1
pull,25693,b'closed',25710,https://api.github.com/repos/facebook/react-native/pulls/25710,2019-07-18T11:22:04Z,2019-07-18T11:04:32Z,1
pull,25703,b'closed',17,https://api.github.com/repos/kamil-matula/Pokedex/pulls/17,2021-05-25T15:27:15Z,2021-05-24T22:47:41Z,6
pull,25744,b'closed',1125,https://api.github.com/repos/RocketChat/Rocket.Chat.ReactNative/pulls/1125,2019-09-02T16:19:05Z,2019-08-09T23:20:08Z,9
pull,25745,b'closed',25751,https://api.github.com/repos/facebook/react-native/pulls/25751,,2019-07-21T04:47:08Z,1
pull,25767,b'closed',25769,https://api.github.com/repos/facebook/react-native/pulls/25769,,2019-07-22T14:50:59Z,1
pull,29980,b'closed',3296,https://api.github.com/repos/reactjs/reactjs.org/pulls/3296,2020-10-01T10:10:17Z,2020-10-01T00:49:46Z,1
pull,30015,b'closed',4420,https://api.github.com/repos/zulip/zulip-mobile/pulls/4420,2021-01-22T01:46:24Z,2021-01-20T19:26:58Z,11
pull,25882,b'closed',37303,https://api.github.com/repos/DefinitelyTyped/DefinitelyTyped/pulls/37303,2019-08-02T04:52:22Z,2019-08-01T19:59:34Z,4
pull,25882,b'closed',55,https://api.github.com/repos/react-native-community/react-native-template-typescript/pulls/55,2019-08-12T12:18:16Z,2019-08-01T20:05:53Z,1
pull,25904,b'closed',604,https://api.github.com/repos/react-native-community/cli/pulls/604,2019-08-02T10:18:45Z,2019-08-01T23:18:05Z,1
pull,26181,b'closed',26611,https://api.github.com/repos/facebook/react-native/pulls/26611,,2019-09-27T06:02:56Z,2
pull,26193,b'closed',2141,https://api.github.com/repos/wordpress-mobile/gutenberg-mobile/pulls/2141,2020-04-30T09:12:49Z,2020-04-09T11:06:17Z,2
pull,26233,b'closed',26330,https://api.github.com/repos/facebook/react-native/pulls/26330,,2019-09-04T17:59:08Z,1
pull,26252,b'closed',1455,https://api.github.com/repos/facebook/react-native-website/pulls/1455,2019-12-27T08:42:22Z,2019-11-04T13:21:50Z,1
pull,26283,b'closed',1093,https://api.github.com/repos/Path-Check/safeplaces-dct-app/pulls/1093,2020-06-23T17:55:18Z,2020-06-22T23:54:44Z,3
pull,26283,b'closed',4664,https://api.github.com/repos/zulip/zulip-mobile/pulls/4664,2021-04-20T21:24:02Z,2021-04-15T15:02:47Z,7
pull,26293,b'closed',29239,https://api.github.com/repos/facebook/react-native/pulls/29239,,2020-06-28T17:15:27Z,2
pull,27829,b'closed',28493,https://api.github.com/repos/facebook/react-native/pulls/28493,,2020-04-02T09:36:25Z,1
pull,29136,b'closed',29202,https://api.github.com/repos/facebook/react-native/pulls/29202,,2020-06-24T03:41:42Z,1
pull,29136,b'closed',29204,https://api.github.com/repos/facebook/react-native/pulls/29204,,2020-06-24T04:27:08Z,1
pull,26473,b'closed',26490,https://api.github.com/repos/facebook/react-native/pulls/26490,,2019-09-18T15:04:09Z,1
pull,26473,b'closed',8,https://api.github.com/repos/mdfkbtc/veles-mobile-wallet-mdfkbtc/pulls/8,,2020-04-27T00:23:01Z,365
pull,26473,b'closed',1026,https://api.github.com/repos/BlueWallet/BlueWallet/pulls/1026,,2020-04-29T05:53:30Z,2
pull,26473,b'closed',13,https://api.github.com/repos/mdfkbtc/veles-mobile-wallet-mdfkbtc/pulls/13,,2020-05-01T00:34:24Z,365
pull,26473,b'closed',8,https://api.github.com/repos/JohannesKonings/fff-badminton-native/pulls/8,,2020-05-02T01:59:58Z,2
pull,26473,b'closed',1,https://api.github.com/repos/gicontz/UMirror/pulls/1,,2020-05-04T05:07:11Z,2
pull,26473,b'closed',1077,https://api.github.com/repos/BlueWallet/BlueWallet/pulls/1077,,2020-05-15T05:52:03Z,2
pull,26473,b'closed',3,https://api.github.com/repos/madrobot/expo/pulls/3,,2020-06-15T22:59:54Z,1
pull,26473,b'closed',5,https://api.github.com/repos/jaybabak/canismajoris/pulls/5,,2020-07-01T22:49:59Z,2
pull,26541,b'closed',26562,https://api.github.com/repos/facebook/react-native/pulls/26562,,2019-09-25T09:59:48Z,1
pull,26554,b'closed',26607,https://api.github.com/repos/facebook/react-native/pulls/26607,,2019-09-27T01:09:33Z,1
pull,26577,b'closed',26653,https://api.github.com/repos/facebook/react-native/pulls/26653,,2019-09-30T12:41:47Z,1
pull,26579,b'closed',4187,https://api.github.com/repos/hippware/rn-chat/pulls/4187,2019-09-27T13:45:29Z,2019-09-26T14:51:44Z,452
pull,26588,b'closed',140,https://api.github.com/repos/react-native-text-input-mask/react-native-text-input-mask/pulls/140,2020-01-17T04:16:31Z,2019-10-02T05:50:46Z,6
pull,26591,b'closed',888,https://api.github.com/repos/software-mansion/react-native-gesture-handler/pulls/888,2020-01-02T18:09:04Z,2019-12-20T22:16:04Z,5
pull,26598,b'closed',464,https://api.github.com/repos/facebook/metro/pulls/464,,2019-10-20T19:18:18Z,1
pull,26645,b'closed',20172,https://api.github.com/repos/WordPress/gutenberg/pulls/20172,2020-02-14T10:57:44Z,2020-02-11T17:33:34Z,2
pull,26790,b'closed',26791,https://api.github.com/repos/facebook/react-native/pulls/26791,,2019-10-09T17:53:46Z,2
pull,26809,b'closed',26842,https://api.github.com/repos/facebook/react-native/pulls/26842,,2019-10-13T15:33:56Z,1
pull,26829,b'closed',464,https://api.github.com/repos/facebook/metro/pulls/464,,2019-10-20T19:18:18Z,1
pull,26829,b'closed',468,https://api.github.com/repos/facebook/metro/pulls/468,,2019-10-28T12:14:23Z,3
pull,26878,b'closed',468,https://api.github.com/repos/facebook/metro/pulls/468,,2019-10-28T12:14:23Z,3
pull,26892,b'closed',27618,https://api.github.com/repos/facebook/react-native/pulls/27618,,2019-12-26T13:07:44Z,6
pull,26903,b'closed',27588,https://api.github.com/repos/facebook/react-native/pulls/27588,,2019-12-21T17:20:38Z,2
pull,26957,b'closed',30046,https://api.github.com/repos/facebook/react-native/pulls/30046,,2020-09-28T06:17:46Z,1
pull,26962,b'closed',29,https://api.github.com/repos/mysticatea/event-target-shim/pulls/29,,2019-11-20T09:10:37Z,1
pull,26964,b'closed',2,https://api.github.com/repos/perrystreetsoftware/react-native/pulls/2,2020-09-21T15:58:28Z,2020-09-21T10:08:20Z,4
pull,26969,b'closed',468,https://api.github.com/repos/facebook/metro/pulls/468,,2019-10-28T12:14:23Z,3
pull,26995,b'closed',27073,https://api.github.com/repos/facebook/react-native/pulls/27073,,2019-10-31T12:19:08Z,1
pull,27061,b'closed',29039,https://api.github.com/repos/facebook/react-native/pulls/29039,,2020-06-03T07:55:01Z,6
pull,27076,b'closed',27082,https://api.github.com/repos/facebook/react-native/pulls/27082,,2019-11-01T08:25:35Z,1
pull,27133,b'closed',29099,https://api.github.com/repos/facebook/react-native/pulls/29099,,2020-06-09T14:21:07Z,2
pull,27137,b'closed',27195,https://api.github.com/repos/facebook/react-native/pulls/27195,,2019-11-11T16:10:22Z,2
pull,27224,b'closed',27226,https://api.github.com/repos/facebook/react-native/pulls/27226,,2019-11-14T13:06:12Z,1
pull,27282,b'closed',29741,https://api.github.com/repos/facebook/react-native/pulls/29741,,2020-08-24T06:24:36Z,2
pull,27292,b'closed',9,https://api.github.com/repos/newfarms/react-native-mapbox-geometry-editor/pulls/9,2020-11-13T18:47:36Z,2020-11-06T17:03:55Z,24
pull,27327,b'closed',27395,https://api.github.com/repos/facebook/react-native/pulls/27395,,2019-12-03T08:37:57Z,1
pull,27368,b'closed',27373,https://api.github.com/repos/facebook/react-native/pulls/27373,,2019-11-30T01:49:35Z,2
pull,27370,b'closed',27373,https://api.github.com/repos/facebook/react-native/pulls/27373,,2019-11-30T01:49:35Z,2
pull,27437,b'closed',28280,https://api.github.com/repos/facebook/react-native/pulls/28280,,2020-03-10T19:36:52Z,1
pull,27510,b'closed',27523,https://api.github.com/repos/facebook/react-native/pulls/27523,,2019-12-16T01:25:23Z,1
pull,27548,b'closed',8317,https://api.github.com/repos/react-navigation/react-navigation/pulls/8317,2020-05-25T13:50:25Z,2020-05-23T19:19:36Z,1
pull,27620,b'closed',27883,https://api.github.com/repos/facebook/react-native/pulls/27883,,2020-01-28T07:02:08Z,1
pull,27640,b'closed',27810,https://api.github.com/repos/facebook/react-native/pulls/27810,,2020-01-20T01:22:56Z,24
pull,27640,b'closed',27811,https://api.github.com/repos/facebook/react-native/pulls/27811,,2020-01-20T01:27:08Z,3
pull,27787,b'closed',28852,https://api.github.com/repos/facebook/react-native/pulls/28852,,2020-05-07T23:20:59Z,4
pull,27856,b'closed',28280,https://api.github.com/repos/facebook/react-native/pulls/28280,,2020-03-10T19:36:52Z,1
pull,27863,b'closed',27892,https://api.github.com/repos/facebook/react-native/pulls/27892,,2020-01-28T19:16:17Z,1
pull,27920,b'closed',1574,https://api.github.com/repos/facebook/react-native-website/pulls/1574,2020-03-05T13:44:28Z,2020-01-31T21:49:08Z,1
pull,27920,b'closed',135,https://api.github.com/repos/jarden-digital/react-native-pincode/pulls/135,2020-04-14T02:39:07Z,2020-04-07T13:02:27Z,16
pull,27997,b'closed',43179,https://api.github.com/repos/DefinitelyTyped/DefinitelyTyped/pulls/43179,2020-03-27T17:41:13Z,2020-03-17T14:54:34Z,9
pull,28002,b'closed',28415,https://api.github.com/repos/facebook/react-native/pulls/28415,,2020-03-27T13:22:03Z,2
pull,28060,b'closed',28061,https://api.github.com/repos/facebook/react-native/pulls/28061,,2020-02-14T01:10:07Z,1
pull,28114,b'closed',28840,https://api.github.com/repos/facebook/react-native/pulls/28840,,2020-05-06T08:50:57Z,12
pull,28114,b'closed',28841,https://api.github.com/repos/facebook/react-native/pulls/28841,,2020-05-06T09:10:59Z,15
pull,28213,b'closed',1700,https://api.github.com/repos/facebook/react-native-website/pulls/1700,2020-03-10T13:17:16Z,2020-03-05T20:16:03Z,1
pull,28241,b'closed',28245,https://api.github.com/repos/facebook/react-native/pulls/28245,,2020-03-06T04:53:31Z,3
pull,28270,b'closed',1715,https://api.github.com/repos/facebook/react-native-website/pulls/1715,2020-03-10T13:18:47Z,2020-03-10T09:55:40Z,1
pull,28270,b'closed',166,https://api.github.com/repos/react-native-community/releases/pulls/166,2020-03-26T17:28:04Z,2020-03-03T17:24:14Z,2
pull,28270,b'closed',182,https://api.github.com/repos/react-native-community/releases/pulls/182,2020-03-30T10:42:12Z,2020-03-30T10:38:12Z,1
pull,28270,b'closed',28571,https://api.github.com/repos/facebook/react-native/pulls/28571,,2020-04-09T14:04:08Z,1
pull,28271,b'closed',28297,https://api.github.com/repos/facebook/react-native/pulls/28297,,2020-03-12T19:31:16Z,1
pull,28279,b'closed',29157,https://api.github.com/repos/facebook/react-native/pulls/29157,,2020-06-17T15:53:24Z,4
pull,28279,b'closed',29258,https://api.github.com/repos/facebook/react-native/pulls/29258,,2020-07-01T07:19:23Z,1
pull,28278,b'closed',30066,https://api.github.com/repos/facebook/react-native/pulls/30066,,2020-09-29T12:49:59Z,1
pull,28293,b'closed',28393,https://api.github.com/repos/facebook/react-native/pulls/28393,,2020-03-25T14:34:52Z,1
pull,28295,b'closed',28304,https://api.github.com/repos/facebook/react-native/pulls/28304,,2020-03-13T18:05:03Z,1
pull,28361,b'closed',28363,https://api.github.com/repos/facebook/react-native/pulls/28363,,2020-03-20T19:13:09Z,1
pull,28406,b'closed',388,https://api.github.com/repos/ults-io/create-react-native-project/pulls/388,,2020-03-31T20:37:58Z,12
pull,28414,b'closed',21,https://api.github.com/repos/expo/react-native/pulls/21,2020-03-31T15:44:36Z,2020-03-30T10:42:13Z,1
pull,28414,b'closed',28512,https://api.github.com/repos/facebook/react-native/pulls/28512,,2020-04-03T12:45:54Z,1
pull,28454,b'closed',28457,https://api.github.com/repos/facebook/react-native/pulls/28457,2020-03-31T06:46:08Z,2020-03-31T00:32:05Z,3
pull,28492,b'closed',137,https://api.github.com/repos/react-native-community/react-native-template-typescript/pulls/137,,2020-05-26T14:52:56Z,1
pull,28535,b'closed',87,https://api.github.com/repos/GaloyMoney/galoy-mobile/pulls/87,2021-07-14T19:22:27Z,2021-07-12T17:24:24Z,8
pull,28558,b'closed',10,https://api.github.com/repos/alexZajac/react-native-skeleton-content-nonexpo/pulls/10,2020-04-29T10:39:29Z,2020-04-29T07:45:15Z,1
pull,28583,b'closed',28597,https://api.github.com/repos/facebook/react-native/pulls/28597,,2020-04-11T17:10:31Z,2
pull,28583,b'closed',28545,https://api.github.com/repos/facebook/react-native/pulls/28545,,2020-04-06T14:38:36Z,4
pull,28589,b'closed',28597,https://api.github.com/repos/facebook/react-native/pulls/28597,,2020-04-11T17:10:31Z,2
pull,28592,b'closed',1846,https://api.github.com/repos/facebook/react-native-website/pulls/1846,2020-04-15T23:30:00Z,2020-04-13T11:10:54Z,1
pull,28632,b'closed',29338,https://api.github.com/repos/facebook/react-native/pulls/29338,,2020-07-10T19:05:36Z,1
pull,28695,b'closed',29099,https://api.github.com/repos/facebook/react-native/pulls/29099,,2020-06-09T14:21:07Z,2
pull,28700,b'closed',28776,https://api.github.com/repos/facebook/react-native/pulls/28776,,2020-04-28T16:03:12Z,1
pull,28726,b'closed',28737,https://api.github.com/repos/facebook/react-native/pulls/28737,,2020-04-23T15:18:48Z,3
pull,28741,b'closed',29407,https://api.github.com/repos/facebook/react-native/pulls/29407,,2020-07-17T10:54:34Z,112
pull,28746,b'closed',29202,https://api.github.com/repos/facebook/react-native/pulls/29202,,2020-06-24T03:41:42Z,1
pull,28746,b'closed',29204,https://api.github.com/repos/facebook/react-native/pulls/29204,,2020-06-24T04:27:08Z,1
pull,28810,b'closed',29914,https://api.github.com/repos/facebook/react-native/pulls/29914,,2020-09-09T17:12:58Z,14
pull,28854,b'closed',29117,https://api.github.com/repos/facebook/react-native/pulls/29117,,2020-06-11T17:43:02Z,3
pull,28870,b'closed',29050,https://api.github.com/repos/facebook/react-native/pulls/29050,,2020-06-04T07:44:32Z,2
pull,28870,b'closed',29117,https://api.github.com/repos/facebook/react-native/pulls/29117,,2020-06-11T17:43:02Z,3
pull,28944,b'closed',31777,https://api.github.com/repos/facebook/react-native/pulls/31777,,2021-06-26T18:02:26Z,1
pull,28966,b'closed',29834,https://api.github.com/repos/facebook/react-native/pulls/29834,,2020-09-02T15:22:16Z,1
pull,29069,b'closed',29071,https://api.github.com/repos/facebook/react-native/pulls/29071,,2020-06-05T16:16:54Z,1
pull,29069,b'closed',29100,https://api.github.com/repos/facebook/react-native/pulls/29100,,2020-06-10T02:34:38Z,57
pull,29082,b'closed',29295,https://api.github.com/repos/facebook/react-native/pulls/29295,,2020-07-08T04:54:56Z,3
pull,29246,b'closed',31912,https://api.github.com/repos/facebook/react-native/pulls/31912,,2021-07-27T19:46:49Z,2
pull,29251,b'closed',1528,https://api.github.com/repos/facebook/flipper/pulls/1528,,2020-09-15T22:43:27Z,5
pull,29279,b'closed',29420,https://api.github.com/repos/facebook/react-native/pulls/29420,,2020-07-18T12:21:55Z,1
pull,29356,b'closed',29477,https://api.github.com/repos/facebook/react-native/pulls/29477,,2020-07-23T21:52:58Z,1
pull,29397,b'closed',29399,https://api.github.com/repos/facebook/react-native/pulls/29399,,2020-07-16T14:31:01Z,1
pull,29414,b'closed',29746,https://api.github.com/repos/facebook/react-native/pulls/29746,,2020-08-24T14:19:17Z,1
pull,29425,b'closed',2123,https://api.github.com/repos/facebook/react-native-website/pulls/2123,2020-08-05T10:58:17Z,2020-08-04T17:19:58Z,1
pull,29485,b'closed',29513,https://api.github.com/repos/facebook/react-native/pulls/29513,,2020-07-28T06:47:02Z,2
pull,29543,b'closed',3165,https://api.github.com/repos/RocketChat/Rocket.Chat.ReactNative/pulls/3165,2021-05-28T18:29:22Z,2021-05-27T21:01:01Z,1
pull,29721,b'closed',70,https://api.github.com/repos/react-native-art/art/pulls/70,2020-11-09T15:23:44Z,2020-09-18T03:55:12Z,3
pull,29779,b'closed',29044,https://api.github.com/repos/facebook/react-native/pulls/29044,,2020-06-03T14:18:57Z,4
pull,29950,b'closed',29830,https://api.github.com/repos/facebook/react-native/pulls/29830,,2020-09-02T08:42:45Z,1
pull,29970,b'closed',31392,https://api.github.com/repos/facebook/react-native/pulls/31392,,2021-04-20T16:40:37Z,1
pull,30056,b'closed',30057,https://api.github.com/repos/facebook/react-native/pulls/30057,,2020-09-28T16:59:55Z,1
pull,30056,b'closed',29830,https://api.github.com/repos/facebook/react-native/pulls/29830,,2020-09-02T08:42:45Z,1
pull,30056,b'closed',33337,https://api.github.com/repos/WordPress/gutenberg/pulls/33337,2021-07-12T21:34:43Z,2021-07-09T21:01:46Z,2
pull,30056,b'closed',3716,https://api.github.com/repos/wordpress-mobile/gutenberg-mobile/pulls/3716,2021-07-12T21:59:56Z,2021-07-09T21:09:28Z,1
pull,21196,b'open',21496,https://api.github.com/repos/facebook/react-native/pulls/21496,,2018-10-05T00:49:59Z,1
pull,23364,b'closed',26422,https://api.github.com/repos/facebook/react-native/pulls/26422,,2019-09-12T21:55:05Z,1
pull,31725,b'open',5739,https://api.github.com/repos/artsy/eigen/pulls/5739,2021-11-01T13:48:07Z,2021-11-01T10:58:34Z,2
pull,27708,b'open',30731,https://api.github.com/repos/facebook/react-native/pulls/30731,,2021-01-13T08:06:26Z,1
pull,27708,b'open',30734,https://api.github.com/repos/facebook/react-native/pulls/30734,,2021-01-13T18:46:25Z,1
pull,28231,b'open',28244,https://api.github.com/repos/facebook/react-native/pulls/28244,,2020-03-06T04:35:51Z,2
pull,31176,b'open',31976,https://api.github.com/repos/facebook/react-native/pulls/31976,,2021-08-06T11:29:14Z,1
pull,31176,b'open',2879,https://api.github.com/repos/facebook/react-native-website/pulls/2879,2022-02-17T11:59:36Z,2021-12-10T12:32:27Z,13
pull,30326,b'open',2518,https://api.github.com/repos/facebook/react-native-website/pulls/2518,2021-02-26T16:31:15Z,2021-02-26T13:54:12Z,1
pull,30326,b'open',31064,https://api.github.com/repos/facebook/react-native/pulls/31064,,2021-02-26T17:28:59Z,2
pull,30036,b'open',657,https://api.github.com/repos/CocoaPods/Core/pulls/657,2020-10-22T17:19:24Z,2020-10-22T14:54:36Z,4
pull,30036,b'open',300,https://api.github.com/repos/microsoft/react-native-test-app/pulls/300,2021-03-30T18:26:43Z,2021-03-30T18:01:07Z,1
pull,31348,b'open',2653,https://api.github.com/repos/facebook/react-native-website/pulls/2653,2021-06-23T12:02:25Z,2021-06-23T10:13:23Z,1
pull,31348,b'open',2,https://api.github.com/repos/PandaDoc/navigation-experimental-fork/pulls/2,2021-10-28T12:17:12Z,2021-09-26T13:12:24Z,13
pull,31099,b'open',2653,https://api.github.com/repos/facebook/react-native-website/pulls/2653,2021-06-23T12:02:25Z,2021-06-23T10:13:23Z,1
pull,31654,b'open',3276,https://api.github.com/repos/facebook/react-native-website/pulls/3276,,2022-08-24T07:53:53Z,2
pull,31641,b'open',31457,https://api.github.com/repos/facebook/react-native/pulls/31457,,2021-04-30T00:46:16Z,2
pull,29911,b'open',4998,https://api.github.com/repos/laurent22/joplin/pulls/4998,2021-06-08T22:39:20Z,2021-05-22T21:22:59Z,2
pull,30914,b'open',31082,https://api.github.com/repos/facebook/react-native/pulls/31082,,2021-03-02T11:53:44Z,2
pull,31350,b'open',262,https://api.github.com/repos/react-native-community/upgrade-helper/pulls/262,2021-05-04T10:38:57Z,2021-04-30T08:58:38Z,2
pull,31341,b'open',31358,https://api.github.com/repos/facebook/react-native/pulls/31358,,2021-04-14T15:47:16Z,1
pull,31208,b'open',31229,https://api.github.com/repos/facebook/react-native/pulls/31229,,2021-03-24T10:48:45Z,2
pull,30145,b'open',31236,https://api.github.com/repos/facebook/react-native/pulls/31236,,2021-03-25T09:27:22Z,1
pull,31198,b'open',31141,https://api.github.com/repos/facebook/react-native/pulls/31141,,2021-03-12T03:59:53Z,1
pull,25265,b'open',20058,https://api.github.com/repos/keybase/client/pulls/20058,2019-10-02T17:40:22Z,2019-10-01T23:29:48Z,1
pull,25265,b'open',26680,https://api.github.com/repos/facebook/react-native/pulls/26680,,2019-10-01T23:51:45Z,1
pull,30393,b'open',29070,https://api.github.com/repos/facebook/react-native/pulls/29070,,2020-06-05T14:25:52Z,2
pull,30684,b'open',2518,https://api.github.com/repos/facebook/react-native-website/pulls/2518,2021-02-26T16:31:15Z,2021-02-26T13:54:12Z,1
pull,30684,b'open',31064,https://api.github.com/repos/facebook/react-native/pulls/31064,,2021-02-26T17:28:59Z,2
pull,24129,b'open',52,https://api.github.com/repos/craftzdog/react-native-sqlite-2/pulls/52,,2019-03-15T03:27:46Z,1
pull,28953,b'open',28956,https://api.github.com/repos/facebook/react-native/pulls/28956,,2020-05-23T14:30:04Z,3
pull,29851,b'open',30308,https://api.github.com/repos/facebook/react-native/pulls/30308,,2020-11-03T08:47:57Z,1
pull,29840,b'open',29878,https://api.github.com/repos/facebook/react-native/pulls/29878,,2020-09-07T02:14:45Z,1
pull,25258,b'open',305,https://api.github.com/repos/meliorence/react-native-render-html/pulls/305,,2019-10-14T19:23:35Z,1
pull,30383,b'open',2151,https://api.github.com/repos/necolas/react-native-web/pulls/2151,,2021-10-28T19:21:48Z,1
pull,30383,b'open',1,https://api.github.com/repos/Expensify/react-native-web/pulls/1,,2021-11-03T07:46:38Z,1
pull,30383,b'open',2,https://api.github.com/repos/Expensify/react-native-web/pulls/2,2021-11-03T19:16:29Z,2021-11-03T19:10:56Z,1
pull,30383,b'open',2345,https://api.github.com/repos/necolas/react-native-web/pulls/2345,,2022-07-14T19:18:37Z,3
pull,30383,b'open',6,https://api.github.com/repos/Expensify/react-native-web/pulls/6,2022-08-09T00:31:40Z,2022-08-06T00:43:05Z,509
pull,29272,b'open',2464,https://api.github.com/repos/facebook/react-native-website/pulls/2464,2021-02-01T12:07:27Z,2021-01-28T19:46:10Z,3
pull,29946,b'open',31327,https://api.github.com/repos/facebook/react-native/pulls/31327,,2021-04-08T11:21:37Z,1
pull,29689,b'open',1151,https://api.github.com/repos/wix/react-native-ui-lib/pulls/1151,2021-01-26T10:15:39Z,2021-01-25T11:36:02Z,2
pull,30747,b'open',30751,https://api.github.com/repos/facebook/react-native/pulls/30751,,2021-01-17T08:06:55Z,3
pull,15003,b'open',13902,https://api.github.com/repos/facebook/react-native/pulls/13902,,2017-05-10T18:34:36Z,1
pull,28710,b'open',243,https://api.github.com/repos/thysultan/stylis/pulls/243,2020-12-02T13:39:19Z,2020-11-17T14:36:54Z,1
pull,29893,b'open',30185,https://api.github.com/repos/facebook/react-native/pulls/30185,,2020-10-15T11:43:51Z,1
pull,29525,b'open',30066,https://api.github.com/repos/facebook/react-native/pulls/30066,,2020-09-29T12:49:59Z,1
pull,28469,b'open',10,https://api.github.com/repos/blackyanso/sample-app-React/pulls/10,2020-04-20T03:29:51Z,2020-04-17T22:16:44Z,2
pull,28469,b'open',29033,https://api.github.com/repos/facebook/react-native/pulls/29033,,2020-06-02T15:21:01Z,4
pull,29790,b'open',29808,https://api.github.com/repos/facebook/react-native/pulls/29808,,2020-08-29T14:33:28Z,1
pull,28940,b'open',29157,https://api.github.com/repos/facebook/react-native/pulls/29157,,2020-06-17T15:53:24Z,4
pull,23870,b'open',17806,https://api.github.com/repos/facebook/react-native/pulls/17806,,2018-01-31T17:19:31Z,5
pull,26808,b'open',464,https://api.github.com/repos/facebook/metro/pulls/464,,2019-10-20T19:18:18Z,1
pull,26808,b'open',9500,https://api.github.com/repos/aws-amplify/amplify-js/pulls/9500,2022-01-21T20:52:03Z,2022-01-20T18:00:39Z,1
pull,28103,b'open',28104,https://api.github.com/repos/facebook/react-native/pulls/28104,,2020-02-18T07:03:07Z,2
pull,28103,b'open',28107,https://api.github.com/repos/facebook/react-native/pulls/28107,,2020-02-18T14:09:07Z,1
pull,28103,b'open',28193,https://api.github.com/repos/facebook/react-native/pulls/28193,,2020-02-27T18:25:41Z,1
pull,27914,b'open',28364,https://api.github.com/repos/facebook/react-native/pulls/28364,,2020-03-21T16:10:22Z,1
pull,27914,b'open',30573,https://api.github.com/repos/facebook/react-native/pulls/30573,,2020-12-11T16:05:16Z,1
pull,29774,b'open',29906,https://api.github.com/repos/facebook/react-native/pulls/29906,,2020-09-09T09:47:36Z,2
pull,29774,b'open',2203,https://api.github.com/repos/facebook/react-native-website/pulls/2203,2020-09-10T11:39:08Z,2020-09-07T13:38:36Z,1
pull,28004,b'open',30919,https://api.github.com/repos/facebook/react-native/pulls/30919,,2021-02-09T11:41:03Z,2
pull,28004,b'open',12945,https://api.github.com/repos/Expensify/App/pulls/12945,,2022-11-22T21:11:27Z,1
pull,27396,b'open',5,https://api.github.com/repos/taehoio/design-system/pulls/5,2021-07-29T03:04:24Z,2021-07-29T03:04:18Z,2
pull,29105,b'open',30324,https://api.github.com/repos/facebook/react-native/pulls/30324,,2020-11-05T19:39:46Z,1
pull,29105,b'open',31973,https://api.github.com/repos/facebook/react-native/pulls/31973,,2021-08-06T09:01:15Z,5
pull,29064,b'open',30303,https://api.github.com/repos/facebook/react-native/pulls/30303,,2020-11-02T18:48:00Z,2
pull,29767,b'open',4193,https://api.github.com/repos/zulip/zulip-mobile/pulls/4193,,2020-07-16T23:16:32Z,30
pull,29972,b'open',1224,https://api.github.com/repos/software-mansion/react-native-reanimated/pulls/1224,,2020-09-13T16:39:29Z,3
pull,29300,b'open',136,https://api.github.com/repos/Vermonster/fhir-kit-client/pulls/136,2021-01-13T02:37:02Z,2021-01-11T16:21:01Z,1
pull,24011,b'closed',13353,https://api.github.com/repos/wordpress-mobile/WordPress-iOS/pulls/13353,2020-02-08T00:19:10Z,2020-02-03T11:23:22Z,3
pull,29282,b'open',29289,https://api.github.com/repos/facebook/react-native/pulls/29289,,2020-07-07T09:12:47Z,1
pull,28694,b'open',2537,https://api.github.com/repos/facebook/react-native-website/pulls/2537,2021-03-10T15:17:02Z,2021-03-09T14:21:59Z,2
pull,29047,b'open',29059,https://api.github.com/repos/facebook/react-native/pulls/29059,,2020-06-04T15:22:33Z,4
pull,24428,b'closed',25719,https://api.github.com/repos/facebook/react-native/pulls/25719,,2019-07-18T17:43:00Z,7
pull,24428,b'closed',1165,https://api.github.com/repos/ApollosProject/apollos-apps/pulls/1165,2019-10-28T18:51:30Z,2019-10-28T16:12:53Z,1
pull,29569,b'open',29580,https://api.github.com/repos/facebook/react-native/pulls/29580,,2020-08-07T07:59:03Z,1
pull,28530,b'open',28597,https://api.github.com/repos/facebook/react-native/pulls/28597,,2020-04-11T17:10:31Z,2
pull,28235,b'open',29059,https://api.github.com/repos/facebook/react-native/pulls/29059,,2020-06-04T15:22:33Z,4
pull,25492,b'closed',1697,https://api.github.com/repos/Plant-for-the-Planet-org/treecounter-app/pulls/1697,2019-12-11T08:29:42Z,2019-12-03T21:48:17Z,9
pull,25403,b'closed',25404,https://api.github.com/repos/facebook/react-native/pulls/25404,,2019-06-26T11:13:39Z,1
pull,25460,b'closed',25462,https://api.github.com/repos/facebook/react-native/pulls/25462,,2019-07-02T20:55:56Z,1
pull,27905,b'closed',1572,https://api.github.com/repos/facebook/react-native-website/pulls/1572,2020-02-04T18:36:41Z,2020-01-31T05:49:45Z,1
pull,25205,b'closed',25438,https://api.github.com/repos/facebook/react-native/pulls/25438,,2019-06-30T18:17:35Z,2
pull,25927,b'closed',13,https://api.github.com/repos/mmazzarolo/breathly-app/pulls/13,2019-08-03T20:11:10Z,2019-08-03T20:10:33Z,1
pull,25927,b'closed',1189,https://api.github.com/repos/RocketChat/Rocket.Chat.ReactNative/pulls/1189,,2019-09-12T13:22:33Z,4
pull,25318,b'closed',25361,https://api.github.com/repos/facebook/react-native/pulls/25361,,2019-06-22T19:14:57Z,1
pull,25380,b'closed',25382,https://api.github.com/repos/facebook/react-native/pulls/25382,,2019-06-24T18:22:13Z,1
pull,25145,b'closed',219,https://api.github.com/repos/naoufal/react-native-touch-id/pulls/219,2019-05-31T23:27:20Z,2019-05-01T14:00:17Z,1
pull,25145,b'closed',25569,https://api.github.com/repos/facebook/react-native/pulls/25569,,2019-07-10T11:39:13Z,1
pull,25325,b'closed',420,https://api.github.com/repos/facebook/metro/pulls/420,,2019-06-21T05:45:51Z,1
pull,24796,b'closed',25273,https://api.github.com/repos/facebook/react-native/pulls/25273,,2019-06-16T18:47:10Z,3
pull,25197,b'closed',120,https://api.github.com/repos/react-native-community/releases/pulls/120,2019-07-03T13:02:00Z,2019-04-20T15:43:24Z,4
pull,25228,b'closed',19835,https://api.github.com/repos/keybase/client/pulls/19835,2019-09-23T17:20:19Z,2019-09-21T11:45:23Z,1
pull,25259,b'closed',428,https://api.github.com/repos/react-native-community/cli/pulls/428,2019-06-14T06:45:55Z,2019-06-14T04:15:48Z,1
pull,25182,b'closed',25212,https://api.github.com/repos/facebook/react-native/pulls/25212,,2019-06-10T17:51:58Z,1
pull,25182,b'closed',2246,https://api.github.com/repos/iotaledger/trinity-wallet/pulls/2246,2019-09-22T23:36:51Z,2019-09-22T23:02:52Z,3
pull,25191,b'closed',25193,https://api.github.com/repos/facebook/react-native/pulls/25193,,2019-06-07T20:49:39Z,1
pull,22752,b'closed',24411,https://api.github.com/repos/facebook/react-native/pulls/24411,,2019-04-11T11:14:55Z,3
pull,25187,b'closed',101,https://api.github.com/repos/magiclabs/magic-js/pulls/101,2020-06-04T22:43:20Z,2020-06-02T20:40:43Z,200
pull,10471,b'closed',10669,https://api.github.com/repos/facebook/react-native/pulls/10669,,2016-11-01T04:38:03Z,1
pull,25152,b'closed',25156,https://api.github.com/repos/facebook/react-native/pulls/25156,,2019-06-05T14:34:27Z,1
pull,24770,b'closed',15604,https://api.github.com/repos/facebook/react/pulls/15604,2019-05-23T07:23:55Z,2019-05-10T01:02:16Z,37
pull,24770,b'closed',25010,https://api.github.com/repos/facebook/react-native/pulls/25010,,2019-05-23T18:17:50Z,11
pull,24772,b'closed',24809,https://api.github.com/repos/facebook/react-native/pulls/24809,,2019-05-10T19:42:41Z,2
pull,16037,b'closed',24961,https://api.github.com/repos/facebook/react-native/pulls/24961,,2019-05-20T04:32:10Z,1
pull,24592,b'closed',25114,https://api.github.com/repos/facebook/react-native/pulls/25114,,2019-06-01T18:54:13Z,1
pull,24952,b'closed',25042,https://api.github.com/repos/facebook/react-native/pulls/25042,,2019-05-26T15:26:37Z,1
pull,24875,b'closed',24877,https://api.github.com/repos/facebook/react-native/pulls/24877,,2019-05-16T01:56:10Z,2
pull,24875,b'closed',24878,https://api.github.com/repos/facebook/react-native/pulls/24878,,2019-05-16T02:11:39Z,6
pull,24875,b'closed',24879,https://api.github.com/repos/facebook/react-native/pulls/24879,,2019-05-16T02:28:31Z,2
pull,24875,b'closed',24880,https://api.github.com/repos/facebook/react-native/pulls/24880,,2019-05-16T03:11:23Z,2
pull,24875,b'closed',24881,https://api.github.com/repos/facebook/react-native/pulls/24881,,2019-05-16T03:23:13Z,2
pull,23463,b'closed',24959,https://api.github.com/repos/facebook/react-native/pulls/24959,,2019-05-20T03:23:24Z,1
pull,23512,b'closed',24948,https://api.github.com/repos/facebook/react-native/pulls/24948,,2019-05-19T07:59:54Z,1
pull,24983,b'closed',24989,https://api.github.com/repos/facebook/react-native/pulls/24989,,2019-05-22T07:01:55Z,1
pull,25104,b'closed',979,https://api.github.com/repos/facebook/react-native-website/pulls/979,,2019-05-31T23:32:34Z,4
pull,25104,b'closed',981,https://api.github.com/repos/facebook/react-native-website/pulls/981,,2019-06-01T18:45:09Z,3
pull,19085,b'closed',18278,https://api.github.com/repos/facebook/react-native/pulls/18278,,2018-03-08T17:09:55Z,1
pull,24393,b'closed',25055,https://api.github.com/repos/facebook/react-native/pulls/25055,,2019-05-27T17:13:27Z,1
pull,25083,b'closed',24649,https://api.github.com/repos/facebook/react-native/pulls/24649,,2019-04-29T13:55:00Z,1
pull,25087,b'closed',25088,https://api.github.com/repos/facebook/react-native/pulls/25088,,2019-05-30T12:00:14Z,1
pull,24820,b'closed',24821,https://api.github.com/repos/facebook/react-native/pulls/24821,,2019-05-12T08:26:13Z,4
pull,25016,b'closed',25033,https://api.github.com/repos/facebook/react-native/pulls/25033,,2019-05-24T19:06:37Z,1
pull,18579,b'closed',24938,https://api.github.com/repos/facebook/react-native/pulls/24938,,2019-05-18T00:15:42Z,1
pull,24917,b'closed',24919,https://api.github.com/repos/facebook/react-native/pulls/24919,,2019-05-16T21:18:37Z,1
pull,24861,b'closed',170,https://api.github.com/repos/dashevo/dashpay-wallet-OLD/pulls/170,2019-08-07T16:50:04Z,2019-08-07T16:35:18Z,2
pull,24688,b'closed',24817,https://api.github.com/repos/facebook/react-native/pulls/24817,,2019-05-11T14:27:00Z,1
pull,24760,b'closed',24737,https://api.github.com/repos/facebook/react-native/pulls/24737,,2019-05-07T13:06:57Z,8
pull,24760,b'closed',24783,https://api.github.com/repos/facebook/react-native/pulls/24783,,2019-05-09T19:35:52Z,2
pull,24769,b'closed',24807,https://api.github.com/repos/facebook/react-native/pulls/24807,,2019-05-10T17:55:35Z,11
pull,24789,b'closed',24794,https://api.github.com/repos/facebook/react-native/pulls/24794,,2019-05-10T08:37:26Z,1
pull,21092,b'closed',22063,https://api.github.com/repos/facebook/react-native/pulls/22063,,2018-11-01T15:17:59Z,1
pull,21092,b'closed',24405,https://api.github.com/repos/facebook/react-native/pulls/24405,,2019-04-11T05:51:23Z,6
pull,21092,b'closed',24745,https://api.github.com/repos/facebook/react-native/pulls/24745,,2019-05-07T19:07:23Z,6
pull,24759,b'closed',24778,https://api.github.com/repos/facebook/react-native/pulls/24778,,2019-05-09T12:56:04Z,1
pull,23712,b'closed',24571,https://api.github.com/repos/facebook/react-native/pulls/24571,,2019-04-23T13:05:48Z,1
pull,24468,b'closed',54,https://api.github.com/repos/react-native-cameraroll/react-native-cameraroll/pulls/54,2019-05-07T19:59:08Z,2019-05-06T09:46:36Z,1
pull,24468,b'closed',24780,https://api.github.com/repos/facebook/react-native/pulls/24780,,2019-05-09T14:18:09Z,1
pull,24690,b'closed',24717,https://api.github.com/repos/facebook/react-native/pulls/24717,,2019-05-06T11:15:26Z,1
pull,24716,b'closed',2756,https://api.github.com/repos/react-native-camera/react-native-camera/pulls/2756,,2020-03-20T18:20:44Z,3
pull,16895,b'closed',60,https://api.github.com/repos/computerjazz/react-native-draggable-flatlist/pulls/60,,2019-03-22T08:10:51Z,1
pull,24455,b'closed',4160,https://api.github.com/repos/jitsi/jitsi-meet/pulls/4160,2019-08-16T15:59:48Z,2019-05-01T14:05:26Z,3
pull,22727,b'closed',24640,https://api.github.com/repos/facebook/react-native/pulls/24640,,2019-04-28T22:04:02Z,1
pull,27817,b'closed',27992,https://api.github.com/repos/facebook/react-native/pulls/27992,,2020-02-07T13:21:11Z,5
pull,24607,b'closed',24633,https://api.github.com/repos/facebook/react-native/pulls/24633,,2019-04-27T18:15:47Z,1
pull,24576,b'closed',24589,https://api.github.com/repos/facebook/react-native/pulls/24589,,2019-04-24T15:04:17Z,3
pull,24576,b'closed',1407,https://api.github.com/repos/necolas/react-native-web/pulls/1407,,2019-07-31T03:09:55Z,1
pull,25979,b'closed',25300,https://api.github.com/repos/facebook/react-native/pulls/25300,,2019-06-18T14:09:01Z,1
pull,18375,b'closed',407,https://api.github.com/repos/demokratie-live/democracy-client/pulls/407,2018-06-29T12:53:36Z,2018-06-13T12:45:32Z,59
pull,22237,b'closed',22666,https://api.github.com/repos/facebook/react-native/pulls/22666,,2018-12-15T14:49:59Z,5
pull,22237,b'closed',26839,https://api.github.com/repos/facebook/react-native/pulls/26839,,2019-10-13T13:14:52Z,1
pull,23740,b'closed',23871,https://api.github.com/repos/facebook/react-native/pulls/23871,,2019-03-12T18:34:49Z,1
pull,24552,b'closed',665,https://api.github.com/repos/MetaMask/metamask-mobile/pulls/665,2019-05-24T06:33:17Z,2019-05-24T05:57:01Z,1
pull,6849,b'closed',12502,https://api.github.com/repos/facebook/react-native/pulls/12502,,2017-02-21T17:19:05Z,3
pull,24221,b'closed',1665,https://api.github.com/repos/laurent22/joplin/pulls/1665,2019-07-13T13:51:54Z,2019-06-17T18:48:21Z,1
pull,24537,b'closed',24561,https://api.github.com/repos/facebook/react-native/pulls/24561,,2019-04-22T12:59:37Z,2
pull,24564,b'closed',24635,https://api.github.com/repos/facebook/react-native/pulls/24635,,2019-04-28T02:18:34Z,4
pull,26873,b'closed',26899,https://api.github.com/repos/facebook/react-native/pulls/26899,,2019-10-17T16:06:53Z,1
pull,24549,b'closed',26861,https://api.github.com/repos/facebook/react-native/pulls/26861,,2019-10-14T21:36:15Z,1
pull,24016,b'closed',24344,https://api.github.com/repos/facebook/react-native/pulls/24344,,2019-04-07T22:17:15Z,11
pull,24182,b'closed',8334,https://api.github.com/repos/status-im/status-mobile/pulls/8334,,2019-06-01T12:45:29Z,8
pull,28509,b'open',28627,https://api.github.com/repos/facebook/react-native/pulls/28627,,2020-04-14T16:39:11Z,1
pull,24382,b'closed',24399,https://api.github.com/repos/facebook/react-native/pulls/24399,,2019-04-10T21:59:20Z,1
pull,13025,b'closed',17399,https://api.github.com/repos/facebook/react-native/pulls/17399,,2017-12-31T03:30:16Z,1
pull,16152,b'closed',35,https://api.github.com/repos/axilis/react-native-responsive-layout/pulls/35,2018-05-26T17:13:48Z,2018-05-26T13:22:02Z,9
pull,16152,b'closed',19932,https://api.github.com/repos/facebook/react-native/pulls/19932,,2018-06-27T18:49:04Z,2
pull,16152,b'closed',19921,https://api.github.com/repos/facebook/react-native/pulls/19921,,2018-06-27T03:47:15Z,4
pull,16263,b'closed',16739,https://api.github.com/repos/facebook/react-native/pulls/16739,,2017-11-07T20:33:08Z,2
pull,18775,b'closed',662,https://api.github.com/repos/infinitered/reactotron/pulls/662,2018-06-08T12:37:45Z,2018-05-09T00:37:06Z,72
pull,22511,b'closed',24390,https://api.github.com/repos/facebook/react-native/pulls/24390,,2019-04-10T12:03:02Z,1
pull,22511,b'closed',25626,https://api.github.com/repos/facebook/react-native/pulls/25626,,2019-07-13T00:44:45Z,1
pull,22868,b'closed',24156,https://api.github.com/repos/facebook/react-native/pulls/24156,,2019-03-26T16:50:54Z,4
pull,23910,b'closed',23803,https://api.github.com/repos/facebook/react-native/pulls/23803,,2019-03-07T06:45:41Z,20
pull,23910,b'closed',24372,https://api.github.com/repos/facebook/react-native/pulls/24372,,2019-04-09T13:52:09Z,3
pull,24080,b'closed',24629,https://api.github.com/repos/facebook/react-native/pulls/24629,,2019-04-26T20:27:57Z,1
pull,24346,b'closed',24347,https://api.github.com/repos/facebook/react-native/pulls/24347,,2019-04-08T02:00:38Z,1
pull,24257,b'closed',24339,https://api.github.com/repos/facebook/react-native/pulls/24339,,2019-04-07T10:14:38Z,2
pull,24330,b'closed',24331,https://api.github.com/repos/facebook/react-native/pulls/24331,,2019-04-06T09:11:47Z,1
pull,21851,b'closed',22063,https://api.github.com/repos/facebook/react-native/pulls/22063,,2018-11-01T15:17:59Z,1
pull,23755,b'closed',24314,https://api.github.com/repos/facebook/react-native/pulls/24314,,2019-04-04T17:58:59Z,1
pull,24268,b'closed',24238,https://api.github.com/repos/facebook/react-native/pulls/24238,,2019-04-01T13:31:16Z,1
pull,13845,b'closed',267,https://api.github.com/repos/mastermoo/react-native-action-button/pulls/267,2020-01-03T14:57:42Z,2018-03-12T14:28:29Z,2
pull,16800,b'closed',122,https://api.github.com/repos/alwx/react-native-photo-view/pulls/122,,2017-11-12T19:17:46Z,1
pull,22637,b'closed',1229,https://api.github.com/repos/Skyscanner/backpack/pulls/1229,2018-12-13T13:55:04Z,2018-12-13T12:32:37Z,7
pull,22768,b'closed',22769,https://api.github.com/repos/facebook/react-native/pulls/22769,,2018-12-23T21:27:37Z,4
pull,22768,b'closed',23427,https://api.github.com/repos/facebook/react-native/pulls/23427,,2019-02-13T13:38:27Z,1
pull,23151,b'closed',23984,https://api.github.com/repos/facebook/react-native/pulls/23984,,2019-03-17T10:33:22Z,1
pull,24137,b'closed',24234,https://api.github.com/repos/facebook/react-native/pulls/24234,,2019-04-01T10:16:01Z,1
pull,24170,b'closed',24184,https://api.github.com/repos/facebook/react-native/pulls/24184,,2019-03-28T14:29:33Z,0
pull,24170,b'closed',24191,https://api.github.com/repos/facebook/react-native/pulls/24191,,2019-03-29T01:43:26Z,1
pull,22535,b'closed',22843,https://api.github.com/repos/facebook/react-native/pulls/22843,,2019-01-02T11:52:20Z,3
pull,22535,b'closed',1,https://api.github.com/repos/michalchudziak/react-native-geolocation/pulls/1,2019-03-30T17:03:12Z,2019-03-30T11:35:46Z,3
pull,19490,b'closed',293,https://api.github.com/repos/facebook/fbjs/pulls/293,,2018-06-07T14:01:25Z,1
pull,23453,b'closed',24167,https://api.github.com/repos/facebook/react-native/pulls/24167,,2019-03-27T12:55:30Z,2
pull,22716,b'closed',1778,https://api.github.com/repos/invertase/react-native-firebase/pulls/1778,,2018-12-20T15:53:52Z,2
pull,22716,b'closed',22764,https://api.github.com/repos/facebook/react-native/pulls/22764,,2018-12-23T18:39:26Z,2
pull,23868,b'closed',24040,https://api.github.com/repos/facebook/react-native/pulls/24040,,2019-03-19T17:44:12Z,1
pull,23868,b'closed',24041,https://api.github.com/repos/facebook/react-native/pulls/24041,,2019-03-19T17:45:19Z,1
pull,23955,b'closed',741,https://api.github.com/repos/wordpress-mobile/gutenberg-mobile/pulls/741,2019-03-15T14:47:10Z,2019-03-13T09:18:34Z,53
pull,23955,b'closed',279,https://api.github.com/repos/react-native-community/cli/pulls/279,2019-04-01T16:36:47Z,2019-04-01T16:14:29Z,2
pull,23955,b'closed',840,https://api.github.com/repos/wordpress-mobile/gutenberg-mobile/pulls/840,2019-04-08T12:36:40Z,2019-04-08T11:54:38Z,2
pull,25898,b'closed',27236,https://api.github.com/repos/facebook/react-native/pulls/27236,,2019-11-15T14:54:28Z,1
pull,24103,b'closed',262,https://api.github.com/repos/react-native-community/cli/pulls/262,2019-03-23T08:39:15Z,2019-03-22T20:53:11Z,1
pull,8169,b'closed',11235,https://api.github.com/repos/facebook/react-native/pulls/11235,,2016-12-01T04:56:09Z,4
pull,9145,b'closed',10726,https://api.github.com/repos/facebook/react-native/pulls/10726,,2016-11-03T23:33:18Z,14
pull,10966,b'closed',24,https://api.github.com/repos/developit/mitt/pulls/24,2017-01-22T18:32:01Z,2017-01-19T15:57:47Z,3
pull,10966,b'closed',58,https://api.github.com/repos/amplitude/redux-query/pulls/58,2017-04-11T01:24:02Z,2017-04-03T07:29:59Z,1
pull,12814,b'closed',1550,https://api.github.com/repos/react-native-maps/react-native-maps/pulls/1550,2017-08-15T15:35:08Z,2017-08-12T01:08:55Z,1
pull,13740,b'closed',46,https://api.github.com/repos/airbnb/react-native/pulls/46,2018-01-04T19:28:41Z,2018-01-04T05:10:03Z,7
pull,13740,b'closed',118,https://api.github.com/repos/facebook/react-native-website/pulls/118,2018-01-11T22:49:41Z,2018-01-06T21:53:53Z,1
pull,14244,b'closed',14245,https://api.github.com/repos/facebook/react-native/pulls/14245,,2017-05-29T18:42:41Z,1
pull,22024,b'closed',172,https://api.github.com/repos/urbanairship/react-native-airship/pulls/172,2018-12-07T18:31:13Z,2018-12-07T17:15:44Z,7
pull,22175,b'closed',23326,https://api.github.com/repos/facebook/react-native/pulls/23326,,2019-02-07T09:18:43Z,1
pull,24053,b'closed',24058,https://api.github.com/repos/facebook/react-native/pulls/24058,,2019-03-20T07:56:27Z,1
pull,24060,b'closed',24062,https://api.github.com/repos/facebook/react-native/pulls/24062,,2019-03-20T11:03:59Z,1
pull,20174,b'open',20208,https://api.github.com/repos/facebook/react-native/pulls/20208,,2018-07-14T15:42:17Z,2
pull,16228,b'closed',18037,https://api.github.com/repos/facebook/react-native/pulls/18037,,2018-02-21T09:34:43Z,36
pull,17972,b'closed',293,https://api.github.com/repos/facebook/fbjs/pulls/293,,2018-06-07T14:01:25Z,1
pull,18439,b'closed',20810,https://api.github.com/repos/facebook/react-native/pulls/20810,,2018-08-23T10:48:14Z,2
pull,18773,b'closed',1253,https://api.github.com/repos/react-native-elements/react-native-elements/pulls/1253,,2018-06-11T08:15:53Z,0
pull,18973,b'closed',18974,https://api.github.com/repos/facebook/react-native/pulls/18974,,2018-04-22T11:59:55Z,1
pull,18973,b'closed',21615,https://api.github.com/repos/facebook/react-native/pulls/21615,,2018-10-09T23:47:46Z,1
pull,19297,b'closed',17741,https://api.github.com/repos/facebook/react-native/pulls/17741,,2018-01-25T15:39:29Z,6
pull,19650,b'closed',9944,https://api.github.com/repos/facebook/react-native/pulls/9944,,2016-09-16T13:42:56Z,1
pull,19650,b'closed',274,https://api.github.com/repos/APSL/react-native-keyboard-aware-scroll-view/pulls/274,2018-07-12T09:35:34Z,2018-07-02T11:55:25Z,1
pull,19717,b'closed',22063,https://api.github.com/repos/facebook/react-native/pulls/22063,,2018-11-01T15:17:59Z,1
pull,20262,b'closed',20303,https://api.github.com/repos/facebook/react-native/pulls/20303,,2018-07-19T22:34:20Z,1
pull,20302,b'closed',953,https://api.github.com/repos/facebook/folly/pulls/953,,2018-10-19T14:14:56Z,1
pull,20302,b'closed',21863,https://api.github.com/repos/facebook/react-native/pulls/21863,,2018-10-19T17:02:19Z,3
pull,20302,b'closed',21976,https://api.github.com/repos/facebook/react-native/pulls/21976,,2018-10-27T16:23:13Z,7
pull,20302,b'closed',21977,https://api.github.com/repos/facebook/react-native/pulls/21977,,2018-10-27T16:30:53Z,4
pull,21167,b'closed',21534,https://api.github.com/repos/facebook/react-native/pulls/21534,,2018-10-06T14:05:13Z,1
pull,21309,b'closed',60,https://api.github.com/repos/react-native-community/releases/pulls/60,2019-03-24T14:55:29Z,2018-11-03T06:21:03Z,9
pull,22609,b'closed',23184,https://api.github.com/repos/facebook/react-native/pulls/23184,,2019-01-28T09:41:59Z,2
pull,22609,b'closed',23201,https://api.github.com/repos/facebook/react-native/pulls/23201,,2019-01-29T10:19:46Z,1
pull,22609,b'closed',23227,https://api.github.com/repos/facebook/react-native/pulls/23227,,2019-01-31T07:29:21Z,3
pull,22609,b'closed',23553,https://api.github.com/repos/facebook/react-native/pulls/23553,,2019-02-20T12:35:31Z,16
pull,22609,b'closed',23565,https://api.github.com/repos/facebook/react-native/pulls/23565,,2019-02-20T20:08:35Z,9
pull,22609,b'closed',23584,https://api.github.com/repos/facebook/react-native/pulls/23584,,2019-02-22T03:40:22Z,14
pull,22873,b'closed',24036,https://api.github.com/repos/facebook/react-native/pulls/24036,,2019-03-19T14:28:41Z,1
pull,22867,b'closed',11428,https://api.github.com/repos/facebook/react-native/pulls/11428,,2016-12-12T16:41:48Z,1
pull,23112,b'closed',23120,https://api.github.com/repos/facebook/react-native/pulls/23120,,2019-01-23T08:37:41Z,3
pull,23215,b'closed',24037,https://api.github.com/repos/facebook/react-native/pulls/24037,,2019-03-19T15:10:15Z,8
pull,23254,b'closed',25162,https://api.github.com/repos/facebook/react-native/pulls/25162,,2019-06-06T01:47:47Z,1
pull,23254,b'closed',92,https://api.github.com/repos/microsoft/react-native-macos/pulls/92,2019-06-18T20:57:43Z,2019-06-18T19:28:45Z,1
pull,23564,b'closed',23569,https://api.github.com/repos/facebook/react-native/pulls/23569,,2019-02-21T08:51:38Z,1
pull,23810,b'closed',23812,https://api.github.com/repos/facebook/react-native/pulls/23812,,2019-03-07T18:21:14Z,1
pull,23844,b'closed',23864,https://api.github.com/repos/facebook/react-native/pulls/23864,,2019-03-12T13:58:47Z,2
pull,24024,b'closed',24073,https://api.github.com/repos/facebook/react-native/pulls/24073,,2019-03-21T02:45:54Z,1
pull,23816,b'closed',23832,https://api.github.com/repos/facebook/react-native/pulls/23832,,2019-03-09T17:23:02Z,1
pull,23816,b'closed',23961,https://api.github.com/repos/facebook/react-native/pulls/23961,,2019-03-15T19:05:01Z,2
pull,23875,b'closed',23973,https://api.github.com/repos/facebook/react-native/pulls/23973,,2019-03-16T11:28:42Z,2
pull,24013,b'closed',842,https://api.github.com/repos/facebook/react-native-website/pulls/842,2019-04-07T19:11:04Z,2019-03-19T13:53:49Z,1
pull,23962,b'closed',23977,https://api.github.com/repos/facebook/react-native/pulls/23977,,2019-03-16T12:40:34Z,2
pull,23426,b'closed',23953,https://api.github.com/repos/facebook/react-native/pulls/23953,,2019-03-15T13:36:49Z,2
pull,23893,b'closed',23897,https://api.github.com/repos/facebook/react-native/pulls/23897,,2019-03-13T13:54:55Z,1
pull,23936,b'closed',23940,https://api.github.com/repos/facebook/react-native/pulls/23940,,2019-03-14T21:12:23Z,9
pull,23936,b'closed',24183,https://api.github.com/repos/facebook/react-native/pulls/24183,,2019-03-28T14:19:29Z,1
pull,23849,b'closed',23872,https://api.github.com/repos/facebook/react-native/pulls/23872,,2019-03-12T19:35:54Z,3
pull,21966,b'closed',22670,https://api.github.com/repos/facebook/react-native/pulls/22670,,2018-12-16T01:26:59Z,6
pull,26280,b'closed',27066,https://api.github.com/repos/facebook/react-native/pulls/27066,,2019-10-31T04:24:01Z,1
pull,21639,b'closed',21798,https://api.github.com/repos/facebook/react-native/pulls/21798,,2018-10-15T13:13:56Z,4
pull,21639,b'closed',23472,https://api.github.com/repos/facebook/react-native/pulls/23472,,2019-02-15T01:58:05Z,1
pull,23866,b'closed',828,https://api.github.com/repos/facebook/react-native-website/pulls/828,2019-03-12T17:32:58Z,2019-03-12T17:18:15Z,1
pull,23645,b'closed',23823,https://api.github.com/repos/facebook/react-native/pulls/23823,,2019-03-08T14:11:44Z,1
pull,12205,b'closed',47,https://api.github.com/repos/airbnb/react-native/pulls/47,2018-01-19T17:40:53Z,2018-01-19T00:25:45Z,1
pull,25490,b'closed',45,https://api.github.com/repos/facebook/SoLoader/pulls/45,,2019-08-20T03:05:59Z,2
pull,22927,b'closed',3079,https://api.github.com/repos/mattermost/mattermost-mobile/pulls/3079,2019-08-08T14:05:16Z,2019-08-08T04:12:35Z,2
pull,27306,b'closed',1483,https://api.github.com/repos/facebook/react-native-website/pulls/1483,2019-12-02T11:19:20Z,2019-11-27T14:45:27Z,1
pull,27306,b'closed',27351,https://api.github.com/repos/facebook/react-native/pulls/27351,,2019-11-27T14:48:50Z,1
pull,19002,b'closed',23738,https://api.github.com/repos/facebook/react-native/pulls/23738,,2019-03-04T01:52:10Z,2
pull,19002,b'closed',23760,https://api.github.com/repos/facebook/react-native/pulls/23760,,2019-03-05T02:30:00Z,1
pull,21075,b'closed',24,https://api.github.com/repos/ConsenSysMesh/web3studio-sojourn/pulls/24,2018-10-22T19:26:48Z,2018-10-18T14:53:41Z,19
pull,26019,b'closed',26050,https://api.github.com/repos/facebook/react-native/pulls/26050,,2019-08-13T16:23:09Z,2
pull,23459,b'closed',23609,https://api.github.com/repos/facebook/react-native/pulls/23609,,2019-02-23T07:05:20Z,4
pull,21311,b'closed',21401,https://api.github.com/repos/facebook/react-native/pulls/21401,,2018-09-28T14:48:39Z,1
pull,22594,b'closed',22901,https://api.github.com/repos/facebook/react-native/pulls/22901,,2019-01-08T02:18:57Z,3
pull,22033,b'closed',527,https://api.github.com/repos/zmxv/react-native-sound/pulls/527,,2019-01-21T13:17:21Z,1
pull,23836,b'closed',279,https://api.github.com/repos/codypearce/material-bread/pulls/279,2019-09-08T10:56:11Z,2019-09-08T10:53:57Z,10
pull,25911,b'closed',12,https://api.github.com/repos/mmazzarolo/breathly-app/pulls/12,2019-08-03T17:39:04Z,2019-08-03T17:38:58Z,1
pull,27274,b'closed',27885,https://api.github.com/repos/facebook/react-native/pulls/27885,,2020-01-28T08:13:42Z,10
pull,23259,b'closed',22263,https://api.github.com/repos/facebook/react-native/pulls/22263,,2018-11-14T02:00:39Z,17
pull,23635,b'closed',23632,https://api.github.com/repos/facebook/react-native/pulls/23632,,2019-02-25T12:38:14Z,4
pull,22440,b'closed',22447,https://api.github.com/repos/facebook/react-native/pulls/22447,,2018-11-28T12:33:11Z,3
pull,20115,b'closed',20116,https://api.github.com/repos/facebook/react-native/pulls/20116,,2018-07-09T16:15:21Z,1
pull,20593,b'closed',22080,https://api.github.com/repos/facebook/react-native/pulls/22080,,2018-11-02T11:09:30Z,7
pull,20593,b'closed',22082,https://api.github.com/repos/facebook/react-native/pulls/22082,,2018-11-02T13:12:13Z,6
pull,21030,b'closed',195,https://api.github.com/repos/wordpress-mobile/gutenberg-mobile/pulls/195,2018-11-08T13:59:31Z,2018-10-25T21:31:14Z,15
pull,23279,b'closed',3962,https://api.github.com/repos/jitsi/jitsi-meet/pulls/3962,,2019-03-07T14:55:39Z,3
pull,23500,b'closed',23555,https://api.github.com/repos/facebook/react-native/pulls/23555,,2019-02-20T13:25:53Z,1
pull,23495,b'closed',3,https://api.github.com/repos/waynebhayes/GoWild/pulls/3,2019-10-26T06:18:21Z,2019-10-25T21:32:14Z,2
pull,22925,b'closed',23490,https://api.github.com/repos/facebook/react-native/pulls/23490,,2019-02-16T21:00:37Z,1
pull,12529,b'closed',2718,https://api.github.com/repos/apollographql/apollo-client/pulls/2718,2017-12-12T20:24:13Z,2017-12-12T15:23:38Z,1
pull,19692,b'closed',20904,https://api.github.com/repos/facebook/react-native/pulls/20904,,2018-08-29T12:34:15Z,3
pull,20721,b'closed',224,https://api.github.com/repos/facebook/metro/pulls/224,,2018-08-18T01:56:18Z,8
pull,20887,b'closed',20889,https://api.github.com/repos/facebook/react-native/pulls/20889,,2018-08-28T11:54:04Z,1
pull,21762,b'closed',21763,https://api.github.com/repos/facebook/react-native/pulls/21763,,2018-10-12T19:46:17Z,1
pull,22383,b'closed',23446,https://api.github.com/repos/facebook/react-native/pulls/23446,,2019-02-14T03:14:13Z,1
pull,23445,b'closed',23470,https://api.github.com/repos/facebook/react-native/pulls/23470,,2019-02-15T00:22:01Z,1
pull,26755,b'closed',26948,https://api.github.com/repos/facebook/react-native/pulls/26948,,2019-10-22T02:46:26Z,1
pull,22824,b'closed',23402,https://api.github.com/repos/facebook/react-native/pulls/23402,,2019-02-12T15:50:29Z,1
pull,18368,b'closed',20820,https://api.github.com/repos/facebook/react-native/pulls/20820,,2018-08-23T22:28:10Z,1
pull,22949,b'closed',23361,https://api.github.com/repos/facebook/react-native/pulls/23361,,2019-02-10T16:18:23Z,1
pull,23314,b'closed',23358,https://api.github.com/repos/facebook/react-native/pulls/23358,,2019-02-10T09:22:05Z,1
pull,23771,b'closed',23851,https://api.github.com/repos/facebook/react-native/pulls/23851,,2019-03-11T13:53:39Z,12
pull,20908,b'closed',21951,https://api.github.com/repos/facebook/react-native/pulls/21951,,2018-10-25T22:15:06Z,1
pull,21243,b'closed',21951,https://api.github.com/repos/facebook/react-native/pulls/21951,,2018-10-25T22:15:06Z,1
pull,18598,b'closed',393,https://api.github.com/repos/callstack/haul/pulls/393,2018-04-04T09:52:48Z,2018-03-27T18:04:53Z,1
pull,20956,b'closed',22025,https://api.github.com/repos/facebook/react-native/pulls/22025,,2018-10-30T18:16:52Z,1
pull,22885,b'closed',23281,https://api.github.com/repos/facebook/react-native/pulls/23281,,2019-02-03T20:40:41Z,1
pull,22885,b'closed',23322,https://api.github.com/repos/facebook/react-native/pulls/23322,,2019-02-07T02:11:58Z,2
pull,22885,b'closed',23365,https://api.github.com/repos/facebook/react-native/pulls/23365,,2019-02-11T02:58:28Z,4
pull,23217,b'closed',23274,https://api.github.com/repos/facebook/react-native/pulls/23274,,2019-02-03T01:48:13Z,1
pull,22710,b'closed',23233,https://api.github.com/repos/facebook/react-native/pulls/23233,,2019-01-31T18:57:58Z,1
pull,23076,b'closed',23240,https://api.github.com/repos/facebook/react-native/pulls/23240,,2019-02-01T02:47:16Z,1
pull,22695,b'closed',22720,https://api.github.com/repos/facebook/react-native/pulls/22720,,2018-12-20T00:39:43Z,4
pull,23208,b'closed',23207,https://api.github.com/repos/facebook/react-native/pulls/23207,,2019-01-29T18:37:01Z,1
pull,13754,b'closed',16965,https://api.github.com/repos/facebook/react-native/pulls/16965,,2017-11-24T13:21:48Z,1
pull,13754,b'closed',18889,https://api.github.com/repos/facebook/react-native/pulls/18889,,2018-04-16T21:06:49Z,1
pull,20497,b'closed',128,https://api.github.com/repos/react-native-community/cli/pulls/128,2019-01-31T14:54:44Z,2019-01-25T16:42:45Z,1
pull,22100,b'closed',22103,https://api.github.com/repos/facebook/react-native/pulls/22103,,2018-11-04T03:11:34Z,1
pull,22100,b'closed',22105,https://api.github.com/repos/facebook/react-native/pulls/22105,,2018-11-04T03:39:19Z,1
pull,22100,b'closed',22106,https://api.github.com/repos/facebook/react-native/pulls/22106,,2018-11-04T04:32:33Z,2
pull,22100,b'closed',22114,https://api.github.com/repos/facebook/react-native/pulls/22114,,2018-11-04T09:02:28Z,1
pull,22100,b'closed',22115,https://api.github.com/repos/facebook/react-native/pulls/22115,,2018-11-04T09:36:49Z,1
pull,23108,b'closed',23152,https://api.github.com/repos/facebook/react-native/pulls/23152,,2019-01-25T03:36:41Z,9
pull,23108,b'closed',23161,https://api.github.com/repos/facebook/react-native/pulls/23161,,2019-01-25T22:43:11Z,1
pull,23108,b'closed',23206,https://api.github.com/repos/facebook/react-native/pulls/23206,,2019-01-29T17:14:42Z,8
pull,23183,b'closed',82,https://api.github.com/repos/react-native-community/releases/pulls/82,2019-01-30T09:49:19Z,2019-01-25T16:07:08Z,1
pull,17699,b'closed',17847,https://api.github.com/repos/facebook/react-native/pulls/17847,,2018-02-03T15:26:28Z,1
pull,23176,b'closed',23177,https://api.github.com/repos/facebook/react-native/pulls/23177,,2019-01-27T22:46:15Z,1
pull,23176,b'closed',133,https://api.github.com/repos/react-native-community/cli/pulls/133,,2019-01-28T13:54:16Z,1
pull,22985,b'closed',22987,https://api.github.com/repos/facebook/react-native/pulls/22987,,2019-01-14T22:06:12Z,1
pull,22697,b'closed',22720,https://api.github.com/repos/facebook/react-native/pulls/22720,,2018-12-20T00:39:43Z,4
pull,15855,b'closed',14955,https://api.github.com/repos/facebook/react-native/pulls/14955,,2017-07-11T22:17:55Z,6
pull,19073,b'closed',22737,https://api.github.com/repos/facebook/react-native/pulls/22737,,2018-12-20T13:55:57Z,7
pull,23132,b'closed',23146,https://api.github.com/repos/facebook/react-native/pulls/23146,,2019-01-24T15:42:20Z,1
pull,20342,b'closed',953,https://api.github.com/repos/facebook/folly/pulls/953,,2018-10-19T14:14:56Z,1
pull,20342,b'closed',21863,https://api.github.com/repos/facebook/react-native/pulls/21863,,2018-10-19T17:02:19Z,3
pull,22375,b'closed',23105,https://api.github.com/repos/facebook/react-native/pulls/23105,,2019-01-22T20:47:01Z,1
pull,22375,b'closed',23135,https://api.github.com/repos/facebook/react-native/pulls/23135,,2019-01-24T01:49:44Z,3
pull,22990,b'closed',22995,https://api.github.com/repos/facebook/react-native/pulls/22995,,2019-01-15T06:27:43Z,3
pull,22990,b'closed',22996,https://api.github.com/repos/facebook/react-native/pulls/22996,,2019-01-15T07:32:02Z,2
pull,22990,b'closed',22997,https://api.github.com/repos/facebook/react-native/pulls/22997,,2019-01-15T07:39:07Z,2
pull,22990,b'closed',22998,https://api.github.com/repos/facebook/react-native/pulls/22998,,2019-01-15T07:44:52Z,2
pull,22990,b'closed',22999,https://api.github.com/repos/facebook/react-native/pulls/22999,,2019-01-15T09:28:53Z,3
pull,22990,b'closed',23000,https://api.github.com/repos/facebook/react-native/pulls/23000,,2019-01-15T10:24:09Z,2
pull,22990,b'closed',23001,https://api.github.com/repos/facebook/react-native/pulls/23001,,2019-01-15T10:50:47Z,2
pull,22990,b'closed',23003,https://api.github.com/repos/facebook/react-native/pulls/23003,,2019-01-15T11:03:29Z,2
pull,22990,b'closed',23004,https://api.github.com/repos/facebook/react-native/pulls/23004,,2019-01-15T12:02:51Z,2
pull,23916,b'closed',741,https://api.github.com/repos/wordpress-mobile/gutenberg-mobile/pulls/741,2019-03-15T14:47:10Z,2019-03-13T09:18:34Z,53
pull,21593,b'closed',21596,https://api.github.com/repos/facebook/react-native/pulls/21596,,2018-10-09T09:54:02Z,1
pull,25970,b'closed',8326,https://api.github.com/repos/status-im/status-mobile/pulls/8326,,2019-05-30T15:31:43Z,2
pull,22891,b'closed',22892,https://api.github.com/repos/facebook/react-native/pulls/22892,,2019-01-07T14:29:07Z,1
pull,21854,b'closed',21855,https://api.github.com/repos/facebook/react-native/pulls/21855,,2018-10-18T23:29:17Z,1
pull,22809,b'closed',22837,https://api.github.com/repos/facebook/react-native/pulls/22837,,2019-01-02T02:09:08Z,1
pull,25349,b'closed',25393,https://api.github.com/repos/facebook/react-native/pulls/25393,,2019-06-25T11:48:14Z,58
pull,22811,b'closed',724,https://api.github.com/repos/facebook/react-native-website/pulls/724,2019-01-04T09:15:59Z,2018-12-29T11:58:35Z,1
pull,26637,b'closed',2095,https://api.github.com/repos/react-native-elements/react-native-elements/pulls/2095,,2019-09-29T10:29:20Z,3
pull,22812,b'closed',722,https://api.github.com/repos/kiwicom/margarita/pulls/722,2019-05-02T06:22:03Z,2019-04-30T10:01:37Z,8
pull,26263,b'closed',26622,https://api.github.com/repos/facebook/react-native/pulls/26622,,2019-09-27T18:40:22Z,1
pull,21086,b'closed',19489,https://api.github.com/repos/facebook/react-native/pulls/19489,,2018-05-29T10:26:55Z,3461
pull,21086,b'closed',22439,https://api.github.com/repos/facebook/react-native/pulls/22439,,2018-11-28T02:19:23Z,1
pull,26559,b'closed',26706,https://api.github.com/repos/facebook/react-native/pulls/26706,,2019-10-03T13:39:11Z,6
pull,26552,b'closed',26553,https://api.github.com/repos/facebook/react-native/pulls/26553,,2019-09-24T16:22:40Z,1
pull,25060,b'closed',8367,https://api.github.com/repos/status-im/status-mobile/pulls/8367,,2019-06-05T15:05:04Z,1
pull,25060,b'closed',8326,https://api.github.com/repos/status-im/status-mobile/pulls/8326,,2019-05-30T15:31:43Z,2
pull,21468,b'closed',22025,https://api.github.com/repos/facebook/react-native/pulls/22025,,2018-10-30T18:16:52Z,1
pull,21468,b'closed',404,https://api.github.com/repos/balance-io/balance-wallet/pulls/404,,2019-02-06T14:58:22Z,1
pull,24837,b'closed',25306,https://api.github.com/repos/facebook/react-native/pulls/25306,,2019-06-19T07:17:10Z,1
pull,19057,b'closed',19554,https://api.github.com/repos/facebook/react-native/pulls/19554,,2018-06-04T08:29:50Z,1
pull,22741,b'closed',22749,https://api.github.com/repos/facebook/react-native/pulls/22749,,2018-12-21T14:13:17Z,1
pull,22741,b'closed',1852,https://api.github.com/repos/nrwl/nx/pulls/1852,2019-09-23T17:09:36Z,2019-09-17T19:17:01Z,6
pull,26421,b'closed',26435,https://api.github.com/repos/facebook/react-native/pulls/26435,,2019-09-14T07:43:06Z,1
pull,22696,b'closed',22720,https://api.github.com/repos/facebook/react-native/pulls/22720,,2018-12-20T00:39:43Z,4
pull,22696,b'closed',22729,https://api.github.com/repos/facebook/react-native/pulls/22729,,2018-12-20T08:51:11Z,3
pull,21126,b'closed',27574,https://api.github.com/repos/facebook/react-native/pulls/27574,,2019-12-19T16:07:00Z,3
pull,21126,b'closed',3736,https://api.github.com/repos/mattermost/mattermost-mobile/pulls/3736,2020-01-07T23:07:14Z,2019-12-19T12:09:00Z,1
pull,18087,b'closed',18103,https://api.github.com/repos/facebook/react-native/pulls/18103,,2018-02-26T19:19:57Z,2
pull,21780,b'closed',22688,https://api.github.com/repos/facebook/react-native/pulls/22688,,2018-12-18T08:09:27Z,1
pull,18886,b'closed',23167,https://api.github.com/repos/facebook/react-native/pulls/23167,,2019-01-26T15:24:28Z,1
pull,19694,b'closed',19750,https://api.github.com/repos/facebook/react-native/pulls/19750,,2018-06-16T03:30:28Z,1
pull,20991,b'closed',20992,https://api.github.com/repos/facebook/react-native/pulls/20992,,2018-09-05T21:14:23Z,1
pull,22462,b'closed',4160,https://api.github.com/repos/jitsi/jitsi-meet/pulls/4160,2019-08-16T15:59:48Z,2019-05-01T14:05:26Z,3
pull,2552,b'closed',2596,https://api.github.com/repos/facebook/react-native/pulls/2596,,2015-09-08T00:54:14Z,3
pull,2552,b'closed',9852,https://api.github.com/repos/facebook/react-native/pulls/9852,,2016-09-12T11:47:39Z,1
pull,3346,b'closed',3347,https://api.github.com/repos/facebook/react-native/pulls/3347,,2015-10-11T22:42:10Z,1
pull,6946,b'closed',227,https://api.github.com/repos/microsoft/vscode-react-native/pulls/227,2016-04-26T22:52:17Z,2016-04-20T21:39:20Z,11
pull,8885,b'closed',952,https://api.github.com/repos/zulip/zulip-mobile/pulls/952,2017-07-31T04:10:07Z,2017-07-31T03:26:54Z,3
pull,10635,b'closed',10636,https://api.github.com/repos/facebook/react-native/pulls/10636,,2016-10-31T01:14:31Z,1
pull,10712,b'closed',1,https://api.github.com/repos/henrytao-me/react-native/pulls/1,,2017-07-07T10:43:54Z,9
pull,10712,b'closed',8420,https://api.github.com/repos/keybase/client/pulls/8420,2017-09-12T23:16:21Z,2017-09-12T23:12:39Z,1
pull,10712,b'closed',16448,https://api.github.com/repos/facebook/react-native/pulls/16448,,2017-10-18T13:48:25Z,2
pull,10765,b'closed',10554,https://api.github.com/repos/facebook/react-native/pulls/10554,,2016-10-26T07:54:28Z,1
pull,11594,b'closed',1,https://api.github.com/repos/scazzy/react-native-webview-autoheight/pulls/1,2017-03-15T14:21:05Z,2017-03-01T09:17:15Z,1
pull,11594,b'closed',10941,https://api.github.com/repos/facebook/react-native/pulls/10941,,2016-11-15T09:44:19Z,4
pull,11681,b'closed',457,https://api.github.com/repos/zulip/zulip-mobile/pulls/457,2017-05-25T01:27:42Z,2017-03-24T18:13:20Z,4
pull,12103,b'closed',4,https://api.github.com/repos/tiensonqin/cljs-exponent/pulls/4,2017-09-02T08:02:16Z,2017-07-12T22:42:17Z,2
pull,12237,b'closed',17393,https://api.github.com/repos/facebook/react-native/pulls/17393,,2017-12-29T23:12:36Z,1
pull,13198,b'closed',13217,https://api.github.com/repos/facebook/react-native/pulls/13217,,2017-03-30T12:17:15Z,2
pull,13198,b'closed',13785,https://api.github.com/repos/facebook/react-native/pulls/13785,,2017-05-04T19:25:06Z,1
pull,13463,b'closed',15376,https://api.github.com/repos/facebook/react-native/pulls/15376,,2017-08-04T22:45:36Z,1
pull,13463,b'closed',479,https://api.github.com/repos/leecade/react-native-swiper/pulls/479,,2017-07-25T12:11:50Z,4
pull,13463,b'closed',514,https://api.github.com/repos/leecade/react-native-swiper/pulls/514,2017-08-11T15:25:36Z,2017-08-11T15:21:17Z,1
pull,13487,b'closed',17595,https://api.github.com/repos/facebook/react-native/pulls/17595,,2018-01-15T02:56:26Z,2
pull,13783,b'closed',17084,https://api.github.com/repos/facebook/react-native/pulls/17084,,2017-12-05T22:42:21Z,5
pull,13938,b'closed',85,https://api.github.com/repos/meliorence/react-native-render-html/pulls/85,,2018-01-17T18:26:49Z,2
pull,13938,b'closed',95,https://api.github.com/repos/meliorence/react-native-render-html/pulls/95,2018-02-08T10:34:49Z,2018-02-07T17:28:19Z,10
pull,14101,b'closed',16905,https://api.github.com/repos/facebook/react-native/pulls/16905,,2017-11-21T10:27:09Z,1
pull,14232,b'closed',1434,https://api.github.com/repos/zulip/zulip-mobile/pulls/1434,,2017-11-18T19:52:40Z,1
pull,15218,b'closed',15392,https://api.github.com/repos/facebook/react-native/pulls/15392,,2017-08-07T04:19:12Z,3
pull,15726,b'closed',15817,https://api.github.com/repos/facebook/react-native/pulls/15817,,2017-09-05T17:32:13Z,1
pull,15726,b'closed',16229,https://api.github.com/repos/facebook/react-native/pulls/16229,,2017-10-05T23:21:03Z,58
pull,15756,b'closed',17395,https://api.github.com/repos/facebook/react-native/pulls/17395,,2017-12-30T16:59:35Z,1
pull,16151,b'closed',318,https://api.github.com/repos/facebook/fbjs/pulls/318,2018-11-15T18:50:42Z,2018-10-11T16:13:55Z,2
pull,20935,b'closed',20955,https://api.github.com/repos/facebook/react-native/pulls/20955,,2018-09-03T20:10:03Z,1
pull,20935,b'closed',21516,https://api.github.com/repos/facebook/react-native/pulls/21516,,2018-10-05T16:02:58Z,1
pull,22437,b'closed',23326,https://api.github.com/repos/facebook/react-native/pulls/23326,,2019-02-07T09:18:43Z,1
pull,22521,b'closed',22598,https://api.github.com/repos/facebook/react-native/pulls/22598,,2018-12-11T06:37:23Z,1
pull,22145,b'closed',4,https://api.github.com/repos/brunon80/expo-image-crop/pulls/4,2019-04-18T21:04:45Z,2019-04-17T20:22:23Z,1
pull,22578,b'closed',22579,https://api.github.com/repos/facebook/react-native/pulls/22579,,2018-12-10T04:45:49Z,2
pull,22578,b'closed',22611,https://api.github.com/repos/facebook/react-native/pulls/22611,,2018-12-12T05:55:59Z,2
pull,18562,b'closed',22531,https://api.github.com/repos/facebook/react-native/pulls/22531,,2018-12-05T18:15:48Z,1
pull,21295,b'closed',21478,https://api.github.com/repos/facebook/react-native/pulls/21478,,2018-10-04T13:17:34Z,4
pull,22310,b'closed',22312,https://api.github.com/repos/facebook/react-native/pulls/22312,,2018-11-16T10:07:51Z,1
pull,22335,b'closed',22531,https://api.github.com/repos/facebook/react-native/pulls/22531,,2018-12-05T18:15:48Z,1
pull,22530,b'closed',22532,https://api.github.com/repos/facebook/react-native/pulls/22532,,2018-12-05T18:30:33Z,1
pull,20588,b'closed',20589,https://api.github.com/repos/facebook/react-native/pulls/20589,,2018-08-09T04:29:41Z,2
pull,20588,b'closed',231,https://api.github.com/repos/ApollosProject/apollos-apps/pulls/231,2018-08-23T15:29:30Z,2018-08-22T01:19:23Z,44
pull,22520,b'closed',763,https://api.github.com/repos/iotaledger/trinity-wallet/pulls/763,2018-12-10T13:47:49Z,2018-12-10T11:33:25Z,1
pull,19339,b'closed',4716,https://api.github.com/repos/status-im/status-mobile/pulls/4716,,2018-06-12T10:35:29Z,18
pull,19339,b'closed',19809,https://api.github.com/repos/facebook/react-native/pulls/19809,,2018-06-19T17:04:57Z,1
pull,19339,b'closed',22546,https://api.github.com/repos/facebook/react-native/pulls/22546,,2018-12-06T16:43:04Z,1
pull,21853,b'closed',21858,https://api.github.com/repos/facebook/react-native/pulls/21858,,2018-10-19T08:41:36Z,1
pull,22410,b'closed',22746,https://api.github.com/repos/facebook/react-native/pulls/22746,,2018-12-21T08:20:31Z,1
pull,22475,b'closed',22477,https://api.github.com/repos/facebook/react-native/pulls/22477,,2018-12-02T14:58:44Z,11
pull,22421,b'closed',22423,https://api.github.com/repos/facebook/react-native/pulls/22423,,2018-11-27T02:32:12Z,1
pull,22308,b'closed',22348,https://api.github.com/repos/facebook/react-native/pulls/22348,,2018-11-19T17:01:34Z,1
pull,22163,b'closed',384,https://api.github.com/repos/react-native-community/cli/pulls/384,2019-05-14T10:30:38Z,2019-05-12T08:16:36Z,2
pull,21754,b'closed',21779,https://api.github.com/repos/facebook/react-native/pulls/21779,,2018-10-14T13:20:56Z,1
pull,21975,b'closed',3,https://api.github.com/repos/gtkatakura/Challenge/pulls/3,,2018-11-28T02:16:59Z,83
pull,19833,b'closed',866,https://api.github.com/repos/LedgerHQ/ledger-live-mobile/pulls/866,,2019-04-15T16:49:32Z,7
pull,26006,b'closed',26009,https://api.github.com/repos/facebook/react-native/pulls/26009,,2019-08-10T06:56:23Z,2
pull,25772,b'closed',21970,https://api.github.com/repos/facebook/react-native/pulls/21970,,2018-10-27T05:48:15Z,2
pull,21945,b'closed',23402,https://api.github.com/repos/facebook/react-native/pulls/23402,,2019-02-12T15:50:29Z,1
pull,22205,b'closed',22284,https://api.github.com/repos/facebook/react-native/pulls/22284,,2018-11-15T03:28:34Z,2
pull,22205,b'closed',22413,https://api.github.com/repos/facebook/react-native/pulls/22413,,2018-11-26T13:59:17Z,2
pull,21581,b'closed',21582,https://api.github.com/repos/facebook/react-native/pulls/21582,,2018-10-09T02:06:34Z,2
pull,21581,b'closed',21602,https://api.github.com/repos/facebook/react-native/pulls/21602,,2018-10-09T13:35:19Z,1
pull,21581,b'closed',21603,https://api.github.com/repos/facebook/react-native/pulls/21603,,2018-10-09T13:48:02Z,1
pull,21581,b'closed',21604,https://api.github.com/repos/facebook/react-native/pulls/21604,,2018-10-09T14:11:55Z,1
pull,21581,b'closed',21606,https://api.github.com/repos/facebook/react-native/pulls/21606,,2018-10-09T14:29:12Z,1
pull,21581,b'closed',21600,https://api.github.com/repos/facebook/react-native/pulls/21600,,2018-10-09T11:27:37Z,1
pull,21581,b'closed',21611,https://api.github.com/repos/facebook/react-native/pulls/21611,,2018-10-09T20:01:59Z,1
pull,21581,b'closed',21613,https://api.github.com/repos/facebook/react-native/pulls/21613,,2018-10-09T20:08:48Z,1
pull,21581,b'closed',21619,https://api.github.com/repos/facebook/react-native/pulls/21619,,2018-10-10T01:06:13Z,3
pull,21581,b'closed',21621,https://api.github.com/repos/facebook/react-native/pulls/21621,,2018-10-10T02:13:50Z,1
pull,21581,b'closed',21622,https://api.github.com/repos/facebook/react-native/pulls/21622,,2018-10-10T02:30:09Z,1
pull,21581,b'closed',21623,https://api.github.com/repos/facebook/react-native/pulls/21623,,2018-10-10T02:38:54Z,1
pull,21581,b'closed',21627,https://api.github.com/repos/facebook/react-native/pulls/21627,,2018-10-10T04:06:47Z,1
pull,21581,b'closed',21702,https://api.github.com/repos/facebook/react-native/pulls/21702,,2018-10-10T19:40:18Z,1
pull,22101,b'closed',22103,https://api.github.com/repos/facebook/react-native/pulls/22103,,2018-11-04T03:11:34Z,1
pull,22101,b'closed',22105,https://api.github.com/repos/facebook/react-native/pulls/22105,,2018-11-04T03:39:19Z,1
pull,22101,b'closed',22106,https://api.github.com/repos/facebook/react-native/pulls/22106,,2018-11-04T04:32:33Z,2
pull,22101,b'closed',22114,https://api.github.com/repos/facebook/react-native/pulls/22114,,2018-11-04T09:02:28Z,1
pull,22101,b'closed',22115,https://api.github.com/repos/facebook/react-native/pulls/22115,,2018-11-04T09:36:49Z,1
pull,21830,b'closed',24118,https://api.github.com/repos/facebook/react-native/pulls/24118,,2019-03-24T11:16:27Z,1
pull,21939,b'closed',3913,https://api.github.com/repos/expo/expo/pulls/3913,2019-04-02T21:00:43Z,2019-04-02T17:15:00Z,1
pull,21937,b'closed',438,https://api.github.com/repos/iotaledger/trinity-wallet/pulls/438,2018-11-27T21:26:42Z,2018-09-30T16:44:53Z,23
pull,21937,b'closed',21950,https://api.github.com/repos/facebook/react-native/pulls/21950,,2018-10-25T16:55:30Z,3
pull,21937,b'closed',22417,https://api.github.com/repos/facebook/react-native/pulls/22417,,2018-11-26T18:38:06Z,3
pull,21937,b'closed',23287,https://api.github.com/repos/facebook/react-native/pulls/23287,,2019-02-04T14:12:00Z,2
pull,22001,b'closed',22002,https://api.github.com/repos/facebook/react-native/pulls/22002,,2018-10-29T18:09:07Z,2
pull,21907,b'closed',21910,https://api.github.com/repos/facebook/react-native/pulls/21910,,2018-10-23T17:00:02Z,2
pull,21907,b'closed',10,https://api.github.com/repos/segmentio/analytics-react-native/pulls/10,2018-10-23T20:13:36Z,2018-10-23T19:52:53Z,2
pull,25679,b'closed',1119,https://api.github.com/repos/facebook/react-native-website/pulls/1119,2019-08-07T03:18:05Z,2019-07-17T14:36:46Z,1
pull,21485,b'closed',21488,https://api.github.com/repos/facebook/react-native/pulls/21488,,2018-10-04T20:21:45Z,1
pull,21485,b'closed',21493,https://api.github.com/repos/facebook/react-native/pulls/21493,,2018-10-04T22:59:19Z,2
pull,21485,b'closed',21499,https://api.github.com/repos/facebook/react-native/pulls/21499,,2018-10-05T01:48:40Z,2
pull,21485,b'closed',21500,https://api.github.com/repos/facebook/react-native/pulls/21500,,2018-10-05T02:15:04Z,1
pull,21485,b'closed',21501,https://api.github.com/repos/facebook/react-native/pulls/21501,,2018-10-05T02:55:46Z,1
pull,21485,b'closed',21502,https://api.github.com/repos/facebook/react-native/pulls/21502,,2018-10-05T03:42:43Z,1
pull,21485,b'closed',21520,https://api.github.com/repos/facebook/react-native/pulls/21520,,2018-10-05T18:23:04Z,1
pull,21485,b'closed',21522,https://api.github.com/repos/facebook/react-native/pulls/21522,,2018-10-05T22:53:45Z,1
pull,19069,b'closed',19079,https://api.github.com/repos/facebook/react-native/pulls/19079,,2018-04-30T22:15:07Z,3
pull,25717,b'open',25719,https://api.github.com/repos/facebook/react-native/pulls/25719,,2019-07-18T17:43:00Z,7
pull,25717,b'open',29834,https://api.github.com/repos/facebook/react-native/pulls/29834,,2020-09-02T15:22:16Z,1
pull,25717,b'open',30188,https://api.github.com/repos/facebook/react-native/pulls/30188,,2020-10-15T21:01:58Z,1
pull,21150,b'closed',10,https://api.github.com/repos/BigRoomStudios/strangeluv-native/pulls/10,2018-09-21T13:35:45Z,2018-09-19T16:13:25Z,4
pull,21150,b'closed',21246,https://api.github.com/repos/facebook/react-native/pulls/21246,,2018-09-21T13:03:54Z,4
pull,21539,b'closed',21569,https://api.github.com/repos/facebook/react-native/pulls/21569,,2018-10-08T15:14:39Z,3
pull,21539,b'closed',21570,https://api.github.com/repos/facebook/react-native/pulls/21570,,2018-10-08T15:41:39Z,3
pull,21539,b'closed',21623,https://api.github.com/repos/facebook/react-native/pulls/21623,,2018-10-10T02:38:54Z,1
pull,19497,b'closed',42,https://api.github.com/repos/react-navigation/react-native-safe-area-view/pulls/42,,2018-09-06T09:23:05Z,1
pull,21070,b'closed',21,https://api.github.com/repos/deanhet/react-native-text-ticker/pulls/21,2019-02-05T22:25:06Z,2019-02-05T11:58:17Z,2
pull,20606,b'closed',1061,https://api.github.com/repos/microsoft/reactxp/pulls/1061,,2019-03-20T05:35:32Z,1
pull,20224,b'closed',18278,https://api.github.com/repos/facebook/react-native/pulls/18278,,2018-03-08T17:09:55Z,1
pull,20224,b'closed',20634,https://api.github.com/repos/facebook/react-native/pulls/20634,,2018-08-12T07:34:03Z,1
pull,21498,b'closed',1,https://api.github.com/repos/sandor11/react-native-newrelic/pulls/1,2019-03-29T05:34:26Z,2019-03-29T05:34:02Z,1
pull,21065,b'closed',21237,https://api.github.com/repos/facebook/react-native/pulls/21237,,2018-09-21T06:16:18Z,1
pull,19193,b'closed',19653,https://api.github.com/repos/facebook/react-native/pulls/19653,,2018-06-11T14:13:16Z,1
pull,21052,b'closed',276,https://api.github.com/repos/facebook/metro/pulls/276,,2018-10-01T21:14:03Z,1
pull,21132,b'closed',21408,https://api.github.com/repos/facebook/react-native/pulls/21408,,2018-09-28T21:02:00Z,1
pull,21132,b'closed',21409,https://api.github.com/repos/facebook/react-native/pulls/21409,,2018-09-28T22:58:47Z,1
pull,20112,b'closed',21414,https://api.github.com/repos/facebook/react-native/pulls/21414,,2018-09-29T10:55:29Z,1
pull,20112,b'closed',21438,https://api.github.com/repos/facebook/react-native/pulls/21438,,2018-10-01T14:35:22Z,1
pull,25339,b'closed',25340,https://api.github.com/repos/facebook/react-native/pulls/25340,,2019-06-20T22:01:21Z,1
pull,20288,b'closed',20463,https://api.github.com/repos/facebook/react-native/pulls/20463,,2018-07-31T06:59:01Z,1
pull,20288,b'closed',20465,https://api.github.com/repos/facebook/react-native/pulls/20465,,2018-07-31T07:54:27Z,1
pull,21361,b'closed',22025,https://api.github.com/repos/facebook/react-native/pulls/22025,,2018-10-30T18:16:52Z,1
pull,21336,b'closed',97,https://api.github.com/repos/react-native-webview/react-native-webview/pulls/97,2018-10-21T21:13:00Z,2018-10-18T04:50:39Z,6
pull,21104,b'closed',46,https://api.github.com/repos/react-native-webview/react-native-webview/pulls/46,2018-09-17T15:29:05Z,2018-09-17T15:00:22Z,1
pull,21253,b'closed',1,https://api.github.com/repos/MaxInMoon/react-native/pulls/1,2018-09-26T16:31:39Z,2018-09-26T16:13:39Z,1
pull,21253,b'closed',21338,https://api.github.com/repos/facebook/react-native/pulls/21338,,2018-09-26T16:29:32Z,1
pull,18442,b'closed',18548,https://api.github.com/repos/facebook/react-native/pulls/18548,,2018-03-25T08:15:37Z,2
pull,18802,b'closed',4,https://api.github.com/repos/rishichawda/react-native-qrcode-generator/pulls/4,2019-04-09T07:44:54Z,2019-04-09T07:41:58Z,1
pull,25275,b'closed',25306,https://api.github.com/repos/facebook/react-native/pulls/25306,,2019-06-19T07:17:10Z,1
pull,20994,b'closed',21034,https://api.github.com/repos/facebook/react-native/pulls/21034,,2018-09-10T11:03:36Z,1
pull,21219,b'closed',3134,https://api.github.com/repos/StoDevX/AAO-React-Native/pulls/3134,2018-10-20T23:07:47Z,2018-10-17T18:02:03Z,7
pull,20150,b'closed',198,https://api.github.com/repos/facebook/metro/pulls/198,,2018-07-12T23:37:19Z,9
pull,20797,b'closed',20798,https://api.github.com/repos/facebook/react-native/pulls/20798,,2018-08-22T19:38:05Z,1
pull,21156,b'closed',20992,https://api.github.com/repos/facebook/react-native/pulls/20992,,2018-09-05T21:14:23Z,1
pull,20924,b'closed',2,https://api.github.com/repos/software-mansion-labs/react-native/pulls/2,,2018-09-14T13:08:31Z,1
pull,20924,b'closed',21143,https://api.github.com/repos/facebook/react-native/pulls/21143,,2018-09-17T08:14:38Z,1
pull,18874,b'closed',18456,https://api.github.com/repos/facebook/react-native/pulls/18456,,2018-03-20T04:47:43Z,2
pull,18874,b'closed',19087,https://api.github.com/repos/facebook/react-native/pulls/19087,,2018-05-01T19:08:41Z,1
pull,21054,b'closed',61,https://api.github.com/repos/zalmoxisus/remotedev-server/pulls/61,2018-10-01T01:24:54Z,2018-09-21T11:44:02Z,1
pull,21054,b'closed',1,https://api.github.com/repos/oguennec/remotedev-server/pulls/1,2018-09-25T08:25:57Z,2018-09-25T08:25:46Z,1
pull,18272,b'closed',18278,https://api.github.com/repos/facebook/react-native/pulls/18278,,2018-03-08T17:09:55Z,1
pull,18272,b'closed',18363,https://api.github.com/repos/facebook/react-native/pulls/18363,,2018-03-14T02:24:08Z,2
pull,18272,b'closed',1,https://api.github.com/repos/CHANOMA/react-native/pulls/1,2018-03-14T02:44:09Z,2018-03-14T02:28:09Z,2
pull,18272,b'closed',3,https://api.github.com/repos/CHANOMA/react-native/pulls/3,2018-03-23T00:07:49Z,2018-03-21T10:06:35Z,2
pull,21011,b'closed',21012,https://api.github.com/repos/facebook/react-native/pulls/21012,,2018-09-07T12:29:57Z,1
pull,25127,b'closed',33,https://api.github.com/repos/react-navigation/navigation-ex/pulls/33,2019-08-01T10:34:55Z,2019-07-28T19:10:57Z,12
pull,25127,b'closed',26176,https://api.github.com/repos/facebook/react-native/pulls/26176,,2019-08-24T05:32:48Z,3
pull,19229,b'closed',19625,https://api.github.com/repos/facebook/react-native/pulls/19625,,2018-06-08T17:48:41Z,8
pull,20917,b'closed',20918,https://api.github.com/repos/facebook/react-native/pulls/20918,,2018-08-30T04:58:52Z,1
pull,19953,b'closed',18995,https://api.github.com/repos/facebook/react-native/pulls/18995,,2018-04-23T16:34:06Z,543
pull,20969,b'closed',40,https://api.github.com/repos/react-native-community/releases/pulls/40,2018-09-12T11:39:48Z,2018-08-26T04:04:40Z,1
pull,20804,b'closed',20820,https://api.github.com/repos/facebook/react-native/pulls/20820,,2018-08-23T22:28:10Z,1
pull,18868,b'closed',386,https://api.github.com/repos/NSWSESMembers/availability-poc/pulls/386,2018-05-09T07:44:36Z,2018-05-09T06:55:54Z,1
pull,24970,b'closed',24975,https://api.github.com/repos/facebook/react-native/pulls/24975,,2019-05-21T08:18:18Z,1
pull,16536,b'closed',3086,https://api.github.com/repos/status-im/status-mobile/pulls/3086,2018-02-01T12:27:40Z,2018-01-18T21:00:35Z,5
pull,20780,b'closed',20811,https://api.github.com/repos/facebook/react-native/pulls/20811,,2018-08-23T10:54:11Z,7
pull,20327,b'closed',20577,https://api.github.com/repos/facebook/react-native/pulls/20577,,2018-08-08T16:10:28Z,3
pull,20327,b'closed',20653,https://api.github.com/repos/facebook/react-native/pulls/20653,,2018-08-13T14:26:07Z,2
pull,20769,b'closed',20779,https://api.github.com/repos/facebook/react-native/pulls/20779,,2018-08-22T08:12:02Z,1
pull,20553,b'closed',20554,https://api.github.com/repos/facebook/react-native/pulls/20554,,2018-08-07T02:15:58Z,1
pull,18122,b'closed',20584,https://api.github.com/repos/facebook/react-native/pulls/20584,,2018-08-08T23:24:33Z,1
pull,20703,b'closed',20706,https://api.github.com/repos/facebook/react-native/pulls/20706,,2018-08-17T02:51:28Z,1
pull,25477,b'closed',25478,https://api.github.com/repos/facebook/react-native/pulls/25478,,2019-07-03T16:54:04Z,1
pull,20651,b'closed',20758,https://api.github.com/repos/facebook/react-native/pulls/20758,,2018-08-20T21:12:47Z,22
pull,18815,b'closed',46,https://api.github.com/repos/mlapeter/the100reactapp/pulls/46,2018-08-22T20:39:38Z,2018-08-22T20:39:09Z,7
pull,20614,b'closed',638,https://api.github.com/repos/redbadger/pride-london-app/pulls/638,2018-12-21T10:17:20Z,2018-12-17T11:46:14Z,91
pull,14968,b'closed',15199,https://api.github.com/repos/facebook/react-native/pulls/15199,,2017-07-25T17:30:55Z,1
pull,18249,b'closed',18660,https://api.github.com/repos/facebook/react-native/pulls/18660,,2018-04-02T18:59:58Z,2
pull,19611,b'closed',19655,https://api.github.com/repos/facebook/react-native/pulls/19655,,2018-06-11T16:11:50Z,1
pull,19611,b'closed',20366,https://api.github.com/repos/facebook/react-native/pulls/20366,,2018-07-24T14:54:49Z,1
pull,19611,b'closed',2854,https://api.github.com/repos/zulip/zulip-mobile/pulls/2854,,2018-08-01T12:41:14Z,5
pull,20365,b'closed',19655,https://api.github.com/repos/facebook/react-native/pulls/19655,,2018-06-11T16:11:50Z,1
pull,20365,b'closed',20366,https://api.github.com/repos/facebook/react-native/pulls/20366,,2018-07-24T14:54:49Z,1
pull,21749,b'closed',1,https://api.github.com/repos/booxmedialtd/react-native-video-controls/pulls/1,2019-01-07T09:31:19Z,2019-01-03T13:04:08Z,1
pull,22691,b'closed',23666,https://api.github.com/repos/facebook/react-native/pulls/23666,,2019-02-27T04:11:44Z,1
pull,23350,b'closed',238,https://api.github.com/repos/JesperLekland/react-native-svg-charts/pulls/238,2018-12-05T08:19:42Z,2018-10-02T12:20:36Z,3
pull,24207,b'closed',859,https://api.github.com/repos/facebook/react-native-website/pulls/859,2019-04-07T19:18:04Z,2019-03-30T04:04:19Z,1
pull,21735,b'closed',21737,https://api.github.com/repos/facebook/react-native/pulls/21737,,2018-10-11T19:04:35Z,1
pull,19654,b'closed',19974,https://api.github.com/repos/facebook/react-native/pulls/19974,,2018-06-29T12:10:36Z,2
pull,18255,b'closed',18534,https://api.github.com/repos/facebook/react-native/pulls/18534,,2018-03-24T07:07:02Z,1
pull,20488,b'closed',4,https://api.github.com/repos/Crewski/HANotify/pulls/4,2018-10-02T11:36:17Z,2018-09-27T05:57:50Z,2
pull,20488,b'closed',1466,https://api.github.com/repos/laurent22/joplin/pulls/1466,2019-05-10T00:15:14Z,2019-04-28T18:21:41Z,3
pull,20087,b'closed',20406,https://api.github.com/repos/facebook/react-native/pulls/20406,,2018-07-26T11:05:02Z,1
pull,20323,b'closed',20325,https://api.github.com/repos/facebook/react-native/pulls/20325,,2018-07-20T23:31:37Z,3
pull,20464,b'closed',497,https://api.github.com/repos/facebook/react-native-website/pulls/497,2018-08-08T20:28:51Z,2018-08-07T06:39:51Z,1
pull,20466,b'closed',25144,https://api.github.com/repos/facebook/react-native/pulls/25144,,2019-06-04T14:51:21Z,2
pull,25319,b'closed',25849,https://api.github.com/repos/facebook/react-native/pulls/25849,,2019-07-27T20:39:09Z,1
pull,18403,b'closed',18456,https://api.github.com/repos/facebook/react-native/pulls/18456,,2018-03-20T04:47:43Z,2
pull,25155,b'closed',25306,https://api.github.com/repos/facebook/react-native/pulls/25306,,2019-06-19T07:17:10Z,1
pull,25040,b'closed',32536,https://api.github.com/repos/facebook/react-native/pulls/32536,,2021-11-04T05:26:00Z,1
pull,25040,b'closed',2358,https://api.github.com/repos/getsentry/sentry-react-native/pulls/2358,,2022-07-07T17:02:36Z,3
pull,25040,b'closed',6737,https://api.github.com/repos/laurent22/joplin/pulls/6737,2022-08-21T20:57:25Z,2022-08-12T06:01:47Z,1
pull,20154,b'closed',851,https://api.github.com/repos/facebook/react-native-website/pulls/851,2019-04-07T19:06:37Z,2019-03-24T17:58:39Z,1
pull,25456,b'closed',25750,https://api.github.com/repos/facebook/react-native/pulls/25750,,2019-07-20T20:54:00Z,1
pull,20289,b'closed',22847,https://api.github.com/repos/facebook/react-native/pulls/22847,,2019-01-02T20:21:54Z,1
pull,25297,b'closed',25306,https://api.github.com/repos/facebook/react-native/pulls/25306,,2019-06-19T07:17:10Z,1
pull,19986,b'closed',1,https://api.github.com/repos/mistenkt/react-native-signature-pad/pulls/1,,2018-07-17T14:55:09Z,1
pull,19986,b'closed',18,https://api.github.com/repos/seekshiva/react-native-remote-svg/pulls/18,2018-08-15T08:48:25Z,2018-07-13T21:55:04Z,1
pull,18095,b'closed',6,https://api.github.com/repos/JaneaSystems/nodejs-mobile-react-native/pulls/6,,2018-04-24T14:49:59Z,1
pull,18095,b'closed',248,https://api.github.com/repos/luggit/react-native-config/pulls/248,,2018-04-24T14:53:41Z,1
pull,18095,b'closed',192,https://api.github.com/repos/DylanVann/react-native-fast-image/pulls/192,2018-04-25T02:48:25Z,2018-04-24T19:55:21Z,1
pull,18095,b'closed',999,https://api.github.com/repos/react-native-video/react-native-video/pulls/999,2018-06-09T23:48:36Z,2018-04-24T19:55:51Z,2
pull,18095,b'closed',714,https://api.github.com/repos/oblador/react-native-vector-icons/pulls/714,2018-07-20T07:24:30Z,2018-04-24T19:56:15Z,1
pull,18095,b'closed',185,https://api.github.com/repos/AlexanderZaytsev/react-native-i18n/pulls/185,2018-07-12T15:27:50Z,2018-04-24T19:56:36Z,1
pull,18095,b'closed',693,https://api.github.com/repos/wkh237/react-native-fetch-blob/pulls/693,,2018-04-24T19:57:34Z,2
pull,18095,b'closed',19257,https://api.github.com/repos/facebook/react-native/pulls/19257,,2018-05-15T01:20:43Z,4
pull,16612,b'closed',17415,https://api.github.com/repos/facebook/react-native/pulls/17415,,2018-01-02T11:47:41Z,1
pull,19126,b'closed',2595,https://api.github.com/repos/zulip/zulip-mobile/pulls/2595,,2018-05-30T15:44:30Z,2
pull,19126,b'closed',19645,https://api.github.com/repos/facebook/react-native/pulls/19645,,2018-06-11T06:02:16Z,1
pull,19844,b'closed',1,https://api.github.com/repos/shahnawaz/react-native-barcode-mask/pulls/1,2019-03-21T12:45:27Z,2019-03-21T10:01:40Z,1
pull,18916,b'closed',19645,https://api.github.com/repos/facebook/react-native/pulls/19645,,2018-06-11T06:02:16Z,1
pull,19120,b'closed',6198,https://api.github.com/repos/facebook/jest/pulls/6198,,2018-05-16T03:00:37Z,1
pull,16039,b'closed',16130,https://api.github.com/repos/facebook/react-native/pulls/16130,,2017-09-28T19:26:06Z,1
pull,16039,b'closed',16192,https://api.github.com/repos/facebook/react-native/pulls/16192,,2017-10-03T21:56:36Z,1
pull,18374,b'closed',18627,https://api.github.com/repos/facebook/react-native/pulls/18627,,2018-03-30T09:18:16Z,1
pull,19735,b'closed',19738,https://api.github.com/repos/facebook/react-native/pulls/19738,,2018-06-15T13:48:02Z,2
pull,19735,b'closed',406,https://api.github.com/repos/facebook/react-native-website/pulls/406,2018-06-15T16:13:25Z,2018-06-15T14:05:17Z,1
pull,18944,b'closed',12,https://api.github.com/repos/wordpress-mobile/react-native-aztec/pulls/12,2018-04-20T14:42:31Z,2018-04-18T22:59:24Z,26
pull,18944,b'closed',241,https://api.github.com/repos/bugsnag/bugsnag-react-native/pulls/241,2018-05-17T15:05:20Z,2018-05-15T15:06:15Z,19
pull,18944,b'closed',643,https://api.github.com/repos/wix/Detox/pulls/643,,2018-03-27T09:45:15Z,46
pull,18944,b'closed',898,https://api.github.com/repos/wix/Detox/pulls/898,,2018-08-22T12:30:38Z,26
pull,18944,b'closed',9,https://api.github.com/repos/zaki-yama/salesforce-samples/pulls/9,2018-11-30T01:46:07Z,2018-11-28T06:29:30Z,24
pull,19139,b'closed',19142,https://api.github.com/repos/facebook/react-native/pulls/19142,,2018-05-05T23:51:07Z,2
pull,19538,b'closed',19625,https://api.github.com/repos/facebook/react-native/pulls/19625,,2018-06-08T17:48:41Z,8
pull,19538,b'closed',19536,https://api.github.com/repos/facebook/react-native/pulls/19536,,2018-06-01T21:23:39Z,24
pull,18637,b'closed',19607,https://api.github.com/repos/facebook/react-native/pulls/19607,,2018-06-07T14:44:44Z,2
pull,19309,b'closed',17741,https://api.github.com/repos/facebook/react-native/pulls/17741,,2018-01-25T15:39:29Z,6
pull,19309,b'closed',19536,https://api.github.com/repos/facebook/react-native/pulls/19536,,2018-06-01T21:23:39Z,24
pull,19309,b'closed',19607,https://api.github.com/repos/facebook/react-native/pulls/19607,,2018-06-07T14:44:44Z,2
pull,18854,b'closed',308,https://api.github.com/repos/microsoft/appcenter-sdk-react-native/pulls/308,2018-05-16T01:30:20Z,2018-05-16T01:13:50Z,4
pull,18854,b'closed',19373,https://api.github.com/repos/facebook/react-native/pulls/19373,,2018-05-21T19:51:22Z,1
pull,19569,b'closed',19579,https://api.github.com/repos/facebook/react-native/pulls/19579,,2018-06-05T20:23:31Z,1
pull,19569,b'closed',18,https://api.github.com/repos/react-native-community/discussions-and-proposals/pulls/18,2019-01-21T16:12:27Z,2018-08-15T11:00:03Z,1
pull,19308,b'closed',6104,https://api.github.com/repos/facebook/jest/pulls/6104,2018-10-10T23:19:57Z,2018-05-01T14:38:03Z,35
pull,19308,b'closed',19510,https://api.github.com/repos/facebook/react-native/pulls/19510,,2018-05-30T17:45:51Z,1
pull,19370,b'closed',13319,https://api.github.com/repos/facebook/react-native/pulls/13319,,2017-04-05T11:31:45Z,7
pull,19370,b'closed',19496,https://api.github.com/repos/facebook/react-native/pulls/19496,,2018-05-29T19:27:15Z,3
pull,19485,b'closed',64,https://api.github.com/repos/EventFahrplan/EventFahrplan/pulls/64,,2018-06-11T12:55:07Z,1
pull,18244,b'closed',18245,https://api.github.com/repos/facebook/react-native/pulls/18245,,2018-03-07T06:59:38Z,1
pull,19226,b'closed',19230,https://api.github.com/repos/facebook/react-native/pulls/19230,,2018-05-11T23:10:32Z,3
pull,19396,b'closed',21,https://api.github.com/repos/SudoPlz/react-native-amplitude-analytics/pulls/21,2018-05-22T17:40:27Z,2018-05-22T17:33:38Z,1
pull,18853,b'closed',19479,https://api.github.com/repos/facebook/react-native/pulls/19479,,2018-05-29T04:50:29Z,1
pull,19141,b'closed',17842,https://api.github.com/repos/facebook/react-native/pulls/17842,,2018-02-02T18:32:08Z,1
pull,19270,b'closed',241,https://api.github.com/repos/bugsnag/bugsnag-react-native/pulls/241,2018-05-17T15:05:20Z,2018-05-15T15:06:15Z,19
pull,19009,b'closed',880,https://api.github.com/repos/CruGlobal/missionhub-react-native/pulls/880,2019-03-29T18:45:03Z,2019-03-28T20:55:07Z,1
pull,18954,b'closed',19077,https://api.github.com/repos/facebook/react-native/pulls/19077,,2018-04-30T17:38:10Z,1
pull,18954,b'closed',340,https://api.github.com/repos/facebook/react-native-website/pulls/340,2018-05-07T21:17:04Z,2018-05-03T23:31:28Z,1
pull,19086,b'closed',19089,https://api.github.com/repos/facebook/react-native/pulls/19089,,2018-05-01T20:22:56Z,1
pull,24654,b'open',24405,https://api.github.com/repos/facebook/react-native/pulls/24405,,2019-04-11T05:51:23Z,6
pull,18695,b'closed',46,https://api.github.com/repos/codeforireland2/transparentwater_mobileapp/pulls/46,2018-06-13T20:36:10Z,2018-06-11T23:13:50Z,4
pull,18938,b'closed',18988,https://api.github.com/repos/facebook/react-native/pulls/18988,,2018-04-23T08:08:04Z,1
pull,18967,b'closed',462,https://api.github.com/repos/facebook/react-native-website/pulls/462,2018-07-26T23:24:53Z,2018-07-18T15:51:19Z,1
pull,18835,b'closed',26,https://api.github.com/repos/sebmarkbage/art/pulls/26,,2018-08-10T18:48:36Z,1
pull,16635,b'closed',16889,https://api.github.com/repos/facebook/react-native/pulls/16889,,2017-11-20T08:32:58Z,1
pull,16635,b'closed',17892,https://api.github.com/repos/facebook/react-native/pulls/17892,,2018-02-07T12:53:54Z,2505
pull,16635,b'closed',18785,https://api.github.com/repos/facebook/react-native/pulls/18785,,2018-04-10T10:35:41Z,1
pull,17504,b'closed',17679,https://api.github.com/repos/facebook/react-native/pulls/17679,,2018-01-20T07:40:36Z,1
pull,18696,b'closed',18733,https://api.github.com/repos/facebook/react-native/pulls/18733,,2018-04-07T00:02:59Z,1
pull,18279,b'closed',18718,https://api.github.com/repos/facebook/react-native/pulls/18718,,2018-04-06T09:44:04Z,1
pull,18709,b'closed',18893,https://api.github.com/repos/facebook/react-native/pulls/18893,,2018-04-17T06:12:24Z,1
pull,18714,b'closed',18715,https://api.github.com/repos/facebook/react-native/pulls/18715,,2018-04-06T02:49:08Z,1
pull,18683,b'closed',18688,https://api.github.com/repos/facebook/react-native/pulls/18688,,2018-04-04T08:11:47Z,1
pull,18683,b'closed',494,https://api.github.com/repos/kiwicom/mobile/pulls/494,2018-04-18T09:59:24Z,2018-04-18T08:35:55Z,3
pull,18687,b'closed',18700,https://api.github.com/repos/facebook/react-native/pulls/18700,,2018-04-04T18:26:17Z,1
pull,18634,b'closed',18996,https://api.github.com/repos/facebook/react-native/pulls/18996,,2018-04-23T17:14:49Z,1
pull,18451,b'closed',18630,https://api.github.com/repos/facebook/react-native/pulls/18630,,2018-03-30T21:46:40Z,10
pull,18223,b'closed',79,https://api.github.com/repos/buttercup/buttercup-mobile/pulls/79,2018-04-04T20:05:41Z,2018-03-11T15:39:23Z,32
pull,18474,b'closed',18540,https://api.github.com/repos/facebook/react-native/pulls/18540,,2018-03-24T12:10:52Z,2
pull,18471,b'closed',18524,https://api.github.com/repos/facebook/react-native/pulls/18524,,2018-03-23T18:36:00Z,1
pull,18509,b'closed',18728,https://api.github.com/repos/facebook/react-native/pulls/18728,,2018-04-06T16:32:43Z,6
pull,18333,b'closed',18349,https://api.github.com/repos/facebook/react-native/pulls/18349,,2018-03-13T12:34:40Z,1
pull,18460,b'closed',18461,https://api.github.com/repos/facebook/react-native/pulls/18461,,2018-03-20T08:54:54Z,3
pull,18473,b'closed',18488,https://api.github.com/repos/facebook/react-native/pulls/18488,,2018-03-21T13:45:17Z,4
pull,18473,b'closed',12421,https://api.github.com/repos/facebook/react/pulls/12421,2018-08-16T13:54:45Z,2018-03-21T21:47:46Z,2
pull,18384,b'closed',18385,https://api.github.com/repos/facebook/react-native/pulls/18385,,2018-03-14T21:04:24Z,1
pull,18263,b'closed',18264,https://api.github.com/repos/facebook/react-native/pulls/18264,,2018-03-08T05:23:08Z,93
pull,18389,b'closed',18278,https://api.github.com/repos/facebook/react-native/pulls/18278,,2018-03-08T17:09:55Z,1
pull,1774,b'closed',8851,https://api.github.com/repos/facebook/react-native/pulls/8851,,2016-07-17T20:37:40Z,6
pull,10354,b'closed',10398,https://api.github.com/repos/facebook/react-native/pulls/10398,,2016-10-15T00:11:43Z,3
pull,9855,b'closed',83,https://api.github.com/repos/expo/ex-navigation/pulls/83,,2016-09-13T20:31:23Z,18
pull,9156,b'closed',9157,https://api.github.com/repos/facebook/react-native/pulls/9157,,2016-08-02T07:42:28Z,4
pull,8623,b'closed',9118,https://api.github.com/repos/facebook/react-native/pulls/9118,,2016-07-31T12:21:10Z,1
pull,7121,b'closed',7140,https://api.github.com/repos/facebook/react-native/pulls/7140,,2016-04-22T06:42:30Z,1
pull,6099,b'closed',6147,https://api.github.com/repos/facebook/react-native/pulls/6147,,2016-02-25T12:05:38Z,1
pull,5855,b'closed',7099,https://api.github.com/repos/facebook/react-native/pulls/7099,,2016-04-20T20:39:10Z,1
pull,18344,b'closed',343,https://api.github.com/repos/pagopa/io-app/pulls/343,2018-09-11T15:24:52Z,2018-07-31T14:27:38Z,3
pull,18351,b'closed',18382,https://api.github.com/repos/facebook/react-native/pulls/18382,,2018-03-14T18:47:02Z,1
pull,18288,b'closed',18337,https://api.github.com/repos/facebook/react-native/pulls/18337,,2018-03-12T16:36:15Z,1
pull,18288,b'closed',22,https://api.github.com/repos/digitaldeus/steemfoo/pulls/22,,2018-03-22T13:12:49Z,2
pull,18303,b'closed',246,https://api.github.com/repos/facebook/react-native-website/pulls/246,2018-04-05T16:28:18Z,2018-03-09T22:46:10Z,1
pull,18303,b'closed',18311,https://api.github.com/repos/facebook/react-native/pulls/18311,,2018-03-10T04:17:19Z,1
pull,17105,b'closed',17106,https://api.github.com/repos/facebook/react-native/pulls/17106,,2017-12-07T09:45:53Z,1
pull,17742,b'closed',17231,https://api.github.com/repos/facebook/react-native/pulls/17231,,2017-12-15T22:11:24Z,11
pull,17957,b'closed',322,https://api.github.com/repos/facebookarchive/react-native-fbsdk/pulls/322,2017-01-09T17:17:27Z,2016-12-01T09:37:31Z,29
pull,18120,b'closed',1,https://api.github.com/repos/aha-app/react-native-webview-autoheight/pulls/1,2018-10-24T19:45:45Z,2018-10-24T19:44:54Z,0
pull,18128,b'closed',18114,https://api.github.com/repos/facebook/react-native/pulls/18114,,2018-02-27T06:57:39Z,2
pull,18010,b'closed',1662,https://api.github.com/repos/microsoft/react-native-windows/pulls/1662,2018-03-05T14:51:28Z,2018-02-22T12:26:22Z,2
pull,17123,b'closed',19651,https://api.github.com/repos/facebook/react-native/pulls/19651,,2018-06-11T12:43:17Z,1
pull,17922,b'closed',18114,https://api.github.com/repos/facebook/react-native/pulls/18114,,2018-02-27T06:57:39Z,2
pull,16333,b'closed',144,https://api.github.com/repos/iotaledger/trinity-wallet/pulls/144,2018-07-05T08:50:01Z,2018-07-04T19:44:22Z,3
pull,16333,b'closed',22058,https://api.github.com/repos/facebook/react-native/pulls/22058,,2018-11-01T11:17:23Z,1
pull,16774,b'closed',16970,https://api.github.com/repos/facebook/react-native/pulls/16970,,2017-11-24T15:18:29Z,6
pull,17042,b'closed',47,https://api.github.com/repos/airbnb/react-native/pulls/47,2018-01-19T17:40:53Z,2018-01-19T00:25:45Z,1
pull,17118,b'closed',18830,https://api.github.com/repos/facebook/react-native/pulls/18830,,2018-04-12T17:59:15Z,2
pull,17118,b'closed',22748,https://api.github.com/repos/facebook/react-native/pulls/22748,,2018-12-21T14:12:09Z,14
pull,17118,b'closed',22776,https://api.github.com/repos/facebook/react-native/pulls/22776,,2018-12-24T13:34:13Z,2
pull,17118,b'closed',23530,https://api.github.com/repos/facebook/react-native/pulls/23530,,2019-02-19T10:40:05Z,4
pull,17144,b'closed',17514,https://api.github.com/repos/facebook/react-native/pulls/17514,,2018-01-10T10:47:00Z,1
pull,17209,b'closed',17227,https://api.github.com/repos/facebook/react-native/pulls/17227,,2017-12-15T14:52:17Z,1
pull,17287,b'closed',133,https://api.github.com/repos/tanguyantoine/react-native-music-control/pulls/133,,2018-01-13T14:24:43Z,4
pull,17287,b'closed',17741,https://api.github.com/repos/facebook/react-native/pulls/17741,,2018-01-25T15:39:29Z,6
pull,17287,b'closed',343,https://api.github.com/repos/getsentry/sentry-react-native/pulls/343,,2018-02-01T09:19:57Z,1
pull,17385,b'closed',17394,https://api.github.com/repos/facebook/react-native/pulls/17394,,2017-12-30T16:20:19Z,1
pull,17475,b'closed',22839,https://api.github.com/repos/facebook/react-native/pulls/22839,,2019-01-02T06:28:08Z,5
pull,17474,b'closed',19714,https://api.github.com/repos/facebook/react-native/pulls/19714,,2018-06-14T14:09:00Z,3
pull,17541,b'closed',12820,https://api.github.com/repos/facebook/react-native/pulls/12820,,2017-03-09T04:19:47Z,1
pull,17624,b'closed',186,https://api.github.com/repos/redbadger/pride-london-app/pulls/186,2018-05-05T12:55:40Z,2018-04-28T18:11:24Z,31
pull,17677,b'closed',2305,https://api.github.com/repos/StoDevX/AAO-React-Native/pulls/2305,2018-02-08T14:29:15Z,2018-02-05T16:52:23Z,64
pull,17728,b'closed',17805,https://api.github.com/repos/facebook/react-native/pulls/17805,,2018-01-31T16:45:13Z,4
pull,17731,b'closed',153,https://api.github.com/repos/facebook/react-native-website/pulls/153,,2018-01-25T01:44:02Z,1
pull,17862,b'closed',10435,https://api.github.com/repos/keybase/client/pulls/10435,2018-02-06T20:03:52Z,2018-02-05T17:10:16Z,4
pull,17899,b'closed',17900,https://api.github.com/repos/facebook/react-native/pulls/17900,,2018-02-07T22:36:23Z,1
pull,18032,b'closed',17841,https://api.github.com/repos/facebook/react-native/pulls/17841,,2018-02-02T15:58:22Z,2
pull,16421,b'closed',17195,https://api.github.com/repos/facebook/react-native/pulls/17195,,2017-12-14T03:23:33Z,1
pull,17610,b'closed',17672,https://api.github.com/repos/facebook/react-native/pulls/17672,,2018-01-19T13:05:27Z,1
pull,17027,b'closed',2365,https://api.github.com/repos/jitsi/jitsi-meet/pulls/2365,2018-01-11T17:06:05Z,2018-01-08T13:04:21Z,4
pull,17027,b'closed',17502,https://api.github.com/repos/facebook/react-native/pulls/17502,,2018-01-09T22:15:12Z,1
pull,17782,b'closed',721,https://api.github.com/repos/facebook/react-native-website/pulls/721,,2018-12-24T17:43:29Z,1
pull,17973,b'closed',17983,https://api.github.com/repos/facebook/react-native/pulls/17983,,2018-02-14T15:26:39Z,1
pull,13012,b'closed',13263,https://api.github.com/repos/facebook/react-native/pulls/13263,,2017-04-03T08:54:40Z,1
pull,14699,b'closed',15381,https://api.github.com/repos/facebook/react-native/pulls/15381,,2017-08-05T13:44:22Z,2
pull,17618,b'closed',17720,https://api.github.com/repos/facebook/react-native/pulls/17720,,2018-01-23T23:50:27Z,1
pull,17659,b'closed',14361,https://api.github.com/repos/CocoaPods/Specs/pulls/14361,,2018-01-01T23:04:07Z,1
pull,17520,b'closed',17983,https://api.github.com/repos/facebook/react-native/pulls/17983,,2018-02-14T15:26:39Z,1
pull,17503,b'closed',173,https://api.github.com/repos/facebook/react-native-website/pulls/173,2018-02-01T17:41:38Z,2018-02-01T16:49:35Z,1
pull,17503,b'closed',174,https://api.github.com/repos/facebook/react-native-website/pulls/174,2018-02-01T17:43:03Z,2018-02-01T17:06:42Z,1
pull,17799,b'closed',19265,https://api.github.com/repos/facebook/react-native/pulls/19265,,2018-05-15T09:24:12Z,1
pull,16000,b'closed',16064,https://api.github.com/repos/facebook/react-native/pulls/16064,,2017-09-22T12:46:27Z,1
pull,17274,b'closed',2365,https://api.github.com/repos/jitsi/jitsi-meet/pulls/2365,2018-01-11T17:06:05Z,2018-01-08T13:04:21Z,4
pull,21446,b'closed',21457,https://api.github.com/repos/facebook/react-native/pulls/21457,,2018-10-03T01:56:31Z,1
pull,16381,b'closed',16756,https://api.github.com/repos/facebook/react-native/pulls/16756,,2017-11-08T21:17:31Z,2
pull,16381,b'closed',17476,https://api.github.com/repos/facebook/react-native/pulls/17476,,2018-01-08T03:26:06Z,3
pull,17276,b'closed',31,https://api.github.com/repos/mayank-patel/react-native-floating-labels/pulls/31,2018-07-17T00:33:42Z,2018-05-25T08:17:42Z,1
pull,17486,b'closed',17487,https://api.github.com/repos/facebook/react-native/pulls/17487,,2018-01-08T23:49:58Z,1
pull,17473,b'closed',19714,https://api.github.com/repos/facebook/react-native/pulls/19714,,2018-06-14T14:09:00Z,3
pull,17473,b'closed',533,https://api.github.com/repos/Bit-Nation/BITNATION-Pangea-mobile/pulls/533,,2018-09-28T11:50:12Z,592
pull,21395,b'closed',21396,https://api.github.com/repos/facebook/react-native/pulls/21396,,2018-09-28T06:33:55Z,1
pull,21198,b'closed',22025,https://api.github.com/repos/facebook/react-native/pulls/22025,,2018-10-30T18:16:52Z,1
pull,17410,b'closed',47,https://api.github.com/repos/eggjs/egg-socket.io/pulls/47,2018-09-20T01:22:57Z,2018-09-15T09:20:33Z,6
pull,17410,b'closed',65,https://api.github.com/repos/zalmoxisus/remotedev-server/pulls/65,,2018-10-29T12:47:46Z,5
pull,18890,b'closed',19687,https://api.github.com/repos/facebook/react-native/pulls/19687,,2018-06-13T10:28:46Z,1
pull,20770,b'closed',20787,https://api.github.com/repos/facebook/react-native/pulls/20787,,2018-08-22T13:44:46Z,5
pull,18457,b'closed',18443,https://api.github.com/repos/facebook/react-native/pulls/18443,,2018-03-19T05:42:07Z,2
pull,18377,b'closed',17851,https://api.github.com/repos/facebook/react-native/pulls/17851,,2018-02-04T11:20:30Z,1
pull,20560,b'closed',20561,https://api.github.com/repos/facebook/react-native/pulls/20561,,2018-08-07T10:27:27Z,2
pull,16111,b'closed',16138,https://api.github.com/repos/facebook/react-native/pulls/16138,,2017-09-29T14:52:41Z,1
pull,16444,b'closed',19777,https://api.github.com/repos/facebook/react-native/pulls/19777,,2018-06-17T18:03:15Z,2
pull,17311,b'closed',17514,https://api.github.com/repos/facebook/react-native/pulls/17514,,2018-01-10T10:47:00Z,1
pull,17233,b'closed',85,https://api.github.com/repos/facebook/react-native-website/pulls/85,2017-12-20T15:01:59Z,2017-12-20T09:59:33Z,1
pull,16546,b'closed',17544,https://api.github.com/repos/facebook/react-native/pulls/17544,,2018-01-11T13:08:35Z,2
pull,14118,b'closed',19643,https://api.github.com/repos/facebook/react-native/pulls/19643,,2018-06-11T04:50:08Z,1
pull,17053,b'closed',156,https://api.github.com/repos/pillarwallet/pillarwallet/pulls/156,2018-05-24T06:41:19Z,2018-05-22T11:33:38Z,26
pull,17110,b'closed',340,https://api.github.com/repos/facebook/react-native-website/pulls/340,2018-05-07T21:17:04Z,2018-05-03T23:31:28Z,1
pull,16501,b'closed',41,https://api.github.com/repos/facebook/react-native-website/pulls/41,,2017-12-07T16:54:52Z,1
pull,16501,b'closed',53,https://api.github.com/repos/facebook/react-native-website/pulls/53,2017-12-11T17:07:59Z,2017-12-10T15:58:56Z,1
pull,17078,b'closed',17079,https://api.github.com/repos/facebook/react-native/pulls/17079,,2017-12-05T20:25:19Z,1
pull,15957,b'closed',1896,https://api.github.com/repos/wix/react-native-navigation/pulls/1896,2017-09-24T11:34:25Z,2017-09-20T07:45:03Z,1
pull,13034,b'closed',163,https://api.github.com/repos/satya164/react-native-tab-view/pulls/163,,2017-03-09T08:56:18Z,1
pull,13034,b'closed',13048,https://api.github.com/repos/facebook/react-native/pulls/13048,,2017-03-21T11:09:38Z,1
pull,17684,b'closed',17404,https://api.github.com/repos/facebook/react-native/pulls/17404,,2017-12-31T14:35:50Z,7
pull,16920,b'closed',339,https://api.github.com/repos/meliorence/react-native-snap-carousel/pulls/339,2018-06-11T08:11:41Z,2018-06-10T04:00:11Z,1
pull,14161,b'closed',10,https://api.github.com/repos/doomsower/react-native-modal-popover/pulls/10,,2017-11-29T22:16:37Z,1
pull,14161,b'closed',5,https://api.github.com/repos/gulabs/react-native-popover/pulls/5,2018-02-07T08:02:53Z,2018-02-05T04:09:55Z,1
pull,14420,b'closed',14428,https://api.github.com/repos/facebook/react-native/pulls/14428,,2017-06-09T16:54:35Z,3
pull,16863,b'closed',68,https://api.github.com/repos/amazon-archives/aws-mobile-react-native-starter/pulls/68,2019-01-31T20:16:56Z,2018-03-08T00:45:26Z,1
pull,16764,b'closed',254,https://api.github.com/repos/Skyscanner/backpack/pulls/254,2017-11-10T10:31:04Z,2017-11-09T10:45:28Z,13
pull,16764,b'closed',16788,https://api.github.com/repos/facebook/react-native/pulls/16788,,2017-11-10T13:57:57Z,33
pull,16764,b'closed',16888,https://api.github.com/repos/facebook/react-native/pulls/16888,,2017-11-20T08:10:07Z,2
pull,15389,b'closed',16076,https://api.github.com/repos/facebook/react-native/pulls/16076,,2017-09-24T05:52:07Z,12
pull,18416,b'closed',18607,https://api.github.com/repos/facebook/react-native/pulls/18607,,2018-03-28T17:55:39Z,1
pull,20256,b'closed',20257,https://api.github.com/repos/facebook/react-native/pulls/20257,,2018-07-17T19:44:55Z,2
pull,16663,b'closed',16664,https://api.github.com/repos/facebook/react-native/pulls/16664,,2017-11-03T18:39:32Z,1
pull,16663,b'closed',13,https://api.github.com/repos/taxfix/native-navigation/pulls/13,,2017-11-03T17:25:39Z,1
pull,18867,b'closed',18875,https://api.github.com/repos/facebook/react-native/pulls/18875,,2018-04-16T08:34:41Z,2
pull,16257,b'closed',15619,https://api.github.com/repos/facebook/react-native/pulls/15619,,2017-08-23T11:52:45Z,1
pull,16542,b'closed',11,https://api.github.com/repos/ProvataHealth/react-native-smooth-swipe-list/pulls/11,2017-11-14T17:47:29Z,2017-11-14T11:47:49Z,2
pull,16542,b'closed',5,https://api.github.com/repos/andangrd/react-native-markdown-package/pulls/5,2017-12-18T02:00:26Z,2017-12-18T01:58:59Z,1
pull,16542,b'closed',9,https://api.github.com/repos/Traviskn/react-router-native-stack/pulls/9,2018-01-04T03:44:41Z,2018-01-03T08:17:55Z,2
pull,18818,b'closed',246,https://api.github.com/repos/jhen0409/react-native-debugger/pulls/246,2018-07-19T13:37:25Z,2018-07-18T14:41:17Z,2
pull,16493,b'closed',21211,https://api.github.com/repos/facebook/react-native/pulls/21211,,2018-09-19T21:06:11Z,1
pull,16458,b'closed',2217,https://api.github.com/repos/status-im/status-mobile/pulls/2217,2017-12-15T15:06:14Z,2017-10-19T04:44:39Z,49
pull,16369,b'closed',16371,https://api.github.com/repos/facebook/react-native/pulls/16371,,2017-10-15T03:11:03Z,1
pull,16352,b'closed',282,https://api.github.com/repos/magus/react-native-facebook-login/pulls/282,,2017-11-06T03:08:04Z,1
pull,16352,b'closed',12,https://api.github.com/repos/ardaogulcan/react-native-keyboard-accessory/pulls/12,,2018-04-10T10:34:22Z,2
pull,1882,b'closed',2082,https://api.github.com/repos/facebook/react-native/pulls/2082,,2015-07-21T23:13:23Z,12
pull,13697,b'closed',16155,https://api.github.com/repos/facebook/react-native/pulls/16155,,2017-10-01T09:25:02Z,1
pull,13594,b'closed',19970,https://api.github.com/repos/facebook/react-native/pulls/19970,,2018-06-29T10:30:48Z,1
pull,15303,b'closed',340,https://api.github.com/repos/facebook/react-native-website/pulls/340,2018-05-07T21:17:04Z,2018-05-03T23:31:28Z,1
pull,15777,b'closed',15865,https://api.github.com/repos/facebook/react-native/pulls/15865,,2017-09-08T09:33:25Z,2
pull,15899,b'closed',11188,https://api.github.com/repos/facebook/react/pulls/11188,,2017-10-11T04:04:28Z,3
pull,16045,b'closed',16046,https://api.github.com/repos/facebook/react-native/pulls/16046,,2017-09-21T07:32:22Z,1
pull,16213,b'closed',1065,https://api.github.com/repos/mattermost/mattermost-mobile/pulls/1065,2017-10-26T12:16:55Z,2017-10-25T14:47:40Z,1
pull,16231,b'closed',16232,https://api.github.com/repos/facebook/react-native/pulls/16232,,2017-10-06T07:45:48Z,1
pull,16255,b'closed',16262,https://api.github.com/repos/facebook/react-native/pulls/16262,,2017-10-09T17:40:52Z,1
pull,8349,b'closed',2459,https://api.github.com/repos/status-im/status-mobile/pulls/2459,,2017-11-19T00:12:29Z,4
pull,7070,b'closed',11626,https://api.github.com/repos/facebook/react-native/pulls/11626,,2016-12-26T03:10:58Z,1
pull,9599,b'closed',14008,https://api.github.com/repos/facebook/react-native/pulls/14008,,2017-05-17T03:32:00Z,2
pull,9599,b'closed',8,https://api.github.com/repos/national-treasures-tw/Treasure-Scanner-App/pulls/8,2017-07-28T15:18:38Z,2017-07-28T13:16:55Z,21
pull,11680,b'closed',11698,https://api.github.com/repos/facebook/react-native/pulls/11698,,2017-01-02T12:22:03Z,11
pull,11680,b'closed',11835,https://api.github.com/repos/facebook/react-native/pulls/11835,,2017-01-11T12:56:39Z,16
pull,11669,b'closed',1178,https://api.github.com/repos/status-im/status-mobile/pulls/1178,,2017-05-06T06:14:02Z,2
pull,14442,b'closed',13342,https://api.github.com/repos/facebook/react-native/pulls/13342,,2017-04-06T14:14:16Z,1
pull,14442,b'closed',18885,https://api.github.com/repos/facebook/react-native/pulls/18885,,2018-04-16T17:11:06Z,1
pull,14791,b'closed',14792,https://api.github.com/repos/facebook/react-native/pulls/14792,,2017-07-01T01:34:42Z,1
pull,15126,b'closed',15547,https://api.github.com/repos/facebook/react-native/pulls/15547,,2017-08-18T09:44:56Z,1
pull,15253,b'closed',15481,https://api.github.com/repos/facebook/react-native/pulls/15481,,2017-08-13T21:03:24Z,2
pull,15725,b'closed',16275,https://api.github.com/repos/facebook/react-native/pulls/16275,,2017-10-10T16:29:23Z,1
pull,16205,b'closed',17771,https://api.github.com/repos/facebook/react-native/pulls/17771,,2018-01-29T12:41:43Z,1
pull,18053,b'closed',18131,https://api.github.com/repos/facebook/react-native/pulls/18131,,2018-02-28T04:20:00Z,1
pull,15271,b'closed',15518,https://api.github.com/repos/facebook/react-native/pulls/15518,,2017-08-16T20:29:29Z,13
pull,18197,b'closed',18199,https://api.github.com/repos/facebook/react-native/pulls/18199,,2018-03-05T08:20:50Z,1
pull,3198,b'closed',4256,https://api.github.com/repos/facebook/react-native/pulls/4256,2015-11-25T20:47:13Z,2015-11-20T18:09:21Z,1
pull,16142,b'closed',16146,https://api.github.com/repos/facebook/react-native/pulls/16146,,2017-09-30T11:02:44Z,1
pull,16092,b'closed',16136,https://api.github.com/repos/facebook/react-native/pulls/16136,,2017-09-29T13:21:00Z,2
pull,15810,b'closed',11417,https://api.github.com/repos/facebook/react-native/pulls/11417,,2016-12-12T09:48:04Z,24
pull,15810,b'closed',616,https://api.github.com/repos/artsy/emission/pulls/616,2017-09-07T21:00:03Z,2017-06-13T07:48:56Z,127
pull,15810,b'closed',15843,https://api.github.com/repos/facebook/react-native/pulls/15843,,2017-09-07T03:19:40Z,1
pull,15810,b'closed',2619,https://api.github.com/repos/react-navigation/react-navigation/pulls/2619,2017-09-25T16:29:35Z,2017-09-20T02:52:11Z,72
pull,19793,b'closed',19808,https://api.github.com/repos/facebook/react-native/pulls/19808,,2018-06-19T14:57:23Z,1
pull,8315,b'closed',8321,https://api.github.com/repos/facebook/react-native/pulls/8321,,2016-06-22T17:21:34Z,7
pull,11327,b'closed',774,https://api.github.com/repos/realm/realm-js/pulls/774,2017-01-06T13:30:32Z,2017-01-03T11:17:12Z,2
pull,13991,b'closed',14992,https://api.github.com/repos/facebook/react-native/pulls/14992,,2017-07-13T03:46:52Z,2
pull,14436,b'closed',14982,https://api.github.com/repos/facebook/react-native/pulls/14982,,2017-07-12T19:42:16Z,1
pull,14436,b'closed',14983,https://api.github.com/repos/facebook/react-native/pulls/14983,,2017-07-12T19:45:53Z,1
pull,14436,b'closed',14991,https://api.github.com/repos/facebook/react-native/pulls/14991,,2017-07-12T23:46:04Z,1
pull,14462,b'closed',14560,https://api.github.com/repos/facebook/react-native/pulls/14560,,2017-06-16T15:44:44Z,1
pull,14462,b'closed',14646,https://api.github.com/repos/facebook/react-native/pulls/14646,,2017-06-20T22:39:16Z,1
pull,14464,b'closed',14638,https://api.github.com/repos/facebook/react-native/pulls/14638,,2017-06-20T18:50:08Z,1
pull,14548,b'closed',14638,https://api.github.com/repos/facebook/react-native/pulls/14638,,2017-06-20T18:50:08Z,1
pull,14586,b'closed',56,https://api.github.com/repos/cliqz-oss/cliqz-s/pulls/56,,2018-03-21T20:11:21Z,1
pull,14586,b'closed',18546,https://api.github.com/repos/facebook/react-native/pulls/18546,,2018-03-24T20:20:36Z,2
pull,14810,b'closed',14811,https://api.github.com/repos/facebook/react-native/pulls/14811,,2017-07-03T16:46:36Z,1
pull,14810,b'closed',18075,https://api.github.com/repos/facebook/react-native/pulls/18075,,2018-02-24T02:04:09Z,1
pull,14846,b'closed',14853,https://api.github.com/repos/facebook/react-native/pulls/14853,,2017-07-06T08:37:01Z,1
pull,14908,b'closed',15373,https://api.github.com/repos/facebook/react-native/pulls/15373,,2017-08-04T17:45:21Z,1
pull,14907,b'closed',14914,https://api.github.com/repos/facebook/react-native/pulls/14914,,2017-07-09T08:36:43Z,1
pull,14966,b'closed',17125,https://api.github.com/repos/facebook/react-native/pulls/17125,,2017-12-08T17:44:01Z,1
pull,14989,b'closed',292,https://api.github.com/repos/redbadger/pride-london-app/pulls/292,2018-05-22T09:44:23Z,2018-05-13T17:40:11Z,12
pull,16042,b'closed',17544,https://api.github.com/repos/facebook/react-native/pulls/17544,,2018-01-11T13:08:35Z,2
pull,15962,b'closed',19330,https://api.github.com/repos/facebook/react-native/pulls/19330,,2018-05-17T14:11:00Z,2
pull,19300,b'closed',19305,https://api.github.com/repos/facebook/react-native/pulls/19305,,2018-05-16T20:44:58Z,1
pull,18568,b'closed',20304,https://api.github.com/repos/facebook/react-native/pulls/20304,,2018-07-19T22:57:00Z,1
pull,19260,b'closed',19614,https://api.github.com/repos/facebook/react-native/pulls/19614,,2018-06-08T02:53:40Z,1
pull,19452,b'closed',19612,https://api.github.com/repos/facebook/react-native/pulls/19612,,2018-06-07T19:47:01Z,3
pull,15759,b'closed',15795,https://api.github.com/repos/facebook/react-native/pulls/15795,,2017-09-04T19:09:41Z,1
pull,15683,b'closed',15715,https://api.github.com/repos/facebook/react-native/pulls/15715,,2017-08-30T21:49:38Z,1
pull,6691,b'closed',63,https://api.github.com/repos/reactnativecn/react-native.cn/pulls/63,2016-11-22T08:22:16Z,2016-11-22T08:10:21Z,1
pull,15743,b'closed',15741,https://api.github.com/repos/facebook/react-native/pulls/15741,,2017-09-01T14:44:53Z,1
pull,15743,b'closed',15745,https://api.github.com/repos/facebook/react-native/pulls/15745,,2017-09-01T15:02:46Z,1
pull,14296,b'closed',18609,https://api.github.com/repos/facebook/react-native/pulls/18609,,2018-03-28T20:33:45Z,1
pull,13996,b'closed',17,https://api.github.com/repos/airbnb/react-native/pulls/17,2017-06-02T21:43:35Z,2017-06-01T00:58:45Z,12
pull,15659,b'closed',15714,https://api.github.com/repos/facebook/react-native/pulls/15714,,2017-08-30T20:18:18Z,1
pull,15724,b'closed',16541,https://api.github.com/repos/facebook/react-native/pulls/16541,,2017-10-25T21:39:16Z,2
pull,15724,b'closed',17312,https://api.github.com/repos/facebook/react-native/pulls/17312,,2017-12-21T23:22:10Z,3
pull,15672,b'closed',105,https://api.github.com/repos/wordpress-mobile/gutenberg-mobile/pulls/105,,2018-08-13T12:14:12Z,1
pull,15672,b'closed',112,https://api.github.com/repos/wordpress-mobile/gutenberg-mobile/pulls/112,2018-08-16T15:10:12Z,2018-08-14T14:53:29Z,1
pull,8778,b'closed',11125,https://api.github.com/repos/facebook/react-native/pulls/11125,,2016-11-25T00:39:32Z,2
pull,11565,b'closed',27,https://api.github.com/repos/PaulBGD/react-native-image-slider/pulls/27,,2017-01-11T11:51:05Z,1
pull,14157,b'closed',13,https://api.github.com/repos/GantMan/ConnectTech/pulls/13,2017-08-23T21:47:58Z,2017-08-23T21:09:09Z,4
pull,14542,b'closed',14543,https://api.github.com/repos/facebook/react-native/pulls/14543,,2017-06-15T23:44:10Z,2
pull,14707,b'closed',14708,https://api.github.com/repos/facebook/react-native/pulls/14708,,2017-06-23T18:42:14Z,1
pull,12959,b'closed',12964,https://api.github.com/repos/facebook/react-native/pulls/12964,,2017-03-16T00:09:17Z,3
pull,18999,b'closed',682,https://api.github.com/repos/Skyscanner/backpack/pulls/682,2018-04-25T10:37:52Z,2018-04-24T16:14:18Z,13
pull,14606,b'closed',14609,https://api.github.com/repos/facebook/react-native/pulls/14609,,2017-06-19T18:27:42Z,4
pull,8723,b'closed',6351,https://api.github.com/repos/facebook/react-native/pulls/6351,,2016-03-07T23:47:55Z,5
pull,8723,b'closed',44,https://api.github.com/repos/mullvad/mullvadvpn-app/pulls/44,2018-01-25T13:15:26Z,2018-01-24T15:05:46Z,7
pull,12929,b'closed',12930,https://api.github.com/repos/facebook/react-native/pulls/12930,,2017-03-14T15:45:21Z,22
pull,12929,b'closed',75,https://api.github.com/repos/tinycreative/react-native-intercom/pulls/75,2017-03-06T19:13:02Z,2017-03-06T18:54:46Z,1
pull,12929,b'closed',12974,https://api.github.com/repos/facebook/react-native/pulls/12974,,2017-03-16T11:46:48Z,12
pull,13251,b'closed',339,https://api.github.com/repos/react-native-elements/react-native-elements/pulls/339,2017-05-10T04:13:00Z,2017-04-25T20:25:38Z,2
pull,14063,b'closed',14064,https://api.github.com/repos/facebook/react-native/pulls/14064,,2017-05-19T17:18:39Z,1
pull,14063,b'closed',14139,https://api.github.com/repos/facebook/react-native/pulls/14139,,2017-05-23T19:55:28Z,1
pull,14357,b'closed',14358,https://api.github.com/repos/facebook/react-native/pulls/14358,,2017-06-07T08:31:05Z,1
pull,14490,b'closed',244,https://api.github.com/repos/inProgress-team/react-native-meteor/pulls/244,,2017-06-28T10:22:20Z,2
pull,15513,b'closed',15516,https://api.github.com/repos/facebook/react-native/pulls/15516,,2017-08-16T18:08:46Z,1
pull,12251,b'closed',12253,https://api.github.com/repos/facebook/react-native/pulls/12253,,2017-02-07T08:59:38Z,2
pull,15081,b'closed',15093,https://api.github.com/repos/facebook/react-native/pulls/15093,,2017-07-19T01:27:15Z,1
pull,18743,b'closed',4,https://api.github.com/repos/BuiltonDev/react-native-calendars/pulls/4,2018-04-09T13:51:03Z,2018-04-09T09:46:44Z,1
pull,18570,b'closed',18996,https://api.github.com/repos/facebook/react-native/pulls/18996,,2018-04-23T17:14:49Z,1
pull,18766,b'closed',19828,https://api.github.com/repos/facebook/react-native/pulls/19828,,2018-06-20T19:01:51Z,3
pull,14680,b'closed',14724,https://api.github.com/repos/facebook/react-native/pulls/14724,,2017-06-26T04:58:48Z,1
pull,15232,b'closed',649,https://api.github.com/repos/react-native-image-picker/react-native-image-picker/pulls/649,,2017-07-28T10:22:03Z,1
pull,15232,b'closed',92,https://api.github.com/repos/bamlab/react-native-image-resizer/pulls/92,,2017-07-28T10:46:48Z,1
pull,15232,b'closed',292,https://api.github.com/repos/OneSignal/react-native-onesignal/pulls/292,,2017-07-28T12:22:57Z,1
pull,15232,b'closed',326,https://api.github.com/repos/react-native-webrtc/react-native-webrtc/pulls/326,2017-08-02T21:13:17Z,2017-08-02T01:48:06Z,1
pull,14840,b'closed',13876,https://api.github.com/repos/facebook/react-native/pulls/13876,,2017-05-09T21:12:58Z,1
pull,20411,b'closed',20454,https://api.github.com/repos/facebook/react-native/pulls/20454,,2018-07-30T12:21:35Z,1
pull,9196,b'closed',18613,https://api.github.com/repos/facebook/react-native/pulls/18613,,2018-03-28T22:34:40Z,1
pull,9612,b'closed',860,https://api.github.com/repos/microsoft/react-native-code-push/pulls/860,2017-05-26T08:50:10Z,2017-05-25T10:12:06Z,1
pull,12309,b'closed',245,https://api.github.com/repos/ivpusic/react-native-image-crop-picker/pulls/245,,2017-02-23T16:58:05Z,1
pull,12309,b'closed',1,https://api.github.com/repos/ayushnawani/react-native-interactable/pulls/1,2017-09-13T11:53:43Z,2017-09-13T11:52:15Z,1
pull,12309,b'closed',154,https://api.github.com/repos/wix/react-native-interactable/pulls/154,,2017-09-13T11:58:10Z,1
pull,13135,b'closed',14637,https://api.github.com/repos/facebook/react-native/pulls/14637,,2017-06-20T18:46:57Z,2
pull,13168,b'closed',13681,https://api.github.com/repos/facebook/react-native/pulls/13681,,2017-04-27T05:56:17Z,1
pull,13554,b'closed',14259,https://api.github.com/repos/facebook/react-native/pulls/14259,,2017-05-30T18:59:39Z,1
pull,18104,b'closed',18105,https://api.github.com/repos/facebook/react-native/pulls/18105,,2018-02-26T20:03:52Z,1
pull,18104,b'closed',4,https://api.github.com/repos/BuiltonDev/react-native-calendars/pulls/4,2018-04-09T13:51:03Z,2018-04-09T09:46:44Z,1
pull,18409,b'closed',18428,https://api.github.com/repos/facebook/react-native/pulls/18428,,2018-03-17T19:23:52Z,1
pull,13566,b'closed',15395,https://api.github.com/repos/facebook/react-native/pulls/15395,,2017-08-07T08:46:15Z,1
pull,14533,b'closed',901,https://api.github.com/repos/microsoft/react-native-code-push/pulls/901,2017-06-26T08:37:38Z,2017-06-22T20:31:41Z,1
pull,9037,b'closed',163,https://api.github.com/repos/garageborn/mttrs-app/pulls/163,2017-01-09T17:38:27Z,2017-01-09T11:35:02Z,2
pull,9725,b'closed',10918,https://api.github.com/repos/facebook/react-native/pulls/10918,,2016-11-14T03:14:41Z,3
pull,9725,b'closed',11788,https://api.github.com/repos/facebook/react-native/pulls/11788,,2017-01-09T15:49:07Z,4
pull,10297,b'closed',96,https://api.github.com/repos/garageborn/mttrs-app/pulls/96,2016-10-28T11:36:04Z,2016-10-26T12:49:43Z,2
pull,12128,b'closed',14008,https://api.github.com/repos/facebook/react-native/pulls/14008,,2017-05-17T03:32:00Z,2
pull,12138,b'closed',12176,https://api.github.com/repos/facebook/react-native/pulls/12176,,2017-02-02T22:54:02Z,1
pull,12163,b'closed',13902,https://api.github.com/repos/facebook/react-native/pulls/13902,,2017-05-10T18:34:36Z,1
pull,12359,b'closed',16064,https://api.github.com/repos/facebook/react-native/pulls/16064,,2017-09-22T12:46:27Z,1
pull,12374,b'closed',12944,https://api.github.com/repos/facebook/react-native/pulls/12944,,2017-03-14T23:07:16Z,5
pull,12367,b'closed',12755,https://api.github.com/repos/facebook/react-native/pulls/12755,,2017-03-07T04:17:00Z,1
pull,12405,b'closed',15635,https://api.github.com/repos/facebook/react-native/pulls/15635,,2017-08-24T14:34:54Z,3
pull,12440,b'closed',579,https://api.github.com/repos/newsuk/times-components/pulls/579,2018-02-02T17:14:18Z,2018-01-29T16:58:14Z,50
pull,12515,b'closed',40,https://api.github.com/repos/d-a-n/react-native-modal-picker/pulls/40,,2017-02-12T17:23:48Z,1
pull,12525,b'closed',12568,https://api.github.com/repos/facebook/react-native/pulls/12568,,2017-02-24T18:02:43Z,1
pull,12591,b'closed',15123,https://api.github.com/repos/facebook/react-native/pulls/15123,,2017-07-20T14:17:21Z,1
pull,12670,b'closed',12728,https://api.github.com/repos/facebook/react-native/pulls/12728,,2017-03-05T22:19:22Z,1
pull,12698,b'closed',12699,https://api.github.com/repos/facebook/react-native/pulls/12699,,2017-03-04T07:12:36Z,1
pull,12698,b'closed',12402,https://api.github.com/repos/facebook/react-native/pulls/12402,,2017-02-15T16:03:00Z,2
pull,12724,b'closed',12800,https://api.github.com/repos/facebook/react-native/pulls/12800,,2017-03-08T14:36:45Z,1
pull,12762,b'closed',12767,https://api.github.com/repos/facebook/react-native/pulls/12767,,2017-03-07T15:16:36Z,1976
pull,12762,b'closed',14894,https://api.github.com/repos/facebook/react-native/pulls/14894,,2017-07-07T21:42:12Z,0
pull,12786,b'closed',13326,https://api.github.com/repos/facebook/react-native/pulls/13326,,2017-04-05T17:25:01Z,1
pull,12780,b'closed',12867,https://api.github.com/repos/facebook/react-native/pulls/12867,,2017-03-10T20:05:47Z,5
pull,12793,b'closed',12944,https://api.github.com/repos/facebook/react-native/pulls/12944,,2017-03-14T23:07:16Z,5
pull,12823,b'closed',35,https://api.github.com/repos/mikehall314/es6-promisify/pulls/35,,2017-08-11T19:19:13Z,2
pull,12911,b'closed',16371,https://api.github.com/repos/facebook/react-native/pulls/16371,,2017-10-15T03:11:03Z,1
pull,12994,b'closed',18461,https://api.github.com/repos/facebook/react-native/pulls/18461,,2018-03-20T08:54:54Z,3
pull,13102,b'closed',14108,https://api.github.com/repos/facebook/react-native/pulls/14108,,2017-05-22T19:04:50Z,1
pull,13165,b'closed',13188,https://api.github.com/repos/facebook/react-native/pulls/13188,,2017-03-28T20:57:07Z,2
pull,13241,b'closed',13271,https://api.github.com/repos/facebook/react-native/pulls/13271,,2017-04-03T18:30:48Z,2
pull,13279,b'closed',13586,https://api.github.com/repos/facebook/react-native/pulls/13586,,2017-04-19T19:59:14Z,1
pull,13445,b'closed',13446,https://api.github.com/repos/facebook/react-native/pulls/13446,,2017-04-11T13:26:21Z,5
pull,13478,b'closed',13496,https://api.github.com/repos/facebook/react-native/pulls/13496,,2017-04-13T22:31:53Z,1
pull,13780,b'closed',13876,https://api.github.com/repos/facebook/react-native/pulls/13876,,2017-05-09T21:12:58Z,1
pull,15149,b'closed',340,https://api.github.com/repos/facebook/react-native-website/pulls/340,2018-05-07T21:17:04Z,2018-05-03T23:31:28Z,1
pull,15173,b'closed',15175,https://api.github.com/repos/facebook/react-native/pulls/15175,,2017-07-24T15:33:00Z,3
pull,2,b'closed',3545,https://api.github.com/repos/facebook/react-native/pulls/3545,2015-11-06T01:15:49Z,2015-10-20T17:59:27Z,2
pull,2,b'closed',5904,https://api.github.com/repos/facebook/react-native/pulls/5904,,2016-02-13T00:54:31Z,16
pull,2,b'closed',7640,https://api.github.com/repos/facebook/react-native/pulls/7640,,2016-05-19T21:05:13Z,4
pull,2,b'closed',7731,https://api.github.com/repos/facebook/react-native/pulls/7731,,2016-05-25T00:09:55Z,2
pull,10,b'closed',3,https://api.github.com/repos/jedireza/flux-store/pulls/3,,2015-04-15T15:01:50Z,1
pull,10,b'closed',8592,https://api.github.com/repos/facebook/react-native/pulls/8592,,2016-07-06T02:20:37Z,1
pull,8,b'closed',8592,https://api.github.com/repos/facebook/react-native/pulls/8592,,2016-07-06T02:20:37Z,1
pull,14,b'closed',8592,https://api.github.com/repos/facebook/react-native/pulls/8592,,2016-07-06T02:20:37Z,1
pull,11,b'closed',8592,https://api.github.com/repos/facebook/react-native/pulls/8592,,2016-07-06T02:20:37Z,1
pull,11,b'closed',15529,https://api.github.com/repos/facebook/react-native/pulls/15529,,2017-08-17T08:23:38Z,1
pull,17,b'closed',8592,https://api.github.com/repos/facebook/react-native/pulls/8592,,2016-07-06T02:20:37Z,1
pull,22,b'closed',8592,https://api.github.com/repos/facebook/react-native/pulls/8592,,2016-07-06T02:20:37Z,1
pull,28,b'closed',8592,https://api.github.com/repos/facebook/react-native/pulls/8592,,2016-07-06T02:20:37Z,1
pull,26,b'closed',8592,https://api.github.com/repos/facebook/react-native/pulls/8592,,2016-07-06T02:20:37Z,1
pull,34,b'closed',8592,https://api.github.com/repos/facebook/react-native/pulls/8592,,2016-07-06T02:20:37Z,1
pull,32,b'closed',8592,https://api.github.com/repos/facebook/react-native/pulls/8592,,2016-07-06T02:20:37Z,1
pull,38,b'closed',8592,https://api.github.com/repos/facebook/react-native/pulls/8592,,2016-07-06T02:20:37Z,1
pull,36,b'closed',8592,https://api.github.com/repos/facebook/react-native/pulls/8592,,2016-07-06T02:20:37Z,1
pull,39,b'closed',8592,https://api.github.com/repos/facebook/react-native/pulls/8592,,2016-07-06T02:20:37Z,1
pull,45,b'closed',8592,https://api.github.com/repos/facebook/react-native/pulls/8592,,2016-07-06T02:20:37Z,1
pull,43,b'closed',8592,https://api.github.com/repos/facebook/react-native/pulls/8592,,2016-07-06T02:20:37Z,1
pull,47,b'closed',50,https://api.github.com/repos/facebook/react-native/pulls/50,,2015-02-07T22:00:08Z,1
pull,52,b'closed',8592,https://api.github.com/repos/facebook/react-native/pulls/8592,,2016-07-06T02:20:37Z,1
pull,55,b'closed',14040,https://api.github.com/repos/facebook/react-native/pulls/14040,,2017-05-18T11:31:18Z,1
pull,63,b'closed',64,https://api.github.com/repos/facebook/react-native/pulls/64,,2015-02-13T07:39:40Z,3
pull,60,b'closed',61,https://api.github.com/repos/facebook/react-native/pulls/61,,2015-02-12T21:33:54Z,15
pull,65,b'closed',1131,https://api.github.com/repos/facebook/react-native/pulls/1131,,2015-05-04T09:33:26Z,1
pull,89,b'closed',2059,https://api.github.com/repos/facebook/react-native/pulls/2059,,2015-07-20T20:30:16Z,0
pull,88,b'closed',2128,https://api.github.com/repos/facebook/react-native/pulls/2128,,2015-07-26T15:44:53Z,3
pull,99,b'closed',501,https://api.github.com/repos/facebook/react-native/pulls/501,,2015-03-30T16:40:45Z,1
pull,98,b'closed',604,https://api.github.com/repos/facebook/react-native/pulls/604,,2015-04-02T00:29:52Z,7
pull,97,b'closed',517,https://api.github.com/repos/facebook/react-native/pulls/517,,2015-03-30T23:04:37Z,1
pull,101,b'closed',102,https://api.github.com/repos/facebook/react-native/pulls/102,,2015-02-26T03:37:10Z,5
pull,110,b'closed',5720,https://api.github.com/repos/facebook/react-native/pulls/5720,,2016-02-03T03:24:49Z,15
pull,111,b'closed',5084,https://api.github.com/repos/facebook/react-native/pulls/5084,,2016-01-03T01:50:12Z,63
pull,116,b'closed',112,https://api.github.com/repos/facebook/react-native/pulls/112,,2015-02-28T14:59:35Z,4
pull,114,b'closed',405,https://api.github.com/repos/facebook/react-native/pulls/405,2015-05-15T17:58:40Z,2015-03-28T16:54:07Z,11
pull,120,b'closed',324,https://api.github.com/repos/facebook/react-native/pulls/324,,2015-03-27T09:18:15Z,1
pull,120,b'closed',328,https://api.github.com/repos/facebook/react-native/pulls/328,,2015-03-27T09:47:47Z,1
pull,122,b'closed',123,https://api.github.com/repos/facebook/react-native/pulls/123,2015-03-05T17:23:21Z,2015-03-05T08:29:08Z,1
pull,156,b'closed',129,https://api.github.com/repos/facebook/react-native/pulls/129,,2015-03-07T07:22:19Z,1
pull,172,b'closed',1232,https://api.github.com/repos/facebook/react-native/pulls/1232,,2015-05-11T09:38:55Z,4
pull,186,b'closed',1232,https://api.github.com/repos/facebook/react-native/pulls/1232,,2015-05-11T09:38:55Z,4
pull,198,b'closed',713,https://api.github.com/repos/facebook/react-native/pulls/713,,2015-04-07T02:01:01Z,5
pull,226,b'closed',613,https://api.github.com/repos/facebook/react-native/pulls/613,,2015-04-02T04:15:22Z,1
pull,235,b'closed',285,https://api.github.com/repos/facebook/react-native/pulls/285,,2015-03-27T00:34:49Z,1
pull,235,b'closed',485,https://api.github.com/repos/facebook/react-native/pulls/485,,2015-03-30T09:42:10Z,3
pull,240,b'closed',460,https://api.github.com/repos/facebook/react-native/pulls/460,,2015-03-29T22:29:34Z,1
pull,240,b'closed',625,https://api.github.com/repos/facebook/react-native/pulls/625,2015-04-02T17:56:00Z,2015-04-02T17:52:11Z,2
pull,245,b'closed',265,https://api.github.com/repos/facebook/react-native/pulls/265,,2015-03-26T21:34:22Z,7
pull,251,b'closed',314,https://api.github.com/repos/facebook/react-native/pulls/314,2015-04-01T04:53:44Z,2015-03-27T06:02:40Z,1
pull,252,b'closed',286,https://api.github.com/repos/facebook/react-native/pulls/286,2015-03-27T00:49:31Z,2015-03-27T00:42:55Z,1
pull,257,b'closed',308,https://api.github.com/repos/facebook/react-native/pulls/308,,2015-03-27T04:13:51Z,2
pull,276,b'closed',867,https://api.github.com/repos/facebook/react-native/pulls/867,,2015-04-15T21:57:58Z,5
pull,274,b'closed',1449,https://api.github.com/repos/facebook/react-native/pulls/1449,2015-05-31T17:08:29Z,2015-05-29T20:53:19Z,1
pull,273,b'closed',318,https://api.github.com/repos/facebook/react-native/pulls/318,,2015-03-27T07:11:31Z,1
pull,282,b'closed',286,https://api.github.com/repos/facebook/react-native/pulls/286,2015-03-27T00:49:31Z,2015-03-27T00:42:55Z,1
pull,288,b'closed',291,https://api.github.com/repos/facebook/react-native/pulls/291,,2015-03-27T01:21:52Z,1
pull,288,b'closed',652,https://api.github.com/repos/facebook/react-native/pulls/652,,2015-04-03T20:16:50Z,10
pull,294,b'closed',1414,https://api.github.com/repos/facebook/react-native/pulls/1414,,2015-05-26T22:54:23Z,11
pull,293,b'closed',405,https://api.github.com/repos/facebook/react-native/pulls/405,2015-05-15T17:58:40Z,2015-03-28T16:54:07Z,11
pull,293,b'closed',440,https://api.github.com/repos/facebook/react-native/pulls/440,2015-05-14T19:21:30Z,2015-03-29T14:07:53Z,3
pull,297,b'closed',1101,https://api.github.com/repos/facebook/react-native/pulls/1101,,2015-05-01T21:25:11Z,1
pull,303,b'closed',1901,https://api.github.com/repos/facebook/react-native/pulls/1901,,2015-07-07T22:08:59Z,2
pull,304,b'closed',308,https://api.github.com/repos/facebook/react-native/pulls/308,,2015-03-27T04:13:51Z,2
pull,309,b'closed',271,https://api.github.com/repos/facebook/react-native/pulls/271,,2015-03-26T22:27:02Z,1
pull,306,b'closed',324,https://api.github.com/repos/facebook/react-native/pulls/324,,2015-03-27T09:18:15Z,1
pull,306,b'closed',328,https://api.github.com/repos/facebook/react-native/pulls/328,,2015-03-27T09:47:47Z,1
pull,306,b'closed',347,https://api.github.com/repos/facebook/react-native/pulls/347,2015-03-30T19:59:19Z,2015-03-27T15:31:28Z,1
pull,316,b'closed',368,https://api.github.com/repos/facebook/react-native/pulls/368,,2015-03-27T20:36:32Z,5
pull,322,b'closed',337,https://api.github.com/repos/facebook/react-native/pulls/337,,2015-03-27T13:15:46Z,1
pull,338,b'closed',344,https://api.github.com/repos/facebook/react-native/pulls/344,,2015-03-27T14:24:06Z,1
pull,349,b'closed',512,https://api.github.com/repos/facebook/react-native/pulls/512,,2015-03-30T21:35:35Z,2
pull,351,b'closed',362,https://api.github.com/repos/facebook/react-native/pulls/362,,2015-03-27T19:39:02Z,3
pull,355,b'closed',2729,https://api.github.com/repos/facebook/react-native/pulls/2729,,2015-09-15T20:23:06Z,1
pull,363,b'closed',1674,https://api.github.com/repos/facebook/react-native/pulls/1674,,2015-06-18T16:13:14Z,1
pull,361,b'closed',516,https://api.github.com/repos/facebook/react-native/pulls/516,,2015-03-30T22:59:21Z,15
pull,394,b'closed',1275,https://api.github.com/repos/facebook/react-native/pulls/1275,,2015-05-14T11:48:03Z,1
pull,406,b'closed',427,https://api.github.com/repos/facebook/react-native/pulls/427,,2015-03-29T01:27:32Z,1
pull,410,b'closed',702,https://api.github.com/repos/facebook/react-native/pulls/702,2015-04-06T15:44:07Z,2015-04-06T15:39:36Z,32
pull,412,b'closed',419,https://api.github.com/repos/facebook/react-native/pulls/419,,2015-03-28T23:23:36Z,1
pull,421,b'closed',423,https://api.github.com/repos/facebook/react-native/pulls/423,,2015-03-29T00:19:57Z,1
pull,429,b'closed',430,https://api.github.com/repos/facebook/react-native/pulls/430,2015-03-29T03:41:52Z,2015-03-29T03:36:31Z,1
pull,442,b'closed',583,https://api.github.com/repos/facebook/react-native/pulls/583,,2015-04-01T17:06:44Z,1
pull,457,b'closed',482,https://api.github.com/repos/facebook/react-native/pulls/482,,2015-03-30T09:08:25Z,4
pull,468,b'closed',781,https://api.github.com/repos/facebook/react-native/pulls/781,,2015-04-09T21:42:47Z,5
pull,468,b'closed',807,https://api.github.com/repos/facebook/react-native/pulls/807,,2015-04-11T02:57:34Z,10
pull,468,b'closed',893,https://api.github.com/repos/facebook/react-native/pulls/893,,2015-04-17T01:41:42Z,2
pull,483,b'closed',546,https://api.github.com/repos/facebook/react-native/pulls/546,2015-03-31T15:26:48Z,2015-03-31T14:52:52Z,4
pull,492,b'closed',510,https://api.github.com/repos/facebook/react-native/pulls/510,,2015-03-30T20:25:48Z,3
pull,506,b'closed',542,https://api.github.com/repos/facebook/react-native/pulls/542,,2015-03-31T10:25:38Z,3
pull,514,b'closed',6052,https://api.github.com/repos/facebook/react-native/pulls/6052,,2016-02-20T20:31:52Z,8
pull,524,b'closed',6379,https://api.github.com/repos/facebook/react-native/pulls/6379,,2016-03-09T15:38:57Z,2
pull,529,b'closed',1486,https://api.github.com/repos/facebook/react-native/pulls/1486,,2015-06-02T00:37:44Z,9
pull,529,b'closed',7197,https://api.github.com/repos/facebook/react-native/pulls/7197,,2016-04-24T14:28:05Z,3
pull,534,b'closed',564,https://api.github.com/repos/facebook/react-native/pulls/564,,2015-04-01T03:26:53Z,13
pull,534,b'closed',27,https://api.github.com/repos/ericvicenti/react-native-community/pulls/27,2015-05-25T18:12:45Z,2015-05-07T23:45:54Z,1
pull,534,b'closed',1289,https://api.github.com/repos/facebook/react-native/pulls/1289,2015-05-15T03:35:16Z,2015-05-15T03:24:47Z,1
pull,563,b'closed',654,https://api.github.com/repos/facebook/react-native/pulls/654,,2015-04-03T20:53:52Z,1
pull,579,b'closed',1228,https://api.github.com/repos/facebook/react-native/pulls/1228,,2015-05-10T14:16:29Z,2
pull,596,b'closed',2853,https://api.github.com/repos/facebook/react-native/pulls/2853,,2015-09-18T22:29:31Z,3
pull,667,b'closed',1586,https://api.github.com/repos/facebook/react-native/pulls/1586,,2015-06-11T00:06:18Z,1
pull,668,b'closed',699,https://api.github.com/repos/facebook/react-native/pulls/699,,2015-04-06T10:45:42Z,2
pull,696,b'closed',875,https://api.github.com/repos/facebook/react-native/pulls/875,,2015-04-16T07:41:27Z,1
pull,700,b'closed',1477,https://api.github.com/repos/facebook/react-native/pulls/1477,,2015-06-01T04:31:11Z,1
pull,709,b'closed',710,https://api.github.com/repos/facebook/react-native/pulls/710,2015-04-06T22:30:22Z,2015-04-06T22:23:16Z,1
pull,730,b'closed',828,https://api.github.com/repos/facebook/react-native/pulls/828,,2015-04-13T08:06:27Z,2
pull,730,b'closed',889,https://api.github.com/repos/facebook/react-native/pulls/889,,2015-04-16T21:58:37Z,1
pull,745,b'closed',4205,https://api.github.com/repos/facebook/react-native/pulls/4205,,2015-11-18T14:07:28Z,4
pull,740,b'closed',31,https://api.github.com/repos/elmish/templates/pulls/31,2017-09-29T08:09:25Z,2017-09-27T07:32:15Z,7
pull,751,b'closed',755,https://api.github.com/repos/facebook/react-native/pulls/755,,2015-04-08T18:08:06Z,1
pull,750,b'closed',762,https://api.github.com/repos/facebook/react-native/pulls/762,,2015-04-08T22:13:35Z,3
pull,779,b'closed',1406,https://api.github.com/repos/facebook/react-native/pulls/1406,,2015-05-26T12:22:53Z,6
pull,784,b'closed',818,https://api.github.com/repos/facebook/react-native/pulls/818,,2015-04-12T02:44:15Z,1
pull,12327,b'closed',14028,https://api.github.com/repos/facebook/react-native/pulls/14028,,2017-05-18T03:25:04Z,1
pull,797,b'closed',974,https://api.github.com/repos/Cocoanetics/DTCoreText/pulls/974,2016-09-26T14:13:55Z,2016-05-11T19:54:40Z,1
pull,809,b'closed',848,https://api.github.com/repos/facebook/react-native/pulls/848,,2015-04-14T16:47:52Z,1
pull,809,b'closed',1064,https://api.github.com/repos/facebook/react-native/pulls/1064,,2015-04-29T15:32:25Z,1
pull,813,b'closed',848,https://api.github.com/repos/facebook/react-native/pulls/848,,2015-04-14T16:47:52Z,1
pull,847,b'closed',1317,https://api.github.com/repos/facebook/react-native/pulls/1317,,2015-05-17T11:40:18Z,1
pull,858,b'closed',1538,https://api.github.com/repos/facebook/react-native/pulls/1538,,2015-06-06T21:32:55Z,6
pull,872,b'closed',892,https://api.github.com/repos/facebook/react-native/pulls/892,,2015-04-17T00:30:29Z,1
pull,879,b'closed',1466,https://api.github.com/repos/facebook/react-native/pulls/1466,,2015-05-31T00:22:33Z,1
pull,883,b'closed',6362,https://api.github.com/repos/facebook/react-native/pulls/6362,,2016-03-08T15:18:46Z,9
pull,898,b'closed',3508,https://api.github.com/repos/facebook/react-native/pulls/3508,,2015-10-19T08:42:39Z,6
pull,902,b'closed',2008,https://api.github.com/repos/facebook/react-native/pulls/2008,,2015-07-15T18:35:42Z,4
pull,906,b'closed',918,https://api.github.com/repos/facebook/react-native/pulls/918,,2015-04-19T00:53:00Z,2
pull,913,b'closed',12088,https://api.github.com/repos/facebook/react-native/pulls/12088,,2017-01-27T05:34:27Z,8
pull,915,b'closed',227,https://api.github.com/repos/facebook/react-native-website/pulls/227,2018-03-02T18:35:11Z,2018-03-01T15:04:25Z,1
pull,915,b'closed',228,https://api.github.com/repos/facebook/react-native-website/pulls/228,2018-03-01T16:23:07Z,2018-03-01T15:07:14Z,1
pull,934,b'closed',2406,https://api.github.com/repos/facebook/react-native/pulls/2406,,2015-08-22T01:57:37Z,5
pull,941,b'closed',977,https://api.github.com/repos/facebook/react-native/pulls/977,,2015-04-22T23:28:48Z,1
pull,950,b'closed',27,https://api.github.com/repos/dukechronicle/chron-react/pulls/27,2016-09-02T22:18:53Z,2016-09-02T18:07:17Z,11
pull,952,b'closed',3016,https://api.github.com/repos/facebook/react-native/pulls/3016,,2015-09-24T21:34:30Z,1
pull,979,b'closed',989,https://api.github.com/repos/facebook/react-native/pulls/989,,2015-04-23T21:10:11Z,1
pull,986,b'closed',2079,https://api.github.com/repos/facebook/react-native/pulls/2079,,2015-07-21T20:23:41Z,3
pull,988,b'closed',1042,https://api.github.com/repos/facebook/react-native/pulls/1042,,2015-04-27T21:21:00Z,2
pull,1011,b'closed',991,https://api.github.com/repos/facebook/react-native/pulls/991,,2015-04-24T01:40:26Z,8
pull,1011,b'closed',1414,https://api.github.com/repos/facebook/react-native/pulls/1414,,2015-05-26T22:54:23Z,11
pull,1014,b'closed',1018,https://api.github.com/repos/facebook/react-native/pulls/1018,,2015-04-25T23:31:32Z,1
pull,1025,b'closed',1018,https://api.github.com/repos/facebook/react-native/pulls/1018,,2015-04-25T23:31:32Z,1
pull,1040,b'closed',54,https://api.github.com/repos/oblador/react-native-lightbox/pulls/54,,2016-09-13T09:27:29Z,2
pull,1054,b'closed',1080,https://api.github.com/repos/facebook/react-native/pulls/1080,,2015-04-30T22:55:39Z,2
pull,1067,b'closed',1070,https://api.github.com/repos/facebook/react-native/pulls/1070,,2015-04-30T03:31:35Z,2
pull,1078,b'closed',1255,https://api.github.com/repos/facebook/react-native/pulls/1255,,2015-05-12T23:19:54Z,6
pull,1083,b'closed',1450,https://api.github.com/repos/facebook/react-native/pulls/1450,,2015-05-29T21:04:11Z,1
pull,1081,b'closed',1082,https://api.github.com/repos/facebook/react-native/pulls/1082,,2015-05-01T00:42:19Z,1
pull,1086,b'closed',2161,https://api.github.com/repos/facebook/react-native/pulls/2161,,2015-07-29T05:50:48Z,3
pull,1100,b'closed',1249,https://api.github.com/repos/facebook/react-native/pulls/1249,,2015-05-12T16:50:22Z,1
pull,1116,b'closed',1117,https://api.github.com/repos/facebook/react-native/pulls/1117,,2015-05-03T09:41:06Z,1
pull,1114,b'closed',1115,https://api.github.com/repos/facebook/react-native/pulls/1115,,2015-05-03T07:48:53Z,1
pull,1120,b'closed',1247,https://api.github.com/repos/facebook/react-native/pulls/1247,,2015-05-12T14:02:29Z,9
pull,1136,b'closed',1721,https://api.github.com/repos/facebook/react-native/pulls/1721,,2015-06-23T10:18:47Z,4
pull,1141,b'closed',1142,https://api.github.com/repos/facebook/react-native/pulls/1142,2015-05-14T01:13:33Z,2015-05-04T19:20:24Z,1
pull,1152,b'closed',3176,https://api.github.com/repos/facebook/react-native/pulls/3176,,2015-10-01T13:16:47Z,1
pull,1153,b'closed',1154,https://api.github.com/repos/facebook/react-native/pulls/1154,,2015-05-05T07:24:58Z,1
pull,1162,b'closed',1192,https://api.github.com/repos/facebook/react-native/pulls/1192,,2015-05-07T18:17:01Z,5
pull,1178,b'closed',1740,https://api.github.com/repos/facebook/react-native/pulls/1740,,2015-06-25T01:09:03Z,1
pull,1176,b'closed',1304,https://api.github.com/repos/facebook/react-native/pulls/1304,,2015-05-15T21:01:35Z,3
pull,1174,b'closed',1175,https://api.github.com/repos/facebook/react-native/pulls/1175,,2015-05-06T10:02:05Z,2
pull,1199,b'closed',1200,https://api.github.com/repos/facebook/react-native/pulls/1200,,2015-05-08T13:10:24Z,1
pull,1223,b'closed',1225,https://api.github.com/repos/facebook/react-native/pulls/1225,2015-05-10T16:41:48Z,2015-05-10T00:43:15Z,1
pull,1230,b'closed',1317,https://api.github.com/repos/facebook/react-native/pulls/1317,,2015-05-17T11:40:18Z,1
pull,1234,b'closed',859,https://api.github.com/repos/DoSomethingArchive/LetsDoThis-iOS/pulls/859,2016-02-25T04:42:50Z,2016-02-25T04:41:21Z,1
pull,1241,b'closed',9828,https://api.github.com/repos/facebook/react-native/pulls/9828,,2016-09-09T19:01:14Z,1
pull,1240,b'closed',5563,https://api.github.com/repos/facebook/react-native/pulls/5563,,2016-01-26T20:27:29Z,3
pull,1252,b'closed',1346,https://api.github.com/repos/facebook/react-native/pulls/1346,,2015-05-19T21:50:11Z,1
pull,1276,b'closed',1668,https://api.github.com/repos/facebook/react-native/pulls/1668,,2015-06-18T10:58:07Z,2
pull,1310,b'closed',1453,https://api.github.com/repos/facebook/react-native/pulls/1453,,2015-05-30T02:50:27Z,1
pull,1310,b'closed',3,https://api.github.com/repos/CHANOMA/react-native/pulls/3,2018-03-23T00:07:49Z,2018-03-21T10:06:35Z,2
pull,1303,b'closed',1305,https://api.github.com/repos/facebook/react-native/pulls/1305,,2015-05-15T21:26:06Z,1
pull,1303,b'closed',12657,https://api.github.com/repos/facebook/react-native/pulls/12657,,2017-03-02T14:37:16Z,1
pull,1331,b'closed',2120,https://api.github.com/repos/facebook/react-native/pulls/2120,,2015-07-25T14:38:45Z,3
pull,1331,b'closed',98,https://api.github.com/repos/axios/axios/pulls/98,,2015-08-03T17:16:33Z,5
pull,1332,b'closed',1347,https://api.github.com/repos/facebook/react-native/pulls/1347,,2015-05-19T22:03:34Z,1
pull,1341,b'closed',5669,https://api.github.com/repos/facebook/react-native/pulls/5669,,2016-02-01T16:22:42Z,4
pull,1343,b'closed',1549,https://api.github.com/repos/facebook/react-native/pulls/1549,,2015-06-07T22:02:53Z,2
pull,1344,b'closed',2672,https://api.github.com/repos/facebook/react-native/pulls/2672,,2015-09-14T17:40:51Z,8
pull,1344,b'closed',8578,https://api.github.com/repos/facebook/react-native/pulls/8578,,2016-07-05T16:16:31Z,4
pull,1354,b'closed',1395,https://api.github.com/repos/facebook/react-native/pulls/1395,2015-05-26T05:20:19Z,2015-05-25T00:16:37Z,2
pull,1371,b'closed',1447,https://api.github.com/repos/facebook/react-native/pulls/1447,,2015-05-29T20:35:41Z,1
pull,1390,b'closed',1656,https://api.github.com/repos/facebook/react-native/pulls/1656,2015-06-18T04:47:50Z,2015-06-17T20:49:08Z,2
pull,1387,b'closed',1388,https://api.github.com/repos/facebook/react-native/pulls/1388,,2015-05-23T23:57:58Z,1
pull,1391,b'closed',19330,https://api.github.com/repos/facebook/react-native/pulls/19330,,2018-05-17T14:11:00Z,2
pull,1401,b'closed',2104,https://api.github.com/repos/facebook/react-native/pulls/2104,,2015-07-23T19:59:48Z,1
pull,1412,b'closed',1382,https://api.github.com/repos/facebook/react-native/pulls/1382,2015-07-02T11:15:38Z,2015-05-23T07:13:44Z,3
pull,1410,b'closed',4950,https://api.github.com/repos/facebook/react-native/pulls/4950,,2015-12-23T21:20:57Z,1
pull,1451,b'closed',1469,https://api.github.com/repos/facebook/react-native/pulls/1469,,2015-05-31T01:03:33Z,1
pull,1472,b'closed',1165,https://api.github.com/repos/keybase/client/pulls/1165,2015-10-17T01:15:29Z,2015-10-14T21:23:25Z,10
pull,1468,b'closed',1548,https://api.github.com/repos/facebook/react-native/pulls/1548,2015-06-07T23:52:23Z,2015-06-07T21:32:57Z,1
pull,1481,b'closed',1492,https://api.github.com/repos/facebook/react-native/pulls/1492,,2015-06-02T11:07:12Z,9
pull,1534,b'closed',2278,https://api.github.com/repos/facebook/react-native/pulls/2278,,2015-08-10T00:56:33Z,1
pull,1542,b'closed',1545,https://api.github.com/repos/facebook/react-native/pulls/1545,,2015-06-07T17:43:09Z,1
pull,1547,b'closed',1612,https://api.github.com/repos/facebook/react-native/pulls/1612,,2015-06-13T05:13:37Z,1
pull,1559,b'closed',16,https://api.github.com/repos/facebookarchive/rebound-js/pulls/16,,2015-06-08T12:55:12Z,1
pull,1563,b'closed',49,https://api.github.com/repos/leecade/react-native-swiper/pulls/49,2015-12-22T11:44:09Z,2015-09-27T11:40:10Z,21
pull,1579,b'closed',1969,https://api.github.com/repos/facebook/react-native/pulls/1969,,2015-07-13T06:32:04Z,9
pull,1597,b'closed',6362,https://api.github.com/repos/facebook/react-native/pulls/6362,,2016-03-08T15:18:46Z,9
pull,1595,b'closed',1763,https://api.github.com/repos/facebook/react-native/pulls/1763,,2015-06-26T22:53:56Z,2
pull,1594,b'closed',13,https://api.github.com/repos/naoufal/react-native-activity-view/pulls/13,,2015-08-21T14:18:18Z,2
pull,1594,b'closed',2610,https://api.github.com/repos/facebook/react-native/pulls/2610,,2015-09-09T02:12:34Z,1
pull,1598,b'closed',5731,https://api.github.com/repos/facebook/react-native/pulls/5731,,2016-02-03T13:01:23Z,1
pull,1605,b'closed',1607,https://api.github.com/repos/facebook/react-native/pulls/1607,,2015-06-12T14:56:30Z,1
pull,1611,b'closed',1635,https://api.github.com/repos/facebook/react-native/pulls/1635,,2015-06-15T21:03:07Z,9
pull,1621,b'closed',3,https://api.github.com/repos/colorjs/color-name/pulls/3,,2015-04-10T01:49:59Z,2
pull,1646,b'closed',1734,https://api.github.com/repos/facebook/react-native/pulls/1734,,2015-06-24T16:41:55Z,1
pull,1654,b'closed',1,https://api.github.com/repos/bparadie/react-native/pulls/1,,2015-05-25T17:30:14Z,8
pull,1654,b'closed',1546,https://api.github.com/repos/facebook/react-native/pulls/1546,,2015-06-07T20:33:05Z,25
pull,1655,b'closed',5723,https://api.github.com/repos/facebook/react-native/pulls/5723,,2016-02-03T07:30:45Z,1
pull,1669,b'closed',3103,https://api.github.com/repos/facebook/react-native/pulls/3103,,2015-09-28T19:45:53Z,4
pull,1670,b'closed',2648,https://api.github.com/repos/facebook/react-native/pulls/2648,,2015-09-12T04:38:52Z,28
pull,1689,b'closed',1755,https://api.github.com/repos/facebook/react-native/pulls/1755,,2015-06-26T10:06:02Z,1
pull,1709,b'closed',1992,https://api.github.com/repos/facebook/react-native/pulls/1992,,2015-07-14T23:32:13Z,1
pull,1715,b'closed',1714,https://api.github.com/repos/facebook/react-native/pulls/1714,,2015-06-22T22:06:46Z,78
pull,1715,b'closed',1716,https://api.github.com/repos/facebook/react-native/pulls/1716,2015-06-22T23:57:00Z,2015-06-22T23:40:39Z,1
pull,1730,b'closed',1829,https://api.github.com/repos/facebook/react-native/pulls/1829,,2015-07-01T06:54:06Z,3
pull,1737,b'closed',1738,https://api.github.com/repos/facebook/react-native/pulls/1738,,2015-06-24T21:32:00Z,1
pull,1737,b'closed',1802,https://api.github.com/repos/facebook/react-native/pulls/1802,2015-07-07T23:35:25Z,2015-06-30T11:07:53Z,3
pull,1737,b'closed',1803,https://api.github.com/repos/facebook/react-native/pulls/1803,,2015-06-30T11:26:13Z,1
pull,1737,b'closed',1824,https://api.github.com/repos/facebook/react-native/pulls/1824,,2015-07-01T03:38:30Z,5
pull,1737,b'closed',1839,https://api.github.com/repos/facebook/react-native/pulls/1839,2015-07-02T11:15:35Z,2015-07-01T18:15:54Z,44
pull,1746,b'closed',4,https://api.github.com/repos/kirkness/react-native-swift-socketio/pulls/4,2015-06-26T14:53:15Z,2015-06-26T14:26:53Z,1
pull,1749,b'closed',1750,https://api.github.com/repos/facebook/react-native/pulls/1750,,2015-06-25T21:17:06Z,1
pull,1758,b'closed',2732,https://api.github.com/repos/facebook/react-native/pulls/2732,,2015-09-15T21:18:40Z,1
pull,1780,b'closed',1860,https://api.github.com/repos/facebook/react-native/pulls/1860,,2015-07-03T15:08:21Z,1
pull,1780,b'closed',1917,https://api.github.com/repos/facebook/react-native/pulls/1917,,2015-07-09T04:38:37Z,1
pull,1782,b'closed',1,https://api.github.com/repos/paramaggarwal/react-native/pulls/1,,2015-06-29T13:06:18Z,1
pull,1782,b'closed',1783,https://api.github.com/repos/facebook/react-native/pulls/1783,,2015-06-29T13:07:15Z,1
pull,1784,b'closed',1753,https://api.github.com/repos/facebook/react-native/pulls/1753,,2015-06-26T05:50:27Z,3
pull,1795,b'closed',1796,https://api.github.com/repos/facebook/react-native/pulls/1796,,2015-06-30T08:33:44Z,2
pull,1812,b'closed',1814,https://api.github.com/repos/facebook/react-native/pulls/1814,,2015-06-30T18:39:15Z,2
pull,1821,b'closed',54,https://api.github.com/repos/nitaliano/react-native-mapbox-gl/pulls/54,2015-07-01T16:06:27Z,2015-07-01T15:42:29Z,1
pull,1835,b'closed',1837,https://api.github.com/repos/facebook/react-native/pulls/1837,,2015-07-01T16:18:47Z,1
pull,1845,b'closed',1842,https://api.github.com/repos/facebook/react-native/pulls/1842,,2015-07-02T00:45:27Z,1
pull,1850,b'closed',1852,https://api.github.com/repos/facebook/react-native/pulls/1852,,2015-07-03T01:22:31Z,1
pull,1863,b'closed',1901,https://api.github.com/repos/facebook/react-native/pulls/1901,,2015-07-07T22:08:59Z,2
pull,1864,b'closed',1869,https://api.github.com/repos/facebook/react-native/pulls/1869,,2015-07-04T17:50:08Z,10
pull,1864,b'closed',1824,https://api.github.com/repos/facebook/react-native/pulls/1824,,2015-07-01T03:38:30Z,5
pull,1871,b'closed',4,https://api.github.com/repos/mafintosh/pump/pulls/4,,2016-02-18T22:39:48Z,1
pull,1867,b'closed',1932,https://api.github.com/repos/facebook/react-native/pulls/1932,,2015-07-10T03:56:33Z,6
pull,1890,b'closed',2610,https://api.github.com/repos/facebook/react-native/pulls/2610,,2015-09-09T02:12:34Z,1
pull,1905,b'closed',3177,https://api.github.com/repos/facebook/react-native/pulls/3177,,2015-10-01T14:47:27Z,2
pull,1908,b'closed',10946,https://api.github.com/repos/facebook/react-native/pulls/10946,,2016-11-15T11:23:12Z,10
pull,1925,b'closed',4143,https://api.github.com/repos/facebook/react-native/pulls/4143,,2015-11-15T22:22:57Z,13
pull,1925,b'closed',4153,https://api.github.com/repos/facebook/react-native/pulls/4153,,2015-11-16T08:27:26Z,9
pull,1934,b'closed',1947,https://api.github.com/repos/facebook/react-native/pulls/1947,2015-07-10T20:19:50Z,2015-07-10T20:02:59Z,1
pull,1939,b'closed',1940,https://api.github.com/repos/facebook/react-native/pulls/1940,,2015-07-10T14:27:19Z,2
pull,1944,b'closed',1948,https://api.github.com/repos/facebook/react-native/pulls/1948,,2015-07-10T20:54:03Z,1
pull,1944,b'closed',1922,https://api.github.com/repos/facebook/react-native/pulls/1922,,2015-07-09T14:50:26Z,1
pull,1944,b'closed',1,https://api.github.com/repos/brentvatne/react-native-animated-demo-tinder/pulls/1,2015-07-12T21:35:35Z,2015-07-12T15:03:04Z,1
pull,1955,b'closed',1963,https://api.github.com/repos/facebook/react-native/pulls/1963,,2015-07-12T13:02:54Z,1
pull,1961,b'closed',19420,https://api.github.com/repos/facebook/react-native/pulls/19420,,2018-05-24T04:32:43Z,2
pull,1967,b'closed',2440,https://api.github.com/repos/facebook/react-native/pulls/2440,,2015-08-26T06:11:26Z,1
pull,1974,b'closed',11700,https://api.github.com/repos/facebook/react-native/pulls/11700,,2017-01-02T14:50:09Z,1
pull,1986,b'closed',2226,https://api.github.com/repos/facebook/react-native/pulls/2226,,2015-08-04T21:06:39Z,3
pull,2003,b'closed',2005,https://api.github.com/repos/facebook/react-native/pulls/2005,,2015-07-15T13:28:27Z,1
pull,2011,b'closed',2104,https://api.github.com/repos/facebook/react-native/pulls/2104,,2015-07-23T19:59:48Z,1
pull,2023,b'closed',2024,https://api.github.com/repos/facebook/react-native/pulls/2024,,2015-07-16T21:38:27Z,1
pull,2042,b'closed',2181,https://api.github.com/repos/facebook/react-native/pulls/2181,,2015-07-31T03:40:27Z,1
pull,2042,b'closed',2263,https://api.github.com/repos/facebook/react-native/pulls/2263,,2015-08-07T17:18:03Z,1
pull,2058,b'closed',2062,https://api.github.com/repos/facebook/react-native/pulls/2062,,2015-07-20T21:56:44Z,3
pull,2075,b'closed',2224,https://api.github.com/repos/facebook/react-native/pulls/2224,,2015-08-04T17:46:10Z,1
pull,2077,b'closed',2081,https://api.github.com/repos/facebook/react-native/pulls/2081,2015-07-22T03:57:14Z,2015-07-21T20:47:06Z,1
pull,2103,b'closed',5931,https://api.github.com/repos/facebook/react-native/pulls/5931,,2016-02-15T11:14:01Z,3
pull,2103,b'closed',4,https://api.github.com/repos/moschan/react-native-flip-card/pulls/4,2016-02-25T02:30:34Z,2016-02-24T10:56:01Z,1
pull,2129,b'closed',2149,https://api.github.com/repos/facebook/react-native/pulls/2149,,2015-07-28T16:38:32Z,5
pull,2134,b'closed',2120,https://api.github.com/repos/facebook/react-native/pulls/2120,,2015-07-25T14:38:45Z,3
pull,2134,b'closed',2128,https://api.github.com/repos/facebook/react-native/pulls/2128,,2015-07-26T15:44:53Z,3
pull,2134,b'closed',2082,https://api.github.com/repos/facebook/react-native/pulls/2082,,2015-07-21T23:13:23Z,12
pull,2137,b'closed',2138,https://api.github.com/repos/facebook/react-native/pulls/2138,2015-07-28T16:42:12Z,2015-07-27T17:21:06Z,9
pull,2140,b'closed',7186,https://api.github.com/repos/facebook/react-native/pulls/7186,,2016-04-23T22:34:10Z,3
pull,2180,b'closed',2364,https://api.github.com/repos/facebook/react-native/pulls/2364,,2015-08-17T17:38:05Z,13
pull,2185,b'closed',3957,https://api.github.com/repos/facebook/react-native/pulls/3957,,2015-11-06T19:13:15Z,4
pull,2185,b'closed',3963,https://api.github.com/repos/facebook/react-native/pulls/3963,,2015-11-06T23:00:40Z,4
pull,2185,b'closed',4003,https://api.github.com/repos/facebook/react-native/pulls/4003,,2015-11-09T15:33:25Z,4
pull,2184,b'closed',2337,https://api.github.com/repos/facebook/react-native/pulls/2337,2015-08-27T19:51:12Z,2015-08-14T18:37:42Z,3
pull,2219,b'closed',1,https://api.github.com/repos/ppsreejith/react-native/pulls/1,2017-05-30T13:41:28Z,2017-05-30T13:10:34Z,1
pull,2219,b'closed',14254,https://api.github.com/repos/facebook/react-native/pulls/14254,,2017-05-30T13:48:43Z,1
pull,2225,b'closed',2573,https://api.github.com/repos/facebook/react-native/pulls/2573,2015-09-10T15:23:04Z,2015-09-06T21:10:10Z,1
pull,2233,b'closed',2239,https://api.github.com/repos/facebook/react-native/pulls/2239,,2015-08-05T23:50:28Z,1
pull,2246,b'closed',7407,https://api.github.com/repos/facebook/react-native/pulls/7407,,2016-05-05T15:55:30Z,1
pull,2246,b'closed',10392,https://api.github.com/repos/facebook/react-native/pulls/10392,,2016-10-14T14:53:22Z,1
pull,2258,b'closed',2398,https://api.github.com/repos/facebook/react-native/pulls/2398,2015-09-02T21:28:44Z,2015-08-21T17:38:54Z,2
pull,2271,b'closed',2315,https://api.github.com/repos/facebook/react-native/pulls/2315,,2015-08-12T21:05:43Z,1
pull,2276,b'closed',10392,https://api.github.com/repos/facebook/react-native/pulls/10392,,2016-10-14T14:53:22Z,1
pull,2282,b'closed',5868,https://api.github.com/repos/facebook/react-native/pulls/5868,,2016-02-11T01:41:11Z,22
pull,2280,b'closed',1979,https://api.github.com/repos/facebook/react-native/pulls/1979,,2015-07-13T19:42:39Z,2
pull,2290,b'closed',2308,https://api.github.com/repos/facebook/react-native/pulls/2308,,2015-08-12T09:26:05Z,1
pull,2296,b'closed',8792,https://api.github.com/repos/facebook/react-native/pulls/8792,,2016-07-14T21:40:41Z,4
pull,2303,b'closed',2305,https://api.github.com/repos/facebook/react-native/pulls/2305,,2015-08-12T00:00:43Z,2
pull,2303,b'closed',1,https://api.github.com/repos/expo/react-native/pulls/1,,2016-01-09T02:15:05Z,3
pull,2303,b'closed',5233,https://api.github.com/repos/facebook/react-native/pulls/5233,,2016-01-10T06:03:28Z,3
pull,2313,b'closed',4419,https://api.github.com/repos/facebook/react-native/pulls/4419,,2015-11-30T05:37:51Z,2
pull,12020,b'closed',13832,https://api.github.com/repos/facebook/react-native/pulls/13832,,2017-05-08T07:11:18Z,1279
pull,2324,b'closed',1,https://api.github.com/repos/alejomendoza/react-native/pulls/1,,2015-08-20T04:28:58Z,1
pull,2343,b'closed',5001,https://api.github.com/repos/facebook/react-native/pulls/5001,,2015-12-28T15:27:43Z,4
pull,2352,b'closed',2661,https://api.github.com/repos/facebook/react-native/pulls/2661,,2015-09-13T20:42:35Z,1
pull,2354,b'closed',2341,https://api.github.com/repos/facebook/react-native/pulls/2341,,2015-08-15T04:42:22Z,1
pull,2356,b'closed',4205,https://api.github.com/repos/facebook/react-native/pulls/4205,,2015-11-18T14:07:28Z,4
pull,2361,b'closed',4523,https://api.github.com/repos/facebook/react-native/pulls/4523,,2015-12-03T06:04:54Z,1
pull,2377,b'closed',2405,https://api.github.com/repos/facebook/react-native/pulls/2405,,2015-08-22T00:35:11Z,1
pull,2376,b'closed',2587,https://api.github.com/repos/facebook/react-native/pulls/2587,,2015-09-07T16:23:47Z,1
pull,2379,b'closed',2451,https://api.github.com/repos/facebook/react-native/pulls/2451,,2015-08-26T21:24:56Z,4
pull,2390,b'closed',2391,https://api.github.com/repos/facebook/react-native/pulls/2391,,2015-08-20T19:31:17Z,1
pull,2390,b'closed',4065,https://api.github.com/repos/facebook/react-native/pulls/4065,,2015-11-11T04:55:09Z,1
pull,2395,b'closed',2610,https://api.github.com/repos/facebook/react-native/pulls/2610,,2015-09-09T02:12:34Z,1
pull,2411,b'closed',2412,https://api.github.com/repos/facebook/react-native/pulls/2412,,2015-08-23T01:40:04Z,1
pull,2425,b'closed',4995,https://api.github.com/repos/facebook/react-native/pulls/4995,,2015-12-28T08:41:06Z,13
pull,2441,b'closed',5377,https://api.github.com/repos/facebook/react-native/pulls/5377,,2016-01-18T11:21:06Z,2
pull,2454,b'closed',2474,https://api.github.com/repos/facebook/react-native/pulls/2474,2015-08-28T19:57:55Z,2015-08-28T00:00:32Z,2
pull,2453,b'closed',1,https://api.github.com/repos/bnookala/ReactNativeExportMethod/pulls/1,2015-08-27T22:40:13Z,2015-08-27T22:18:53Z,7
pull,2455,b'closed',2398,https://api.github.com/repos/facebook/react-native/pulls/2398,2015-09-02T21:28:44Z,2015-08-21T17:38:54Z,2
pull,2459,b'closed',2499,https://api.github.com/repos/facebook/react-native/pulls/2499,,2015-08-31T07:20:06Z,3
pull,2464,b'closed',69,https://api.github.com/repos/mjohnston/react-native-webpack-server/pulls/69,2015-09-17T23:53:16Z,2015-09-17T23:45:36Z,1
pull,2466,b'closed',2838,https://api.github.com/repos/facebook/react-native/pulls/2838,,2015-09-18T14:25:36Z,1
pull,2477,b'closed',4561,https://api.github.com/repos/facebook/react-native/pulls/4561,,2015-12-04T10:18:04Z,2
pull,2481,b'closed',62,https://api.github.com/repos/FaridSafi/react-native-gifted-form/pulls/62,2016-06-10T13:31:11Z,2016-06-01T17:21:06Z,2
pull,2512,b'closed',3590,https://api.github.com/repos/facebook/react-native/pulls/3590,,2015-10-22T02:51:31Z,4
pull,2512,b'closed',4441,https://api.github.com/repos/facebook/react-native/pulls/4441,,2015-11-30T20:13:25Z,4
pull,2514,b'closed',4490,https://api.github.com/repos/facebook/react-native/pulls/4490,,2015-12-02T12:07:43Z,4
pull,2519,b'closed',2605,https://api.github.com/repos/facebook/react-native/pulls/2605,,2015-09-08T18:30:21Z,1
pull,2519,b'closed',12,https://api.github.com/repos/ArnaudRinquin/react-native-radio-buttons/pulls/12,2015-12-30T15:21:34Z,2015-12-23T19:03:07Z,1
pull,2583,b'closed',2599,https://api.github.com/repos/facebook/react-native/pulls/2599,,2015-09-08T11:16:29Z,3
pull,2590,b'closed',2592,https://api.github.com/repos/facebook/react-native/pulls/2592,,2015-09-07T21:32:56Z,1
pull,2591,b'closed',2594,https://api.github.com/repos/facebook/react-native/pulls/2594,,2015-09-07T21:47:02Z,2
pull,2604,b'closed',2610,https://api.github.com/repos/facebook/react-native/pulls/2610,,2015-09-09T02:12:34Z,1
pull,2613,b'closed',14102,https://api.github.com/repos/facebook/react-native/pulls/14102,,2017-05-22T15:00:21Z,6
pull,2620,b'closed',2626,https://api.github.com/repos/facebook/react-native/pulls/2626,2015-09-10T04:10:15Z,2015-09-10T04:10:06Z,1
pull,2641,b'closed',5801,https://api.github.com/repos/facebook/react-native/pulls/5801,,2016-02-07T18:17:58Z,1
pull,2645,b'closed',2648,https://api.github.com/repos/facebook/react-native/pulls/2648,,2015-09-12T04:38:52Z,28
pull,2645,b'closed',3018,https://api.github.com/repos/facebook/react-native/pulls/3018,,2015-09-24T23:59:10Z,4
pull,2676,b'closed',4738,https://api.github.com/repos/facebook/react-native/pulls/4738,,2015-12-12T07:33:04Z,5
pull,2679,b'closed',2794,https://api.github.com/repos/facebook/react-native/pulls/2794,,2015-09-17T07:02:54Z,5
pull,2684,b'closed',2686,https://api.github.com/repos/facebook/react-native/pulls/2686,,2015-09-14T20:49:27Z,1
pull,2705,b'closed',2709,https://api.github.com/repos/facebook/react-native/pulls/2709,2015-09-15T21:23:03Z,2015-09-15T06:17:19Z,1
pull,2704,b'closed',2824,https://api.github.com/repos/facebook/react-native/pulls/2824,,2015-09-18T00:46:33Z,3
pull,2764,b'closed',2767,https://api.github.com/repos/facebook/react-native/pulls/2767,2015-09-17T10:34:37Z,2015-09-16T16:18:28Z,1
pull,2780,b'closed',2406,https://api.github.com/repos/facebook/react-native/pulls/2406,,2015-08-22T01:57:37Z,5
pull,2783,b'closed',3840,https://api.github.com/repos/facebook/react-native/pulls/3840,,2015-11-02T16:34:19Z,1
pull,2787,b'closed',2789,https://api.github.com/repos/facebook/react-native/pulls/2789,,2015-09-17T03:32:41Z,1
pull,2792,b'closed',3723,https://api.github.com/repos/facebook/react-native/pulls/3723,,2015-10-27T16:41:12Z,5
pull,2792,b'closed',3913,https://api.github.com/repos/facebook/react-native/pulls/3913,,2015-11-05T13:36:41Z,1
pull,2795,b'closed',1167,https://api.github.com/repos/status-im/status-mobile/pulls/1167,2017-05-04T15:10:23Z,2017-05-04T14:25:50Z,1
pull,2793,b'closed',19074,https://api.github.com/repos/facebook/react-native/pulls/19074,,2018-04-30T08:36:00Z,1
pull,2802,b'closed',3345,https://api.github.com/repos/facebook/react-native/pulls/3345,,2015-10-11T20:22:01Z,1
pull,2803,b'closed',4262,https://api.github.com/repos/facebook/react-native/pulls/4262,2015-11-20T20:57:34Z,2015-11-20T20:50:32Z,1
pull,2837,b'closed',2870,https://api.github.com/repos/facebook/react-native/pulls/2870,,2015-09-19T19:35:08Z,4
pull,2837,b'closed',3229,https://api.github.com/repos/facebook/react-native/pulls/3229,,2015-10-04T18:38:07Z,1782
pull,2858,b'closed',3497,https://api.github.com/repos/facebook/react-native/pulls/3497,,2015-10-18T22:39:54Z,5
pull,2862,b'closed',16,https://api.github.com/repos/WebReflection/circular-json/pulls/16,,2015-09-18T05:02:06Z,1
pull,2862,b'closed',1,https://api.github.com/repos/kawanet/int64-buffer/pulls/1,2016-04-22T04:32:35Z,2016-04-22T00:17:30Z,1
pull,2862,b'closed',10451,https://api.github.com/repos/facebook/react-native/pulls/10451,,2016-10-19T02:23:48Z,2
pull,2893,b'closed',3229,https://api.github.com/repos/facebook/react-native/pulls/3229,,2015-10-04T18:38:07Z,1782
pull,2904,b'closed',9623,https://api.github.com/repos/facebook/react-native/pulls/9623,,2016-08-28T08:19:20Z,1
pull,2903,b'closed',364,https://api.github.com/repos/ooyala/native-skin/pulls/364,2016-03-01T23:22:01Z,2016-03-01T22:27:52Z,1
pull,2915,b'closed',6159,https://api.github.com/repos/facebook/react-native/pulls/6159,,2016-02-26T03:51:18Z,1
pull,2915,b'closed',6926,https://api.github.com/repos/facebook/react-native/pulls/6926,,2016-04-11T21:09:05Z,1
pull,2915,b'closed',11713,https://api.github.com/repos/facebook/react-native/pulls/11713,,2017-01-04T04:24:25Z,2
pull,2920,b'closed',4003,https://api.github.com/repos/facebook/react-native/pulls/4003,,2015-11-09T15:33:25Z,4
pull,2919,b'closed',3800,https://api.github.com/repos/facebook/react-native/pulls/3800,,2015-10-30T19:19:30Z,16
pull,2939,b'closed',2648,https://api.github.com/repos/facebook/react-native/pulls/2648,,2015-09-12T04:38:52Z,28
pull,2939,b'closed',2942,https://api.github.com/repos/facebook/react-native/pulls/2942,,2015-09-22T17:36:26Z,1
pull,2984,b'closed',3229,https://api.github.com/repos/facebook/react-native/pulls/3229,,2015-10-04T18:38:07Z,1782
pull,2985,b'closed',2031,https://api.github.com/repos/remix-run/react-router/pulls/2031,,2015-09-21T03:50:02Z,31
pull,2985,b'closed',84,https://api.github.com/repos/webkom/holonet/pulls/84,,2015-10-15T12:27:15Z,1
pull,2985,b'closed',33,https://api.github.com/repos/webkom/lego-webapp/pulls/33,,2015-10-15T12:27:17Z,1
pull,2985,b'closed',5,https://api.github.com/repos/frankwallis/redouble/pulls/5,,2015-10-15T14:52:48Z,1
pull,2985,b'closed',22,https://api.github.com/repos/CrocoDillon/crocodillon.com/pulls/22,2015-10-15T18:08:25Z,2015-10-15T14:53:56Z,1
pull,2985,b'closed',169,https://api.github.com/repos/hawkrives/gobbldygook/pulls/169,,2015-10-15T14:53:56Z,1
pull,2985,b'closed',5,https://api.github.com/repos/erikras/multireducer/pulls/5,,2015-10-15T14:53:57Z,1
pull,2985,b'closed',8,https://api.github.com/repos/Dean177/lunch/pulls/8,2015-10-15T14:55:42Z,2015-10-15T14:53:57Z,1
pull,2985,b'closed',2,https://api.github.com/repos/lyleg/dartbuddy/pulls/2,2015-10-15T15:02:12Z,2015-10-15T14:53:58Z,1
pull,2985,b'closed',137,https://api.github.com/repos/redux-form/redux-form/pulls/137,,2015-10-15T14:53:58Z,1
pull,2985,b'closed',19,https://api.github.com/repos/luandro/hapi-universal-redux/pulls/19,,2015-10-15T14:53:59Z,1
pull,2985,b'closed',12,https://api.github.com/repos/sergey-lapin/redux-devtools-gentest-plugin/pulls/12,,2015-10-15T14:53:59Z,1
pull,2985,b'closed',2,https://api.github.com/repos/shoobah/graphlab/pulls/2,,2015-10-15T14:55:08Z,2
pull,2991,b'closed',7603,https://api.github.com/repos/facebook/react-native/pulls/7603,,2016-05-17T14:34:27Z,1
pull,2991,b'closed',4245,https://api.github.com/repos/keybase/client/pulls/4245,,2016-09-09T21:46:32Z,6
pull,2990,b'closed',3011,https://api.github.com/repos/facebook/react-native/pulls/3011,,2015-09-24T18:32:13Z,1
pull,2995,b'closed',3028,https://api.github.com/repos/facebook/react-native/pulls/3028,,2015-09-25T09:35:48Z,7
pull,3033,b'closed',3286,https://api.github.com/repos/facebook/react-native/pulls/3286,,2015-10-08T16:28:36Z,3
pull,3037,b'closed',3043,https://api.github.com/repos/facebook/react-native/pulls/3043,2015-09-25T20:19:50Z,2015-09-25T20:19:47Z,1
pull,3060,b'closed',3169,https://api.github.com/repos/facebook/react-native/pulls/3169,,2015-10-01T08:37:58Z,1
pull,3068,b'closed',3186,https://api.github.com/repos/facebook/react-native/pulls/3186,,2015-10-02T00:41:00Z,1
pull,3068,b'closed',6307,https://api.github.com/repos/facebook/react-native/pulls/6307,,2016-03-04T23:52:28Z,1
pull,3069,b'closed',3070,https://api.github.com/repos/facebook/react-native/pulls/3070,,2015-09-27T01:31:09Z,1
pull,3083,b'closed',7264,https://api.github.com/repos/facebook/react-native/pulls/7264,,2016-04-27T19:45:28Z,9
pull,3102,b'closed',3171,https://api.github.com/repos/facebook/react-native/pulls/3171,,2015-10-01T09:16:10Z,1
pull,3106,b'closed',3190,https://api.github.com/repos/facebook/react-native/pulls/3190,,2015-10-02T06:56:55Z,1
pull,3105,b'closed',3119,https://api.github.com/repos/facebook/react-native/pulls/3119,,2015-09-29T14:52:08Z,972
pull,3105,b'closed',5126,https://api.github.com/repos/facebook/react-native/pulls/5126,,2016-01-05T06:16:37Z,3
pull,3112,b'closed',3137,https://api.github.com/repos/facebook/react-native/pulls/3137,,2015-09-30T07:47:28Z,2
pull,3113,b'closed',3126,https://api.github.com/repos/facebook/react-native/pulls/3126,,2015-09-29T22:04:17Z,12
pull,3127,b'closed',3185,https://api.github.com/repos/facebook/react-native/pulls/3185,,2015-10-02T00:31:55Z,3
pull,3135,b'closed',4369,https://api.github.com/repos/facebook/react-native/pulls/4369,,2015-11-26T12:32:27Z,1
pull,3138,b'closed',3632,https://api.github.com/repos/facebook/react-native/pulls/3632,,2015-10-23T14:07:42Z,1
pull,3142,b'closed',3143,https://api.github.com/repos/facebook/react-native/pulls/3143,,2015-09-30T11:42:55Z,1
pull,3142,b'closed',4946,https://api.github.com/repos/facebook/react-native/pulls/4946,,2015-12-23T16:13:31Z,1
pull,3146,b'closed',3286,https://api.github.com/repos/facebook/react-native/pulls/3286,,2015-10-08T16:28:36Z,3
pull,3155,b'closed',3238,https://api.github.com/repos/facebook/react-native/pulls/3238,,2015-10-05T12:37:26Z,2
pull,3159,b'closed',6789,https://api.github.com/repos/facebook/react-native/pulls/6789,,2016-04-03T21:33:06Z,2
pull,3182,b'closed',2730,https://api.github.com/repos/facebook/react-native/pulls/2730,,2015-09-15T20:54:31Z,1
pull,3201,b'closed',3426,https://api.github.com/repos/facebook/react-native/pulls/3426,,2015-10-14T21:13:33Z,2
pull,3209,b'closed',3097,https://api.github.com/repos/facebook/react-native/pulls/3097,,2015-09-28T15:09:01Z,5
pull,3212,b'closed',11,https://api.github.com/repos/Devnetik/react-native-slide-view/pulls/11,2018-10-26T08:09:14Z,2017-10-01T10:55:37Z,2
pull,3212,b'closed',16770,https://api.github.com/repos/facebook/react-native/pulls/16770,,2017-11-09T13:41:24Z,1
pull,3228,b'closed',4490,https://api.github.com/repos/facebook/react-native/pulls/4490,,2015-12-02T12:07:43Z,4
pull,3244,b'closed',3631,https://api.github.com/repos/facebook/react-native/pulls/3631,,2015-10-23T13:25:55Z,2
pull,3250,b'closed',3268,https://api.github.com/repos/facebook/react-native/pulls/3268,,2015-10-07T17:39:34Z,62
pull,3264,b'closed',3813,https://api.github.com/repos/facebook/react-native/pulls/3813,,2015-10-31T20:26:39Z,1
pull,3264,b'closed',14,https://api.github.com/repos/mastermoo/react-native-action-button/pulls/14,,2015-12-26T16:16:31Z,1
pull,3288,b'closed',6111,https://api.github.com/repos/facebook/react-native/pulls/6111,,2016-02-23T18:10:32Z,1
pull,3288,b'closed',3,https://api.github.com/repos/iodine/react-native/pulls/3,2016-03-01T19:17:03Z,2016-03-01T00:30:41Z,1
pull,3298,b'closed',10451,https://api.github.com/repos/facebook/react-native/pulls/10451,,2016-10-19T02:23:48Z,2
pull,3298,b'closed',13980,https://api.github.com/repos/facebook/react-native/pulls/13980,,2017-05-15T18:51:25Z,2
pull,3316,b'closed',3328,https://api.github.com/repos/facebook/react-native/pulls/3328,,2015-10-10T14:56:14Z,26
pull,3316,b'closed',3332,https://api.github.com/repos/facebook/react-native/pulls/3332,,2015-10-10T23:44:15Z,14
pull,3316,b'closed',4790,https://api.github.com/repos/facebook/react-native/pulls/4790,,2015-12-15T12:28:14Z,21
pull,3312,b'closed',3315,https://api.github.com/repos/facebook/react-native/pulls/3315,,2015-10-09T22:49:20Z,1
pull,3318,b'closed',3343,https://api.github.com/repos/facebook/react-native/pulls/3343,,2015-10-11T17:16:02Z,3
pull,3333,b'closed',3345,https://api.github.com/repos/facebook/react-native/pulls/3345,,2015-10-11T20:22:01Z,1
pull,3337,b'closed',3019,https://api.github.com/repos/facebook/react-native/pulls/3019,,2015-09-25T01:25:57Z,1
pull,3337,b'closed',4403,https://api.github.com/repos/facebook/react-native/pulls/4403,2015-12-02T23:11:41Z,2015-11-29T04:33:06Z,2
pull,3364,b'closed',3347,https://api.github.com/repos/facebook/react-native/pulls/3347,,2015-10-11T22:42:10Z,1
pull,3364,b'closed',3706,https://api.github.com/repos/facebook/react-native/pulls/3706,,2015-10-27T07:24:35Z,3
pull,3371,b'closed',4518,https://api.github.com/repos/facebook/react-native/pulls/4518,,2015-12-03T04:07:15Z,2
pull,3371,b'closed',5866,https://api.github.com/repos/facebook/react-native/pulls/5866,,2016-02-10T23:56:57Z,1
pull,3375,b'closed',175,https://api.github.com/repos/aksonov/react-native-router-flux/pulls/175,2016-02-04T17:36:06Z,2016-02-04T17:35:10Z,1
pull,3374,b'closed',4590,https://api.github.com/repos/facebook/react-native/pulls/4590,,2015-12-06T00:46:47Z,2
pull,3381,b'closed',800,https://api.github.com/repos/DoSomethingArchive/LetsDoThis-iOS/pulls/800,2016-02-02T18:23:33Z,2016-02-02T18:17:08Z,1
pull,3381,b'closed',859,https://api.github.com/repos/DoSomethingArchive/LetsDoThis-iOS/pulls/859,2016-02-25T04:42:50Z,2016-02-25T04:41:21Z,1
pull,3406,b'closed',11426,https://api.github.com/repos/facebook/react-native/pulls/11426,,2016-12-12T15:33:14Z,1
pull,3406,b'closed',12245,https://api.github.com/repos/facebook/react-native/pulls/12245,,2017-02-06T22:45:50Z,6
pull,3412,b'closed',859,https://api.github.com/repos/DoSomethingArchive/LetsDoThis-iOS/pulls/859,2016-02-25T04:42:50Z,2016-02-25T04:41:21Z,1
pull,3429,b'closed',1165,https://api.github.com/repos/keybase/client/pulls/1165,2015-10-17T01:15:29Z,2015-10-14T21:23:25Z,10
pull,3435,b'closed',3501,https://api.github.com/repos/facebook/react-native/pulls/3501,,2015-10-19T02:06:28Z,5
pull,3440,b'closed',3490,https://api.github.com/repos/facebook/react-native/pulls/3490,2015-10-18T19:02:52Z,2015-10-18T13:49:14Z,1
pull,3447,b'closed',4265,https://api.github.com/repos/facebook/react-native/pulls/4265,,2015-11-21T00:45:34Z,2
pull,3461,b'closed',3593,https://api.github.com/repos/facebook/react-native/pulls/3593,,2015-10-22T05:12:15Z,1
pull,3475,b'closed',3495,https://api.github.com/repos/facebook/react-native/pulls/3495,2015-10-19T11:09:35Z,2015-10-18T20:56:56Z,1
pull,3491,b'closed',3522,https://api.github.com/repos/facebook/react-native/pulls/3522,,2015-10-19T22:34:18Z,3
pull,3513,b'closed',3746,https://api.github.com/repos/facebook/react-native/pulls/3746,,2015-10-28T09:54:20Z,3
pull,3515,b'closed',3078,https://api.github.com/repos/facebook/react-native/pulls/3078,,2015-09-27T22:20:52Z,1
pull,3527,b'closed',3531,https://api.github.com/repos/facebook/react-native/pulls/3531,,2015-10-20T06:37:59Z,1
pull,3525,b'closed',3526,https://api.github.com/repos/facebook/react-native/pulls/3526,,2015-10-20T02:27:30Z,2
pull,3533,b'closed',3750,https://api.github.com/repos/facebook/react-native/pulls/3750,,2015-10-28T20:08:12Z,1
pull,3549,b'closed',4054,https://api.github.com/repos/facebook/react-native/pulls/4054,,2015-11-10T21:08:41Z,1
pull,3557,b'closed',3954,https://api.github.com/repos/facebook/react-native/pulls/3954,,2015-11-06T14:00:39Z,1
pull,3574,b'closed',3189,https://api.github.com/repos/facebook/react-native/pulls/3189,,2015-10-02T05:36:18Z,5
pull,3577,b'closed',3750,https://api.github.com/repos/facebook/react-native/pulls/3750,,2015-10-28T20:08:12Z,1
pull,3575,b'closed',14991,https://api.github.com/repos/facebook/react-native/pulls/14991,,2017-07-12T23:46:04Z,1
pull,3600,b'closed',3,https://api.github.com/repos/particle-iot/particle-api-js/pulls/3,2015-10-26T21:57:43Z,2015-10-22T22:22:16Z,3
pull,3633,b'closed',23789,https://api.github.com/repos/DefinitelyTyped/DefinitelyTyped/pulls/23789,,2018-02-20T17:28:09Z,1
pull,3634,b'closed',10472,https://api.github.com/repos/facebook/react-native/pulls/10472,,2016-10-20T07:45:06Z,1
pull,3644,b'closed',3658,https://api.github.com/repos/facebook/react-native/pulls/3658,2015-10-24T22:39:34Z,2015-10-24T19:38:07Z,1
pull,3649,b'closed',4012,https://api.github.com/repos/facebook/react-native/pulls/4012,,2015-11-09T18:53:14Z,6
pull,3657,b'closed',4618,https://api.github.com/repos/facebook/react-native/pulls/4618,,2015-12-07T15:08:12Z,1
pull,3669,b'closed',3954,https://api.github.com/repos/facebook/react-native/pulls/3954,,2015-11-06T14:00:39Z,1
pull,3685,b'closed',718,https://api.github.com/repos/react-native-camera/react-native-camera/pulls/718,2017-05-24T15:40:10Z,2017-05-24T07:39:05Z,1
pull,3701,b'closed',4203,https://api.github.com/repos/facebook/react-native/pulls/4203,2015-11-24T10:42:10Z,2015-11-18T11:09:45Z,2
pull,3731,b'closed',3738,https://api.github.com/repos/facebook/react-native/pulls/3738,,2015-10-28T03:44:39Z,1
pull,3752,b'closed',17,https://api.github.com/repos/expo/ex-navigator/pulls/17,,2015-10-28T23:45:32Z,1
pull,3754,b'closed',16,https://api.github.com/repos/expo/ex-navigator/pulls/16,,2015-10-28T23:43:47Z,1
pull,3754,b'closed',19,https://api.github.com/repos/expo/ex-navigator/pulls/19,,2015-10-29T13:10:26Z,3
pull,3771,b'closed',4835,https://api.github.com/repos/facebook/react-native/pulls/4835,2015-12-22T22:18:30Z,2015-12-17T08:35:44Z,1
pull,3773,b'closed',3954,https://api.github.com/repos/facebook/react-native/pulls/3954,,2015-11-06T14:00:39Z,1
pull,9447,b'closed',43,https://api.github.com/repos/PaulBGD/react-native-image-slider/pulls/43,,2017-10-12T08:19:30Z,1
pull,9688,b'closed',13326,https://api.github.com/repos/facebook/react-native/pulls/13326,,2017-04-05T17:25:01Z,1
pull,3783,b'closed',3959,https://api.github.com/repos/facebook/react-native/pulls/3959,,2015-11-06T20:13:06Z,5
pull,3785,b'closed',4298,https://api.github.com/repos/facebook/react-native/pulls/4298,,2015-11-23T13:11:47Z,1
pull,3815,b'closed',7182,https://api.github.com/repos/facebook/react-native/pulls/7182,,2016-04-23T19:26:46Z,1
pull,3817,b'closed',24,https://api.github.com/repos/nick/react-native-carousel/pulls/24,2015-11-10T14:51:43Z,2015-11-10T06:36:59Z,1
pull,3817,b'closed',56,https://api.github.com/repos/leecade/react-native-swiper/pulls/56,,2015-11-10T22:42:03Z,2
pull,3846,b'closed',3896,https://api.github.com/repos/facebook/react-native/pulls/3896,,2015-11-04T19:26:33Z,2
pull,3847,b'closed',15056,https://api.github.com/repos/facebook/react-native/pulls/15056,,2017-07-17T14:57:03Z,1
pull,3864,b'closed',3873,https://api.github.com/repos/facebook/react-native/pulls/3873,,2015-11-03T21:10:51Z,3
pull,3870,b'closed',4213,https://api.github.com/repos/facebook/react-native/pulls/4213,,2015-11-18T20:44:12Z,1
pull,3876,b'closed',114,https://api.github.com/repos/ecohealthalliance/GoodQuestion/pulls/114,2016-06-23T12:45:28Z,2016-06-22T12:41:45Z,2
pull,3888,b'closed',3889,https://api.github.com/repos/facebook/react-native/pulls/3889,,2015-11-04T15:27:30Z,2
pull,3893,b'closed',4401,https://api.github.com/repos/facebook/react-native/pulls/4401,,2015-11-29T00:19:11Z,1
pull,3897,b'closed',5542,https://api.github.com/repos/facebook/react-native/pulls/5542,,2016-01-26T02:30:34Z,1
pull,3902,b'closed',3903,https://api.github.com/repos/facebook/react-native/pulls/3903,,2015-11-05T03:46:09Z,1
pull,3946,b'closed',4015,https://api.github.com/repos/facebook/react-native/pulls/4015,,2015-11-09T20:57:15Z,1
pull,3952,b'closed',6783,https://api.github.com/repos/facebook/react-native/pulls/6783,,2016-04-03T06:57:54Z,1
pull,3953,b'closed',4283,https://api.github.com/repos/facebook/react-native/pulls/4283,,2015-11-22T15:35:20Z,1
pull,3966,b'closed',4015,https://api.github.com/repos/facebook/react-native/pulls/4015,,2015-11-09T20:57:15Z,1
pull,3974,b'closed',4015,https://api.github.com/repos/facebook/react-native/pulls/4015,,2015-11-09T20:57:15Z,1
pull,3980,b'closed',4223,https://api.github.com/repos/facebook/react-native/pulls/4223,,2015-11-19T05:32:13Z,2
pull,3983,b'closed',4015,https://api.github.com/repos/facebook/react-native/pulls/4015,,2015-11-09T20:57:15Z,1
pull,3999,b'closed',4542,https://api.github.com/repos/facebook/react-native/pulls/4542,,2015-12-03T15:42:00Z,1
pull,3997,b'closed',4071,https://api.github.com/repos/facebook/react-native/pulls/4071,,2015-11-11T10:16:49Z,218
pull,4021,b'closed',6113,https://api.github.com/repos/facebook/react-native/pulls/6113,,2016-02-23T22:09:01Z,29
pull,4031,b'closed',4294,https://api.github.com/repos/facebook/react-native/pulls/4294,,2015-11-23T07:52:43Z,1
pull,4031,b'closed',5738,https://api.github.com/repos/facebook/react-native/pulls/5738,,2016-02-03T17:21:15Z,4
pull,4034,b'closed',4749,https://api.github.com/repos/facebook/react-native/pulls/4749,,2015-12-12T19:57:45Z,1
pull,4046,b'closed',4627,https://api.github.com/repos/facebook/react-native/pulls/4627,,2015-12-07T19:29:05Z,1
pull,4053,b'closed',2084,https://api.github.com/repos/facebook/react-native/pulls/2084,,2015-07-22T02:42:03Z,3
pull,4062,b'closed',6,https://api.github.com/repos/reindexio/reindex-js/pulls/6,2015-12-06T12:43:19Z,2015-12-06T12:43:10Z,1
pull,4062,b'closed',44,https://api.github.com/repos/reduxjs/redux-thunk/pulls/44,,2015-12-14T20:37:41Z,1
pull,4087,b'closed',178,https://api.github.com/repos/ptomasroos/react-native-scrollable-tab-view/pulls/178,2016-02-29T14:56:56Z,2016-02-26T13:33:01Z,2
pull,4101,b'closed',4102,https://api.github.com/repos/facebook/react-native/pulls/4102,2015-11-13T15:21:58Z,2015-11-12T19:07:40Z,1
pull,4124,b'closed',4209,https://api.github.com/repos/facebook/react-native/pulls/4209,,2015-11-18T18:55:26Z,1
pull,4132,b'closed',3954,https://api.github.com/repos/facebook/react-native/pulls/3954,,2015-11-06T14:00:39Z,1
pull,4136,b'closed',7217,https://api.github.com/repos/facebook/react-native/pulls/7217,,2016-04-25T17:13:01Z,3
pull,4159,b'closed',4178,https://api.github.com/repos/facebook/react-native/pulls/4178,,2015-11-17T14:01:57Z,15
pull,4159,b'closed',4995,https://api.github.com/repos/facebook/react-native/pulls/4995,,2015-12-28T08:41:06Z,13
pull,4174,b'closed',4291,https://api.github.com/repos/facebook/react-native/pulls/4291,,2015-11-23T04:44:24Z,1
pull,4181,b'closed',4299,https://api.github.com/repos/facebook/react-native/pulls/4299,2015-11-23T18:14:25Z,2015-11-23T13:24:16Z,1
pull,4186,b'closed',4206,https://api.github.com/repos/facebook/react-native/pulls/4206,2015-12-27T15:33:43Z,2015-11-18T16:00:08Z,1
pull,4214,b'closed',1,https://api.github.com/repos/ospfranco/link-preview-js/pulls/1,2016-11-07T16:04:09Z,2016-11-07T15:58:47Z,1
pull,4244,b'closed',4288,https://api.github.com/repos/facebook/react-native/pulls/4288,,2015-11-22T21:13:19Z,1
pull,4260,b'closed',4328,https://api.github.com/repos/facebook/react-native/pulls/4328,,2015-11-24T16:18:02Z,2
pull,4282,b'closed',4283,https://api.github.com/repos/facebook/react-native/pulls/4283,,2015-11-22T15:35:20Z,1
pull,4290,b'closed',4588,https://api.github.com/repos/facebook/react-native/pulls/4588,,2015-12-05T23:29:46Z,2
pull,4309,b'closed',4306,https://api.github.com/repos/facebook/react-native/pulls/4306,2015-11-23T21:23:01Z,2015-11-23T20:50:25Z,2
pull,4341,b'closed',11160,https://api.github.com/repos/facebook/react-native/pulls/11160,,2016-11-27T22:27:00Z,2
pull,4351,b'closed',6362,https://api.github.com/repos/facebook/react-native/pulls/6362,,2016-03-08T15:18:46Z,9
pull,4362,b'closed',4520,https://api.github.com/repos/facebook/react-native/pulls/4520,,2015-12-03T05:06:11Z,1
pull,4367,b'closed',4366,https://api.github.com/repos/facebook/react-native/pulls/4366,,2015-11-26T08:32:46Z,1
pull,4380,b'closed',4891,https://api.github.com/repos/facebook/react-native/pulls/4891,,2015-12-20T21:46:03Z,2
pull,4388,b'closed',4431,https://api.github.com/repos/facebook/react-native/pulls/4431,,2015-11-30T15:19:50Z,1
pull,4402,b'closed',85,https://api.github.com/repos/gcanti/tcomb-form-native/pulls/85,2016-01-13T09:49:13Z,2015-12-15T02:28:25Z,1
pull,4429,b'closed',4438,https://api.github.com/repos/facebook/react-native/pulls/4438,,2015-11-30T19:14:22Z,5
pull,4435,b'closed',6064,https://api.github.com/repos/facebook/react-native/pulls/6064,,2016-02-21T14:48:49Z,3
pull,4435,b'closed',6540,https://api.github.com/repos/facebook/react-native/pulls/6540,,2016-03-20T03:32:27Z,2
pull,4473,b'closed',10356,https://api.github.com/repos/facebook/react-native/pulls/10356,,2016-10-12T19:11:48Z,2
pull,4476,b'closed',3850,https://api.github.com/repos/facebook/react-native/pulls/3850,,2015-11-03T03:12:25Z,3
pull,4476,b'closed',4586,https://api.github.com/repos/facebook/react-native/pulls/4586,,2015-12-05T22:53:08Z,6
pull,4494,b'closed',7682,https://api.github.com/repos/facebook/react-native/pulls/7682,,2016-05-23T01:08:12Z,1
pull,4509,b'closed',216,https://api.github.com/repos/MindscapeHQ/raygun4js/pulls/216,2017-04-27T03:41:50Z,2017-03-13T02:44:10Z,22
pull,4515,b'closed',24,https://api.github.com/repos/AppHubPlatform/apphub/pulls/24,2016-02-24T08:58:37Z,2016-02-23T18:47:34Z,1
pull,4547,b'closed',4586,https://api.github.com/repos/facebook/react-native/pulls/4586,,2015-12-05T22:53:08Z,6
pull,4549,b'closed',82,https://api.github.com/repos/microsoft/react-native-code-push/pulls/82,2015-12-04T19:18:46Z,2015-12-03T02:47:09Z,54
pull,4582,b'closed',4584,https://api.github.com/repos/facebook/react-native/pulls/4584,2015-12-06T01:39:36Z,2015-12-05T20:23:54Z,1
pull,4587,b'closed',410,https://api.github.com/repos/IdentityModel/oidc-client-js/pulls/410,2018-01-22T15:38:42Z,2017-09-03T08:34:04Z,4
pull,4591,b'closed',5131,https://api.github.com/repos/facebook/react-native/pulls/5131,,2016-01-05T20:08:12Z,1
pull,4594,b'closed',4595,https://api.github.com/repos/facebook/react-native/pulls/4595,,2015-12-06T05:08:40Z,1
pull,4594,b'closed',243,https://api.github.com/repos/github/fetch/pulls/243,,2015-12-06T05:43:14Z,1
pull,4600,b'closed',6540,https://api.github.com/repos/facebook/react-native/pulls/6540,,2016-03-20T03:32:27Z,2
pull,4602,b'closed',4642,https://api.github.com/repos/facebook/react-native/pulls/4642,,2015-12-08T14:02:06Z,1
pull,4605,b'closed',103,https://api.github.com/repos/react-native-video/react-native-video/pulls/103,2015-12-12T00:13:42Z,2015-11-02T23:10:50Z,39
pull,4605,b'closed',4611,https://api.github.com/repos/facebook/react-native/pulls/4611,,2015-12-07T06:27:26Z,1
pull,4605,b'closed',5,https://api.github.com/repos/ideacreation/react-native-barcodescanner/pulls/5,2016-01-08T14:04:07Z,2016-01-05T10:04:13Z,1
pull,4605,b'closed',7281,https://api.github.com/repos/facebook/react-native/pulls/7281,,2016-04-28T20:51:04Z,1
pull,4645,b'closed',4801,https://api.github.com/repos/facebook/react-native/pulls/4801,,2015-12-15T20:05:54Z,1
pull,4645,b'closed',4833,https://api.github.com/repos/facebook/react-native/pulls/4833,,2015-12-17T00:21:04Z,1
pull,4648,b'closed',4832,https://api.github.com/repos/facebook/react-native/pulls/4832,,2015-12-17T00:03:54Z,3
pull,4648,b'closed',6841,https://api.github.com/repos/facebook/react-native/pulls/6841,,2016-04-06T16:12:55Z,8
pull,4655,b'closed',4658,https://api.github.com/repos/facebook/react-native/pulls/4658,,2015-12-08T23:36:02Z,2
pull,4674,b'closed',1123,https://api.github.com/repos/reduxjs/redux/pulls/1123,2016-02-02T03:43:06Z,2015-12-10T18:14:32Z,22
pull,4676,b'closed',5294,https://api.github.com/repos/facebook/react-native/pulls/5294,,2016-01-13T21:40:09Z,2
pull,4708,b'closed',4866,https://api.github.com/repos/facebook/react-native/pulls/4866,,2015-12-18T20:53:05Z,6
pull,4715,b'closed',6094,https://api.github.com/repos/facebook/react-native/pulls/6094,,2016-02-22T20:20:37Z,1
pull,4734,b'closed',4772,https://api.github.com/repos/facebook/react-native/pulls/4772,2015-12-14T21:26:01Z,2015-12-14T21:13:24Z,1
pull,4739,b'closed',4738,https://api.github.com/repos/facebook/react-native/pulls/4738,,2015-12-12T07:33:04Z,5
pull,4739,b'closed',5235,https://api.github.com/repos/facebook/react-native/pulls/5235,,2016-01-10T15:48:05Z,1
pull,4740,b'closed',10789,https://api.github.com/repos/facebook/react-native/pulls/10789,,2016-11-07T16:30:55Z,1
pull,4753,b'closed',26,https://api.github.com/repos/i6mi6/react-native-alphabetlistview/pulls/26,2016-12-06T02:06:47Z,2016-12-06T00:29:00Z,1
pull,4759,b'closed',8410,https://api.github.com/repos/facebook/react-native/pulls/8410,,2016-06-24T15:32:31Z,1
pull,4760,b'closed',141,https://api.github.com/repos/GLLU/mobile/pulls/141,,2017-03-21T11:05:29Z,14
pull,4775,b'closed',306,https://api.github.com/repos/ptomasroos/react-native-scrollable-tab-view/pulls/306,2016-06-11T18:10:49Z,2016-06-11T06:32:11Z,1
pull,4777,b'closed',4847,https://api.github.com/repos/facebook/react-native/pulls/4847,2015-12-17T17:14:41Z,2015-12-17T16:41:03Z,1
pull,4787,b'closed',11235,https://api.github.com/repos/facebook/react-native/pulls/11235,,2016-12-01T04:56:09Z,4
pull,4793,b'closed',4814,https://api.github.com/repos/facebook/react-native/pulls/4814,,2015-12-16T09:04:01Z,1
pull,4802,b'closed',3229,https://api.github.com/repos/facebook/react-native/pulls/3229,,2015-10-04T18:38:07Z,1782
pull,4803,b'closed',3229,https://api.github.com/repos/facebook/react-native/pulls/3229,,2015-10-04T18:38:07Z,1782
pull,4807,b'closed',2364,https://api.github.com/repos/facebook/react-native/pulls/2364,,2015-08-17T17:38:05Z,13
pull,4857,b'closed',5071,https://api.github.com/repos/facebook/react-native/pulls/5071,,2016-01-01T10:47:55Z,1
pull,4873,b'closed',4938,https://api.github.com/repos/facebook/react-native/pulls/4938,,2015-12-23T04:31:39Z,1
pull,4886,b'closed',5093,https://api.github.com/repos/facebook/react-native/pulls/5093,,2016-01-03T16:16:08Z,1
pull,4934,b'closed',4935,https://api.github.com/repos/facebook/react-native/pulls/4935,,2015-12-23T02:30:40Z,1
pull,4965,b'closed',4967,https://api.github.com/repos/facebook/react-native/pulls/4967,,2015-12-24T15:51:00Z,1
pull,5017,b'closed',5074,https://api.github.com/repos/facebook/react-native/pulls/5074,,2016-01-01T21:30:05Z,1
pull,5051,b'closed',5683,https://api.github.com/repos/facebook/react-native/pulls/5683,,2016-02-01T23:58:53Z,8
pull,5050,b'closed',5072,https://api.github.com/repos/facebook/react-native/pulls/5072,,2016-01-01T10:57:22Z,580
pull,5053,b'closed',5125,https://api.github.com/repos/facebook/react-native/pulls/5125,,2016-01-05T04:49:22Z,3
pull,5073,b'closed',5076,https://api.github.com/repos/facebook/react-native/pulls/5076,,2016-01-01T23:07:48Z,13
pull,5079,b'closed',4,https://api.github.com/repos/mafintosh/pump/pulls/4,,2016-02-18T22:39:48Z,1
pull,5079,b'closed',422,https://api.github.com/repos/parse-community/Parse-SDK-JS/pulls/422,,2017-04-05T10:47:55Z,1
pull,5085,b'closed',8410,https://api.github.com/repos/facebook/react-native/pulls/8410,,2016-06-24T15:32:31Z,1
pull,5158,b'closed',5074,https://api.github.com/repos/facebook/react-native/pulls/5074,,2016-01-01T21:30:05Z,1
pull,5169,b'closed',5171,https://api.github.com/repos/facebook/react-native/pulls/5171,2016-01-07T16:56:30Z,2016-01-07T03:45:11Z,1
pull,5169,b'closed',10086,https://api.github.com/repos/facebook/react-native/pulls/10086,,2016-09-24T13:41:26Z,1
pull,5195,b'closed',5236,https://api.github.com/repos/facebook/react-native/pulls/5236,,2016-01-10T19:16:06Z,1
pull,5200,b'closed',5729,https://api.github.com/repos/facebook/react-native/pulls/5729,,2016-02-03T12:46:15Z,1
pull,5219,b'closed',12807,https://api.github.com/repos/facebook/react-native/pulls/12807,,2017-03-08T21:31:44Z,2
pull,5224,b'closed',868,https://api.github.com/repos/DoSomethingArchive/LetsDoThis-iOS/pulls/868,2016-02-26T18:49:14Z,2016-02-26T18:41:00Z,3
pull,5230,b'closed',10327,https://api.github.com/repos/facebook/react-native/pulls/10327,,2016-10-10T16:59:30Z,2
pull,5246,b'closed',6278,https://api.github.com/repos/facebook/react/pulls/6278,,2016-03-16T22:11:40Z,1
pull,5255,b'closed',7405,https://api.github.com/repos/facebook/react-native/pulls/7405,,2016-05-05T11:15:30Z,1
pull,5255,b'closed',12650,https://api.github.com/repos/facebook/react-native/pulls/12650,,2017-03-02T05:30:14Z,2
pull,5252,b'closed',153,https://api.github.com/repos/futurice/pepperoni-app-kit/pulls/153,2016-11-23T10:50:00Z,2016-11-22T20:26:42Z,1
pull,5262,b'closed',6,https://api.github.com/repos/lenaten/react-native-relay/pulls/6,2016-01-23T17:16:53Z,2016-01-23T16:38:54Z,26632
pull,5267,b'closed',6482,https://api.github.com/repos/facebook/react-native/pulls/6482,,2016-03-16T11:37:26Z,1
pull,5271,b'closed',5737,https://api.github.com/repos/facebook/react-native/pulls/5737,,2016-02-03T16:45:06Z,1
pull,5270,b'closed',5534,https://api.github.com/repos/facebook/react-native/pulls/5534,,2016-01-25T14:46:13Z,2
pull,5273,b'closed',5286,https://api.github.com/repos/facebook/react-native/pulls/5286,,2016-01-13T16:41:46Z,5
pull,5308,b'closed',1357,https://api.github.com/repos/facebook/react-native/pulls/1357,,2015-05-20T21:16:55Z,5
pull,5311,b'closed',5856,https://api.github.com/repos/facebook/react-native/pulls/5856,,2016-02-10T15:57:45Z,1
pull,5316,b'closed',5422,https://api.github.com/repos/facebook/react-native/pulls/5422,,2016-01-20T02:05:30Z,17
pull,5322,b'closed',5346,https://api.github.com/repos/facebook/react-native/pulls/5346,,2016-01-15T17:18:03Z,9
pull,5337,b'closed',5376,https://api.github.com/repos/facebook/react-native/pulls/5376,,2016-01-18T09:47:43Z,1
pull,5339,b'closed',5446,https://api.github.com/repos/facebook/react-native/pulls/5446,,2016-01-21T01:06:08Z,2
pull,5347,b'closed',12275,https://api.github.com/repos/facebook/react-native/pulls/12275,,2017-02-08T03:16:02Z,3
pull,5347,b'closed',12276,https://api.github.com/repos/facebook/react-native/pulls/12276,,2017-02-08T03:28:42Z,3
pull,5361,b'closed',800,https://api.github.com/repos/DoSomethingArchive/LetsDoThis-iOS/pulls/800,2016-02-02T18:23:33Z,2016-02-02T18:17:08Z,1
pull,5405,b'closed',5517,https://api.github.com/repos/facebook/react-native/pulls/5517,,2016-01-24T19:23:17Z,1
pull,5404,b'closed',7416,https://api.github.com/repos/facebook/react-native/pulls/7416,,2016-05-05T23:09:16Z,3
pull,5408,b'closed',7197,https://api.github.com/repos/facebook/react-native/pulls/7197,,2016-04-24T14:28:05Z,3
pull,5418,b'closed',5419,https://api.github.com/repos/facebook/react-native/pulls/5419,,2016-01-20T00:10:12Z,4
pull,5418,b'closed',5494,https://api.github.com/repos/facebook/react-native/pulls/5494,,2016-01-22T23:18:26Z,2
pull,5432,b'closed',8896,https://api.github.com/repos/facebook/react-native/pulls/8896,,2016-07-19T12:14:32Z,1
pull,5440,b'closed',5445,https://api.github.com/repos/facebook/react-native/pulls/5445,,2016-01-20T23:39:37Z,2
pull,5450,b'closed',5943,https://api.github.com/repos/facebook/react-native/pulls/5943,,2016-02-15T23:51:31Z,1
pull,5450,b'closed',6208,https://api.github.com/repos/facebook/react-native/pulls/6208,,2016-02-29T10:31:55Z,5
pull,5447,b'closed',5527,https://api.github.com/repos/facebook/react-native/pulls/5527,,2016-01-25T04:49:17Z,5
pull,5467,b'closed',97,https://api.github.com/repos/facebook/fbjs/pulls/97,,2016-01-05T04:35:28Z,2
pull,5470,b'closed',13571,https://api.github.com/repos/facebook/react-native/pulls/13571,,2017-04-19T01:04:27Z,1
pull,5524,b'closed',164,https://api.github.com/repos/microsoft/react-native-code-push/pulls/164,,2016-01-26T21:23:29Z,1
pull,5524,b'closed',5889,https://api.github.com/repos/facebook/react-native/pulls/5889,,2016-02-12T11:50:36Z,1
pull,5523,b'closed',5518,https://api.github.com/repos/facebook/react-native/pulls/5518,,2016-01-24T20:59:56Z,2
pull,5546,b'closed',8950,https://api.github.com/repos/facebook/react-native/pulls/8950,,2016-07-21T18:43:35Z,1
pull,5546,b'closed',12820,https://api.github.com/repos/facebook/react-native/pulls/12820,,2017-03-09T04:19:47Z,1
pull,5557,b'closed',5542,https://api.github.com/repos/facebook/react-native/pulls/5542,,2016-01-26T02:30:34Z,1
pull,5555,b'closed',4,https://api.github.com/repos/mafintosh/pump/pulls/4,,2016-02-18T22:39:48Z,1
pull,5595,b'closed',5678,https://api.github.com/repos/facebook/react-native/pulls/5678,,2016-02-01T20:48:36Z,4
pull,5600,b'closed',5647,https://api.github.com/repos/facebook/react-native/pulls/5647,,2016-01-31T12:49:43Z,1
pull,5599,b'closed',6443,https://api.github.com/repos/facebook/react-native/pulls/6443,,2016-03-14T03:31:15Z,1
pull,5604,b'closed',5637,https://api.github.com/repos/facebook/react-native/pulls/5637,,2016-01-30T18:31:49Z,1
pull,5612,b'closed',7984,https://api.github.com/repos/facebook/react-native/pulls/7984,,2016-06-07T18:07:13Z,1
pull,5612,b'closed',7985,https://api.github.com/repos/facebook/react-native/pulls/7985,,2016-06-07T18:10:38Z,1
pull,5639,b'closed',5713,https://api.github.com/repos/facebook/react-native/pulls/5713,,2016-02-02T21:25:57Z,2
pull,5649,b'closed',138,https://api.github.com/repos/react-native-video/react-native-video/pulls/138,2016-02-02T23:48:51Z,2016-02-02T16:30:53Z,2
pull,5649,b'closed',12,https://api.github.com/repos/chymtt/ReactNativeCalendarAndroid/pulls/12,2016-08-02T07:48:00Z,2016-07-26T09:28:42Z,2
pull,5649,b'closed',1,https://api.github.com/repos/orhan/react-native-android-blurryoverlay/pulls/1,2016-09-05T15:44:13Z,2016-09-05T14:39:43Z,1
pull,5655,b'closed',5717,https://api.github.com/repos/facebook/react-native/pulls/5717,,2016-02-03T00:14:38Z,1
pull,5658,b'closed',194,https://api.github.com/repos/aksonov/react-native-router-flux/pulls/194,2016-02-10T16:10:13Z,2016-02-10T16:09:33Z,1
pull,5668,b'closed',11184,https://api.github.com/repos/facebook/react-native/pulls/11184,,2016-11-29T08:07:39Z,1
pull,5667,b'closed',69,https://api.github.com/repos/matthew-andrews/isomorphic-fetch/pulls/69,,2016-01-26T01:35:56Z,2
pull,5682,b'closed',5704,https://api.github.com/repos/facebook/react-native/pulls/5704,,2016-02-02T17:14:29Z,1
pull,5686,b'closed',6553,https://api.github.com/repos/facebook/react-native/pulls/6553,,2016-03-20T22:03:59Z,1
pull,5706,b'closed',5708,https://api.github.com/repos/facebook/react-native/pulls/5708,,2016-02-02T18:41:52Z,1
pull,5710,b'closed',6540,https://api.github.com/repos/facebook/react-native/pulls/6540,,2016-03-20T03:32:27Z,2
pull,5716,b'closed',5745,https://api.github.com/repos/facebook/react-native/pulls/5745,,2016-02-04T05:10:35Z,2
pull,5725,b'closed',5736,https://api.github.com/repos/facebook/react-native/pulls/5736,,2016-02-03T16:45:01Z,2
pull,5727,b'closed',5735,https://api.github.com/repos/facebook/react-native/pulls/5735,,2016-02-03T16:26:57Z,1
pull,5726,b'closed',5842,https://api.github.com/repos/facebook/react-native/pulls/5842,,2016-02-09T15:44:15Z,1
pull,5748,b'closed',5763,https://api.github.com/repos/facebook/react-native/pulls/5763,,2016-02-04T20:09:59Z,1
pull,5769,b'closed',5780,https://api.github.com/repos/facebook/react-native/pulls/5780,,2016-02-05T20:45:54Z,1
pull,5774,b'closed',5777,https://api.github.com/repos/facebook/react-native/pulls/5777,,2016-02-05T16:36:21Z,1
pull,5781,b'closed',5783,https://api.github.com/repos/facebook/react-native/pulls/5783,,2016-02-05T22:13:26Z,1
pull,5786,b'closed',7543,https://api.github.com/repos/facebook/react-native/pulls/7543,,2016-05-12T22:59:36Z,1
pull,5810,b'closed',6223,https://api.github.com/repos/facebook/react-native/pulls/6223,,2016-03-01T08:38:57Z,1
pull,5821,b'closed',5822,https://api.github.com/repos/facebook/react-native/pulls/5822,,2016-02-08T19:30:42Z,1
pull,5820,b'closed',6119,https://api.github.com/repos/facebook/react-native/pulls/6119,,2016-02-24T07:13:47Z,2
pull,5831,b'closed',5832,https://api.github.com/repos/facebook/react-native/pulls/5832,,2016-02-09T05:52:07Z,1
pull,5839,b'closed',6434,https://api.github.com/repos/facebook/react-native/pulls/6434,,2016-03-12T20:41:04Z,2
pull,5850,b'closed',376,https://api.github.com/repos/microsoft/vscode-react-native/pulls/376,2017-01-09T21:30:43Z,2017-01-03T05:01:54Z,1
pull,5846,b'closed',13,https://api.github.com/repos/kyo504/react-native-player/pulls/13,2016-12-29T05:54:58Z,2016-12-29T05:54:48Z,2
pull,5869,b'closed',5885,https://api.github.com/repos/facebook/react-native/pulls/5885,,2016-02-12T01:32:30Z,1
pull,5869,b'closed',5894,https://api.github.com/repos/facebook/react-native/pulls/5894,,2016-02-12T17:25:32Z,1
pull,5883,b'closed',5895,https://api.github.com/repos/facebook/react-native/pulls/5895,,2016-02-12T17:49:26Z,1
pull,5901,b'closed',5902,https://api.github.com/repos/facebook/react-native/pulls/5902,,2016-02-12T22:15:44Z,2
pull,5909,b'closed',5948,https://api.github.com/repos/facebook/react-native/pulls/5948,,2016-02-16T03:36:04Z,3
pull,5917,b'closed',4,https://api.github.com/repos/mafintosh/pump/pulls/4,,2016-02-18T22:39:48Z,1
pull,5917,b'closed',145,https://api.github.com/repos/ptmt/react-native-macos/pulls/145,2017-02-11T05:59:39Z,2017-02-11T02:42:57Z,1
pull,5925,b'closed',7101,https://api.github.com/repos/facebook/react-native/pulls/7101,,2016-04-20T21:22:01Z,1
pull,5918,b'closed',5945,https://api.github.com/repos/facebook/react-native/pulls/5945,,2016-02-16T00:23:00Z,1
pull,5932,b'closed',8909,https://api.github.com/repos/facebook/react-native/pulls/8909,,2016-07-19T23:38:24Z,1
pull,5934,b'closed',6367,https://api.github.com/repos/facebook/react-native/pulls/6367,,2016-03-08T22:26:36Z,1
pull,5940,b'closed',52,https://api.github.com/repos/alinz/react-native-webview-bridge/pulls/52,2016-02-17T15:12:33Z,2016-02-16T09:39:15Z,2
pull,5958,b'closed',6013,https://api.github.com/repos/facebook/react-native/pulls/6013,,2016-02-18T20:36:00Z,3
pull,5964,b'closed',5975,https://api.github.com/repos/facebook/react-native/pulls/5975,,2016-02-17T12:04:07Z,2
pull,5991,b'closed',6051,https://api.github.com/repos/facebook/react-native/pulls/6051,,2016-02-20T20:09:24Z,1
pull,6017,b'closed',3709,https://api.github.com/repos/facebook/react-native/pulls/3709,,2015-10-27T09:31:14Z,4
pull,6017,b'closed',6156,https://api.github.com/repos/facebook/react-native/pulls/6156,,2016-02-26T00:43:51Z,1
pull,6019,b'closed',724,https://api.github.com/repos/facebook/jest/pulls/724,,2016-02-19T07:11:10Z,2
pull,6022,b'closed',6100,https://api.github.com/repos/facebook/react-native/pulls/6100,,2016-02-23T07:00:26Z,4
pull,6025,b'closed',787,https://api.github.com/repos/kolide/fleet/pulls/787,2017-01-07T05:09:32Z,2017-01-06T22:02:00Z,0
pull,6036,b'closed',6040,https://api.github.com/repos/facebook/react-native/pulls/6040,,2016-02-19T21:14:18Z,3
pull,6075,b'closed',6090,https://api.github.com/repos/facebook/react-native/pulls/6090,,2016-02-22T18:34:00Z,1
pull,6098,b'closed',6215,https://api.github.com/repos/facebook/react-native/pulls/6215,,2016-02-29T17:05:12Z,4
pull,6131,b'closed',6342,https://api.github.com/repos/facebook/react-native/pulls/6342,,2016-03-07T17:01:55Z,8
pull,6139,b'closed',311,https://api.github.com/repos/ptomasroos/react-native-scrollable-tab-view/pulls/311,2016-06-16T18:28:28Z,2016-06-14T17:51:33Z,1
pull,6137,b'closed',6223,https://api.github.com/repos/facebook/react-native/pulls/6223,,2016-03-01T08:38:57Z,1
pull,6149,b'closed',6540,https://api.github.com/repos/facebook/react-native/pulls/6540,,2016-03-20T03:32:27Z,2
pull,6171,b'closed',6201,https://api.github.com/repos/facebook/react-native/pulls/6201,,2016-02-28T16:25:52Z,1
pull,6203,b'closed',6329,https://api.github.com/repos/facebook/react-native/pulls/6329,,2016-03-07T01:44:10Z,1
pull,6207,b'closed',6340,https://api.github.com/repos/facebook/react-native/pulls/6340,,2016-03-07T15:29:20Z,2
pull,6207,b'closed',6433,https://api.github.com/repos/facebook/react-native/pulls/6433,,2016-03-12T19:36:10Z,3
pull,6227,b'closed',6416,https://api.github.com/repos/facebook/react-native/pulls/6416,,2016-03-11T08:17:30Z,1
pull,6228,b'closed',17392,https://api.github.com/repos/facebook/react-native/pulls/17392,,2017-12-29T22:28:56Z,1
pull,6256,b'closed',6344,https://api.github.com/repos/facebook/react-native/pulls/6344,,2016-03-07T18:04:28Z,1
pull,6253,b'closed',46,https://api.github.com/repos/facebookarchive/node-haste/pulls/46,,2016-02-29T23:35:39Z,2
pull,6253,b'closed',9899,https://api.github.com/repos/facebook/react-native/pulls/9899,,2016-09-14T14:04:15Z,2
pull,6253,b'closed',16739,https://api.github.com/repos/facebook/react-native/pulls/16739,,2017-11-07T20:33:08Z,2
pull,6264,b'closed',6406,https://api.github.com/repos/facebook/react-native/pulls/6406,,2016-03-10T16:05:00Z,1
pull,6278,b'closed',99,https://api.github.com/repos/callstack/react-native-paper/pulls/99,,2017-01-28T22:18:50Z,13
pull,6286,b'closed',6436,https://api.github.com/repos/facebook/react-native/pulls/6436,,2016-03-13T06:05:09Z,1
pull,6292,b'closed',6610,https://api.github.com/repos/facebook/react-native/pulls/6610,,2016-03-23T18:02:48Z,3
pull,6300,b'closed',6436,https://api.github.com/repos/facebook/react-native/pulls/6436,,2016-03-13T06:05:09Z,1
pull,6315,b'closed',86,https://api.github.com/repos/bartonhammond/snowflake/pulls/86,2016-04-06T22:40:12Z,2016-04-06T22:31:51Z,3
pull,6314,b'closed',6328,https://api.github.com/repos/facebook/react-native/pulls/6328,,2016-03-07T01:33:53Z,1
pull,6311,b'closed',6359,https://api.github.com/repos/facebook/react-native/pulls/6359,,2016-03-08T06:30:34Z,2
pull,6318,b'closed',6144,https://api.github.com/repos/facebook/react-native/pulls/6144,,2016-02-25T06:12:53Z,1
pull,6323,b'closed',108,https://api.github.com/repos/wix/react-templates/pulls/108,,2016-03-06T17:06:30Z,1
pull,6332,b'closed',12493,https://api.github.com/repos/facebook/react-native/pulls/12493,,2017-02-21T09:49:27Z,1
pull,6326,b'closed',6347,https://api.github.com/repos/facebook/react-native/pulls/6347,,2016-03-07T19:03:17Z,1
pull,6338,b'closed',6339,https://api.github.com/repos/facebook/react-native/pulls/6339,,2016-03-07T14:06:53Z,6
pull,6374,b'closed',6392,https://api.github.com/repos/facebook/react-native/pulls/6392,,2016-03-09T23:30:11Z,1
pull,6405,b'closed',6603,https://api.github.com/repos/facebook/react-native/pulls/6603,,2016-03-23T10:21:36Z,207
pull,6422,b'closed',6596,https://api.github.com/repos/facebook/react-native/pulls/6596,,2016-03-23T00:22:05Z,1
pull,6428,b'closed',6430,https://api.github.com/repos/facebook/react-native/pulls/6430,,2016-03-12T13:50:51Z,3
pull,6455,b'closed',6481,https://api.github.com/repos/facebook/react-native/pulls/6481,,2016-03-16T07:21:37Z,1
pull,6459,b'closed',23,https://api.github.com/repos/JoaoCnh/react-native-android-voice/pulls/23,2017-03-08T09:26:43Z,2017-01-11T00:57:01Z,2
pull,6493,b'closed',6884,https://api.github.com/repos/facebook/react-native/pulls/6884,,2016-04-08T17:47:10Z,1
pull,6552,b'closed',8457,https://api.github.com/repos/facebook/react-native/pulls/8457,,2016-06-27T23:22:23Z,12
pull,6559,b'closed',6686,https://api.github.com/repos/facebook/react-native/pulls/6686,,2016-03-27T22:41:31Z,2
pull,6560,b'closed',6561,https://api.github.com/repos/facebook/react-native/pulls/6561,,2016-03-21T13:48:28Z,3
pull,6573,b'closed',20068,https://api.github.com/repos/facebook/react-native/pulls/20068,,2018-07-06T08:53:15Z,2
pull,6597,b'closed',985,https://api.github.com/repos/DoSomethingArchive/LetsDoThis-iOS/pulls/985,2016-04-07T15:03:16Z,2016-04-07T15:02:29Z,1
pull,6600,b'closed',6778,https://api.github.com/repos/facebook/react-native/pulls/6778,,2016-04-02T19:03:09Z,2
pull,6617,b'closed',20068,https://api.github.com/repos/facebook/react-native/pulls/20068,,2018-07-06T08:53:15Z,2
pull,6612,b'closed',6667,https://api.github.com/repos/facebook/react-native/pulls/6667,,2016-03-26T11:17:15Z,1
pull,6622,b'closed',6926,https://api.github.com/repos/facebook/react-native/pulls/6926,,2016-04-11T21:09:05Z,1
pull,6624,b'closed',6626,https://api.github.com/repos/facebook/react-native/pulls/6626,,2016-03-24T14:18:16Z,1
pull,6638,b'closed',407,https://api.github.com/repos/aksonov/react-native-router-flux/pulls/407,,2016-03-26T20:29:47Z,1
pull,6638,b'closed',6748,https://api.github.com/repos/facebook/react-native/pulls/6748,,2016-03-31T14:38:46Z,2
pull,6638,b'closed',6822,https://api.github.com/repos/facebook/react-native/pulls/6822,,2016-04-05T17:03:57Z,3
pull,6647,b'closed',6652,https://api.github.com/repos/facebook/react-native/pulls/6652,,2016-03-25T10:37:57Z,1
pull,7340,b'closed',11376,https://api.github.com/repos/facebook/react-native/pulls/11376,,2016-12-08T19:55:22Z,1
pull,7340,b'closed',11350,https://api.github.com/repos/facebook/react-native/pulls/11350,,2016-12-07T16:21:11Z,1
pull,7788,b'closed',1,https://api.github.com/repos/scazzy/react-native-webview-autoheight/pulls/1,2017-03-15T14:21:05Z,2017-03-01T09:17:15Z,1
pull,8316,b'closed',8321,https://api.github.com/repos/facebook/react-native/pulls/8321,,2016-06-22T17:21:34Z,7
pull,8794,b'closed',9374,https://api.github.com/repos/facebook/react-native/pulls/9374,,2016-08-12T09:59:48Z,1
pull,10009,b'closed',10221,https://api.github.com/repos/facebook/react-native/pulls/10221,,2016-10-03T10:49:14Z,6
pull,10009,b'closed',10351,https://api.github.com/repos/facebook/react-native/pulls/10351,,2016-10-12T12:32:56Z,1
pull,10055,b'closed',10105,https://api.github.com/repos/facebook/react-native/pulls/10105,,2016-09-26T07:18:52Z,1
pull,10055,b'closed',10654,https://api.github.com/repos/facebook/react-native/pulls/10654,,2016-10-31T13:33:52Z,7
pull,10055,b'closed',10772,https://api.github.com/repos/facebook/react-native/pulls/10772,,2016-11-06T19:30:27Z,8
pull,10345,b'closed',10813,https://api.github.com/repos/facebook/react-native/pulls/10813,,2016-11-08T13:11:12Z,1
pull,10437,b'closed',10538,https://api.github.com/repos/facebook/react-native/pulls/10538,,2016-10-25T09:54:06Z,2
pull,10437,b'closed',10856,https://api.github.com/repos/facebook/react-native/pulls/10856,,2016-11-10T12:19:51Z,2
pull,10517,b'closed',10528,https://api.github.com/repos/facebook/react-native/pulls/10528,,2016-10-24T23:34:43Z,1
pull,10517,b'closed',10531,https://api.github.com/repos/facebook/react-native/pulls/10531,,2016-10-25T02:05:28Z,1
pull,10517,b'closed',10696,https://api.github.com/repos/facebook/react-native/pulls/10696,,2016-11-02T10:57:02Z,1
pull,10587,b'closed',1671,https://api.github.com/repos/jitsi/jitsi-meet/pulls/1671,,2017-06-14T18:51:41Z,2
pull,10603,b'closed',294,https://api.github.com/repos/StoDevX/AAO-React-Native/pulls/294,2016-11-04T19:32:32Z,2016-11-02T19:13:11Z,14
pull,10607,b'closed',13843,https://api.github.com/repos/facebook/react-native/pulls/13843,,2017-05-08T13:36:54Z,1
pull,10718,b'closed',11355,https://api.github.com/repos/facebook/react-native/pulls/11355,,2016-12-07T19:53:13Z,0
pull,10718,b'closed',11356,https://api.github.com/repos/facebook/react-native/pulls/11356,,2016-12-07T19:56:15Z,4
pull,10738,b'closed',10774,https://api.github.com/repos/facebook/react-native/pulls/10774,,2016-11-07T00:27:14Z,2
pull,10738,b'closed',10919,https://api.github.com/repos/facebook/react-native/pulls/10919,,2016-11-14T03:39:13Z,2
pull,10747,b'closed',14259,https://api.github.com/repos/facebook/react-native/pulls/14259,,2017-05-30T18:59:39Z,1
pull,10747,b'closed',15033,https://api.github.com/repos/facebook/react-native/pulls/15033,,2017-07-16T09:28:44Z,1
pull,10755,b'closed',13994,https://api.github.com/repos/facebook/react-native/pulls/13994,,2017-05-16T08:19:43Z,1
pull,11209,b'closed',13876,https://api.github.com/repos/facebook/react-native/pulls/13876,,2017-05-09T21:12:58Z,1
pull,11230,b'closed',12807,https://api.github.com/repos/facebook/react-native/pulls/12807,,2017-03-08T21:31:44Z,2
pull,11371,b'closed',12339,https://api.github.com/repos/facebook/react-native/pulls/12339,,2017-02-11T03:36:48Z,0
pull,11402,b'closed',12087,https://api.github.com/repos/facebook/react-native/pulls/12087,,2017-01-27T04:57:26Z,1
pull,11402,b'closed',12201,https://api.github.com/repos/facebook/react-native/pulls/12201,,2017-02-03T23:18:09Z,2
pull,11414,b'closed',11494,https://api.github.com/repos/facebook/react-native/pulls/11494,,2016-12-15T18:54:01Z,1
pull,11462,b'closed',11473,https://api.github.com/repos/facebook/react-native/pulls/11473,,2016-12-15T02:43:25Z,1
pull,11462,b'closed',11530,https://api.github.com/repos/facebook/react-native/pulls/11530,,2016-12-18T20:38:30Z,1
pull,11502,b'closed',11597,https://api.github.com/repos/facebook/react-native/pulls/11597,2017-02-09T20:57:44Z,2016-12-22T12:16:39Z,1
pull,11481,b'closed',28,https://api.github.com/repos/PaulBGD/react-native-image-slider/pulls/28,,2017-01-18T07:12:52Z,1
pull,11506,b'closed',11426,https://api.github.com/repos/facebook/react-native/pulls/11426,,2016-12-12T15:33:14Z,1
pull,11537,b'closed',2182,https://api.github.com/repos/facebook/jest/pulls/2182,2016-11-29T12:04:29Z,2016-11-29T11:19:56Z,8
pull,11533,b'closed',13669,https://api.github.com/repos/facebook/react-native/pulls/13669,,2017-04-26T06:31:33Z,1
pull,11543,b'closed',12211,https://api.github.com/repos/facebook/react-native/pulls/12211,,2017-02-04T15:52:41Z,1
pull,11587,b'closed',11723,https://api.github.com/repos/facebook/react-native/pulls/11723,,2017-01-04T18:16:26Z,1
pull,11587,b'closed',13306,https://api.github.com/repos/facebook/react-native/pulls/13306,,2017-04-05T01:39:53Z,1
pull,11601,b'closed',170,https://api.github.com/repos/futurice/pepperoni-app-kit/pulls/170,2017-02-02T12:19:30Z,2017-01-18T02:04:55Z,15
pull,11659,b'closed',163,https://api.github.com/repos/satya164/react-native-tab-view/pulls/163,,2017-03-09T08:56:18Z,1
pull,11736,b'closed',11817,https://api.github.com/repos/facebook/react-native/pulls/11817,,2017-01-10T21:53:29Z,2
pull,11736,b'closed',11854,https://api.github.com/repos/facebook/react-native/pulls/11854,,2017-01-12T00:19:52Z,3
pull,11736,b'closed',12198,https://api.github.com/repos/facebook/react-native/pulls/12198,,2017-02-03T20:04:31Z,2
pull,11828,b'closed',11770,https://api.github.com/repos/facebook/react-native/pulls/11770,,2017-01-08T09:17:53Z,1
pull,11828,b'closed',11962,https://api.github.com/repos/facebook/react-native/pulls/11962,,2017-01-18T10:04:07Z,1
pull,11828,b'closed',18830,https://api.github.com/repos/facebook/react-native/pulls/18830,,2018-04-12T17:59:15Z,2
pull,11872,b'closed',11928,https://api.github.com/repos/facebook/react-native/pulls/11928,,2017-01-16T12:24:39Z,1
pull,11968,b'closed',15182,https://api.github.com/repos/facebook/react-native/pulls/15182,,2017-07-25T01:03:58Z,2
pull,11969,b'closed',12500,https://api.github.com/repos/facebook/react-native/pulls/12500,,2017-02-21T15:55:39Z,1
pull,13608,b'closed',13610,https://api.github.com/repos/facebook/react-native/pulls/13610,,2017-04-21T13:09:12Z,2
pull,13622,b'closed',13868,https://api.github.com/repos/facebook/react-native/pulls/13868,,2017-05-09T14:56:11Z,1
pull,13730,b'closed',14030,https://api.github.com/repos/facebook/react-native/pulls/14030,,2017-05-18T03:40:48Z,11
pull,13782,b'closed',19027,https://api.github.com/repos/facebook/react-native/pulls/19027,,2018-04-25T19:42:12Z,3
pull,13786,b'closed',14042,https://api.github.com/repos/facebook/react-native/pulls/14042,,2017-05-18T12:07:58Z,1
pull,13806,b'closed',13807,https://api.github.com/repos/facebook/react-native/pulls/13807,,2017-05-05T20:08:23Z,1
pull,6663,b'closed',6942,https://api.github.com/repos/facebook/react-native/pulls/6942,,2016-04-12T15:39:33Z,2
pull,6677,b'closed',8,https://api.github.com/repos/maxs15/react-native-spinkit/pulls/8,2016-04-04T13:44:15Z,2016-03-30T21:59:42Z,1
pull,6676,b'closed',10150,https://api.github.com/repos/facebook/react-native/pulls/10150,,2016-09-28T16:27:20Z,1
pull,6679,b'closed',6870,https://api.github.com/repos/facebook/react-native/pulls/6870,,2016-04-07T22:56:08Z,3
pull,6702,b'closed',6965,https://api.github.com/repos/facebook/react-native/pulls/6965,,2016-04-14T02:34:01Z,1
pull,6716,b'closed',6717,https://api.github.com/repos/facebook/react-native/pulls/6717,,2016-03-30T04:13:44Z,3
pull,6721,b'closed',6789,https://api.github.com/repos/facebook/react-native/pulls/6789,,2016-04-03T21:33:06Z,2
pull,6735,b'closed',7044,https://api.github.com/repos/facebook/react-native/pulls/7044,,2016-04-18T22:50:42Z,2
pull,6740,b'closed',6759,https://api.github.com/repos/facebook/react-native/pulls/6759,,2016-04-01T12:03:50Z,3
pull,6752,b'closed',10963,https://api.github.com/repos/facebook/react-native/pulls/10963,,2016-11-16T02:32:08Z,1
pull,6764,b'closed',12438,https://api.github.com/repos/facebook/react-native/pulls/12438,,2017-02-17T14:29:02Z,1
pull,6798,b'closed',6814,https://api.github.com/repos/facebook/react-native/pulls/6814,,2016-04-05T13:17:27Z,1
pull,6797,b'closed',7185,https://api.github.com/repos/facebook/react-native/pulls/7185,,2016-04-23T20:54:44Z,1
pull,6799,b'closed',279,https://api.github.com/repos/DoSomethingArchive/LetsDoThis-Android/pulls/279,,2016-05-05T18:33:33Z,1
pull,6805,b'closed',7011,https://api.github.com/repos/facebook/react-native/pulls/7011,,2016-04-16T03:00:19Z,1
pull,6812,b'closed',6970,https://api.github.com/repos/facebook/react-native/pulls/6970,,2016-04-14T08:14:54Z,4
pull,6810,b'closed',8526,https://api.github.com/repos/facebook/react-native/pulls/8526,,2016-07-01T14:54:20Z,1
pull,6862,b'closed',6865,https://api.github.com/repos/facebook/react-native/pulls/6865,,2016-04-07T15:33:21Z,1
pull,6876,b'closed',596,https://api.github.com/repos/aksonov/react-native-router-flux/pulls/596,2016-04-26T19:40:44Z,2016-04-26T18:19:19Z,1
pull,6887,b'closed',6904,https://api.github.com/repos/facebook/react-native/pulls/6904,,2016-04-10T19:16:38Z,4
pull,6895,b'closed',6928,https://api.github.com/repos/facebook/react-native/pulls/6928,,2016-04-12T02:55:07Z,1
pull,6895,b'closed',6948,https://api.github.com/repos/facebook/react-native/pulls/6948,,2016-04-13T01:10:22Z,1
pull,6902,b'closed',7026,https://api.github.com/repos/facebook/react-native/pulls/7026,,2016-04-17T19:46:04Z,1
pull,6919,b'closed',6957,https://api.github.com/repos/facebook/react-native/pulls/6957,,2016-04-13T12:46:35Z,1
pull,6913,b'closed',7244,https://api.github.com/repos/facebook/react-native/pulls/7244,,2016-04-26T20:50:48Z,5
pull,6929,b'closed',6931,https://api.github.com/repos/facebook/react-native/pulls/6931,,2016-04-12T07:08:15Z,1
pull,6929,b'closed',7445,https://api.github.com/repos/facebook/react-native/pulls/7445,,2016-05-08T07:05:03Z,1
pull,6936,b'closed',9553,https://api.github.com/repos/facebook/react-native/pulls/9553,,2016-08-23T23:03:41Z,1
pull,6936,b'closed',9790,https://api.github.com/repos/facebook/react-native/pulls/9790,,2016-09-07T11:26:47Z,1
pull,6952,b'closed',8141,https://api.github.com/repos/facebook/react-native/pulls/8141,,2016-06-16T03:34:27Z,1
pull,6963,b'closed',6982,https://api.github.com/repos/facebook/react-native/pulls/6982,,2016-04-14T17:35:58Z,2
pull,6967,b'closed',7798,https://api.github.com/repos/facebook/react-native/pulls/7798,,2016-05-27T09:56:16Z,1
pull,6973,b'closed',7549,https://api.github.com/repos/facebook/react-native/pulls/7549,,2016-05-13T07:37:37Z,13
pull,7001,b'closed',7002,https://api.github.com/repos/facebook/react-native/pulls/7002,,2016-04-15T15:58:48Z,1
pull,7040,b'closed',22,https://api.github.com/repos/jsdf/react-native-htmlview/pulls/22,2016-05-07T04:40:10Z,2016-05-01T20:09:16Z,4
pull,7034,b'closed',7073,https://api.github.com/repos/facebook/react-native/pulls/7073,,2016-04-19T20:26:38Z,2
pull,7047,b'closed',798,https://api.github.com/repos/status-im/status-mobile/pulls/798,2017-02-11T08:53:32Z,2017-02-09T03:39:44Z,4
pull,7047,b'closed',1147,https://api.github.com/repos/status-im/status-mobile/pulls/1147,2017-05-04T09:15:41Z,2017-05-03T11:28:12Z,1
pull,7050,b'closed',7205,https://api.github.com/repos/facebook/react-native/pulls/7205,,2016-04-25T10:52:26Z,4
pull,7062,b'closed',12180,https://api.github.com/repos/facebook/react-native/pulls/12180,,2017-02-03T03:45:56Z,3
pull,7079,b'closed',7118,https://api.github.com/repos/facebook/react-native/pulls/7118,,2016-04-21T17:14:56Z,5
pull,7081,b'closed',9530,https://api.github.com/repos/facebook/react-native/pulls/9530,,2016-08-22T19:36:29Z,1
pull,7080,b'closed',7105,https://api.github.com/repos/facebook/react-native/pulls/7105,,2016-04-21T04:39:56Z,2
pull,7106,b'closed',7108,https://api.github.com/repos/facebook/react-native/pulls/7108,,2016-04-21T06:39:26Z,2
pull,7115,b'closed',7125,https://api.github.com/repos/facebook/react-native/pulls/7125,,2016-04-21T23:33:21Z,2
pull,7115,b'closed',7126,https://api.github.com/repos/facebook/react-native/pulls/7126,,2016-04-21T23:46:57Z,56
pull,7115,b'closed',7127,https://api.github.com/repos/facebook/react-native/pulls/7127,,2016-04-21T23:58:28Z,2
pull,7131,b'closed',7139,https://api.github.com/repos/facebook/react-native/pulls/7139,,2016-04-22T06:37:58Z,1
pull,7130,b'closed',7179,https://api.github.com/repos/facebook/react-native/pulls/7179,,2016-04-23T14:49:16Z,1
pull,7135,b'closed',8843,https://api.github.com/repos/facebook/react-native/pulls/8843,,2016-07-17T00:27:23Z,1
pull,7134,b'closed',8639,https://api.github.com/repos/facebook/react-native/pulls/8639,,2016-07-07T18:28:04Z,1
pull,7202,b'closed',7250,https://api.github.com/repos/facebook/react-native/pulls/7250,,2016-04-27T04:53:24Z,2
pull,7204,b'closed',7214,https://api.github.com/repos/facebook/react-native/pulls/7214,,2016-04-25T15:13:25Z,1
pull,7204,b'closed',7235,https://api.github.com/repos/facebook/react-native/pulls/7235,,2016-04-26T13:10:09Z,1
pull,7204,b'closed',7236,https://api.github.com/repos/facebook/react-native/pulls/7236,,2016-04-26T14:39:24Z,1
pull,7210,b'closed',7211,https://api.github.com/repos/facebook/react-native/pulls/7211,,2016-04-25T14:53:49Z,1
pull,7207,b'closed',22,https://api.github.com/repos/jsdf/react-native-htmlview/pulls/22,2016-05-07T04:40:10Z,2016-05-01T20:09:16Z,4
pull,7237,b'closed',7344,https://api.github.com/repos/facebook/react-native/pulls/7344,,2016-05-03T08:13:01Z,1
pull,7274,b'closed',13064,https://api.github.com/repos/facebook/react-native/pulls/13064,,2017-03-21T23:04:16Z,68
pull,7271,b'closed',428,https://api.github.com/repos/react-navigation/react-navigation/pulls/428,,2017-02-21T21:08:56Z,81
pull,7306,b'closed',216,https://api.github.com/repos/MindscapeHQ/raygun4js/pulls/216,2017-04-27T03:41:50Z,2017-03-13T02:44:10Z,22
pull,7313,b'closed',7317,https://api.github.com/repos/facebook/react-native/pulls/7317,,2016-05-01T08:09:26Z,2
pull,7336,b'closed',6113,https://api.github.com/repos/facebook/react-native/pulls/6113,,2016-02-23T22:09:01Z,29
pull,7360,b'closed',6965,https://api.github.com/repos/facebook/react-native/pulls/6965,,2016-04-14T02:34:01Z,1
pull,7373,b'closed',13,https://api.github.com/repos/maxs15/react-native-spinkit/pulls/13,2016-05-17T13:57:34Z,2016-05-11T10:03:36Z,24
pull,7385,b'closed',7506,https://api.github.com/repos/facebook/react-native/pulls/7506,,2016-05-11T06:38:00Z,2
pull,7414,b'closed',7445,https://api.github.com/repos/facebook/react-native/pulls/7445,,2016-05-08T07:05:03Z,1
pull,7428,b'closed',7434,https://api.github.com/repos/facebook/react-native/pulls/7434,,2016-05-07T13:17:42Z,3
pull,7440,b'closed',9416,https://api.github.com/repos/facebook/react-native/pulls/9416,,2016-08-15T17:41:42Z,2
pull,7441,b'closed',7442,https://api.github.com/repos/facebook/react-native/pulls/7442,,2016-05-08T02:44:59Z,2
pull,7467,b'closed',7264,https://api.github.com/repos/facebook/react-native/pulls/7264,,2016-04-27T19:45:28Z,9
pull,7467,b'closed',7709,https://api.github.com/repos/facebook/react-native/pulls/7709,,2016-05-23T22:44:19Z,5
pull,7496,b'closed',7651,https://api.github.com/repos/facebook/react-native/pulls/7651,,2016-05-20T06:00:47Z,4
pull,7519,b'closed',7640,https://api.github.com/repos/facebook/react-native/pulls/7640,,2016-05-19T21:05:13Z,4
pull,7532,b'closed',329,https://api.github.com/repos/react-native-maps/react-native-maps/pulls/329,2016-06-29T04:46:00Z,2016-06-26T20:02:17Z,1
pull,7532,b'closed',11,https://api.github.com/repos/capitalone/react-native-pathjs-charts/pulls/11,2016-11-01T23:03:41Z,2016-11-01T21:52:49Z,3
pull,7538,b'closed',8410,https://api.github.com/repos/facebook/react-native/pulls/8410,,2016-06-24T15:32:31Z,1
pull,7564,b'closed',10876,https://api.github.com/repos/facebook/react-native/pulls/10876,,2016-11-11T10:29:25Z,1
pull,7564,b'closed',11342,https://api.github.com/repos/facebook/react-native/pulls/11342,,2016-12-07T13:36:02Z,1
pull,7564,b'closed',4,https://api.github.com/repos/expo/image-upload-example/pulls/4,,2017-03-27T08:29:33Z,1
pull,7572,b'closed',173,https://api.github.com/repos/ecohealthalliance/GoodQuestion/pulls/173,2016-09-12T12:45:26Z,2016-09-08T14:00:19Z,8
pull,7574,b'closed',7608,https://api.github.com/repos/facebook/react-native/pulls/7608,,2016-05-18T00:22:55Z,1
pull,7609,b'closed',8305,https://api.github.com/repos/facebook/react-native/pulls/8305,,2016-06-22T07:49:30Z,1
pull,7607,b'closed',45,https://api.github.com/repos/facebook/metro/pulls/45,,2017-08-23T15:13:55Z,2
pull,7615,b'closed',7655,https://api.github.com/repos/facebook/react-native/pulls/7655,,2016-05-20T15:25:40Z,1
pull,7632,b'closed',10572,https://api.github.com/repos/facebook/react-native/pulls/10572,,2016-10-27T00:20:17Z,1
pull,7643,b'closed',7644,https://api.github.com/repos/facebook/react-native/pulls/7644,,2016-05-19T23:40:35Z,1
pull,7642,b'closed',7641,https://api.github.com/repos/facebook/react-native/pulls/7641,,2016-05-19T22:25:57Z,1
pull,7646,b'closed',9313,https://api.github.com/repos/facebook/react-native/pulls/9313,,2016-08-09T11:54:25Z,3
pull,7646,b'closed',10110,https://api.github.com/repos/facebook/react-native/pulls/10110,,2016-09-26T09:50:58Z,3
pull,7652,b'closed',13064,https://api.github.com/repos/facebook/react-native/pulls/13064,,2017-03-21T23:04:16Z,68
pull,7670,b'closed',7671,https://api.github.com/repos/facebook/react-native/pulls/7671,,2016-05-21T15:50:32Z,1
pull,7700,b'closed',7971,https://api.github.com/repos/facebook/react-native/pulls/7971,,2016-06-07T08:46:24Z,1
pull,7697,b'closed',1027,https://api.github.com/repos/DoSomethingArchive/LetsDoThis-iOS/pulls/1027,2016-05-24T15:29:51Z,2016-05-23T21:52:51Z,15
pull,7707,b'closed',124,https://api.github.com/repos/artsy/emission/pulls/124,2016-05-26T21:26:10Z,2016-05-26T20:46:59Z,1390
pull,7720,b'closed',8085,https://api.github.com/repos/facebook/react-native/pulls/8085,,2016-06-13T06:13:37Z,1
pull,7719,b'closed',7,https://api.github.com/repos/halilb/react-native-photo-browser/pulls/7,2016-06-04T07:03:28Z,2016-06-03T20:30:31Z,1
pull,7719,b'closed',1,https://api.github.com/repos/joshdmiller/react-native-live-class-part-2/pulls/1,,2016-06-06T22:17:56Z,1
pull,7719,b'closed',1,https://api.github.com/repos/thebnich/react-browser/pulls/1,2016-06-08T20:23:11Z,2016-06-07T18:51:06Z,7
pull,7719,b'closed',1,https://api.github.com/repos/imaimiami/react-native-firebase-chat-demo/pulls/1,,2016-08-25T17:17:37Z,2
pull,7722,b'closed',8099,https://api.github.com/repos/facebook/react-native/pulls/8099,,2016-06-14T07:37:18Z,2
pull,7743,b'closed',7746,https://api.github.com/repos/facebook/react-native/pulls/7746,,2016-05-25T09:48:50Z,4
pull,7743,b'closed',8672,https://api.github.com/repos/facebook/react-native/pulls/8672,,2016-07-09T17:22:11Z,3
pull,7760,b'closed',7781,https://api.github.com/repos/facebook/react-native/pulls/7781,,2016-05-26T14:58:34Z,1
pull,7795,b'closed',9137,https://api.github.com/repos/facebook/react-native/pulls/9137,,2016-08-01T14:22:08Z,1
pull,7802,b'closed',987,https://api.github.com/repos/immutable-js/immutable-js/pulls/987,2016-12-14T17:52:36Z,2016-10-06T11:29:13Z,5
pull,7814,b'closed',216,https://api.github.com/repos/MindscapeHQ/raygun4js/pulls/216,2017-04-27T03:41:50Z,2017-03-13T02:44:10Z,22
pull,7821,b'closed',7822,https://api.github.com/repos/facebook/react-native/pulls/7822,,2016-05-29T02:29:21Z,4
pull,7851,b'closed',1,https://api.github.com/repos/tianjianchn/react-native/pulls/1,,2016-06-18T03:09:14Z,1
pull,7851,b'closed',8207,https://api.github.com/repos/facebook/react-native/pulls/8207,,2016-06-18T03:10:54Z,1
pull,7870,b'closed',10463,https://api.github.com/repos/facebook/react-native/pulls/10463,,2016-10-19T13:47:39Z,2
pull,7877,b'closed',17,https://api.github.com/repos/panza-org/panza/pulls/17,2016-06-21T17:18:50Z,2016-06-21T09:05:44Z,1
pull,7892,b'closed',34,https://api.github.com/repos/oblador/react-native-image-progress/pulls/34,,2017-05-06T22:09:49Z,32
pull,7890,b'closed',7909,https://api.github.com/repos/facebook/react-native/pulls/7909,,2016-06-03T09:49:01Z,1
pull,7911,b'closed',7118,https://api.github.com/repos/facebook/react-native/pulls/7118,,2016-04-21T17:14:56Z,5
pull,7911,b'closed',7929,https://api.github.com/repos/facebook/react-native/pulls/7929,,2016-06-05T04:34:25Z,1
pull,7919,b'closed',8058,https://api.github.com/repos/facebook/react-native/pulls/8058,,2016-06-10T20:14:20Z,2
pull,7943,b'closed',8672,https://api.github.com/repos/facebook/react-native/pulls/8672,,2016-07-09T17:22:11Z,3
pull,7965,b'closed',209,https://api.github.com/repos/facebook/react-native-website/pulls/209,2018-02-21T14:33:49Z,2018-02-20T19:58:17Z,1
pull,7990,b'closed',7991,https://api.github.com/repos/facebook/react-native/pulls/7991,,2016-06-07T21:10:54Z,1
pull,7987,b'closed',8130,https://api.github.com/repos/facebook/react-native/pulls/8130,,2016-06-15T14:44:35Z,1
pull,7987,b'closed',8134,https://api.github.com/repos/facebook/react-native/pulls/8134,,2016-06-15T19:39:47Z,4
pull,7987,b'closed',8451,https://api.github.com/repos/facebook/react-native/pulls/8451,,2016-06-27T06:34:09Z,1
pull,7994,b'closed',9400,https://api.github.com/repos/facebook/react-native/pulls/9400,,2016-08-14T19:29:59Z,6
pull,7996,b'closed',10081,https://api.github.com/repos/facebook/react-native/pulls/10081,,2016-09-24T07:14:50Z,2
pull,8003,b'closed',12088,https://api.github.com/repos/facebook/react-native/pulls/12088,,2017-01-27T05:34:27Z,8
pull,8009,b'closed',8422,https://api.github.com/repos/facebook/react-native/pulls/8422,,2016-06-24T18:54:17Z,1
pull,8014,b'closed',8029,https://api.github.com/repos/facebook/react-native/pulls/8029,,2016-06-09T17:17:42Z,2
pull,8027,b'closed',8672,https://api.github.com/repos/facebook/react-native/pulls/8672,,2016-07-09T17:22:11Z,3
pull,8084,b'closed',8085,https://api.github.com/repos/facebook/react-native/pulls/8085,,2016-06-13T06:13:37Z,1
pull,8116,b'closed',8470,https://api.github.com/repos/facebook/react-native/pulls/8470,,2016-06-28T12:39:49Z,1
pull,8116,b'closed',8471,https://api.github.com/repos/facebook/react-native/pulls/8471,,2016-06-28T12:50:12Z,1
pull,8114,b'closed',8398,https://api.github.com/repos/facebook/react-native/pulls/8398,,2016-06-24T07:10:39Z,3
pull,8154,b'closed',8196,https://api.github.com/repos/facebook/react-native/pulls/8196,,2016-06-17T17:37:59Z,9
pull,8157,b'closed',8251,https://api.github.com/repos/facebook/react-native/pulls/8251,,2016-06-20T18:32:49Z,1
pull,8156,b'closed',8256,https://api.github.com/repos/facebook/react-native/pulls/8256,,2016-06-20T20:23:37Z,9
pull,8156,b'closed',1,https://api.github.com/repos/ericnakagawa/react-native/pulls/1,2016-06-20T22:22:28Z,2016-06-20T22:22:18Z,9
pull,8160,b'closed',8299,https://api.github.com/repos/facebook/react-native/pulls/8299,,2016-06-22T06:29:39Z,4
pull,8166,b'closed',8329,https://api.github.com/repos/facebook/react-native/pulls/8329,,2016-06-22T20:25:55Z,14
pull,8175,b'closed',8422,https://api.github.com/repos/facebook/react-native/pulls/8422,,2016-06-24T18:54:17Z,1
pull,8184,b'closed',8198,https://api.github.com/repos/facebook/react-native/pulls/8198,,2016-06-17T19:24:04Z,1
pull,8184,b'closed',8370,https://api.github.com/repos/facebook/react-native/pulls/8370,,2016-06-23T17:14:53Z,1
pull,8186,b'closed',8352,https://api.github.com/repos/facebook/react-native/pulls/8352,,2016-06-23T12:46:03Z,4
pull,8193,b'closed',9600,https://api.github.com/repos/facebook/react-native/pulls/9600,,2016-08-26T07:55:36Z,1
pull,8202,b'closed',8791,https://api.github.com/repos/facebook/react-native/pulls/8791,,2016-07-14T21:05:54Z,1
pull,8197,b'closed',8614,https://api.github.com/repos/facebook/react-native/pulls/8614,,2016-07-06T19:10:25Z,1
pull,8203,b'closed',8318,https://api.github.com/repos/facebook/react-native/pulls/8318,,2016-06-22T16:47:42Z,1
pull,8203,b'closed',8334,https://api.github.com/repos/facebook/react-native/pulls/8334,,2016-06-22T23:33:01Z,1
pull,8203,b'closed',8341,https://api.github.com/repos/facebook/react-native/pulls/8341,,2016-06-23T02:30:18Z,1
pull,8203,b'closed',8361,https://api.github.com/repos/facebook/react-native/pulls/8361,,2016-06-23T15:29:44Z,1
pull,8203,b'closed',8372,https://api.github.com/repos/facebook/react-native/pulls/8372,,2016-06-23T18:28:17Z,1
pull,8203,b'closed',8375,https://api.github.com/repos/facebook/react-native/pulls/8375,,2016-06-23T19:21:56Z,1
pull,8203,b'closed',8389,https://api.github.com/repos/facebook/react-native/pulls/8389,,2016-06-23T23:21:20Z,1
pull,8203,b'closed',8396,https://api.github.com/repos/facebook/react-native/pulls/8396,,2016-06-24T06:09:46Z,2
pull,8203,b'closed',8413,https://api.github.com/repos/facebook/react-native/pulls/8413,,2016-06-24T16:44:31Z,1
pull,8203,b'closed',8392,https://api.github.com/repos/facebook/react-native/pulls/8392,,2016-06-24T02:31:09Z,1
pull,8215,b'closed',8223,https://api.github.com/repos/facebook/react-native/pulls/8223,,2016-06-19T07:03:08Z,7
pull,8215,b'closed',14,https://api.github.com/repos/zulip/zulip-mobile/pulls/14,2016-08-14T21:25:41Z,2016-08-09T23:48:55Z,4
pull,8215,b'closed',51,https://api.github.com/repos/oblador/react-native-animatable/pulls/51,2016-08-21T15:31:03Z,2016-08-17T07:36:37Z,1
pull,8215,b'closed',291,https://api.github.com/repos/oblador/react-native-vector-icons/pulls/291,2016-09-21T07:07:13Z,2016-09-09T13:37:34Z,1
pull,8215,b'closed',13,https://api.github.com/repos/capitalone/react-native-pathjs-charts/pulls/13,2016-11-03T21:58:01Z,2016-11-03T19:52:51Z,13
pull,8236,b'closed',414,https://api.github.com/repos/react-native-elements/react-native-elements/pulls/414,2017-06-11T05:47:37Z,2017-06-09T09:33:25Z,2
pull,8239,b'closed',8247,https://api.github.com/repos/facebook/react-native/pulls/8247,,2016-06-20T15:11:42Z,1
pull,8265,b'closed',8140,https://api.github.com/repos/facebook/react-native/pulls/8140,,2016-06-16T03:24:07Z,2
pull,8262,b'closed',8268,https://api.github.com/repos/facebook/react-native/pulls/8268,,2016-06-21T01:50:33Z,1
pull,8262,b'closed',8269,https://api.github.com/repos/facebook/react-native/pulls/8269,,2016-06-21T03:51:59Z,2
pull,8261,b'closed',8266,https://api.github.com/repos/facebook/react-native/pulls/8266,,2016-06-21T00:54:46Z,3
pull,8296,b'closed',32,https://api.github.com/repos/reflux/reflux-core/pulls/32,2016-12-05T19:59:33Z,2016-12-01T08:00:57Z,1
pull,8296,b'closed',1,https://api.github.com/repos/NickCis/polygonize/pulls/1,2017-08-14T16:30:39Z,2017-08-11T20:27:56Z,2
pull,8296,b'closed',905,https://api.github.com/repos/Turfjs/turf/pulls/905,,2017-08-15T22:59:55Z,2
pull,8309,b'closed',8345,https://api.github.com/repos/facebook/react-native/pulls/8345,,2016-06-23T08:55:54Z,1
pull,8308,b'closed',8867,https://api.github.com/repos/facebook/react-native/pulls/8867,,2016-07-18T16:34:22Z,1
pull,8308,b'closed',385,https://api.github.com/repos/microsoft/vscode-react-native/pulls/385,2017-01-23T20:57:52Z,2017-01-23T09:27:43Z,5
pull,8308,b'closed',12634,https://api.github.com/repos/facebook/react-native/pulls/12634,,2017-03-01T16:42:44Z,1
pull,8307,b'closed',1000,https://api.github.com/repos/react-native-elements/react-native-elements/pulls/1000,2018-04-01T10:32:33Z,2018-03-14T17:18:43Z,1
pull,8322,b'closed',8672,https://api.github.com/repos/facebook/react-native/pulls/8672,,2016-07-09T17:22:11Z,3
pull,8333,b'closed',23,https://api.github.com/repos/jmurzy/react-router-native/pulls/23,,2016-06-18T02:54:33Z,8
pull,8333,b'closed',8404,https://api.github.com/repos/facebook/react-native/pulls/8404,,2016-06-24T13:08:41Z,2
pull,8391,b'closed',65,https://api.github.com/repos/evollu/react-native-fcm/pulls/65,,2016-08-04T02:52:13Z,1
pull,8397,b'closed',8398,https://api.github.com/repos/facebook/react-native/pulls/8398,,2016-06-24T07:10:39Z,3
pull,8439,b'closed',8446,https://api.github.com/repos/facebook/react-native/pulls/8446,,2016-06-26T16:10:07Z,1
pull,8442,b'closed',9693,https://api.github.com/repos/facebook/react-native/pulls/9693,,2016-08-31T20:16:33Z,1
pull,8449,b'closed',31,https://api.github.com/repos/jsdf/react-native-htmlview/pulls/31,2016-08-03T16:15:57Z,2016-07-01T22:50:34Z,1
pull,8449,b'closed',10358,https://api.github.com/repos/facebook/react-native/pulls/10358,,2016-10-13T04:02:37Z,1
pull,8449,b'closed',10389,https://api.github.com/repos/facebook/react-native/pulls/10389,,2016-10-14T13:17:08Z,1
pull,8460,b'closed',8696,https://api.github.com/repos/facebook/react-native/pulls/8696,,2016-07-11T15:39:27Z,2
pull,8460,b'closed',12314,https://api.github.com/repos/facebook/react-native/pulls/12314,,2017-02-09T20:06:22Z,3
pull,8500,b'closed',9137,https://api.github.com/repos/facebook/react-native/pulls/9137,,2016-08-01T14:22:08Z,1
pull,8533,b'closed',14030,https://api.github.com/repos/facebook/react-native/pulls/14030,,2017-05-18T03:40:48Z,11
pull,8572,b'closed',5771,https://api.github.com/repos/facebook/react-native/pulls/5771,,2016-02-05T03:32:12Z,1
pull,8603,b'closed',8612,https://api.github.com/repos/facebook/react-native/pulls/8612,,2016-07-06T18:35:50Z,1
pull,8607,b'closed',196,https://api.github.com/repos/artsy/emission/pulls/196,2016-07-11T13:37:55Z,2016-07-06T16:21:35Z,7
pull,8611,b'closed',8698,https://api.github.com/repos/facebook/react-native/pulls/8698,,2016-07-11T18:11:09Z,2
pull,8610,b'closed',8614,https://api.github.com/repos/facebook/react-native/pulls/8614,,2016-07-06T19:10:25Z,1
pull,8651,b'closed',8660,https://api.github.com/repos/facebook/react-native/pulls/8660,,2016-07-08T18:02:51Z,1
pull,8661,b'closed',51,https://api.github.com/repos/davidohayon669/react-native-youtube/pulls/51,2016-09-28T09:02:47Z,2016-05-19T16:09:32Z,20
pull,8661,b'closed',9071,https://api.github.com/repos/facebook/react-native/pulls/9071,,2016-07-28T18:23:21Z,1
pull,8659,b'closed',8672,https://api.github.com/repos/facebook/react-native/pulls/8672,,2016-07-09T17:22:11Z,3
pull,8686,b'closed',269,https://api.github.com/repos/artsy/emission/pulls/269,2016-09-01T13:28:26Z,2016-09-01T13:28:23Z,4
pull,8701,b'closed',145,https://api.github.com/repos/wix/react-native-navigation/pulls/145,,2016-07-22T04:25:01Z,1
pull,8701,b'closed',9644,https://api.github.com/repos/facebook/react-native/pulls/9644,,2016-08-29T17:43:55Z,1
pull,8714,b'closed',18,https://api.github.com/repos/backbonelabs/backbone-mobile/pulls/18,,2016-07-25T06:28:35Z,5
pull,8784,b'closed',10690,https://api.github.com/repos/facebook/react-native/pulls/10690,,2016-11-02T03:32:43Z,1
pull,8808,b'closed',8826,https://api.github.com/repos/facebook/react-native/pulls/8826,,2016-07-16T04:48:28Z,1
pull,8821,b'closed',176,https://api.github.com/repos/backbonelabs/backbone-mobile/pulls/176,2016-12-10T22:39:09Z,2016-11-27T05:18:44Z,43
pull,8821,b'closed',437,https://api.github.com/repos/squatsandsciencelabs/OpenBarbellApp/pulls/437,2018-03-20T20:53:05Z,2018-03-19T23:20:43Z,1
pull,8822,b'closed',8829,https://api.github.com/repos/facebook/react-native/pulls/8829,,2016-07-16T11:00:39Z,1
pull,8874,b'closed',8875,https://api.github.com/repos/facebook/react-native/pulls/8875,,2016-07-18T22:39:57Z,1
pull,8880,b'closed',239,https://api.github.com/repos/evollu/react-native-fcm/pulls/239,2016-12-20T14:15:28Z,2016-12-19T12:25:13Z,1
pull,8890,b'closed',9771,https://api.github.com/repos/facebook/react-native/pulls/9771,,2016-09-06T15:05:33Z,1
pull,8899,b'closed',10154,https://api.github.com/repos/facebook/react-native/pulls/10154,,2016-09-28T20:54:46Z,1
pull,8899,b'closed',4631,https://api.github.com/repos/babel/babel/pulls/4631,2016-10-11T20:02:50Z,2016-10-01T14:03:12Z,1
pull,8914,b'closed',9313,https://api.github.com/repos/facebook/react-native/pulls/9313,,2016-08-09T11:54:25Z,3
pull,8914,b'closed',10110,https://api.github.com/repos/facebook/react-native/pulls/10110,,2016-09-26T09:50:58Z,3
pull,8920,b'closed',9397,https://api.github.com/repos/facebook/react-native/pulls/9397,,2016-08-14T12:04:16Z,1
pull,8943,b'closed',8948,https://api.github.com/repos/facebook/react-native/pulls/8948,,2016-07-21T16:59:50Z,1
pull,8954,b'closed',10062,https://api.github.com/repos/facebook/react-native/pulls/10062,,2016-09-23T14:32:46Z,2
pull,8968,b'closed',10837,https://api.github.com/repos/facebook/react-native/pulls/10837,,2016-11-09T19:18:03Z,1
pull,8968,b'closed',10951,https://api.github.com/repos/facebook/react-native/pulls/10951,,2016-11-15T15:21:46Z,1
pull,8968,b'closed',10954,https://api.github.com/repos/facebook/react-native/pulls/10954,,2016-11-15T19:02:08Z,3
pull,8973,b'closed',9790,https://api.github.com/repos/facebook/react-native/pulls/9790,,2016-09-07T11:26:47Z,1
pull,8975,b'closed',4268,https://api.github.com/repos/keybase/client/pulls/4268,,2016-09-13T20:38:19Z,5
pull,8981,b'closed',9872,https://api.github.com/repos/facebook/react-native/pulls/9872,,2016-09-13T02:02:41Z,1
pull,9014,b'closed',9015,https://api.github.com/repos/facebook/react-native/pulls/9015,,2016-07-26T01:05:58Z,1
pull,9014,b'closed',217,https://api.github.com/repos/facebook/yoga/pulls/217,,2016-08-23T12:14:37Z,3
pull,9014,b'closed',9544,https://api.github.com/repos/facebook/react-native/pulls/9544,,2016-08-23T14:14:59Z,5
pull,9024,b'closed',9616,https://api.github.com/repos/facebook/react-native/pulls/9616,,2016-08-27T17:16:45Z,1
pull,9043,b'closed',94,https://api.github.com/repos/planetfederal/spatialconnect-android-sdk/pulls/94,2016-08-12T20:01:25Z,2016-08-12T19:19:14Z,1
pull,9058,b'closed',9103,https://api.github.com/repos/facebook/react-native/pulls/9103,,2016-07-30T11:38:47Z,1
pull,9070,b'closed',13302,https://api.github.com/repos/facebook/react-native/pulls/13302,,2017-04-04T22:35:32Z,1
pull,9073,b'closed',9215,https://api.github.com/repos/facebook/react-native/pulls/9215,,2016-08-04T15:38:05Z,2
pull,9104,b'closed',9313,https://api.github.com/repos/facebook/react-native/pulls/9313,,2016-08-09T11:54:25Z,3
pull,9104,b'closed',10110,https://api.github.com/repos/facebook/react-native/pulls/10110,,2016-09-26T09:50:58Z,3
pull,9121,b'closed',9126,https://api.github.com/repos/facebook/react-native/pulls/9126,,2016-08-01T06:57:51Z,1
pull,9117,b'closed',10231,https://api.github.com/repos/facebook/react-native/pulls/10231,,2016-10-04T02:35:29Z,1
pull,9134,b'closed',9163,https://api.github.com/repos/facebook/react-native/pulls/9163,,2016-08-02T13:06:14Z,1
pull,9168,b'closed',552,https://api.github.com/repos/microsoft/react-native-windows/pulls/552,2016-08-05T14:22:50Z,2016-08-02T17:56:12Z,8
pull,9165,b'closed',33,https://api.github.com/repos/backbonelabs/backbone-mobile/pulls/33,2016-08-14T02:49:49Z,2016-08-13T18:24:55Z,5
pull,9192,b'closed',9205,https://api.github.com/repos/facebook/react-native/pulls/9205,,2016-08-04T08:40:17Z,22
pull,9216,b'closed',9243,https://api.github.com/repos/facebook/react-native/pulls/9243,,2016-08-05T18:22:53Z,1
pull,9236,b'closed',9529,https://api.github.com/repos/facebook/react-native/pulls/9529,,2016-08-22T19:36:22Z,3
pull,9265,b'closed',9295,https://api.github.com/repos/facebook/react-native/pulls/9295,,2016-08-08T15:34:17Z,1
pull,9294,b'closed',9528,https://api.github.com/repos/facebook/react-native/pulls/9528,,2016-08-22T19:15:24Z,2
pull,9301,b'closed',9302,https://api.github.com/repos/facebook/react-native/pulls/9302,,2016-08-09T00:15:57Z,1
pull,9310,b'closed',51,https://api.github.com/repos/davidohayon669/react-native-youtube/pulls/51,2016-09-28T09:02:47Z,2016-05-19T16:09:32Z,20
pull,9310,b'closed',10351,https://api.github.com/repos/facebook/react-native/pulls/10351,,2016-10-12T12:32:56Z,1
pull,9312,b'closed',9525,https://api.github.com/repos/facebook/react-native/pulls/9525,,2016-08-22T17:37:19Z,3
pull,9373,b'closed',9374,https://api.github.com/repos/facebook/react-native/pulls/9374,,2016-08-12T09:59:48Z,1
pull,9433,b'closed',9257,https://api.github.com/repos/facebook/react-native/pulls/9257,,2016-08-06T07:48:34Z,2
pull,9465,b'closed',9487,https://api.github.com/repos/facebook/react-native/pulls/9487,,2016-08-19T14:40:08Z,1
pull,9485,b'closed',9493,https://api.github.com/repos/facebook/react-native/pulls/9493,,2016-08-20T07:10:26Z,1
pull,9485,b'closed',9516,https://api.github.com/repos/facebook/react-native/pulls/9516,,2016-08-22T07:20:28Z,1
pull,9503,b'closed',1,https://api.github.com/repos/littlesome/react-native/pulls/1,2016-09-16T16:53:20Z,2016-09-16T12:32:23Z,19
pull,9503,b'closed',9952,https://api.github.com/repos/facebook/react-native/pulls/9952,,2016-09-16T16:36:17Z,3
pull,9518,b'closed',2208,https://api.github.com/repos/facebook/react-native/pulls/2208,,2015-08-03T02:50:42Z,2
pull,9549,b'closed',11962,https://api.github.com/repos/facebook/react-native/pulls/11962,,2017-01-18T10:04:07Z,1
pull,9570,b'closed',9572,https://api.github.com/repos/facebook/react-native/pulls/9572,,2016-08-24T19:38:49Z,1
pull,9570,b'closed',27,https://api.github.com/repos/developit/unfetch/pulls/27,2017-03-07T19:25:58Z,2017-02-26T16:47:55Z,4
pull,9579,b'closed',4052,https://api.github.com/repos/keybase/client/pulls/4052,2016-08-25T23:20:23Z,2016-08-25T20:52:25Z,5
pull,9605,b'closed',10247,https://api.github.com/repos/facebook/react-native/pulls/10247,,2016-10-05T09:12:16Z,1
pull,9610,b'closed',9641,https://api.github.com/repos/facebook/react-native/pulls/9641,,2016-08-29T16:26:00Z,1
pull,9617,b'closed',9964,https://api.github.com/repos/facebook/react-native/pulls/9964,,2016-09-17T17:20:35Z,1
pull,9677,b'closed',10262,https://api.github.com/repos/facebook/react-native/pulls/10262,,2016-10-05T20:32:31Z,1
pull,9685,b'closed',79,https://api.github.com/repos/fullstackreact/react-native-firestack/pulls/79,2016-10-21T09:20:11Z,2016-10-20T16:47:12Z,3
pull,9692,b'closed',11791,https://api.github.com/repos/facebook/react-native/pulls/11791,,2017-01-09T18:47:40Z,1
pull,9704,b'closed',10954,https://api.github.com/repos/facebook/react-native/pulls/10954,,2016-11-15T19:02:08Z,3
pull,9710,b'closed',9734,https://api.github.com/repos/facebook/react-native/pulls/9734,,2016-09-05T03:45:21Z,3
pull,9731,b'closed',10159,https://api.github.com/repos/facebook/react-native/pulls/10159,,2016-09-28T23:54:53Z,1
pull,9728,b'closed',9730,https://api.github.com/repos/facebook/react-native/pulls/9730,,2016-09-04T10:10:40Z,5
pull,9736,b'closed',9757,https://api.github.com/repos/facebook/react-native/pulls/9757,,2016-09-06T08:29:06Z,1
pull,9743,b'closed',22,https://api.github.com/repos/kylecorbelli/redux-token-auth/pulls/22,,2018-02-01T02:37:09Z,8
pull,9751,b'closed',10016,https://api.github.com/repos/facebook/react-native/pulls/10016,,2016-09-21T11:22:01Z,1
pull,9751,b'closed',10147,https://api.github.com/repos/facebook/react-native/pulls/10147,,2016-09-28T13:37:51Z,1
pull,9750,b'closed',9755,https://api.github.com/repos/facebook/react-native/pulls/9755,,2016-09-06T08:21:37Z,2
pull,9777,b'closed',9942,https://api.github.com/repos/facebook/react-native/pulls/9942,,2016-09-16T10:43:17Z,32
pull,9801,b'closed',9844,https://api.github.com/repos/facebook/react-native/pulls/9844,,2016-09-11T19:15:21Z,1
pull,9822,b'closed',988,https://api.github.com/repos/status-im/status-mobile/pulls/988,2017-04-13T12:38:18Z,2017-04-11T04:37:34Z,8
pull,9835,b'closed',13789,https://api.github.com/repos/facebook/react-native/pulls/13789,,2017-05-05T00:04:03Z,1
pull,9865,b'closed',10004,https://api.github.com/repos/facebook/react-native/pulls/10004,,2016-09-20T21:17:31Z,2
pull,9878,b'closed',9762,https://api.github.com/repos/facebook/react-native/pulls/9762,,2016-09-06T09:30:02Z,11
pull,9878,b'closed',10456,https://api.github.com/repos/facebook/react-native/pulls/10456,,2016-10-19T06:40:32Z,12
pull,9882,b'closed',10147,https://api.github.com/repos/facebook/react-native/pulls/10147,,2016-09-28T13:37:51Z,1
pull,9887,b'closed',10907,https://api.github.com/repos/facebook/react-native/pulls/10907,,2016-11-13T04:31:48Z,2
pull,9886,b'closed',9938,https://api.github.com/repos/facebook/react-native/pulls/9938,,2016-09-16T04:48:21Z,1
pull,9921,b'closed',649,https://api.github.com/repos/react-native-maps/react-native-maps/pulls/649,2016-10-05T19:55:44Z,2016-10-05T17:54:40Z,8
pull,9935,b'closed',12095,https://api.github.com/repos/facebook/react-native/pulls/12095,,2017-01-27T13:10:14Z,1
pull,9948,b'closed',9951,https://api.github.com/repos/facebook/react-native/pulls/9951,,2016-09-16T16:16:22Z,1
pull,9968,b'closed',12235,https://api.github.com/repos/facebook/react-native/pulls/12235,,2017-02-06T13:06:19Z,1
pull,9969,b'closed',9957,https://api.github.com/repos/facebook/react-native/pulls/9957,,2016-09-16T21:47:39Z,15
pull,10033,b'closed',10154,https://api.github.com/repos/facebook/react-native/pulls/10154,,2016-09-28T20:54:46Z,1
pull,10033,b'closed',4631,https://api.github.com/repos/babel/babel/pulls/4631,2016-10-11T20:02:50Z,2016-10-01T14:03:12Z,1
pull,10080,b'closed',126,https://api.github.com/repos/react-native-google-signin/google-signin/pulls/126,2016-09-29T06:02:05Z,2016-09-11T20:19:49Z,1
pull,10091,b'closed',10092,https://api.github.com/repos/facebook/react-native/pulls/10092,,2016-09-24T20:13:46Z,2
pull,10132,b'closed',10159,https://api.github.com/repos/facebook/react-native/pulls/10159,,2016-09-28T23:54:53Z,1
pull,10149,b'closed',10210,https://api.github.com/repos/facebook/react-native/pulls/10210,,2016-10-03T00:16:06Z,4
pull,10158,b'closed',10238,https://api.github.com/repos/facebook/react-native/pulls/10238,,2016-10-04T14:31:15Z,3
pull,10188,b'closed',12578,https://api.github.com/repos/facebook/react-native/pulls/12578,,2017-02-25T10:25:17Z,1
pull,10198,b'closed',10222,https://api.github.com/repos/facebook/react-native/pulls/10222,,2016-10-03T10:55:16Z,1
pull,10209,b'closed',12270,https://api.github.com/repos/facebook/react-native/pulls/12270,,2017-02-08T01:18:25Z,1
pull,10236,b'closed',10421,https://api.github.com/repos/facebook/react-native/pulls/10421,,2016-10-17T06:18:36Z,2
pull,10245,b'closed',479,https://api.github.com/repos/redbadger/pride-london-app/pulls/479,,2018-06-23T12:15:45Z,5
pull,10253,b'closed',10343,https://api.github.com/repos/facebook/react-native/pulls/10343,,2016-10-11T18:13:04Z,3
pull,10274,b'closed',10280,https://api.github.com/repos/facebook/react-native/pulls/10280,,2016-10-07T07:24:18Z,1
pull,10288,b'closed',10405,https://api.github.com/repos/facebook/react-native/pulls/10405,,2016-10-15T19:45:52Z,4
pull,10329,b'closed',10351,https://api.github.com/repos/facebook/react-native/pulls/10351,,2016-10-12T12:32:56Z,1
pull,10352,b'closed',10724,https://api.github.com/repos/facebook/react-native/pulls/10724,,2016-11-03T17:43:52Z,1
pull,10362,b'closed',1517,https://api.github.com/repos/aws/aws-sdk-js/pulls/1517,2017-05-22T16:54:16Z,2017-05-22T03:43:36Z,7
pull,10364,b'closed',10365,https://api.github.com/repos/facebook/react-native/pulls/10365,,2016-10-13T13:21:45Z,2
pull,10372,b'closed',10710,https://api.github.com/repos/facebook/react-native/pulls/10710,,2016-11-02T22:30:46Z,1
pull,10371,b'closed',11316,https://api.github.com/repos/facebook/react-native/pulls/11316,,2016-12-06T05:29:33Z,1
pull,10376,b'closed',10402,https://api.github.com/repos/facebook/react-native/pulls/10402,,2016-10-15T11:07:35Z,1
pull,10400,b'closed',10409,https://api.github.com/repos/facebook/react-native/pulls/10409,,2016-10-16T08:26:59Z,2
pull,10401,b'closed',11899,https://api.github.com/repos/facebook/react-native/pulls/11899,,2017-01-14T01:53:55Z,3
pull,10412,b'closed',4896,https://api.github.com/repos/babel/babel/pulls/4896,,2016-11-26T12:44:58Z,3
pull,10443,b'closed',11006,https://api.github.com/repos/facebook/react-native/pulls/11006,,2016-11-18T00:33:28Z,3
pull,10454,b'closed',11316,https://api.github.com/repos/facebook/react-native/pulls/11316,,2016-12-06T05:29:33Z,1
pull,10461,b'closed',15,https://api.github.com/repos/shahen94/react-native-switch/pulls/15,2017-11-07T07:25:59Z,2017-11-07T03:02:43Z,1
pull,10494,b'closed',10495,https://api.github.com/repos/facebook/react-native/pulls/10495,,2016-10-21T12:59:03Z,1
pull,10506,b'closed',10507,https://api.github.com/repos/facebook/react-native/pulls/10507,,2016-10-22T13:52:52Z,2
pull,10550,b'closed',5801,https://api.github.com/repos/firefox-devtools/debugger/pulls/5801,2018-03-27T22:52:17Z,2018-03-27T16:51:59Z,9
pull,10561,b'closed',10675,https://api.github.com/repos/facebook/react-native/pulls/10675,,2016-11-01T12:39:01Z,2
pull,10560,b'closed',11445,https://api.github.com/repos/facebook/react-native/pulls/11445,,2016-12-13T22:43:14Z,1
pull,10564,b'closed',10571,https://api.github.com/repos/facebook/react-native/pulls/10571,,2016-10-26T23:53:56Z,1
pull,10570,b'closed',10632,https://api.github.com/repos/facebook/react-native/pulls/10632,,2016-10-30T17:43:41Z,1
pull,10588,b'closed',10676,https://api.github.com/repos/facebook/react-native/pulls/10676,,2016-11-01T14:05:33Z,4
pull,10597,b'closed',10660,https://api.github.com/repos/facebook/react-native/pulls/10660,,2016-10-31T20:09:23Z,15
pull,10622,b'closed',13199,https://api.github.com/repos/facebook/react-native/pulls/13199,,2017-03-29T13:44:15Z,8
pull,10634,b'closed',10667,https://api.github.com/repos/facebook/react-native/pulls/10667,,2016-11-01T01:23:41Z,1
pull,10638,b'closed',10783,https://api.github.com/repos/facebook/react-native/pulls/10783,,2016-11-07T14:36:00Z,1
pull,10702,b'closed',10703,https://api.github.com/repos/facebook/react-native/pulls/10703,,2016-11-02T17:46:25Z,1
pull,10715,b'closed',14293,https://api.github.com/repos/facebook/react-native/pulls/14293,,2017-06-01T19:20:12Z,1
pull,10742,b'closed',10899,https://api.github.com/repos/facebook/react-native/pulls/10899,,2016-11-12T21:51:57Z,1
pull,10782,b'closed',4,https://api.github.com/repos/ascoders/react-native-image-zoom/pulls/4,2016-12-27T03:25:35Z,2016-12-27T03:21:31Z,1
pull,10784,b'closed',10828,https://api.github.com/repos/facebook/react-native/pulls/10828,,2016-11-09T10:43:44Z,1
pull,10825,b'closed',10827,https://api.github.com/repos/facebook/react-native/pulls/10827,,2016-11-09T10:27:29Z,2
pull,10863,b'closed',10860,https://api.github.com/repos/facebook/react-native/pulls/10860,,2016-11-10T16:00:43Z,1
pull,10881,b'closed',11057,https://api.github.com/repos/facebook/react-native/pulls/11057,,2016-11-22T05:39:50Z,1
pull,10944,b'closed',10974,https://api.github.com/repos/facebook/react-native/pulls/10974,,2016-11-16T16:46:25Z,1
pull,10976,b'closed',11166,https://api.github.com/repos/facebook/react-native/pulls/11166,,2016-11-28T11:01:01Z,2
pull,11013,b'closed',15538,https://api.github.com/repos/facebook/react-native/pulls/15538,,2017-08-17T20:46:41Z,1
pull,11016,b'closed',17312,https://api.github.com/repos/facebook/react-native/pulls/17312,,2017-12-21T23:22:10Z,3
pull,11020,b'closed',18679,https://api.github.com/repos/facebook/react-native/pulls/18679,,2018-04-03T20:13:33Z,16
pull,11028,b'closed',13064,https://api.github.com/repos/facebook/react-native/pulls/13064,,2017-03-21T23:04:16Z,68
pull,11036,b'closed',64,https://api.github.com/repos/react-component/dialog/pulls/64,2017-08-21T01:57:44Z,2017-08-18T08:20:30Z,1
pull,11036,b'closed',28,https://api.github.com/repos/hectahertz/react-native-material-dialog/pulls/28,2017-12-08T11:10:57Z,2017-12-07T14:47:56Z,1
pull,11042,b'closed',11706,https://api.github.com/repos/facebook/react-native/pulls/11706,,2017-01-03T09:25:06Z,1
pull,11066,b'closed',11073,https://api.github.com/repos/facebook/react-native/pulls/11073,,2016-11-22T18:48:18Z,1
pull,11096,b'closed',11222,https://api.github.com/repos/facebook/react-native/pulls/11222,,2016-11-30T12:57:23Z,1
pull,11096,b'closed',7250,https://api.github.com/repos/facebook/react-native/pulls/7250,,2016-04-27T04:53:24Z,2
pull,11103,b'closed',11417,https://api.github.com/repos/facebook/react-native/pulls/11417,,2016-12-12T09:48:04Z,24
pull,11104,b'closed',11123,https://api.github.com/repos/facebook/react-native/pulls/11123,,2016-11-24T21:24:34Z,1
pull,11104,b'closed',11226,https://api.github.com/repos/facebook/react-native/pulls/11226,,2016-11-30T17:46:38Z,1
pull,11114,b'closed',418,https://api.github.com/repos/react-navigation/react-navigation/pulls/418,2017-02-24T06:19:57Z,2017-02-21T15:30:29Z,2
pull,11122,b'closed',11280,https://api.github.com/repos/facebook/react-native/pulls/11280,,2016-12-03T07:25:31Z,1
pull,11122,b'closed',11174,https://api.github.com/repos/facebook/react-native/pulls/11174,,2016-11-28T17:57:00Z,4
pull,11142,b'closed',11155,https://api.github.com/repos/facebook/react-native/pulls/11155,,2016-11-27T13:29:56Z,1
pull,11142,b'closed',13856,https://api.github.com/repos/facebook/react-native/pulls/13856,,2017-05-09T08:32:09Z,3
pull,11150,b'closed',11253,https://api.github.com/repos/facebook/react-native/pulls/11253,,2016-12-01T21:38:43Z,1
pull,11150,b'closed',11493,https://api.github.com/repos/facebook/react-native/pulls/11493,,2016-12-15T18:42:33Z,1
pull,11148,b'closed',381,https://api.github.com/repos/react-native-video/react-native-video/pulls/381,2016-12-13T00:16:11Z,2016-11-16T16:25:00Z,4
pull,11220,b'closed',11229,https://api.github.com/repos/facebook/react-native/pulls/11229,,2016-11-30T19:57:45Z,1
pull,11227,b'closed',12867,https://api.github.com/repos/facebook/react-native/pulls/12867,,2017-03-10T20:05:47Z,5
pull,11272,b'closed',12089,https://api.github.com/repos/facebook/react-native/pulls/12089,,2017-01-27T05:50:45Z,4
pull,11283,b'closed',11372,https://api.github.com/repos/facebook/react-native/pulls/11372,,2016-12-08T15:53:27Z,1
pull,11290,b'closed',12035,https://api.github.com/repos/facebook/react-native/pulls/12035,,2017-01-23T10:51:35Z,1
pull,11302,b'closed',12063,https://api.github.com/repos/facebook/react-native/pulls/12063,,2017-01-25T03:39:31Z,2
pull,11301,b'closed',2682,https://api.github.com/repos/facebook/jest/pulls/2682,2017-01-24T11:52:27Z,2017-01-23T23:16:22Z,3
pull,11317,b'closed',12910,https://api.github.com/repos/facebook/react-native/pulls/12910,,2017-03-13T23:20:04Z,2
pull,11330,b'closed',11348,https://api.github.com/repos/facebook/react-native/pulls/11348,,2016-12-07T16:02:44Z,2
pull,11334,b'closed',11348,https://api.github.com/repos/facebook/react-native/pulls/11348,,2016-12-07T16:02:44Z,2
pull,11336,b'closed',36,https://api.github.com/repos/brianyan/Dispatchr/pulls/36,2017-01-22T04:00:21Z,2017-01-13T21:38:22Z,13
pull,11410,b'closed',13902,https://api.github.com/repos/facebook/react-native/pulls/13902,,2017-05-10T18:34:36Z,1
pull,11441,b'closed',11222,https://api.github.com/repos/facebook/react-native/pulls/11222,,2016-11-30T12:57:23Z,1
pull,11441,b'closed',11521,https://api.github.com/repos/facebook/react-native/pulls/11521,,2016-12-17T04:01:24Z,1
pull,11457,b'closed',13565,https://api.github.com/repos/facebook/react-native/pulls/13565,,2017-04-18T20:05:49Z,2
pull,11463,b'closed',11464,https://api.github.com/repos/facebook/react-native/pulls/11464,,2016-12-14T18:49:49Z,1
pull,11500,b'closed',11930,https://api.github.com/repos/facebook/react-native/pulls/11930,,2017-01-16T17:58:54Z,3
pull,11524,b'closed',13994,https://api.github.com/repos/facebook/react-native/pulls/13994,,2017-05-16T08:19:43Z,1
pull,11572,b'closed',12089,https://api.github.com/repos/facebook/react-native/pulls/12089,,2017-01-27T05:50:45Z,4
pull,11571,b'closed',11443,https://api.github.com/repos/facebook/react-native/pulls/11443,,2016-12-13T19:15:05Z,1
pull,11585,b'closed',15,https://api.github.com/repos/americool/vndr_ideas/pulls/15,2017-01-05T22:03:44Z,2017-01-04T06:00:11Z,4
pull,11592,b'closed',12690,https://api.github.com/repos/facebook/react-native/pulls/12690,,2017-03-03T21:19:08Z,1
pull,11603,b'closed',11615,https://api.github.com/repos/facebook/react-native/pulls/11615,,2016-12-24T02:11:04Z,1
pull,11605,b'closed',11606,https://api.github.com/repos/facebook/react-native/pulls/11606,,2016-12-23T07:07:05Z,1
pull,11611,b'closed',14554,https://api.github.com/repos/facebook/react-native/pulls/14554,,2017-06-16T13:28:27Z,1
pull,11617,b'closed',11616,https://api.github.com/repos/facebook/react-native/pulls/11616,,2016-12-24T04:56:55Z,2
pull,11640,b'closed',11643,https://api.github.com/repos/facebook/react-native/pulls/11643,,2016-12-27T15:56:27Z,1
pull,11666,b'closed',13407,https://api.github.com/repos/facebook/react-native/pulls/13407,,2017-04-09T13:06:36Z,1
pull,11668,b'closed',11670,https://api.github.com/repos/facebook/react-native/pulls/11670,,2016-12-29T10:44:35Z,5
pull,11701,b'closed',19017,https://api.github.com/repos/facebook/react-native/pulls/19017,,2018-04-25T08:34:46Z,1
pull,11719,b'closed',11720,https://api.github.com/repos/facebook/react-native/pulls/11720,,2017-01-04T13:28:47Z,3
pull,11721,b'closed',437,https://api.github.com/repos/react-native-video/react-native-video/pulls/437,2017-01-11T12:43:43Z,2017-01-08T17:36:46Z,24
pull,11725,b'closed',544,https://api.github.com/repos/react-native-camera/react-native-camera/pulls/544,2017-01-06T00:07:50Z,2017-01-05T22:50:45Z,3
pull,11725,b'closed',138,https://api.github.com/repos/react-native-linear-gradient/react-native-linear-gradient/pulls/138,,2017-01-05T23:37:01Z,6
pull,11725,b'closed',60,https://api.github.com/repos/zoontek/react-native-permissions/pulls/60,2017-02-03T07:44:36Z,2017-01-05T23:59:02Z,6
pull,11725,b'closed',131,https://api.github.com/repos/OneSignal/react-native-onesignal/pulls/131,2017-01-14T10:35:21Z,2017-01-06T01:47:19Z,2
pull,11742,b'closed',12035,https://api.github.com/repos/facebook/react-native/pulls/12035,,2017-01-23T10:51:35Z,1
pull,11753,b'closed',13789,https://api.github.com/repos/facebook/react-native/pulls/13789,,2017-05-05T00:04:03Z,1
pull,11753,b'closed',1,https://api.github.com/repos/vikkalen/react-native/pulls/1,,2017-07-27T21:10:52Z,1
pull,11753,b'closed',15241,https://api.github.com/repos/facebook/react-native/pulls/15241,,2017-07-27T21:16:33Z,1
pull,11769,b'closed',11770,https://api.github.com/repos/facebook/react-native/pulls/11770,,2017-01-08T09:17:53Z,1
pull,11776,b'closed',12752,https://api.github.com/repos/facebook/react-native/pulls/12752,,2017-03-06T23:54:45Z,1
pull,11776,b'closed',51,https://api.github.com/repos/sbycrosz/react-native-credit-card-input/pulls/51,,2017-03-27T23:26:47Z,4
pull,11776,b'closed',466,https://api.github.com/repos/EdgeApp/edge-react-gui/pulls/466,2018-02-09T02:26:11Z,2018-02-08T17:16:26Z,2
pull,11809,b'closed',11222,https://api.github.com/repos/facebook/react-native/pulls/11222,,2016-11-30T12:57:23Z,1
pull,11848,b'closed',11851,https://api.github.com/repos/facebook/react-native/pulls/11851,,2017-01-11T23:28:42Z,1
pull,11853,b'closed',16541,https://api.github.com/repos/facebook/react-native/pulls/16541,,2017-10-25T21:39:16Z,2
pull,11853,b'closed',17312,https://api.github.com/repos/facebook/react-native/pulls/17312,,2017-12-21T23:22:10Z,3
pull,11853,b'closed',16371,https://api.github.com/repos/facebook/react-native/pulls/16371,,2017-10-15T03:11:03Z,1
pull,11861,b'closed',11889,https://api.github.com/repos/facebook/react-native/pulls/11889,,2017-01-13T15:12:37Z,1
pull,11861,b'closed',160,https://api.github.com/repos/yorkie/react-native-wechat/pulls/160,2017-01-17T02:05:47Z,2017-01-13T02:32:54Z,3
pull,11884,b'closed',11886,https://api.github.com/repos/facebook/react-native/pulls/11886,,2017-01-13T14:24:50Z,14
pull,11884,b'closed',11992,https://api.github.com/repos/facebook/react-native/pulls/11992,,2017-01-19T18:11:02Z,1
pull,11891,b'closed',11443,https://api.github.com/repos/facebook/react-native/pulls/11443,,2016-12-13T19:15:05Z,1
pull,11891,b'closed',12511,https://api.github.com/repos/facebook/react-native/pulls/12511,,2017-02-22T09:48:51Z,1
pull,11951,b'closed',12035,https://api.github.com/repos/facebook/react-native/pulls/12035,,2017-01-23T10:51:35Z,1
pull,12024,b'closed',13064,https://api.github.com/repos/facebook/react-native/pulls/13064,,2017-03-21T23:04:16Z,68
pull,12071,b'closed',264,https://api.github.com/repos/andyearnshaw/Intl.js/pulls/264,,2017-01-26T11:39:33Z,1
pull,12071,b'closed',12156,https://api.github.com/repos/facebook/react-native/pulls/12156,,2017-02-01T16:27:16Z,1
pull,12078,b'closed',900,https://api.github.com/repos/react-navigation/react-navigation/pulls/900,2017-04-05T04:21:07Z,2017-04-04T00:11:15Z,3
pull,12124,b'closed',13064,https://api.github.com/repos/facebook/react-native/pulls/13064,,2017-03-21T23:04:16Z,68
pull,12132,b'closed',12134,https://api.github.com/repos/facebook/react-native/pulls/12134,,2017-01-31T17:51:41Z,2
pull,12139,b'closed',12150,https://api.github.com/repos/facebook/react-native/pulls/12150,,2017-02-01T12:00:40Z,1
pull,12169,b'closed',13064,https://api.github.com/repos/facebook/react-native/pulls/13064,,2017-03-21T23:04:16Z,68
pull,12178,b'closed',12179,https://api.github.com/repos/facebook/react-native/pulls/12179,,2017-02-03T03:00:35Z,4
pull,12183,b'closed',12185,https://api.github.com/repos/facebook/react-native/pulls/12185,,2017-02-03T08:21:20Z,2
pull,12183,b'closed',12197,https://api.github.com/repos/facebook/react-native/pulls/12197,,2017-02-03T18:47:44Z,1
pull,12196,b'closed',12197,https://api.github.com/repos/facebook/react-native/pulls/12197,,2017-02-03T18:47:44Z,1
pull,12286,b'closed',12089,https://api.github.com/repos/facebook/react-native/pulls/12089,,2017-01-27T05:50:45Z,4
pull,12300,b'closed',13644,https://api.github.com/repos/facebook/react-native/pulls/13644,,2017-04-24T16:42:07Z,1
pull,12311,b'closed',13146,https://api.github.com/repos/facebook/react-native/pulls/13146,,2017-03-25T04:56:16Z,1
pull,12336,b'closed',16822,https://api.github.com/repos/facebook/react-native/pulls/16822,,2017-11-14T18:50:42Z,1
pull,12388,b'closed',12443,https://api.github.com/repos/facebook/react-native/pulls/12443,,2017-02-17T22:18:04Z,3
pull,12404,b'closed',12523,https://api.github.com/repos/facebook/react-native/pulls/12523,,2017-02-22T17:57:21Z,1
pull,12406,b'closed',12435,https://api.github.com/repos/facebook/react-native/pulls/12435,,2017-02-17T11:49:48Z,1
pull,12420,b'closed',12422,https://api.github.com/repos/facebook/react-native/pulls/12422,,2017-02-16T21:21:39Z,2
pull,12433,b'closed',5,https://api.github.com/repos/rnc-archive/react-native-drawer-layout/pulls/5,,2017-02-21T16:54:37Z,1
pull,12444,b'closed',12447,https://api.github.com/repos/facebook/react-native/pulls/12447,,2017-02-18T01:23:06Z,1
pull,12458,b'closed',12916,https://api.github.com/repos/facebook/react-native/pulls/12916,,2017-03-14T04:22:38Z,5
pull,12478,b'closed',18392,https://api.github.com/repos/facebook/react-native/pulls/18392,,2018-03-15T07:07:05Z,1
pull,12503,b'closed',76,https://api.github.com/repos/kfiroo/react-native-cached-image/pulls/76,2017-09-13T15:25:15Z,2017-09-04T13:36:17Z,1
pull,12537,b'closed',12538,https://api.github.com/repos/facebook/react-native/pulls/12538,,2017-02-23T07:33:29Z,1
pull,12545,b'closed',12550,https://api.github.com/repos/facebook/react-native/pulls/12550,,2017-02-23T16:15:28Z,2
pull,12581,b'closed',12583,https://api.github.com/repos/facebook/react-native/pulls/12583,,2017-02-25T20:49:49Z,4
pull,12623,b'closed',12657,https://api.github.com/repos/facebook/react-native/pulls/12657,,2017-03-02T14:37:16Z,1
pull,12646,b'closed',31,https://api.github.com/repos/Vydia/react-native-background-upload/pulls/31,2017-05-09T13:56:50Z,2017-05-09T13:52:51Z,4
pull,12669,b'closed',13064,https://api.github.com/repos/facebook/react-native/pulls/13064,,2017-03-21T23:04:16Z,68
pull,12702,b'closed',12703,https://api.github.com/repos/facebook/react-native/pulls/12703,,2017-03-04T14:32:51Z,1
pull,12710,b'closed',13128,https://api.github.com/repos/facebook/react-native/pulls/13128,,2017-03-24T05:37:29Z,1
pull,12725,b'closed',12740,https://api.github.com/repos/facebook/react-native/pulls/12740,,2017-03-06T11:39:23Z,1
pull,12738,b'closed',14030,https://api.github.com/repos/facebook/react-native/pulls/14030,,2017-05-18T03:40:48Z,11
pull,12742,b'closed',30,https://api.github.com/repos/facebookarchive/react-native-custom-components/pulls/30,,2018-04-14T02:59:04Z,1
pull,12756,b'closed',49,https://api.github.com/repos/CRAlpha/react-native-wkwebview/pulls/49,,2017-03-13T02:25:12Z,1
pull,12772,b'closed',12802,https://api.github.com/repos/facebook/react-native/pulls/12802,,2017-03-08T16:42:06Z,2
pull,12795,b'closed',12811,https://api.github.com/repos/facebook/react-native/pulls/12811,,2017-03-08T22:14:16Z,1
pull,12827,b'closed',12855,https://api.github.com/repos/facebook/react-native/pulls/12855,,2017-03-10T13:50:59Z,2
pull,12829,b'closed',12187,https://api.github.com/repos/facebook/react-native/pulls/12187,,2017-02-03T08:51:00Z,1
pull,12829,b'closed',8153,https://api.github.com/repos/facebook/react-native/pulls/8153,,2016-06-16T15:11:32Z,1
pull,12853,b'closed',14991,https://api.github.com/repos/facebook/react-native/pulls/14991,,2017-07-12T23:46:04Z,1
pull,12961,b'closed',12962,https://api.github.com/repos/facebook/react-native/pulls/12962,,2017-03-15T22:12:58Z,1
pull,12976,b'closed',9219,https://api.github.com/repos/facebook/react/pulls/9219,2017-03-21T00:07:29Z,2017-03-19T20:08:59Z,3
pull,12975,b'closed',12983,https://api.github.com/repos/facebook/react-native/pulls/12983,,2017-03-16T23:00:00Z,1
pull,13006,b'closed',679,https://api.github.com/repos/newsuk/times-components/pulls/679,,2018-02-22T11:38:34Z,57
pull,13015,b'closed',14131,https://api.github.com/repos/facebook/react-native/pulls/14131,,2017-05-23T14:38:47Z,1
pull,13033,b'closed',13036,https://api.github.com/repos/facebook/react-native/pulls/13036,,2017-03-20T20:17:42Z,2
pull,13077,b'closed',13104,https://api.github.com/repos/facebook/react-native/pulls/13104,,2017-03-23T07:27:25Z,1
pull,13078,b'closed',735,https://api.github.com/repos/microsoft/react-native-code-push/pulls/735,2017-03-23T10:24:55Z,2017-03-03T08:24:56Z,1
pull,13081,b'closed',13083,https://api.github.com/repos/facebook/react-native/pulls/13083,,2017-03-22T14:19:29Z,1
pull,13089,b'closed',13092,https://api.github.com/repos/facebook/react-native/pulls/13092,,2017-03-22T19:13:01Z,1
pull,13127,b'closed',475,https://api.github.com/repos/artsy/emission/pulls/475,,2017-03-31T14:33:12Z,9
pull,13191,b'closed',13203,https://api.github.com/repos/facebook/react-native/pulls/13203,,2017-03-29T16:54:48Z,1
pull,13291,b'closed',912,https://api.github.com/repos/StoDevX/AAO-React-Native/pulls/912,,2017-04-03T21:49:52Z,4
pull,13291,b'closed',149,https://api.github.com/repos/capitalone/react-native-pathjs-charts/pulls/149,2017-05-05T14:43:53Z,2017-05-05T08:09:46Z,28
pull,13299,b'closed',13561,https://api.github.com/repos/facebook/react-native/pulls/13561,,2017-04-18T15:01:07Z,3
pull,13343,b'closed',13347,https://api.github.com/repos/facebook/react-native/pulls/13347,,2017-04-06T16:18:50Z,2
pull,13343,b'closed',9356,https://api.github.com/repos/facebook/react/pulls/9356,2017-04-06T17:39:18Z,2017-04-06T17:25:06Z,2
pull,13345,b'closed',13419,https://api.github.com/repos/facebook/react-native/pulls/13419,,2017-04-10T13:26:12Z,1
pull,13369,b'closed',13398,https://api.github.com/repos/facebook/react-native/pulls/13398,,2017-04-08T09:24:02Z,1
pull,13408,b'closed',14025,https://api.github.com/repos/facebook/react-native/pulls/14025,,2017-05-18T01:32:45Z,1
pull,13408,b'closed',14279,https://api.github.com/repos/facebook/react-native/pulls/14279,,2017-05-31T20:35:53Z,1
pull,13457,b'closed',76,https://api.github.com/repos/halilb/react-native-photo-browser/pulls/76,2018-10-29T19:43:54Z,2017-12-13T08:29:58Z,2
pull,13485,b'closed',13505,https://api.github.com/repos/facebook/react-native/pulls/13505,,2017-04-14T13:04:06Z,2
pull,13469,b'closed',149,https://api.github.com/repos/capitalone/react-native-pathjs-charts/pulls/149,2017-05-05T14:43:53Z,2017-05-05T08:09:46Z,28
pull,13500,b'closed',13885,https://api.github.com/repos/facebook/react-native/pulls/13885,,2017-05-10T04:17:09Z,1
pull,13501,b'closed',13529,https://api.github.com/repos/facebook/react-native/pulls/13529,,2017-04-16T18:32:08Z,3
pull,13506,b'closed',13890,https://api.github.com/repos/facebook/react-native/pulls/13890,,2017-05-10T09:32:06Z,1
pull,13522,b'closed',13524,https://api.github.com/repos/facebook/react-native/pulls/13524,,2017-04-16T05:29:21Z,1
pull,13522,b'closed',14560,https://api.github.com/repos/facebook/react-native/pulls/14560,,2017-06-16T15:44:44Z,1
pull,13522,b'closed',14646,https://api.github.com/repos/facebook/react-native/pulls/14646,,2017-06-20T22:39:16Z,1
pull,13545,b'closed',760,https://api.github.com/repos/GeekyAnts/NativeBase/pulls/760,,2017-04-20T12:19:56Z,1
pull,13578,b'closed',15419,https://api.github.com/repos/facebook/react-native/pulls/15419,,2017-08-09T04:54:31Z,1
pull,13618,b'closed',13619,https://api.github.com/repos/facebook/react-native/pulls/13619,,2017-04-21T21:12:51Z,1
pull,13623,b'closed',13645,https://api.github.com/repos/facebook/react-native/pulls/13645,,2017-04-24T16:58:57Z,1
pull,13620,b'closed',13672,https://api.github.com/repos/facebook/react-native/pulls/13672,,2017-04-26T14:45:43Z,1
pull,13653,b'closed',1,https://api.github.com/repos/FedeZimmer/MoravecReactNative/pulls/1,2018-01-17T22:55:29Z,2017-12-23T19:38:26Z,41
pull,13671,b'closed',17549,https://api.github.com/repos/facebook/react-native/pulls/17549,,2018-01-11T20:02:58Z,1
pull,13691,b'closed',14200,https://api.github.com/repos/facebook/react-native/pulls/14200,,2017-05-26T03:41:53Z,1
pull,13688,b'closed',13694,https://api.github.com/repos/facebook/react-native/pulls/13694,,2017-04-28T08:45:11Z,1
pull,13799,b'closed',14352,https://api.github.com/repos/facebook/react-native/pulls/14352,,2017-06-07T01:11:58Z,1
pull,13804,b'closed',13848,https://api.github.com/repos/facebook/react-native/pulls/13848,,2017-05-08T15:17:47Z,1
pull,13836,b'closed',13837,https://api.github.com/repos/facebook/react-native/pulls/13837,,2017-05-08T08:37:50Z,1280
pull,13874,b'closed',47,https://api.github.com/repos/wevote/WeVoteReactNative/pulls/47,2017-07-19T00:42:29Z,2017-07-18T22:22:33Z,2
pull,13897,b'closed',14022,https://api.github.com/repos/facebook/react-native/pulls/14022,,2017-05-17T16:44:21Z,1
pull,13954,b'closed',16595,https://api.github.com/repos/facebook/react-native/pulls/16595,,2017-10-30T08:20:58Z,1
pull,13951,b'closed',43,https://api.github.com/repos/thegamenicorus/react-native-phone-input/pulls/43,,2018-05-22T15:40:15Z,2
pull,13976,b'closed',14194,https://api.github.com/repos/facebook/react-native/pulls/14194,,2017-05-25T20:58:55Z,5
pull,13976,b'closed',13980,https://api.github.com/repos/facebook/react-native/pulls/13980,,2017-05-15T18:51:25Z,2
pull,13976,b'closed',13825,https://api.github.com/repos/facebook/react-native/pulls/13825,,2017-05-07T20:22:23Z,5
pull,13976,b'closed',12550,https://api.github.com/repos/facebook/react-native/pulls/12550,,2017-02-23T16:15:28Z,2
pull,13976,b'closed',12863,https://api.github.com/repos/facebook/react-native/pulls/12863,,2017-03-10T16:27:19Z,1
pull,13976,b'closed',11875,https://api.github.com/repos/facebook/react-native/pulls/11875,,2017-01-13T05:59:34Z,3
pull,13976,b'closed',13446,https://api.github.com/repos/facebook/react-native/pulls/13446,,2017-04-11T13:26:21Z,5
pull,14000,b'closed',14010,https://api.github.com/repos/facebook/react-native/pulls/14010,,2017-05-17T05:35:19Z,1
pull,14033,b'closed',14054,https://api.github.com/repos/facebook/react-native/pulls/14054,,2017-05-19T09:48:21Z,1
pull,14033,b'closed',14089,https://api.github.com/repos/facebook/react-native/pulls/14089,,2017-05-22T05:09:34Z,1
pull,14053,b'closed',3606,https://api.github.com/repos/facebook/jest/pulls/3606,,2017-05-19T07:56:58Z,1
pull,14081,b'closed',14082,https://api.github.com/repos/facebook/react-native/pulls/14082,,2017-05-21T00:48:32Z,1
pull,14158,b'closed',7968,https://api.github.com/repos/facebook/react-native/pulls/7968,,2016-06-07T07:09:32Z,9
pull,14158,b'closed',17404,https://api.github.com/repos/facebook/react-native/pulls/17404,,2017-12-31T14:35:50Z,7
pull,14178,b'closed',15013,https://api.github.com/repos/facebook/react-native/pulls/15013,,2017-07-14T07:32:05Z,1
pull,14202,b'closed',14211,https://api.github.com/repos/facebook/react-native/pulls/14211,,2017-05-26T21:55:16Z,1
pull,14222,b'closed',14229,https://api.github.com/repos/facebook/react-native/pulls/14229,,2017-05-27T18:54:20Z,1
pull,14275,b'closed',14350,https://api.github.com/repos/facebook/react-native/pulls/14350,,2017-06-06T21:39:29Z,1
pull,14313,b'closed',14495,https://api.github.com/repos/facebook/react-native/pulls/14495,,2017-06-13T16:45:39Z,9
pull,14348,b'closed',14349,https://api.github.com/repos/facebook/react-native/pulls/14349,,2017-06-06T21:01:41Z,1
pull,14360,b'closed',338,https://api.github.com/repos/facebookarchive/react-native-fbsdk/pulls/338,,2017-05-26T10:05:35Z,4
pull,14417,b'closed',14638,https://api.github.com/repos/facebook/react-native/pulls/14638,,2017-06-20T18:50:08Z,1
pull,14454,b'closed',1503,https://api.github.com/repos/react-native-maps/react-native-maps/pulls/1503,2017-10-05T20:08:32Z,2017-07-23T09:59:38Z,1
pull,14476,b'closed',14477,https://api.github.com/repos/facebook/react-native/pulls/14477,,2017-06-13T06:53:42Z,2
pull,14480,b'closed',89,https://api.github.com/repos/infinitered/ignite-andross/pulls/89,2017-06-23T16:58:36Z,2017-06-19T14:28:24Z,1
pull,14538,b'closed',792,https://api.github.com/repos/artsy/emission/pulls/792,2017-10-19T11:19:23Z,2017-10-18T06:25:58Z,9
pull,14561,b'closed',14660,https://api.github.com/repos/facebook/react-native/pulls/14660,,2017-06-21T12:43:35Z,5
pull,14566,b'closed',14571,https://api.github.com/repos/facebook/react-native/pulls/14571,,2017-06-16T23:49:58Z,1
pull,14590,b'closed',2,https://api.github.com/repos/kriskelly/react-native-day-planner/pulls/2,,2018-04-28T20:38:56Z,1
pull,14620,b'closed',14729,https://api.github.com/repos/facebook/react-native/pulls/14729,,2017-06-26T17:27:35Z,47
pull,14706,b'closed',18093,https://api.github.com/repos/facebook/react-native/pulls/18093,,2018-02-26T09:37:25Z,9
pull,14828,b'closed',15139,https://api.github.com/repos/facebook/react-native/pulls/15139,,2017-07-21T14:24:46Z,4
pull,14841,b'closed',144,https://api.github.com/repos/textileio/photos/pulls/144,2018-06-12T15:31:06Z,2018-06-08T19:35:01Z,7
pull,14866,b'closed',19,https://api.github.com/repos/ds300/react-native-typescript-transformer/pulls/19,2017-07-06T19:57:59Z,2017-07-05T23:18:16Z,1
pull,14872,b'closed',13795,https://api.github.com/repos/facebook/react-native/pulls/13795,,2017-05-05T06:09:35Z,1
pull,14872,b'closed',14957,https://api.github.com/repos/facebook/react-native/pulls/14957,,2017-07-11T22:28:57Z,1
pull,14925,b'closed',15264,https://api.github.com/repos/facebook/react-native/pulls/15264,,2017-07-28T21:16:39Z,1
pull,14935,b'closed',187,https://api.github.com/repos/callstack/haul/pulls/187,2017-07-14T09:30:28Z,2017-07-14T02:39:22Z,1
pull,14935,b'closed',88,https://api.github.com/repos/microsoft/appcenter-sdk-react-native/pulls/88,2017-08-16T17:19:13Z,2017-08-16T01:53:19Z,2
pull,14975,b'closed',14988,https://api.github.com/repos/facebook/react-native/pulls/14988,,2017-07-12T22:22:09Z,1
pull,14995,b'closed',10171,https://api.github.com/repos/facebook/react/pulls/10171,2017-07-13T16:26:45Z,2017-07-13T15:56:51Z,2
pull,15006,b'closed',15008,https://api.github.com/repos/facebook/react-native/pulls/15008,,2017-07-13T22:08:55Z,1
pull,15049,b'closed',15595,https://api.github.com/repos/facebook/react-native/pulls/15595,,2017-08-22T04:44:15Z,1
