,issue_id,Importance Type
0,35936,High
1,35735,High
2,35706,Medium
3,33522,Low
4,33462,Low
5,36008,Medium
6,36001,Medium
7,35819,High
8,34425,High
9,36002,High
10,35753,High
11,35350,High
12,35838,High
13,35979,High
14,24519,Low
15,33782,Low
16,35852,High
17,35054,High
18,33676,Low
19,35930,High
20,31519,Low
21,35801,Medium
22,35997,Medium
23,35873,High
24,34180,Low
25,32519,Low
26,35307,Medium
27,33130,Low
28,32475,Low
29,34155,Low
30,32513,Low
31,34248,Low
32,33083,Low
33,34314,Low
34,32952,Low
35,35074,Medium
36,32720,Low
37,33557,High
38,32966,Low
39,35917,High
40,34181,High
41,34393,Low
42,34192,Low
43,32547,Low
44,34293,Low
45,34320,Low
46,35279,High
47,25239,Medium
48,35600,Medium
49,34324,Medium
50,35996,Medium
51,31523,Low
52,34624,Low
53,35221,Low
54,35995,Medium
55,32958,Low
56,32962,High
57,32978,Medium
58,33903,Low
59,33889,Low
60,34203,High
61,34226,High
62,34308,Low
63,34241,Low
64,32931,Low
65,33465,Low
66,33614,Low
67,31507,Low
68,35583,High
69,35973,Medium
70,33916,Low
71,35895,High
72,35980,High
73,35426,High
74,32673,Low
75,35962,Medium
76,35974,Medium
77,35968,High
78,35978,Medium
79,35985,Medium
80,31830,Low
81,30973,Low
82,35070,Low
83,35988,High
84,35965,Medium
85,35983,High
86,16826,Low
87,34748,Medium
88,35577,High
89,35729,High
90,32939,High
91,33684,Low
92,34124,Low
93,34244,High
94,34563,High
95,35817,High
96,34268,Medium
97,34292,Medium
98,34688,High
99,35966,Medium
100,35836,High
101,22241,Low
102,35976,Medium
103,27819,Low
104,34408,Low
105,35911,Medium
106,35374,High
107,34410,High
108,28043,Low
109,34841,Low
110,34837,Medium
111,35548,High
112,35918,High
113,34495,Low
114,34988,Low
115,35937,High
116,35341,Medium
117,35590,High
118,32782,Low
119,33740,Low
120,31337,Low
121,23693,Low
122,34089,Low
123,17530,Medium
124,35842,Medium
125,35750,Medium
126,34718,Low
127,35898,Medium
128,35887,High
129,32350,Low
130,32304,High
131,32554,Medium
132,32691,High
133,32803,Low
134,32915,Medium
135,32948,Low
136,32960,Medium
137,32963,Medium
138,35726,High
139,35948,Medium
140,33691,Low
141,34184,Low
142,35618,Medium
143,35082,Low
144,35945,High
145,35950,Medium
146,35909,High
147,34828,Low
148,35559,High
149,34344,High
150,34745,Low
151,33768,Low
152,29374,Low
153,34849,Medium
154,25244,Low
155,33419,Low
156,33599,Low
157,35927,Medium
158,33686,Low
159,35127,Low
160,34685,Low
161,34290,Medium
162,35336,High
163,35845,High
164,21729,Low
165,29763,Low
166,35935,Medium
167,21436,Low
168,30171,Low
169,35900,High
170,35701,Medium
171,35905,High
172,35906,High
173,26813,Low
174,35899,High
175,33119,Medium
176,35779,Medium
177,35913,High
178,35907,High
179,35832,High
180,35881,High
181,35914,Medium
182,35270,High
183,35550,High
184,35433,High
185,33205,Low
186,29846,Low
187,29268,Low
188,30207,Low
189,25181,High
190,26750,Low
191,32617,Medium
192,32665,Medium
193,32688,High
194,32703,Low
195,32705,Low
196,32730,High
197,35171,Medium
198,32555,Low
199,32504,Low
200,32680,Low
201,32525,Low
202,32527,Medium
203,32569,Low
204,32528,Low
205,32668,Low
206,32567,Medium
207,32653,Low
208,32741,Low
209,35922,Medium
210,35896,Medium
211,25537,Low
212,35411,High
213,32830,Low
214,33695,Low
215,34276,Medium
216,34278,Medium
217,30034,Low
218,34441,Medium
219,25594,Low
220,35234,Low
221,35710,High
222,32951,Low
223,34210,High
224,33875,Low
225,35053,High
226,34783,Low
227,35333,High
228,35332,High
229,32541,Low
230,32739,Low
231,32821,Low
232,34204,High
233,33884,Low
234,34239,Low
235,33649,Low
236,34179,Low
237,35867,Medium
238,34442,Low
239,31094,Low
240,35831,High
241,33896,Low
242,34792,Low
243,35893,Medium
244,35807,High
245,34999,Low
246,31505,Low
247,35828,High
248,34400,Medium
249,29614,Low
250,34282,Low
251,35800,High
252,35903,Medium
253,35904,High
254,35894,High
255,14887,Low
256,32076,Low
257,34973,Medium
258,35639,High
259,30020,Low
260,30956,Low
261,32325,High
262,32677,Medium
263,32679,High
264,32735,Low
265,32921,Low
266,32927,High
267,32928,Low
268,32933,Medium
269,29233,Low
270,29315,Low
271,29960,Low
272,30035,Low
273,31026,Low
274,34323,Low
275,34741,Low
276,27483,Low
277,26687,High
278,34752,Low
279,30000,Low
280,35758,Medium
281,35854,High
282,35874,Medium
283,35532,High
284,34557,Medium
285,35871,Medium
286,35876,Medium
287,19150,Low
288,35205,Low
289,30371,Low
290,35892,High
291,35641,Low
292,35239,Low
293,35700,Medium
294,31697,Low
295,35749,Medium
296,35733,High
297,35728,Low
298,35761,Medium
299,35776,Medium
300,25923,High
301,31022,Low
302,31565,Low
303,33495,Low
304,35323,Low
305,34084,High
306,34994,High
307,35006,High
308,34175,Low
309,35783,Medium
310,35419,Medium
311,35168,Low
312,34583,Low
313,35891,Medium
314,35834,High
315,35884,Medium
316,34529,Low
317,12606,Low
318,35823,Medium
319,31711,Low
320,32106,Low
321,32692,High
322,32865,High
323,32866,High
324,32898,High
325,33849,Low
326,34200,High
327,35325,Low
328,34857,Medium
329,34957,Low
330,34816,Low
331,21911,Low
332,35863,High
333,35820,Medium
334,35441,Medium
335,35844,Medium
336,35862,High
337,34871,High
338,35737,Medium
339,34146,Medium
340,35610,High
341,35734,Medium
342,29084,Low
343,34079,Low
344,35647,High
345,34606,High
346,28510,Low
347,35233,Medium
348,35865,High
349,31052,Low
350,32334,Low
351,31483,Low
352,33164,Low
353,35193,Low
354,35870,Medium
355,35868,Medium
356,32909,Medium
357,29460,Low
358,34188,High
359,34187,High
360,34190,High
361,35866,Medium
362,34893,Low
363,35861,Medium
364,21441,Low
365,34982,Low
366,29712,Low
367,35398,High
368,34872,High
369,35317,Medium
370,33639,Low
371,35818,High
372,33487,Low
373,32743,Low
374,32855,Medium
375,32897,High
376,31878,Low
377,29351,Medium
378,23578,Low
379,30666,Low
380,34722,Low
381,35201,Low
382,24715,Low
383,30186,Low
384,33006,Low
385,32696,Low
386,35833,Medium
387,35839,Medium
388,35805,Medium
389,34695,Low
390,35793,Medium
391,35821,High
392,34665,High
393,31796,Low
394,32842,High
395,31497,Low
396,33120,Low
397,35698,High
398,29709,Low
399,29238,Low
400,28670,Low
401,35811,High
402,23185,Low
403,34822,Low
404,24429,Low
405,32404,Low
406,32734,Medium
407,32877,Medium
408,29758,Low
409,31235,Low
410,34615,High
411,35155,High
412,33139,Low
413,30263,Low
414,35764,High
415,35630,High
416,34163,High
417,35669,High
418,29568,Low
419,34432,Low
420,33862,Low
421,35815,Medium
422,22234,High
423,35813,Medium
424,30849,Low
425,31790,Medium
426,35335,High
427,35367,Low
428,34127,Low
429,34157,Low
430,35797,High
431,30965,Low
432,31042,Low
433,30858,Low
434,30977,Low
435,30975,Low
436,30974,Low
437,30967,Low
438,30966,Low
439,30976,Low
440,31057,Low
441,30874,Medium
442,35806,Medium
443,30069,Low
444,29491,Low
445,34701,High
446,32778,Low
447,33976,Low
448,30378,Low
449,32804,Low
450,32235,Low
451,32835,High
452,32868,Medium
453,34137,Low
454,34153,High
455,34154,High
456,34066,Low
457,32004,Low
458,29505,Low
459,35286,Low
460,35766,High
461,31218,Low
462,31989,Low
463,29829,Low
464,32837,Medium
465,32858,Low
466,32861,Medium
467,34172,Medium
468,34602,Low
469,29663,Low
470,30341,Low
471,31944,Low
472,34424,High
473,35361,High
474,35484,Low
475,34474,High
476,35693,Low
477,34106,Low
478,35417,Medium
479,34381,High
480,31525,Low
481,26436,Low
482,34099,Low
483,30636,Low
484,34144,Low
485,35041,Low
486,35405,Low
487,35725,Medium
488,31192,Low
489,32516,Low
490,33954,Low
491,32258,Low
492,34742,Low
493,30298,Low
494,31693,High
495,32463,Low
496,32843,Medium
497,33925,Low
498,25379,Low
499,33963,Low
500,34048,Low
501,33017,Low
502,34156,Low
503,21747,Low
504,21310,High
505,34684,High
506,29536,Low
507,28216,Low
508,32832,Medium
509,34086,Medium
510,34118,Medium
511,34402,Low
512,33102,Low
513,34608,High
514,31059,Low
515,34719,Medium
516,30052,Low
517,33116,Low
518,21718,Low
519,30503,Low
520,35252,Medium
521,35778,Medium
522,34923,Low
523,25157,Low
524,32174,High
525,34092,Medium
526,34105,Low
527,34350,Medium
528,35664,Low
529,35762,High
530,34107,Medium
531,34110,Medium
532,31227,Low
533,34117,Low
534,34102,High
535,34112,Low
536,30375,Low
537,29286,Low
538,31567,Medium
539,33943,Low
540,33731,Low
541,32825,Medium
542,34094,Medium
543,32016,Low
544,35720,Medium
545,27696,Low
546,35537,Low
547,35488,High
548,34716,Medium
549,28420,Low
550,30494,Low
551,25414,Low
552,32824,Medium
553,33874,Low
554,31719,Low
555,32814,Medium
556,34028,Low
557,34037,Low
558,33906,Low
559,32808,Medium
560,33918,Low
561,31054,Low
562,35119,Low
563,35747,High
564,35232,High
565,35422,Low
566,33062,Low
567,35037,Low
568,30115,Low
569,30176,Low
570,34042,Low
571,34062,Low
572,34055,High
573,28263,Low
574,14845,Low
575,35730,Medium
576,19507,Low
577,33637,Low
578,32809,Medium
579,34047,Low
580,31391,Low
581,35241,High
582,25240,Low
583,35724,Medium
584,35727,Medium
585,35671,High
586,35588,High
587,33664,Low
588,33989,Low
589,11068,Low
590,35501,High
591,35651,High
592,34012,High
593,34016,Low
594,34027,Low
595,34022,High
596,34032,High
597,31121,Low
598,35688,Medium
599,35696,Medium
600,35597,High
601,35712,High
602,34001,High
603,33998,Low
604,34349,Low
605,35558,Medium
606,34833,Medium
607,34021,Low
608,34024,Low
609,34651,Low
610,35607,High
611,35194,Medium
612,34225,Low
613,35231,Medium
614,34337,Low
615,32791,Medium
616,34017,High
617,33178,Low
618,34332,Low
619,35538,Medium
620,35683,High
621,35452,High
622,35697,Medium
623,32070,Low
624,35694,Medium
625,35553,High
626,35653,Medium
627,35684,Medium
628,35682,Medium
629,28890,Low
630,32785,High
631,34002,High
632,25481,Low
633,34376,Low
634,35514,High
635,34211,Low
636,35451,Medium
637,34029,Low
638,32237,Low
639,34189,Low
640,33217,Low
641,35542,Medium
642,31331,Low
643,34509,Low
644,31118,Low
645,18398,Low
646,35623,Medium
647,32753,High
648,33992,Low
649,35475,High
650,33996,High
651,32203,Low
652,35638,Medium
653,34067,Low
654,35663,Medium
655,35612,Medium
656,35657,Medium
657,35567,Medium
658,33760,Low
659,30156,Low
660,35660,Medium
661,35659,Medium
662,29333,Low
663,35573,Medium
664,33606,Low
665,31047,Low
666,35650,High
667,35587,Medium
668,32260,Low
669,35376,High
670,33995,High
671,24224,Low
672,12167,Low
673,35547,High
674,30739,Low
675,35402,Low
676,28865,Low
677,30226,Low
678,33652,Low
679,35629,Medium
680,35592,High
681,28078,Low
682,28751,Low
683,33198,Low
684,33426,Low
685,32758,Low
686,31461,Low
687,28503,High
688,32884,Low
689,35622,Medium
690,26544,High
691,32144,Low
692,32464,Low
693,25656,Low
694,34250,Low
695,34878,High
696,29890,Low
697,28082,Low
698,35599,Medium
699,34249,Low
700,34123,Low
701,32740,Medium
702,33131,Low
703,35293,Medium
704,35602,Medium
705,30158,Low
706,33999,Medium
707,35504,High
708,34679,Low
709,32728,Medium
710,33667,Medium
711,35552,Medium
712,31273,Low
713,34507,Low
714,31203,Low
715,34114,Low
716,33842,Low
717,33961,High
718,29280,Low
719,35348,High
720,33670,Low
721,34692,High
722,35334,Low
723,35593,High
724,34601,High
725,35598,Medium
726,34824,Low
727,29348,Low
728,22938,Low
729,35589,High
730,34553,Low
731,35042,Low
732,35535,High
733,35322,Medium
734,35595,Medium
735,35596,Medium
736,33681,Low
737,33683,Medium
738,33986,Medium
739,29499,Low
740,30017,Low
741,35268,High
742,35591,Medium
743,29547,Low
744,23313,High
745,23561,Low
746,24316,Medium
747,33081,Low
748,29041,Low
749,30584,Low
750,35579,Medium
751,32702,Medium
752,32717,Low
753,33940,Low
754,33953,Medium
755,33689,Medium
756,28801,Low
757,26610,Low
758,29298,Low
759,35313,Medium
760,35568,Medium
761,35472,High
762,30862,Low
763,30864,Low
764,30969,Low
765,35574,Medium
766,34706,Medium
767,29336,Low
768,35556,Medium
769,33697,Medium
770,33858,Low
771,33719,Low
772,35184,Medium
773,27898,Low
774,34059,Low
775,34468,Low
776,35524,High
777,27857,Low
778,35563,Medium
779,33202,Low
780,35551,High
781,35230,High
782,35561,Medium
783,35520,Medium
784,32967,Low
785,35440,Medium
786,33704,Low
787,33706,Low
788,33969,Medium
789,34723,Medium
790,35324,Low
791,32669,Medium
792,33727,Medium
793,33710,Low
794,35143,Medium
795,29931,Low
796,32883,Low
797,19458,Low
798,33733,Low
799,33745,Medium
800,32222,Low
801,34612,Low
802,34599,Medium
803,27887,Low
804,35363,Low
805,35536,High
806,32984,Low
807,35249,High
808,32586,Low
809,33794,Medium
810,35523,High
811,35509,Medium
812,29228,Low
813,31879,Low
814,33959,Low
815,35515,Medium
816,31278,Low
817,33067,Medium
818,35518,Medium
819,35191,Low
820,35439,Medium
821,29517,Low
822,33898,Low
823,33907,Low
824,33926,Low
825,35513,Medium
826,33692,High
827,35512,Medium
828,32827,Low
829,35396,High
830,22211,Low
831,29068,Low
832,35511,Medium
833,32671,Low
834,33947,Low
835,34133,Medium
836,34735,High
837,30585,Low
838,29669,Low
839,34625,Medium
840,35493,Medium
841,35499,Medium
842,30841,Low
843,35310,Medium
844,35408,Medium
845,30870,Low
846,31572,Low
847,32662,Medium
848,33887,High
849,32985,Low
850,29696,Low
851,30097,Low
852,33428,High
853,35495,Medium
854,35485,Medium
855,35446,Medium
856,35478,High
857,35489,Medium
858,29715,Low
859,32432,Low
860,34372,High
861,29978,High
862,35420,Medium
863,29358,Low
864,32621,Low
865,32643,Low
866,32661,High
867,28665,Low
868,33752,Low
869,35447,High
870,35253,Medium
871,35267,Medium
872,35269,Medium
873,35275,Medium
874,35273,High
875,35136,High
876,35291,Medium
877,35298,Medium
878,29807,Low
879,35222,High
880,31674,Low
881,35362,High
882,35264,Medium
883,35309,Medium
884,35250,High
885,35297,High
886,35340,Medium
887,31452,Low
888,34288,Low
889,35453,Medium
890,34643,High
891,31174,Low
892,35473,Medium
893,33177,Low
894,32944,Low
895,35425,High
896,24627,High
897,30619,Low
898,31801,Low
899,31940,Low
900,32595,High
901,33877,High
902,21801,Medium
903,35429,High
904,35301,Medium
905,35338,Medium
906,33788,High
907,33807,High
908,33851,Low
909,33833,Low
910,35263,High
911,35262,Medium
912,35328,High
913,35320,High
914,35337,High
915,35346,Medium
916,35349,Medium
917,35355,Medium
918,35386,Medium
919,35403,High
920,35409,Medium
921,28453,Low
922,35390,Medium
923,35391,High
924,35393,Medium
925,35032,Medium
926,35395,High
927,35421,Medium
928,35437,Medium
929,35243,High
930,30206,Low
931,29507,Low
932,35438,Medium
933,32339,Medium
934,32372,High
935,32507,High
936,32509,High
937,32532,Low
938,32572,Low
939,32573,Medium
940,32583,Low
941,32587,Medium
942,32623,Medium
943,32632,High
944,33826,High
945,33814,High
946,33836,High
947,33850,Low
948,33848,High
949,33854,Low
950,35424,Medium
951,34868,Medium
952,25290,Low
953,20398,Low
954,35331,High
955,28992,Low
956,33477,Low
957,32969,Low
958,34219,High
959,34186,Low
960,35388,Medium
961,31325,Low
962,26799,Low
963,23537,Low
964,34008,Low
965,32857,Low
966,34767,Low
967,32476,Low
968,33532,Low
969,34605,Low
970,34712,High
971,34648,Low
972,27449,Low
973,35384,High
974,33124,Low
975,35357,Medium
976,29242,Low
977,33151,Low
978,31289,Medium
979,34131,Low
980,31346,Low
981,33764,Low
982,35373,Medium
983,31194,Low
984,35290,High
985,34266,Low
986,35339,Medium
987,33955,Low
988,35351,High
989,35240,Medium
990,35097,Medium
991,33636,Low
992,30162,Low
993,33799,Low
994,17553,Low
995,33229,Low
996,25441,Low
997,31941,High
998,31806,Low
999,32942,Low
1000,35033,High
1001,32590,Low
1002,34997,High
1003,34995,Medium
1004,34196,Low
1005,35242,High
1006,32710,Low
1007,33421,Low
1008,35046,High
1009,35056,Medium
1010,35210,High
1011,29681,Low
1012,35299,High
1013,32801,Low
1014,35278,Medium
1015,32787,Low
1016,32885,Low
1017,31846,Low
1018,35204,High
1019,32531,Low
1020,30850,Low
1021,34654,High
1022,33466,Low
1023,33573,Low
1024,27649,Low
1025,33994,Low
1026,34060,Low
1027,28525,Low
1028,32704,Low
1029,33136,Low
1030,32512,High
1031,32792,Low
1032,31393,Medium
1033,32862,Low
1034,33632,Low
1035,31874,Low
1036,35096,High
1037,35246,Medium
1038,35251,High
1039,32867,Low
1040,25675,Low
1041,33623,Low
1042,33016,Low
1043,30839,Low
1044,33109,Low
1045,33206,Low
1046,33034,Low
1047,33701,Low
1048,25186,Low
1049,34073,Low
1050,35118,Medium
1051,35149,Medium
1052,35148,Low
1053,35135,Medium
1054,35142,High
1055,35029,High
1056,35175,Medium
1057,35189,Medium
1058,35235,Medium
1059,35229,High
1060,34328,Medium
1061,35215,High
1062,34883,Medium
1063,35227,High
1064,35153,Medium
1065,34763,Low
1066,33403,Low
1067,24624,Low
1068,35223,Medium
1069,35220,Medium
1070,32545,Medium
1071,32838,Low
1072,32805,Low
1073,32136,Medium
1074,29714,Low
1075,29288,Low
1076,32514,Medium
1077,32533,High
1078,32539,Medium
1079,32856,Low
1080,35145,High
1081,22186,Low
1082,35180,Medium
1083,32872,Low
1084,32934,Low
1085,35177,High
1086,31298,Low
1087,30719,Low
1088,28299,Low
1089,27989,Low
1090,29922,Low
1091,27157,Low
1092,33866,Low
1093,32091,Low
1094,32481,Low
1095,33163,Low
1096,34318,Medium
1097,26237,Low
1098,33550,Low
1099,34537,Medium
1100,32460,High
1101,32765,Low
1102,33650,Low
1103,35150,Medium
1104,33412,Low
1105,35030,High
1106,32976,Low
1107,25389,Low
1108,34709,Medium
1109,32461,Medium
1110,33039,Low
1111,35140,Medium
1112,34768,High
1113,30863,High
1114,32494,High
1115,32816,Low
1116,32819,Low
1117,35072,Medium
1118,34990,Medium
1119,35048,Medium
1120,35102,Medium
1121,35112,Medium
1122,35120,Medium
1123,32940,Low
1124,32852,Low
1125,33592,Low
1126,32959,Low
1127,31610,Low
1128,35055,High
1129,34677,Low
1130,34497,High
1131,33571,Low
1132,34979,High
1133,32406,Medium
1134,32860,Low
1135,34928,High
1136,34063,Low
1137,35087,High
1138,34991,High
1139,31683,Medium
1140,32896,Low
1141,33056,Low
1142,33024,Low
1143,35061,Medium
1144,34867,High
1145,31000,Low
1146,27052,Low
1147,32415,Medium
1148,33091,Low
1149,33082,Low
1150,33115,Low
1151,33112,Low
1152,12534,Low
1153,34437,High
1154,35023,High
1155,34717,High
1156,34399,Medium
1157,27549,Low
1158,29055,Low
1159,34412,Medium
1160,35043,Medium
1161,33647,Low
1162,33157,Low
1163,35051,High
1164,33525,Low
1165,33213,Low
1166,31173,Low
1167,34178,Medium
1168,32414,High
1169,32459,Medium
1170,32417,Low
1171,34986,High
1172,35018,Medium
1173,35044,Medium
1174,35040,Medium
1175,32001,Medium
1176,32453,Low
1177,34998,High
1178,31251,Low
1179,31473,Low
1180,34987,Medium
1181,31303,Low
1182,35019,Medium
1183,32324,High
1184,32391,High
1185,32449,Medium
1186,29408,Low
1187,34269,Low
1188,16060,Low
1189,32328,Low
1190,34996,Medium
1191,34985,High
1192,35009,Medium
1193,35025,Medium
1194,35026,Medium
1195,31221,Low
1196,30464,Low
1197,26739,Low
1198,31205,Medium
1199,30246,Low
1200,16989,Low
1201,30081,Medium
1202,29904,Low
1203,34220,Low
1204,32557,Low
1205,34274,High
1206,32240,Medium
1207,32423,Low
1208,32438,High
1209,32439,Medium
1210,34673,High
1211,34627,High
1212,35002,Medium
1213,34902,High
1214,31149,Low
1215,33789,High
1216,35007,Medium
1217,35010,Medium
1218,32410,Medium
1219,18616,Low
1220,30860,Low
1221,33596,Low
1222,34312,High
1223,34938,Medium
1224,34443,Medium
1225,35004,Medium
1226,34007,Low
1227,31968,Low
1228,33059,Low
1229,34823,Medium
1230,32345,High
1231,33174,Low
1232,33204,Low
1233,33620,High
1234,33615,High
1235,28436,Low
1236,32412,High
1237,33542,Low
1238,33608,High
1239,33613,High
1240,33609,Low
1241,32389,Medium
1242,33603,High
1243,33216,Low
1244,34912,High
1245,34784,Medium
1246,34968,Medium
1247,34162,Low
1248,34775,High
1249,34984,Medium
1250,32612,Low
1251,32329,High
1252,32343,Medium
1253,32367,Medium
1254,33431,Low
1255,33440,Low
1256,33883,Low
1257,30772,Low
1258,32395,High
1259,33594,High
1260,33559,Low
1261,34914,Medium
1262,34607,Medium
1263,29702,Low
1264,31953,Low
1265,32333,Low
1266,32379,High
1267,33572,Low
1268,33631,Medium
1269,34890,High
1270,30095,Low
1271,32251,Medium
1272,32352,High
1273,32386,Medium
1274,33503,Low
1275,34382,Low
1276,31259,High
1277,31421,Low
1278,34543,Low
1279,31646,Medium
1280,32351,Low
1281,33569,High
1282,28697,Low
1283,32362,High
1284,32359,High
1285,32361,Medium
1286,33437,Low
1287,33555,Low
1288,30029,Low
1289,33441,Low
1290,33593,Medium
1291,34876,Medium
1292,34888,Medium
1293,34873,High
1294,34827,Low
1295,27266,Low
1296,34720,Medium
1297,34391,Medium
1298,34764,Medium
1299,34765,Low
1300,34863,Medium
1301,34862,Medium
1302,34866,Medium
1303,34532,Medium
1304,33587,Low
1305,34877,Medium
1306,34743,Low
1307,32384,Low
1308,27693,Low
1309,28823,Low
1310,30748,Low
1311,32301,Low
1312,26154,Low
1313,29965,Low
1314,31274,Low
1315,34865,Medium
1316,34813,Medium
1317,32291,Low
1318,32879,Low
1319,34855,High
1320,34852,High
1321,33422,Low
1322,31491,Low
1323,32726,Low
1324,32908,Low
1325,34789,High
1326,34656,High
1327,34698,High
1328,34856,Medium
1329,30277,Low
1330,34832,High
1331,31542,Medium
1332,32046,High
1333,32197,Low
1334,32289,Low
1335,32302,Medium
1336,32318,Medium
1337,33411,Low
1338,33509,Medium
1339,33424,Low
1340,33513,Low
1341,30365,Low
1342,34777,High
1343,34686,High
1344,34755,Medium
1345,34805,Medium
1346,34842,High
1347,34810,Low
1348,34772,High
1349,34661,Medium
1350,34297,High
1351,34825,Medium
1352,34830,Medium
1353,34821,Medium
1354,34839,Medium
1355,34836,Medium
1356,34840,Medium
1357,34095,Low
1358,34395,High
1359,34644,High
1360,32027,Medium
1361,32308,Medium
1362,33434,Low
1363,33505,Medium
1364,33498,Low
1365,21002,Low
1366,34610,High
1367,33103,Low
1368,31181,High
1369,33504,High
1370,34363,Low
1371,34116,High
1372,31480,High
1373,32217,High
1374,33458,High
1375,33493,High
1376,33461,High
1377,29312,Low
1378,31537,Low
1379,32707,Low
1380,30660,Low
1381,16376,Low
1382,27089,Low
1383,30191,Medium
1384,31601,Medium
1385,31606,Low
1386,32276,High
1387,32287,Medium
1388,33486,High
1389,33483,High
1390,33489,Low
1391,28660,Low
1392,34530,High
1393,33798,Medium
1394,34531,Medium
1395,29761,Low
1396,29974,Low
1397,34668,High
1398,29323,Low
1399,33474,High
1400,33473,High
1401,30575,Low
1402,34788,Medium
1403,29341,Low
1404,34658,High
1405,15826,Low
1406,32264,Medium
1407,32271,Medium
1408,31247,Low
1409,31275,Medium
1410,32216,High
1411,32254,Medium
1412,33444,Low
1413,34463,Medium
1414,34770,High
1415,29290,Low
1416,33735,Medium
1417,32483,Low
1418,34766,Medium
1419,34019,High
1420,31746,Low
1421,29073,Low
1422,32250,High
1423,32253,Low
1424,33013,Low
1425,34540,Medium
1426,23921,Low
1427,34760,Medium
1428,34762,Medium
1429,29472,Low
1430,28687,Low
1431,32224,High
1432,33470,Low
1433,34466,Low
1434,34023,Low
1435,33714,Medium
1436,33563,Low
1437,33190,Low
1438,30741,Low
1439,29454,Low
1440,32973,Low
1441,32876,Medium
1442,32864,Low
1443,32625,Low
1444,34584,High
1445,33423,Low
1446,34711,High
1447,34697,High
1448,34744,High
1449,31518,Low
1450,30335,Low
1451,34732,High
1452,34734,Medium
1453,34730,High
1454,34547,Medium
1455,34714,High
1456,34731,High
1457,34498,Medium
1458,34630,Medium
1459,31427,Low
1460,32051,Low
1461,32236,Medium
1462,30851,Low
1463,33981,Low
1464,32127,Low
1465,31748,Low
1466,31583,Low
1467,33430,High
1468,34243,Medium
1469,34361,Medium
1470,31442,Low
1471,34715,Medium
1472,33022,Low
1473,18472,Low
1474,28404,Low
1475,28970,Low
1476,34113,Low
1477,34657,Medium
1478,34031,Medium
1479,33980,Low
1480,32349,Low
1481,34505,Medium
1482,34504,Low
1483,34461,Medium
1484,34582,Medium
1485,34618,Medium
1486,34279,High
1487,34628,Medium
1488,31581,Low
1489,34603,Medium
1490,34638,Medium
1491,34669,Medium
1492,34703,Medium
1493,34484,High
1494,20011,Low
1495,34565,High
1496,32974,Low
1497,34683,Medium
1498,31111,Medium
1499,32201,High
1500,34689,Medium
1501,31103,Low
1502,34558,Medium
1503,33161,Low
1504,34604,Medium
1505,34642,Medium
1506,34681,High
1507,33410,Low
1508,34691,Medium
1509,29232,Low
1510,34450,Low
1511,29803,Low
1512,34405,Low
1513,34663,Medium
1514,34674,Medium
1515,34419,High
1516,31733,Low
1517,32044,Medium
1518,32143,Medium
1519,32187,Medium
1520,32191,Medium
1521,33401,High
1522,33394,Low
1523,30370,Low
1524,29303,Low
1525,34662,Medium
1526,34138,Medium
1527,33929,Low
1528,34617,Medium
1529,34561,Medium
1530,33010,Low
1531,32996,Low
1532,33390,High
1533,31704,Low
1534,34591,High
1535,33404,Low
1536,33488,Low
1537,32185,Medium
1538,33004,Low
1539,33037,Low
1540,31155,Medium
1541,33734,High
1542,34611,High
1543,34649,Medium
1544,31260,Low
1545,33194,Low
1546,33193,Low
1547,33208,Low
1548,33199,Low
1549,26331,Medium
1550,32108,Low
1551,34464,Medium
1552,21455,Low
1553,34013,Low
1554,30581,Low
1555,32157,Medium
1556,33220,High
1557,33376,High
1558,23443,Low
1559,34148,High
1560,33810,Medium
1561,32451,Low
1562,30903,Low
1563,32161,Medium
1564,33203,Low
1565,34554,Medium
1566,34454,High
1567,32918,Low
1568,34136,Low
1569,26985,Low
1570,33207,Medium
1571,31911,Medium
1572,9195,Low
1573,34592,Medium
1574,33494,Low
1575,34519,High
1576,13413,High
1577,31658,Low
1578,32145,Medium
1579,32132,Low
1580,33148,Low
1581,28012,Low
1582,34518,Low
1583,34364,Medium
1584,32786,High
1585,33183,Medium
1586,29424,Low
1587,34351,Low
1588,27107,Low
1589,33218,Medium
1590,33219,Medium
1591,31484,Low
1592,34545,Medium
1593,34434,High
1594,32080,Medium
1595,29433,Low
1596,33210,Low
1597,32771,Low
1598,29244,Low
1599,27712,Low
1600,32105,High
1601,33012,Low
1602,34301,Medium
1603,31407,Low
1604,31449,Low
1605,34451,Medium
1606,34467,High
1607,34409,High
1608,34167,Medium
1609,34411,High
1610,33214,Low
1611,32028,Low
1612,33110,Low
1613,33155,High
1614,33152,High
1615,34511,Medium
1616,34473,Medium
1617,32054,High
1618,33100,Low
1619,33165,Low
1620,34508,High
1621,34236,Low
1622,25509,High
1623,31605,Low
1624,33143,Low
1625,33141,Low
1626,33950,Low
1627,31056,Low
1628,28283,Low
1629,30972,Low
1630,32411,Low
1631,30475,High
1632,30717,High
1633,32071,High
1634,32082,Medium
1635,33129,Low
1636,34306,High
1637,34051,High
1638,30275,Low
1639,30971,Low
1640,30970,Low
1641,30968,Low
1642,30852,Medium
1643,34457,Medium
1644,24149,Low
1645,33839,Low
1646,34265,Medium
1647,32022,High
1648,32058,High
1649,33041,Low
1650,33035,Low
1651,34285,Medium
1652,34208,Low
1653,34309,High
1654,33728,Low
1655,29577,Low
1656,33051,Low
1657,33049,Low
1658,33113,High
1659,25041,Low
1660,30714,Low
1661,29271,Low
1662,30961,Low
1663,30960,Low
1664,30939,Low
1665,30847,Low
1666,30843,Medium
1667,30963,Low
1668,30865,Medium
1669,33960,Low
1670,33717,Low
1671,33060,High
1672,33105,High
1673,33071,High
1674,33075,High
1675,33171,Low
1676,32033,Low
1677,32049,Medium
1678,32053,Medium
1679,33078,High
1680,33077,High
1681,33098,Low
1682,33096,High
1683,34458,Medium
1684,34043,High
1685,33698,Low
1686,30530,Low
1687,31607,Low
1688,32039,Medium
1689,32045,Low
1690,33084,High
1691,33079,High
1692,29476,Low
1693,17968,Low
1694,34356,High
1695,34407,High
1696,29378,Low
1697,29412,Low
1698,29495,Low
1699,29717,Low
1700,30183,Medium
1701,32034,High
1702,32035,Low
1703,33092,High
1704,33087,High
1705,33106,Low
1706,33759,High
1707,29905,Low
1708,34394,High
1709,34413,High
1710,30846,Low
1711,34416,High
1712,34426,High
1713,32870,Low
1714,34422,Medium
1715,30283,Low
1716,31701,Medium
1717,31782,Medium
1718,31810,Medium
1719,31812,Medium
1720,31960,High
1721,32005,High
1722,32012,Medium
1723,32018,Medium
1724,32019,Medium
1725,32020,Low
1726,32021,Medium
1727,33080,Low
1728,29564,Low
1729,34414,Medium
1730,34168,High
1731,33644,Medium
1732,31993,Medium
1733,33111,Low
1734,32011,Medium
1735,34173,Medium
1736,32670,Low
1737,27658,Low
1738,28794,Low
1739,29164,Low
1740,33089,Medium
1741,30909,Low
1742,31994,Medium
1743,31996,High
1744,31997,Low
1745,31999,Medium
1746,32002,High
1747,33375,High
1748,34365,High
1749,34377,Medium
1750,33786,Low
1751,30377,Low
1752,31284,Low
1753,31988,Medium
1754,31991,Medium
1755,33061,Low
1756,33074,Medium
1757,32037,High
1758,28774,Low
1759,33618,Medium
1760,32023,Low
1761,34018,Low
1762,31749,Low
1763,31863,Medium
1764,31877,Low
1765,31890,High
1766,31987,Medium
1767,32919,Low
1768,33066,Low
1769,33020,Low
1770,34139,High
1771,34327,High
1772,33616,Low
1773,34229,High
1774,32497,Low
1775,34212,Medium
1776,34238,High
1777,28716,Low
1778,31986,Medium
1779,33720,Low
1780,31894,Medium
1781,31920,Medium
1782,34304,High
1783,34358,Medium
1784,27232,Low
1785,31959,Low
1786,31964,Low
1787,32818,Low
1788,33031,Low
1789,34313,Medium
1790,34101,Medium
1791,34147,Medium
1792,34169,Medium
1793,33771,Medium
1794,34289,Medium
1795,34286,High
1796,33685,High
1797,34334,Medium
1798,34143,High
1799,34336,Medium
1800,34295,High
1801,34240,High
1802,33855,Low
1803,34348,Medium
1804,34340,Medium
1805,34343,Medium
1806,34338,Medium
1807,34346,Medium
1808,34347,Medium
1809,34115,Medium
1810,31961,High
1811,31962,High
1812,31966,Medium
1813,31963,Medium
1814,32988,Medium
1815,32992,Medium
1816,32990,Medium
1817,34090,High
1818,31730,Low
1819,28557,Low
1820,29396,High
1821,31438,Low
1822,31845,Low
1823,31951,Low
1824,33005,Low
1825,30964,Low
1826,32134,Low
1827,31887,Medium
1828,31939,Medium
1829,32972,Medium
1830,33941,Low
1831,32875,Low
1832,34034,Medium
1833,25483,Low
1834,29390,Low
1835,28919,Low
1836,26987,High
1837,31287,Low
1838,31905,High
1839,31907,High
1840,31926,Medium
1841,31933,Medium
1842,32873,Medium
1843,32859,Medium
1844,33015,Medium
1845,30786,Low
1846,33642,Low
1847,34193,Low
1848,34231,Medium
1849,33195,Low
1850,33514,Low
1851,34316,Medium
1852,27552,Low
1853,31925,High
1854,31927,High
1855,31929,Low
1856,31930,Medium
1857,32886,Medium
1858,32880,Low
1859,32965,Medium
1860,29558,Low
1861,34126,High
1862,34315,Medium
1863,31928,Medium
1864,32924,Low
1865,32943,Low
1866,34256,High
1867,31136,Low
1868,34311,Medium
1869,32949,High
1870,32953,High
1871,32950,High
1872,32997,Medium
1873,32954,Low
1874,32844,Low
1875,33767,Medium
1876,34125,Medium
1877,34130,Medium
1878,34128,High
1879,34135,High
1880,34164,Medium
1881,34170,Medium
1882,34174,Medium
1883,34207,Medium
1884,34257,Medium
1885,34258,Medium
1886,34072,High
1887,30318,Low
1888,34199,High
1889,34277,Medium
1890,34262,Medium
1891,33641,Low
1892,34247,High
1893,33748,Medium
1894,34283,High
1895,33665,Medium
1896,34302,Medium
1897,31909,Medium
1898,29063,Low
1899,31820,Low
1900,31395,Medium
1901,31371,Medium
1902,30861,Low
1903,34291,Medium
1904,31038,Low
1905,29867,Low
1906,29308,Low
1907,31908,Medium
1908,32900,High
1909,32935,High
1910,32916,Low
1911,31045,Low
1912,31178,Medium
1913,32902,High
1914,31163,Low
1915,33114,Medium
1916,27537,Low
1917,34237,High
1918,32903,High
1919,32904,High
1920,34103,High
1921,33668,Low
1922,33957,Medium
1923,32893,High
1924,32912,Low
1925,34259,Medium
1926,32913,Low
1927,34201,Medium
1928,34061,Medium
1929,31592,High
1930,31893,Medium
1931,34194,Medium
1932,28784,Low
1933,32784,Low
1934,31602,Medium
1935,31888,High
1936,31788,High
1937,30373,Low
1938,22005,Low
1939,27952,Low
1940,31871,Medium
1941,31882,Medium
1942,32881,High
1943,32882,High
1944,28777,Low
1945,30888,Low
1946,31436,Low
1947,29203,Low
1948,34182,Medium
1949,31653,Low
1950,31807,Low
1951,32874,High
1952,33172,Low
1953,31551,Low
1954,33425,Low
1955,28905,Low
1956,31844,Medium
1957,33738,Low
1958,33605,Medium
1959,32366,Low
1960,32377,Low
1961,32374,Low
1962,18132,Low
1963,34033,Low
1964,32839,High
1965,30617,Low
1966,29624,Low
1967,19981,Low
1968,32854,High
1969,29915,Low
1970,31604,High
1971,31774,Medium
1972,31852,Medium
1973,31854,High
1974,30790,Medium
1975,31808,High
1976,31823,Medium
1977,32829,Low
1978,33577,Low
1979,27504,Low
1980,31954,Low
1981,34152,High
1982,30403,Low
1983,31440,Low
1984,33454,Low
1985,31832,Medium
1986,32571,Low
1987,30533,Low
1988,33604,Low
1989,31714,High
1990,31799,Medium
1991,32630,Low
1992,32383,Low
1993,34140,High
1994,32394,Low
1995,32817,Medium
1996,25494,High
1997,33860,Low
1998,34132,Medium
1999,34056,Medium
2000,34119,High
2001,28250,Low
2002,33846,High
2003,32810,Low
2004,32806,Low
2005,32812,Low
2006,32802,Low
2007,33228,Medium
2008,33225,High
2009,32385,Low
2010,33150,High
2011,33750,Medium
2012,31508,Medium
2013,32401,Low
2014,32467,Low
2015,32820,Low
2016,34054,Medium
2017,32929,Low
2018,33138,Medium
2019,33528,High
2020,31210,Low
2021,31787,High
2022,32491,Low
2023,32798,Low
2024,29234,Low
2025,30568,Low
2026,33520,Low
2027,34091,Medium
2028,34109,Medium
2029,31791,Medium
2030,32517,Low
2031,32713,Low
2032,30746,Low
2033,34093,Medium
2034,30320,Low
2035,33101,Medium
2036,31692,Medium
2037,31785,High
2038,32657,Medium
2039,32795,Low
2040,34088,Medium
2041,34087,Medium
2042,31773,High
2043,32542,Low
2044,32799,Low
2045,34053,High
2046,33501,Low
2047,34077,High
2048,34075,Medium
2049,34074,Medium
2050,34078,Medium
2051,34076,High
2052,33029,Low
2053,32780,Low
2054,33651,High
2055,33531,Medium
2056,34045,High
2057,32442,Low
2058,29196,Low
2059,29977,Low
2060,34041,High
2061,34065,Medium
2062,34070,High
2063,34052,Medium
2064,34057,Medium
2065,34069,High
2066,33602,High
2067,34068,Medium
2068,34046,Medium
2069,30859,Low
2070,30848,Low
2071,29932,Low
2072,31243,Medium
2073,32510,Low
2074,32767,Low
2075,33815,Medium
2076,33648,Medium
2077,32813,Low
2078,33964,Medium
2079,29302,Low
2080,32515,Low
2081,32649,High
2082,32597,Low
2083,33716,High
2084,34038,Medium
2085,31643,Low
2086,33534,Low
2087,33847,High
2088,30589,High
2089,32759,Medium
2090,24515,Low
2091,27203,Low
2092,31314,Low
2093,33923,High
2094,31183,Low
2095,33700,High
2096,30058,Low
2097,32535,Medium
2098,32530,Medium
2099,33942,Medium
2100,34036,Medium
2101,33824,Medium
2102,33895,High
2103,30736,Low
2104,6480,Low
2105,27941,Low
2106,32754,High
2107,32738,Low
2108,29617,Low
2109,33931,High
2110,33928,Medium
2111,32556,Medium
2112,32562,Medium
2113,32558,Medium
2114,32300,Low
2115,29566,Low
2116,29698,Low
2117,29782,Low
2118,29991,Low
2119,30055,Low
2120,30827,Low
2121,31213,Low
2122,31755,Low
2123,33508,Low
2124,33617,Medium
2125,33451,Low
2126,33787,High
2127,32745,High
2128,32563,Medium
2129,32750,High
2130,33775,Low
2131,32275,Low
2132,26342,Medium
2133,27159,Medium
2134,27942,Low
2135,28072,Medium
2136,28490,Low
2137,29375,Medium
2138,31712,High
2139,32568,Medium
2140,32579,Medium
2141,32306,Low
2142,31955,Low
2143,31474,Low
2144,31744,Medium
2145,34000,High
2146,33634,Low
2147,32742,Low
2148,33527,Low
2149,33170,Low
2150,33556,Medium
2151,33568,Low
2152,33455,Low
2153,33626,Low
2154,33886,Medium
2155,33834,High
2156,33400,Low
2157,28718,Low
2158,33987,High
2159,32239,Low
2160,33191,Low
2161,33993,Medium
2162,33997,Medium
2163,30591,Low
2164,33979,Medium
2165,21301,Low
2166,31269,Low
2167,31561,Medium
2168,32701,Medium
2169,32709,Medium
2170,32708,Medium
2171,32711,Low
2172,32773,Medium
2173,32721,Low
2174,33971,Medium
2175,33975,Medium
2176,33913,High
2177,32836,Low
2178,34005,Medium
2179,33147,Low
2180,33132,High
2181,33968,Medium
2182,33395,High
2183,34009,Medium
2184,34010,High
2185,27099,Low
2186,30855,Low
2187,32727,High
2188,32729,High
2189,32682,Low
2190,32716,Low
2191,33417,Medium
2192,25704,Medium
2193,31713,Low
2194,32823,Low
2195,31061,Medium
2196,31703,Medium
2197,32706,High
2198,31143,Medium
2199,31690,Medium
2200,31698,Medium
2201,32690,Medium
2202,33612,High
2203,30502,Low
2204,31578,Low
2205,32697,High
2206,31379,Low
2207,29153,Low
2208,31722,Low
2209,31671,Medium
2210,31747,Medium
2211,30018,Low
2212,33772,Low
2213,33835,High
2214,31672,Medium
2215,31677,Medium
2216,32675,Medium
2217,32681,Medium
2218,30278,Medium
2219,25668,Low
2220,33922,Medium
2221,33524,Medium
2222,33380,Medium
2223,27994,Low
2224,25246,Low
2225,31228,Low
2226,33713,High
2227,25696,Low
2228,31603,High
2229,31628,Medium
2230,30754,Low
2231,31660,Medium
2232,32582,Low
2233,32581,Medium
2234,32584,Low
2235,33457,Low
2236,33065,Low
2237,30459,High
2238,30854,Low
2239,32591,Medium
2240,32600,Medium
2241,32592,Medium
2242,32604,Medium
2243,31621,Medium
2244,32596,Low
2245,32610,Medium
2246,32605,Medium
2247,32614,Medium
2248,32613,Medium
2249,32629,Low
2250,32624,Low
2251,32639,Medium
2252,32664,Medium
2253,32663,Medium
2254,32667,Medium
2255,33418,Low
2256,32888,Medium
2257,29209,Low
2258,29401,Low
2259,33917,Low
2260,28674,Low
2261,28800,Low
2262,33951,Medium
2263,29284,Low
2264,29326,Low
2265,33021,Medium
2266,32616,Low
2267,31853,Low
2268,31585,Medium
2269,31410,Medium
2270,31405,Medium
2271,33921,Medium
2272,33154,Low
2273,33944,High
2274,33933,High
2275,33904,High
2276,33894,Medium
2277,33169,Low
2278,31769,Low
2279,31637,Medium
2280,32645,Medium
2281,32658,Medium
2282,33934,Medium
2283,30578,Low
2284,27741,Low
2285,27333,Low
2286,32689,Low
2287,33221,Medium
2288,31897,Medium
2289,32656,High
2290,32652,High
2291,30784,Medium
2292,32647,High
2293,31599,Medium
2294,31623,Medium
2295,32626,Low
2296,32732,Low
2297,32634,High
2298,31586,Medium
2299,32338,Low
2300,33680,Low
2301,33905,Medium
2302,29457,Low
2303,29557,Low
2304,29910,Low
2305,29981,Low
2306,30067,Low
2307,30771,Low
2308,33793,High
2309,32672,Low
2310,28667,Low
2311,31374,Low
2312,30959,High
2313,31515,Low
2314,32618,Low
2315,32331,Low
2316,31546,High
2317,31574,High
2318,31563,Medium
2319,31520,High
2320,32628,Medium
2321,31152,Medium
2322,33868,High
2323,31253,Low
2324,33844,Medium
2325,33383,High
2326,33687,High
2327,33751,High
2328,33725,High
2329,33742,High
2330,33696,High
2331,33659,Medium
2332,33699,Medium
2333,33753,Medium
2334,33871,Medium
2335,33429,Medium
2336,33857,Medium
2337,30429,Low
2338,30951,Medium
2339,31545,High
2340,29317,Low
2341,33739,High
2342,33416,Low
2343,33737,Medium
2344,33741,High
2345,33757,Medium
2346,33853,Medium
2347,33796,High
2348,31539,High
2349,31549,Medium
2350,33774,Medium
2351,31249,Medium
2352,33562,Medium
2353,29237,Low
2354,29590,Low
2355,31419,Low
2356,31511,High
2357,31528,High
2358,31540,Medium
2359,32496,Low
2360,31526,Medium
2361,31372,High
2362,31382,High
2363,31527,Medium
2364,32537,Low
2365,29405,Low
2366,31148,Low
2367,33800,High
2368,33816,High
2369,28517,Low
2370,31245,High
2371,32552,Low
2372,32548,High
2373,27003,Low
2374,31493,Medium
2375,32550,High
2376,33009,Low
2377,30842,Low
2378,14520,Low
2379,31843,Low
2380,33766,High
2381,31937,Low
2382,31945,Low
2383,29265,Low
2384,33584,Medium
2385,33625,Medium
2386,33624,Medium
2387,25790,Low
2388,33663,Medium
2389,33586,High
2390,33763,High
2391,33633,High
2392,33797,Medium
2393,30936,Medium
2394,30506,Low
2395,31626,Low
2396,32495,Low
2397,32505,Low
2398,33781,Medium
2399,33662,Low
2400,33693,Low
2401,32945,Low
2402,33723,Medium
2403,28709,Low
2404,31416,High
2405,31476,Medium
2406,32500,Low
2407,32546,Medium
2408,32501,Low
2409,33712,Medium
2410,33657,High
2411,33762,Medium
2412,30711,Low
2413,31448,Medium
2414,31179,High
2415,31463,Medium
2416,31472,Medium
2417,31478,Medium
2418,31481,Medium
2419,32378,Low
2420,33732,High
2421,32553,Low
2422,33744,Medium
2423,30593,Low
2424,30807,Low
2425,30935,High
2426,31453,Low
2427,31469,High
2428,32376,Low
2429,31921,Low
2430,32428,Medium
2431,32409,Low
2432,32430,Low
2433,32458,Low
2434,32452,Low
2435,32465,Low
2436,32462,Low
2437,32484,Low
2438,33722,Medium
2439,33709,Medium
2440,33711,Low
2441,31397,Low
2442,32466,Low
2443,32478,Low
2444,32469,Low
2445,32493,Low
2446,30958,Low
2447,32474,Low
2448,31464,Medium
2449,32471,Low
2450,31446,Low
2451,30041,Low
2452,27502,Low
2453,30706,Low
2454,30938,Low
2455,30948,Low
2456,31354,Low
2457,31369,Low
2458,31329,High
2459,31412,Low
2460,31432,Low
2461,31815,Low
2462,32347,Low
2463,31437,Low
2464,31441,High
2465,32437,Low
2466,32440,High
2467,32342,Low
2468,33705,High
2469,30078,Medium
2470,31430,Medium
2471,32448,Low
2472,30641,Low
2473,31394,High
2474,30108,Low
2475,33702,Medium
2476,31330,High
2477,32400,High
2478,32396,Low
2479,33540,High
2480,30661,Medium
2481,32402,Low
2482,32407,Low
2483,31360,High
2484,32454,Medium
2485,32408,Low
2486,29151,Low
2487,32447,Low
2488,33600,Medium
2489,31120,Medium
2490,31851,Medium
2491,32631,Medium
2492,31356,Medium
2493,31377,High
2494,27231,Low
2495,32487,Low
2496,28423,Low
2497,33660,High
2498,32388,High
2499,32387,High
2500,30953,High
2501,31193,Low
2502,24855,Low
2503,31190,Low
2504,33640,High
2505,30005,Low
2506,23465,Low
2507,33635,Medium
2508,33121,Medium
2509,22744,High
2510,27946,Low
2511,29883,Low
2512,31349,Medium
2513,31351,Medium
2514,32392,Medium
2515,31322,High
2516,33407,Low
2517,33591,Medium
2518,33583,Medium
2519,29158,Low
2520,30574,Low
2521,31324,Low
2522,31956,Low
2523,31573,Low
2524,30638,High
2525,31290,High
2526,32991,Low
2527,31319,Medium
2528,31936,Low
2529,33521,Medium
2530,31946,Low
2531,31307,High
2532,31320,Medium
2533,31949,Medium
2534,31932,Low
2535,31935,Low
2536,29849,Low
2537,27243,Low
2538,30866,Medium
2539,31283,Medium
2540,31286,Medium
2541,31979,Medium
2542,33575,Medium
2543,30952,Medium
2544,30955,High
2545,31952,Low
2546,28480,Low
2547,33085,High
2548,31995,Low
2549,32006,Medium
2550,32000,Medium
2551,26661,Low
2552,32009,Medium
2553,32014,Medium
2554,32010,Medium
2555,32015,Low
2556,31291,High
2557,33536,High
2558,27721,Low
2559,32024,Medium
2560,32032,Medium
2561,32031,Low
2562,32413,Low
2563,32150,Low
2564,29587,Low
2565,30922,Low
2566,30940,Low
2567,30945,High
2568,30946,Medium
2569,30957,Medium
2570,30962,Low
2571,31238,High
2572,28924,Low
2573,31975,Low
2574,27355,Low
2575,33497,Medium
2576,30690,Low
2577,33515,Medium
2578,33516,Medium
2579,30317,Low
2580,30873,Medium
2581,30954,High
2582,29929,Low
2583,31869,Low
2584,28894,Low
2585,33506,Medium
2586,31215,Low
2587,31257,Medium
2588,32036,High
2589,31234,Medium
2590,31250,Low
2591,32040,High
2592,32047,High
2593,32043,Low
2594,32048,Low
2595,32050,Low
2596,33104,High
2597,31270,Medium
2598,33496,High
2599,31132,Medium
2600,33405,High
2601,31223,Medium
2602,32060,High
2603,32056,High
2604,32068,High
2605,32067,Low
2606,32072,High
2607,31214,Medium
2608,29386,Low
2609,32310,Low
2610,29621,Low
2611,30950,High
2612,31006,High
2613,31180,Low
2614,31185,Low
2615,31206,Low
2616,31754,Medium
2617,33408,High
2618,28200,Low
2619,22747,Low
2620,20119,Low
2621,33445,Medium
2622,33436,High
2623,33200,High
2624,31165,Medium
2625,31172,High
2626,33433,Medium
2627,33415,Medium
2628,29325,Low
2629,30918,Low
2630,31160,High
2631,31166,High
2632,31167,Medium
2633,31169,Medium
2634,31170,High
2635,31127,Low
2636,31147,Low
2637,31159,Low
2638,30934,Medium
2639,30943,Medium
2640,31138,Medium
2641,31161,Low
2642,31085,High
2643,31086,Low
2644,31137,Low
2645,32485,Low
2646,31087,High
2647,31105,High
2648,31089,High
2649,31097,High
2650,32899,Low
2651,28549,Low
2652,31300,Medium
2653,31091,High
2654,31139,Low
2655,32807,Low
2656,29975,Low
2657,30912,Low
2658,31104,Medium
2659,31126,Medium
2660,31130,Medium
2661,31131,Medium
2662,33014,Low
2663,29379,Low
2664,31093,Low
2665,33389,Medium
2666,23480,Low
2667,29255,Low
2668,31119,Medium
2669,31074,Low
2670,31922,Low
2671,27480,Low
2672,31096,High
2673,31055,Low
2674,32561,Low
2675,30891,Low
2676,31058,Low
2677,31101,Medium
2678,33226,Medium
2679,33377,Medium
2680,30101,Low
2681,31695,Low
2682,33185,High
2683,32651,Low
2684,31092,High
2685,31051,Low
2686,31076,Low
2687,29638,Low
2688,31068,High
2689,31081,Medium
2690,30917,Low
2691,30892,Medium
2692,31069,Medium
2693,31019,Low
2694,31023,Low
2695,24409,Low
2696,31071,Medium
2697,31018,High
2698,30893,Medium
2699,31016,High
2700,30541,Low
2701,31015,Low
2702,31030,Low
2703,31048,Medium
2704,31050,Medium
2705,25093,Low
2706,28929,Low
2707,30716,Medium
2708,31004,High
2709,32594,Medium
2710,31043,Medium
2711,30875,Medium
2712,30904,Low
2713,30947,Low
2714,31034,Low
2715,30987,High
2716,30908,Low
2717,30346,Low
2718,31014,Medium
2719,31020,Medium
2720,31029,Medium
2721,30980,High
2722,30926,High
2723,32797,Low
2724,27204,Low
2725,33158,Medium
2726,33149,Medium
2727,33046,High
2728,33018,Medium
2729,33002,Medium
2730,31021,Medium
2731,30982,High
2732,30997,High
2733,30983,High
2734,31017,Medium
2735,30986,High
2736,30985,High
2737,30990,High
2738,29747,Medium
2739,30867,Medium
2740,30868,Medium
2741,30869,Medium
2742,30871,Low
2743,30872,Medium
2744,30876,High
2745,30877,High
2746,30992,Medium
2747,30942,High
2748,33144,Medium
2749,30829,Low
2750,30857,Medium
2751,31012,Medium
2752,33063,High
2753,33093,High
2754,30550,Low
2755,33107,Medium
2756,30944,Low
2757,30831,Medium
2758,30844,Medium
2759,30998,Medium
2760,30937,Low
2761,30840,Low
2762,30879,Low
2763,32627,High
2764,32323,High
2765,26003,Low
2766,30387,Low
2767,30923,High
2768,30932,High
2769,30845,Low
2770,32503,Low
2771,30931,Low
2772,30924,Low
2773,30927,Medium
2774,30949,High
2775,30910,Medium
2776,30821,Low
2777,32994,Medium
2778,33064,Medium
2779,29866,Low
2780,30895,Medium
2781,30750,Low
2782,30907,Medium
2783,30885,Low
2784,30889,Low
2785,30662,Medium
2786,30880,Medium
2787,30884,Medium
2788,30887,Medium
2789,30894,Medium
2790,30898,High
2791,30902,Medium
2792,32987,Medium
2793,30818,Medium
2794,30825,Medium
2795,30826,Low
2796,30830,Medium
2797,30833,Medium
2798,30834,Medium
2799,30878,Low
2800,30883,Medium
2801,33025,Medium
2802,28502,Low
2803,31157,Low
2804,30805,Medium
2805,30886,Medium
2806,30901,Low
2807,31025,Low
2808,30921,Low
2809,32676,Low
2810,32506,Low
2811,31005,Medium
2812,32999,Medium
2813,33032,Medium
2814,30835,Medium
2815,31035,Low
2816,31033,Low
2817,31109,Low
2818,31039,Low
2819,31113,Low
2820,33008,High
2821,20157,Low
2822,30828,Medium
2823,31142,Low
2824,31282,Low
2825,31261,Low
2826,31305,Low
2827,31302,Low
2828,31339,Low
2829,32348,Low
2830,26426,Low
2831,32831,Medium
2832,30820,Medium
2833,31361,Low
2834,31418,Low
2835,31504,Low
2836,31455,Low
2837,31506,Low
2838,32078,Medium
2839,16522,High
2840,28056,Low
2841,30941,Low
2842,30819,Medium
2843,31758,Low
2844,31770,Medium
2845,31767,Low
2846,31934,Low
2847,32086,Medium
2848,32083,Low
2849,29593,Low
2850,30800,Medium
2851,30801,Medium
2852,30802,Medium
2853,30803,Medium
2854,30804,Low
2855,30810,Medium
2856,30816,Medium
2857,32063,Low
2858,32059,Low
2859,32069,Low
2860,32088,Low
2861,32075,Low
2862,32089,Medium
2863,32090,Medium
2864,30601,Medium
2865,30787,Medium
2866,30812,Medium
2867,30814,Medium
2868,32093,Medium
2869,32081,Medium
2870,32100,Medium
2871,32094,Medium
2872,32109,Low
2873,32104,Low
2874,32110,Medium
2875,29319,Low
2876,18945,Low
2877,30082,Low
2878,32297,Low
2879,30271,Low
2880,30761,Low
2881,30806,Medium
2882,32111,Low
2883,32114,Medium
2884,32112,Medium
2885,32116,Low
2886,32115,Medium
2887,32118,Low
2888,32119,Low
2889,30670,High
2890,30760,Low
2891,30789,Medium
2892,30795,Low
2893,30797,Medium
2894,30798,Medium
2895,32125,Medium
2896,32121,Low
2897,32128,Medium
2898,32126,Low
2899,32130,Low
2900,32129,Medium
2901,32131,Medium
2902,26929,Low
2903,27008,Low
2904,31197,Low
2905,30791,Medium
2906,32146,Medium
2907,32148,Low
2908,32147,Medium
2909,32153,Low
2910,32149,Low
2911,32154,Medium
2912,32155,Medium
2913,30920,Low
2914,31655,Low
2915,30501,Low
2916,30510,Low
2917,30513,Low
2918,30536,Medium
2919,30542,Low
2920,30556,Medium
2921,30725,Medium
2922,30755,Medium
2923,30759,Low
2924,30780,Medium
2925,30785,Low
2926,32156,Medium
2927,32159,Low
2928,32158,Medium
2929,32173,Low
2930,32170,Medium
2931,32180,Medium
2932,32182,Low
2933,32654,Low
2934,32330,Medium
2935,30762,Medium
2936,30768,Medium
2937,30773,Medium
2938,32188,Low
2939,32190,Medium
2940,32189,Low
2941,32196,Medium
2942,32202,Medium
2943,32198,Low
2944,32204,Medium
2945,32205,Medium
2946,32211,Medium
2947,32210,Medium
2948,32219,Medium
2949,32213,Medium
2950,32221,Medium
2951,32220,Medium
2952,32223,Medium
2953,32229,Medium
2954,32225,Medium
2955,32233,Medium
2956,32232,Medium
2957,32238,Medium
2958,32234,Low
2959,31715,Low
2960,21342,High
2961,32241,Medium
2962,32246,Medium
2963,32242,Low
2964,32249,Medium
2965,32248,Medium
2966,32252,Medium
2967,28602,Low
2968,30788,Low
2969,32499,Low
2970,30758,High
2971,32255,Low
2972,32259,Medium
2973,32256,Medium
2974,32262,Medium
2975,32261,Low
2976,32269,Low
2977,32265,Medium
2978,32097,Medium
2979,28140,Low
2980,30497,Low
2981,30712,High
2982,32273,Medium
2983,32279,Low
2984,32274,Medium
2985,32283,Medium
2986,32293,Low
2987,32288,Medium
2988,31784,Medium
2989,32290,Medium
2990,32311,Low
2991,32299,Medium
2992,32312,Low
2993,32332,Medium
2994,32327,Medium
2995,32340,Medium
2996,32335,Medium
2997,28011,Low
2998,30505,High
2999,30654,High
3000,30657,Medium
3001,30708,Low
3002,30726,Medium
3003,32344,Low
3004,32341,Medium
3005,32353,Medium
3006,32369,Medium
3007,32358,Medium
3008,32373,Medium
3009,32370,Medium
3010,29998,Low
3011,30552,Medium
3012,30560,Low
3013,30569,Low
3014,30582,Medium
3015,30633,Medium
3016,30634,Medium
3017,30635,Medium
3018,30658,Low
3019,30697,High
3020,30700,Medium
3021,30704,Low
3022,30729,Low
3023,30735,Low
3024,29462,Low
3025,30703,Medium
3026,30707,Medium
3027,28446,Low
3028,32192,Medium
3029,30727,High
3030,30732,Medium
3031,31616,Low
3032,28835,Low
3033,30622,Low
3034,30698,Medium
3035,30724,High
3036,30728,Medium
3037,28556,Low
3038,28906,Low
3039,30718,Low
3040,30722,Medium
3041,30165,Low
3042,32122,Low
3043,31710,Low
3044,32244,Medium
3045,32141,Low
3046,32270,Low
3047,31530,Medium
3048,32360,Low
3049,28298,Low
3050,31533,Low
3051,31413,Low
3052,30614,Low
3053,30702,High
3054,28330,Low
3055,32142,Low
3056,30147,Low
3057,32062,Medium
3058,31876,Low
3059,30563,Low
3060,29584,Low
3061,30098,Low
3062,29008,Low
3063,29141,Low
3064,29963,Low
3065,30553,Low
3066,29630,Low
3067,28876,Low
3068,30531,High
3069,30642,Medium
3070,30671,Low
3071,30674,Medium
3072,30678,High
3073,30705,High
3074,30667,Low
3075,32168,Low
3076,29820,Low
3077,31980,Low
3078,30538,Low
3079,30757,Low
3080,30431,Low
3081,30440,Low
3082,30439,Low
3083,30450,Low
3084,30677,High
3085,30699,Medium
3086,30456,Low
3087,30457,Low
3088,30659,Low
3089,29923,Low
3090,29768,Low
3091,30516,Low
3092,30665,Low
3093,30676,Medium
3094,30681,Medium
3095,30687,High
3096,30692,Low
3097,30465,Low
3098,31385,Low
3099,30458,Low
3100,30683,Low
3101,30815,Low
3102,30258,Low
3103,29668,Low
3104,30682,Medium
3105,30467,Low
3106,30476,Low
3107,30559,Low
3108,29205,Low
3109,30004,Low
3110,30608,Medium
3111,30649,High
3112,30675,Medium
3113,30680,Medium
3114,30567,Medium
3115,30562,Low
3116,30648,Medium
3117,30583,Low
3118,30586,Low
3119,30577,Low
3120,30598,Low
3121,30594,Medium
3122,30600,Low
3123,30621,Low
3124,29501,Low
3125,29544,Low
3126,30640,Low
3127,30644,Low
3128,16067,Low
3129,31560,Medium
3130,30564,Low
3131,30572,Low
3132,30630,Low
3133,30626,High
3134,30407,Low
3135,29579,Low
3136,30565,High
3137,30597,Low
3138,30625,Low
3139,30624,High
3140,32113,Low
3141,29508,Low
3142,19709,Low
3143,29645,Low
3144,29873,Low
3145,30602,Low
3146,28444,Low
3147,26942,Low
3148,30651,High
3149,30612,High
3150,30646,Medium
3151,32307,Low
3152,30615,High
3153,29516,Low
3154,30019,Medium
3155,29600,Low
3156,30610,High
3157,32181,High
3158,23764,High
3159,31579,Low
3160,30557,High
3161,30613,Low
3162,32298,High
3163,31292,Medium
3164,32065,Low
3165,30089,Low
3166,30756,Low
3167,30620,Medium
3168,31923,Low
3169,30607,Low
3170,25701,High
3171,30178,High
3172,30605,Medium
3173,30603,Medium
3174,28934,Low
3175,32295,Low
3176,29636,Low
3177,30495,High
3178,29984,High
3179,30483,Medium
3180,30490,Medium
3181,22681,Low
3182,31281,Medium
3183,22762,Low
3184,30491,Low
3185,30492,Medium
3186,30519,High
3187,30524,High
3188,30525,Low
3189,30529,High
3190,30527,Low
3191,32087,Medium
3192,30558,Low
3193,30504,High
3194,30498,High
3195,29908,Low
3196,30555,Medium
3197,30507,Low
3198,30511,Low
3199,31321,Low
3200,29964,Low
3201,30325,Medium
3202,30408,Medium
3203,30462,Medium
3204,30518,Medium
3205,30521,Medium
3206,29218,Low
3207,30509,Medium
3208,30453,Medium
3209,30455,High
3210,30239,Low
3211,30234,Low
3212,29161,Low
3213,30479,Medium
3214,30426,High
3215,30836,High
3216,29528,Low
3217,30309,Medium
3218,30430,Medium
3219,30433,Low
3220,30471,Medium
3221,30474,Medium
3222,30477,High
3223,30482,Low
3224,30486,Medium
3225,30487,High
3226,30421,High
3227,32272,Medium
3228,30925,Low
3229,30423,High
3230,30460,Medium
3231,30604,Low
3232,29473,Low
3233,30212,Low
3234,31969,Low
3235,30447,High
3236,28807,Low
3237,31373,Low
3238,31277,Low
3239,30443,Low
3240,29818,Low
3241,30110,Medium
3242,30163,Medium
3243,30211,Medium
3244,30276,High
3245,30366,Low
3246,30392,High
3247,30398,Medium
3248,30409,Medium
3249,30428,Low
3250,30436,Medium
3251,30442,High
3252,31775,Low
3253,29132,Low
3254,30435,Medium
3255,30794,Low
3256,32313,Low
3257,28844,High
3258,30386,Medium
3259,30418,Low
3260,30419,Medium
3261,32103,Low
3262,30404,Low
3263,30410,Medium
3264,30414,Medium
3265,32057,Medium
3266,32294,Medium
3267,31817,Medium
3268,28712,Low
3269,29615,Low
3270,29648,Medium
3271,29887,High
3272,30232,High
3273,30394,High
3274,30351,Low
3275,30389,Medium
3276,30399,Low
3277,30401,Medium
3278,31345,Low
3279,15114,Low
3280,30395,Medium
3281,30402,High
3282,30322,Low
3283,30329,High
3284,30327,High
3285,30332,High
3286,29455,Low
3287,30388,High
3288,29686,Low
3289,30360,High
3290,30382,Medium
3291,32278,High
3292,28775,Low
3293,30369,Medium
3294,29958,Low
3295,30363,Medium
3296,30979,Low
3297,30356,Medium
3298,30359,Low
3299,32267,Low
3300,30343,Medium
3301,30344,Medium
3302,30282,High
3303,29259,Low
3304,30123,Medium
3305,30301,High
3306,31188,Low
3307,31365,Low
3308,30315,Low
3309,30319,Medium
3310,29662,Medium
3311,30090,Low
3312,30236,Low
3313,30311,Medium
3314,30306,Low
3315,32322,Medium
3316,27845,Low
3317,30143,Medium
3318,30302,Medium
3319,30307,Medium
3320,30304,Low
3321,30437,Low
3322,30284,Low
3323,30295,Low
3324,30289,Medium
3325,30290,Low
3326,30288,Medium
3327,29739,High
3328,29854,Medium
3329,30256,High
3330,30262,Medium
3331,30270,Low
3332,30272,Low
3333,30245,High
3334,30257,Low
3335,30261,High
3336,30224,Low
3337,30267,Medium
3338,29722,Medium
3339,29723,Medium
3340,29759,Low
3341,29762,Low
3342,30260,High
3343,30251,Low
3344,30255,Medium
3345,31467,Low
3346,32066,Medium
3347,29824,Low
3348,30241,High
3349,30249,Low
3350,30205,High
3351,30216,Low
3352,30244,Low
3353,29430,Low
3354,32231,Low
3355,32208,Medium
3356,29398,High
3357,29983,Low
3358,30184,High
3359,30174,Low
3360,32337,Medium
3361,29827,Medium
3362,30242,High
3363,30194,High
3364,30195,High
3365,30214,Medium
3366,30197,Low
3367,30233,Low
3368,30238,Medium
3369,30181,High
3370,30187,Low
3371,30210,Medium
3372,30229,Medium
3373,30231,Low
3374,29954,Medium
3375,30223,Medium
3376,30287,Low
3377,32356,Medium
3378,30219,Low
3379,32013,Medium
3380,29999,Low
3381,31910,Low
3382,26106,Low
3383,30045,High
3384,29941,Medium
3385,30153,High
3386,30136,High
3387,30190,High
3388,30203,High
3389,30213,High
3390,30215,Medium
3391,32320,High
3392,30022,Medium
3393,29305,Low
3394,30144,Medium
3395,30668,Low
3396,31513,Low
3397,31759,Medium
3398,30999,Low
3399,30192,Medium
3400,30167,Low
3401,30169,Medium
3402,30170,Low
3403,29994,Low
3404,30159,High
3405,30175,High
3406,30180,Medium
3407,30182,High
3408,31477,Low
3409,30297,High
3410,32336,Medium
3411,29451,High
3412,28824,Low
3413,30007,Medium
3414,30166,High
3415,30172,Medium
3416,29521,Medium
3417,29316,Low
3418,30133,Low
3419,30155,High
3420,31721,Medium
3421,28247,Low
3422,26086,Low
3423,28871,Low
3424,28442,Low
3425,29112,Low
3426,28903,Low
3427,29187,Low
3428,29152,Low
3429,29129,Low
3430,29193,High
3431,29190,Low
3432,29197,High
3433,29194,High
3434,29199,Low
3435,29198,Medium
3436,29214,Low
3437,29206,High
3438,29225,Low
3439,29220,Low
3440,29216,Low
3441,29235,High
3442,29229,High
3443,29243,High
3444,29236,High
3445,29252,High
3446,29245,Low
3447,29332,Medium
3448,29273,Low
3449,29349,Low
3450,23404,Low
3451,25522,Low
3452,25524,High
3453,25526,Low
3454,25532,Low
3455,25534,Low
3456,25535,Medium
3457,25538,Low
3458,25539,Medium
3459,25540,Medium
3460,25541,Low
3461,25544,Medium
3462,30096,Low
3463,25545,Low
3464,25547,Medium
3465,25550,High
3466,25551,High
3467,25553,Low
3468,25556,Medium
3469,25557,Medium
3470,25558,High
3471,25560,High
3472,25561,High
3473,25565,High
3474,25562,High
3475,25566,Low
3476,25567,Low
3477,25568,Medium
3478,25570,Medium
3479,25575,Medium
3480,25573,Medium
3481,25576,Medium
3482,25577,High
3483,25578,High
3484,25579,Medium
3485,25580,High
3486,25581,High
3487,25585,Low
3488,25588,Medium
3489,25586,Low
3490,25589,High
3491,25590,Medium
3492,25591,Medium
3493,25593,Low
3494,25595,Low
3495,25596,Low
3496,25597,High
3497,25600,Low
3498,25601,High
3499,25604,Low
3500,25606,Low
3501,25605,Medium
3502,25607,High
3503,29021,High
3504,24448,Low
3505,25614,Medium
3506,25616,Medium
3507,25617,Medium
3508,25620,High
3509,25627,Medium
3510,25628,Medium
3511,25629,Low
3512,25637,Medium
3513,25640,Medium
3514,25638,High
3515,25641,Low
3516,25643,High
3517,25644,Low
3518,25645,Medium
3519,25646,Low
3520,25647,Medium
3521,25648,Medium
3522,25650,Low
3523,25653,Medium
3524,25657,Medium
3525,25658,Medium
3526,25659,Low
3527,25662,Low
3528,25661,High
3529,25664,High
3530,25665,High
3531,25667,High
3532,25669,Low
3533,25670,Medium
3534,30118,Medium
3535,25672,Medium
3536,25677,Medium
3537,25678,Low
3538,25681,Medium
3539,25682,Medium
3540,25683,Medium
3541,25684,High
3542,25685,Medium
3543,25688,Medium
3544,25689,Medium
3545,25690,Low
3546,25691,Medium
3547,25693,High
3548,25697,Low
3549,25698,High
3550,25699,Medium
3551,25707,Low
3552,25703,Low
3553,25708,Low
3554,25709,High
3555,25712,Medium
3556,25713,Medium
3557,25715,Medium
3558,25721,Low
3559,25724,Low
3560,25725,Medium
3561,25728,Medium
3562,25729,Medium
3563,25730,High
3564,25731,Low
3565,25732,Medium
3566,25734,Medium
3567,25735,Low
3568,25739,Medium
3569,25740,Low
3570,25743,High
3571,25744,Medium
3572,25745,Medium
3573,30113,Medium
3574,30131,Medium
3575,25747,High
3576,25748,High
3577,25753,Medium
3578,25757,Low
3579,25754,High
3580,25758,Low
3581,25760,Medium
3582,25767,Low
3583,25766,Medium
3584,25768,Medium
3585,25773,Medium
3586,25779,High
3587,25780,Low
3588,25781,Low
3589,25782,Low
3590,25783,High
3591,25784,Low
3592,25785,Medium
3593,25786,Medium
3594,25787,Low
3595,25788,High
3596,25791,High
3597,25794,Medium
3598,25795,Low
3599,25797,Medium
3600,25799,Medium
3601,25800,Medium
3602,25804,High
3603,25805,High
3604,25808,Medium
3605,25809,Medium
3606,25811,Medium
3607,25813,High
3608,25812,Low
3609,25814,Medium
3610,25815,High
3611,25817,Medium
3612,25819,Medium
3613,25821,High
3614,25823,Medium
3615,25824,Low
3616,25826,Medium
3617,25827,Medium
3618,25828,Medium
3619,25829,Medium
3620,25830,Medium
3621,25837,Medium
3622,25838,High
3623,25840,Low
3624,25843,Low
3625,25844,Medium
3626,29980,Low
3627,29989,Low
3628,30015,Medium
3629,30025,High
3630,30060,Medium
3631,30077,High
3632,25845,Low
3633,25846,Medium
3634,25851,Medium
3635,25852,Medium
3636,25859,Low
3637,25860,Low
3638,25864,High
3639,25865,High
3640,25868,Medium
3641,25870,Low
3642,25871,Medium
3643,25873,Medium
3644,25875,Low
3645,25876,Medium
3646,25877,Medium
3647,25880,Medium
3648,25882,Medium
3649,25883,Medium
3650,25886,Low
3651,25888,Medium
3652,25890,Low
3653,25892,Low
3654,25894,Low
3655,25895,Medium
3656,25897,Medium
3657,25901,Medium
3658,25900,Medium
3659,25904,High
3660,25906,Medium
3661,25914,High
3662,25915,High
3663,25917,Medium
3664,25926,Low
3665,25925,Medium
3666,25928,Medium
3667,25931,Low
3668,25932,Medium
3669,25933,Medium
3670,25934,Medium
3671,25935,Low
3672,25939,High
3673,25940,Medium
3674,25941,Medium
3675,25942,Medium
3676,25945,Low
3677,25943,High
3678,25951,Medium
3679,25955,Medium
3680,25958,High
3681,25962,Medium
3682,25965,Medium
3683,25967,Medium
3684,25966,High
3685,25968,High
3686,25971,Medium
3687,25976,Medium
3688,25978,Low
3689,25982,Medium
3690,25984,Medium
3691,25985,Medium
3692,25986,High
3693,25992,Low
3694,25993,High
3695,25994,Medium
3696,25995,High
3697,25996,High
3698,25998,High
3699,26001,Medium
3700,26002,Medium
3701,26007,Low
3702,26011,Medium
3703,26015,Low
3704,26017,Low
3705,26021,Low
3706,26018,Low
3707,26023,Medium
3708,26026,Medium
3709,26027,High
3710,26029,Low
3711,28958,Low
3712,29210,Low
3713,30071,High
3714,29889,Low
3715,26031,Medium
3716,26034,Medium
3717,26036,Medium
3718,26039,Medium
3719,26040,Low
3720,26043,Medium
3721,26046,High
3722,26045,Medium
3723,26048,Low
3724,26049,Medium
3725,26051,Medium
3726,26059,Medium
3727,26057,Medium
3728,26060,Medium
3729,26061,High
3730,26063,Medium
3731,26066,Low
3732,26067,Medium
3733,26068,Medium
3734,26070,High
3735,26073,Low
3736,26074,Medium
3737,26076,Medium
3738,26078,High
3739,26083,Medium
3740,26089,Medium
3741,26085,Medium
3742,26090,Medium
3743,26091,Medium
3744,26093,Medium
3745,26096,Medium
3746,26095,Medium
3747,26097,Low
3748,26098,Medium
3749,26101,High
3750,26103,High
3751,26104,Medium
3752,26112,Medium
3753,26116,Medium
3754,26118,Low
3755,26120,Medium
3756,26121,Low
3757,26126,Low
3758,26123,Low
3759,26127,Low
3760,26130,Medium
3761,26131,Low
3762,26132,High
3763,26135,High
3764,26136,Medium
3765,26137,High
3766,26138,High
3767,26139,Medium
3768,26141,Medium
3769,26145,High
3770,26146,Medium
3771,26148,Medium
3772,26149,Low
3773,26150,Low
3774,26156,Medium
3775,26160,Medium
3776,26161,Medium
3777,26162,High
3778,26165,Low
3779,26166,Medium
3780,26174,Low
3781,26171,Medium
3782,26177,Medium
3783,26179,Medium
3784,26181,Medium
3785,26182,Low
3786,26184,Medium
3787,26185,High
3788,26186,Medium
3789,26193,Low
3790,26188,High
3791,26194,High
3792,26195,Low
3793,26201,Low
3794,26202,Medium
3795,26203,Low
3796,26204,High
3797,26207,Medium
3798,26205,Medium
3799,26208,Medium
3800,26211,Low
3801,26213,Medium
3802,26214,Medium
3803,26215,Medium
3804,26220,Low
3805,26223,Medium
3806,26224,Medium
3807,26225,Medium
3808,26226,Low
3809,26228,Medium
3810,26229,High
3811,26231,Medium
3812,26232,High
3813,26234,Medium
3814,26241,Low
3815,26240,Low
3816,26244,Low
3817,26245,Low
3818,26246,Low
3819,26247,Low
3820,26250,Low
3821,26255,Low
3822,26252,Low
3823,26260,High
3824,26261,Medium
3825,26262,Medium
3826,26264,Low
3827,26266,Medium
3828,26269,Medium
3829,26270,Low
3830,26272,Low
3831,26271,Medium
3832,26278,Medium
3833,26283,Low
3834,26287,Medium
3835,26288,High
3836,26292,Medium
3837,26303,Medium
3838,26293,Low
3839,26304,Medium
3840,26307,Medium
3841,26308,High
3842,26309,Low
3843,26311,Low
3844,26318,Medium
3845,26321,Medium
3846,26322,High
3847,26324,Low
3848,26326,Medium
3849,26336,High
3850,26338,Medium
3851,26340,Low
3852,26346,Medium
3853,26347,Medium
3854,26348,Low
3855,26350,Low
3856,26352,Medium
3857,26354,Medium
3858,26705,Low
3859,26626,High
3860,27648,Low
3861,27191,Low
3862,28152,Low
3863,27829,Low
3864,28291,Low
3865,28246,Low
3866,28553,Low
3867,28345,Low
3868,28728,Low
3869,28560,Low
3870,28916,Low
3871,28886,Low
3872,28822,Low
3873,29060,Low
3874,29001,Low
3875,29139,Low
3876,29136,Low
3877,29156,Low
3878,29148,Low
3879,29163,Low
3880,29159,Medium
3881,29169,Low
3882,29167,Low
3883,29166,Low
3884,29173,Low
3885,29170,Low
3886,29180,Medium
3887,29179,Medium
3888,29183,Medium
3889,29182,Medium
3890,29192,Low
3891,29189,Medium
3892,29188,Low
3893,30105,Low
3894,29195,Low
3895,26355,Medium
3896,26356,Medium
3897,26357,Medium
3898,26358,Medium
3899,26361,Medium
3900,26363,Medium
3901,26370,Medium
3902,26367,Medium
3903,26373,Low
3904,26375,Medium
3905,26377,Medium
3906,26382,Low
3907,26383,Medium
3908,26385,Medium
3909,26387,Medium
3910,26390,High
3911,26388,Medium
3912,26391,Medium
3913,26395,Medium
3914,26396,Medium
3915,26398,Low
3916,26399,Medium
3917,26400,High
3918,26402,Medium
3919,26405,Low
3920,26407,High
3921,26408,Medium
3922,26417,Medium
3923,26425,Medium
3924,26428,Low
3925,26440,Medium
3926,26443,Medium
3927,26442,Medium
3928,26445,Medium
3929,26447,Medium
3930,26449,Low
3931,26453,Medium
3932,26454,Medium
3933,26455,Medium
3934,26456,High
3935,26457,Medium
3936,26458,Medium
3937,26459,Medium
3938,26465,High
3939,26468,High
3940,26472,Low
3941,26473,Low
3942,26476,Medium
3943,26475,High
3944,26480,Medium
3945,26484,Low
3946,26485,High
3947,26486,Medium
3948,26489,Low
3949,26491,Medium
3950,26494,Low
3951,26498,High
3952,26501,Low
3953,26502,Medium
3954,26504,Low
3955,26505,Low
3956,26506,Medium
3957,26509,Medium
3958,26510,Medium
3959,26511,Low
3960,26514,Medium
3961,26515,Low
3962,26516,Low
3963,26518,Low
3964,26519,High
3965,26520,Medium
3966,26521,Medium
3967,26525,Low
3968,26524,Medium
3969,26528,Medium
3970,26530,Medium
3971,26532,Medium
3972,26534,Medium
3973,26535,Low
3974,26537,Low
3975,26538,High
3976,26540,Low
3977,26541,Medium
3978,26542,Medium
3979,26546,Low
3980,26548,Medium
3981,26550,Medium
3982,26554,High
3983,26551,Low
3984,26555,Low
3985,26557,High
3986,26558,Medium
3987,26560,High
3988,26568,Low
3989,26570,Low
3990,26571,Low
3991,26572,Low
3992,26573,Medium
3993,26575,Low
3994,26574,High
3995,26577,High
3996,26578,Medium
3997,26579,High
3998,26581,High
3999,26583,Medium
4000,26584,Medium
4001,26586,Medium
4002,26587,Medium
4003,26588,Low
4004,26589,Medium
4005,26591,High
4006,26592,Medium
4007,26594,Medium
4008,26595,Medium
4009,26596,Low
4010,26598,High
4011,26605,Low
4012,26603,Low
4013,26608,Medium
4014,26615,High
4015,26616,High
4016,26617,Low
4017,26618,Medium
4018,26620,Medium
4019,26619,Low
4020,26621,Medium
4021,26625,Low
4022,26628,Medium
4023,26630,Low
4024,26635,Low
4025,26640,Medium
4026,26641,High
4027,26642,Low
4028,26644,Medium
4029,26646,Medium
4030,26645,Low
4031,26647,Medium
4032,26652,Medium
4033,26654,Medium
4034,26657,Low
4035,26659,High
4036,26662,High
4037,26665,Low
4038,26663,Low
4039,26666,Medium
4040,26669,High
4041,26670,Medium
4042,26673,Medium
4043,26672,Low
4044,26674,Medium
4045,26675,High
4046,26676,High
4047,26677,Medium
4048,26678,Low
4049,26679,Medium
4050,26681,Medium
4051,26684,Low
4052,26686,Medium
4053,26688,Low
4054,26691,Low
4055,26695,Medium
4056,26692,Low
4057,26696,High
4058,26698,Medium
4059,26699,Low
4060,26701,Medium
4061,26703,High
4062,26704,Medium
4063,26707,Low
4064,26708,High
4065,26713,Medium
4066,26716,Low
4067,26719,Medium
4068,26721,Low
4069,26722,Medium
4070,26724,High
4071,26726,Low
4072,26727,High
4073,26731,High
4074,26735,High
4075,26736,Medium
4076,26740,Low
4077,26741,Low
4078,26744,High
4079,26746,Low
4080,26747,Low
4081,26748,High
4082,26749,Medium
4083,26751,Medium
4084,26756,High
4085,26754,Low
4086,26757,Low
4087,26758,Medium
4088,26760,Medium
4089,26761,Medium
4090,26762,High
4091,26764,Medium
4092,26767,Medium
4093,26770,High
4094,26771,High
4095,26777,High
4096,26782,Medium
4097,26784,High
4098,26786,Medium
4099,26788,High
4100,26789,High
4101,26790,High
4102,26792,Low
4103,26793,Medium
4104,26794,Medium
4105,26795,Medium
4106,26798,Medium
4107,26797,Low
4108,26801,High
4109,26804,Medium
4110,26809,Low
4111,26810,Medium
4112,26811,Medium
4113,26814,Low
4114,26812,High
4115,26821,Medium
4116,26822,Medium
4117,26824,Medium
4118,26825,Low
4119,26829,Low
4120,26830,Medium
4121,26835,High
4122,26834,Medium
4123,26837,Medium
4124,26841,Medium
4125,26843,Medium
4126,26850,Low
4127,26851,Low
4128,26852,High
4129,26854,Low
4130,26855,Medium
4131,26857,Low
4132,26865,Low
4133,26863,Medium
4134,26868,Low
4135,26870,Low
4136,26874,Medium
4137,26875,Medium
4138,26876,Medium
4139,26878,Low
4140,26880,Low
4141,26881,Medium
4142,26884,Medium
4143,26885,Low
4144,26886,Medium
4145,26888,High
4146,26889,High
4147,26892,Medium
4148,26895,Medium
4149,26897,Low
4150,26896,Medium
4151,26898,Medium
4152,26900,Medium
4153,26901,Medium
4154,26903,Low
4155,26907,Low
4156,26904,High
4157,26912,Medium
4158,26908,Low
4159,26916,Medium
4160,26918,Medium
4161,26919,Low
4162,26920,Medium
4163,26921,Low
4164,26922,Medium
4165,26924,Medium
4166,26926,Low
4167,26930,Low
4168,26934,Medium
4169,26935,Medium
4170,26936,Medium
4171,26937,Medium
4172,29057,Low
4173,30012,High
4174,26941,Medium
4175,26943,Medium
4176,26945,Medium
4177,26947,Low
4178,26950,Medium
4179,26951,Medium
4180,26954,Medium
4181,26952,Low
4182,26957,Medium
4183,26958,Low
4184,26960,Low
4185,26962,Low
4186,26963,Low
4187,26965,Medium
4188,26964,Low
4189,26967,Low
4190,26968,Medium
4191,26969,Low
4192,26970,Medium
4193,26972,Low
4194,26973,Medium
4195,26975,Low
4196,26980,Medium
4197,26982,Low
4198,26983,Medium
4199,26984,Low
4200,26989,Low
4201,26991,Medium
4202,26992,Medium
4203,26995,High
4204,26997,Medium
4205,26998,Medium
4206,26999,Medium
4207,27000,Medium
4208,27002,Low
4209,27004,Medium
4210,27005,High
4211,27007,Medium
4212,27010,Low
4213,27022,Low
4214,27024,Medium
4215,27031,Medium
4216,27029,High
4217,27034,Medium
4218,27042,Low
4219,27040,Low
4220,27045,Low
4221,27046,Medium
4222,27051,Low
4223,27050,Low
4224,27053,Medium
4225,27055,Low
4226,27056,Low
4227,27058,Low
4228,27062,Low
4229,27061,Low
4230,27063,Medium
4231,27064,Medium
4232,27068,Low
4233,27069,Medium
4234,27070,Medium
4235,27075,Medium
4236,27078,Medium
4237,27079,Medium
4238,27080,High
4239,27081,Low
4240,27083,Medium
4241,27091,Low
4242,27093,Medium
4243,27095,Medium
4244,27096,Medium
4245,27097,Low
4246,27098,Medium
4247,27103,Medium
4248,27104,Low
4249,27105,Medium
4250,27106,Low
4251,27108,Medium
4252,27111,Medium
4253,27109,High
4254,27116,High
4255,27117,Low
4256,27118,High
4257,27119,Low
4258,27120,High
4259,27122,Medium
4260,27123,Low
4261,27126,Medium
4262,27127,Medium
4263,27128,High
4264,27129,Medium
4265,27130,Medium
4266,27133,Low
4267,27134,Low
4268,27137,Medium
4269,27135,High
4270,27139,Medium
4271,27140,Low
4272,27144,Medium
4273,27149,Medium
4274,27145,High
4275,27150,Medium
4276,27151,High
4277,27153,Medium
4278,27154,Low
4279,27155,Medium
4280,27158,Low
4281,27161,Medium
4282,27162,Medium
4283,27164,Low
4284,27165,High
4285,27166,Low
4286,27169,Low
4287,27168,Medium
4288,27176,High
4289,27179,Low
4290,27182,Medium
4291,27183,High
4292,27184,High
4293,27185,Low
4294,27186,Medium
4295,27187,Medium
4296,27189,Low
4297,27190,Low
4298,27196,Medium
4299,27194,Medium
4300,27198,High
4301,27200,Medium
4302,27201,Medium
4303,27205,Low
4304,27208,High
4305,27210,Medium
4306,27209,Medium
4307,27212,High
4308,27213,Medium
4309,27214,Medium
4310,27215,Medium
4311,27216,Medium
4312,27219,Medium
4313,27222,Medium
4314,27223,High
4315,27227,Low
4316,27225,Low
4317,27228,Medium
4318,27229,Medium
4319,27230,Medium
4320,27233,Medium
4321,27234,Low
4322,27239,Low
4323,27240,Low
4324,27241,Medium
4325,27242,Low
4326,27245,Medium
4327,27247,Low
4328,27249,Medium
4329,27250,Low
4330,27253,Low
4331,27254,Low
4332,27255,Medium
4333,27257,Low
4334,27258,Medium
4335,27259,High
4336,27261,High
4337,27263,Medium
4338,27269,Low
4339,27267,Medium
4340,27273,Medium
4341,27277,Medium
4342,27278,High
4343,27279,Low
4344,27282,Medium
4345,27284,Medium
4346,27285,Low
4347,27288,Medium
4348,27286,Low
4349,27289,Medium
4350,27292,Low
4351,27294,Low
4352,27296,Low
4353,27297,High
4354,27298,Low
4355,27299,Medium
4356,27300,Medium
4357,27302,Low
4358,27301,Low
4359,27303,High
4360,27305,Medium
4361,27308,Medium
4362,27312,Medium
4363,27313,Low
4364,27314,Low
4365,27315,Low
4366,27317,High
4367,27320,Medium
4368,27323,Low
4369,27330,Medium
4370,27331,Medium
4371,27332,Low
4372,27335,Medium
4373,27337,Low
4374,27338,Medium
4375,27339,Medium
4376,27340,Medium
4377,27345,High
4378,27346,Medium
4379,27347,Low
4380,27348,Medium
4381,27350,Medium
4382,27349,Medium
4383,27352,Low
4384,27357,Medium
4385,27358,Medium
4386,27362,Low
4387,27363,Low
4388,27365,Medium
4389,27367,Low
4390,27368,Medium
4391,27369,High
4392,27370,Medium
4393,27375,Low
4394,27374,Medium
4395,27377,Medium
4396,27378,Medium
4397,27379,Medium
4398,27380,Medium
4399,27381,Medium
4400,27384,Low
4401,27387,High
4402,27390,Low
4403,27389,Medium
4404,27391,Medium
4405,27392,Medium
4406,27393,Medium
4407,27394,Medium
4408,27399,Medium
4409,27402,Medium
4410,27400,Low
4411,27403,Medium
4412,27404,Medium
4413,27405,Medium
4414,27406,Medium
4415,27407,Medium
4416,27409,Medium
4417,27412,Medium
4418,27411,Medium
4419,27413,Low
4420,27416,Medium
4421,27419,Medium
4422,27420,Medium
4423,27421,Medium
4424,27422,Low
4425,27423,Medium
4426,27428,Medium
4427,27427,High
4428,27429,Medium
4429,27430,Low
4430,27431,Low
4431,27433,High
4432,27436,Low
4433,27437,Low
4434,27439,Medium
4435,27442,Medium
4436,27443,Low
4437,27445,Medium
4438,27446,Medium
4439,27447,Low
4440,27448,Medium
4441,27451,Medium
4442,27453,Medium
4443,27455,Medium
4444,27458,Low
4445,27457,Low
4446,27460,High
4447,27461,Medium
4448,27463,Low
4449,27464,Medium
4450,27465,Low
4451,27470,Medium
4452,27475,Low
4453,27476,Medium
4454,27477,Low
4455,27478,Medium
4456,27490,Medium
4457,27493,Low
4458,27497,Medium
4459,27499,Medium
4460,27500,Low
4461,27510,Low
4462,27507,Low
4463,27513,Medium
4464,27516,Low
4465,27517,Medium
4466,27518,Low
4467,27521,Low
4468,27522,Low
4469,27525,Medium
4470,27526,Low
4471,27530,Medium
4472,27533,Medium
4473,27538,Medium
4474,27548,Low
4475,27547,High
4476,27550,Medium
4477,27551,Low
4478,27553,Medium
4479,27554,Medium
4480,27555,Medium
4481,27559,Medium
4482,27560,Low
4483,27561,Medium
4484,27562,Medium
4485,27565,High
4486,27564,Medium
4487,27570,Medium
4488,27571,Medium
4489,27580,Medium
4490,27578,Low
4491,27581,Medium
4492,27582,Medium
4493,27583,High
4494,27584,Medium
4495,27587,Low
4496,27591,Low
4497,27592,Low
4498,27593,Low
4499,27594,Medium
4500,27595,High
4501,27596,Medium
4502,27599,Medium
4503,27600,Medium
4504,27604,Medium
4505,27610,High
4506,27613,Medium
4507,27611,Low
4508,27614,Medium
4509,27615,Medium
4510,27619,Medium
4511,27622,Medium
4512,27625,Medium
4513,27626,Low
4514,27632,Medium
4515,27633,Low
4516,27634,Low
4517,27636,Low
4518,27637,Medium
4519,27640,High
4520,27641,Medium
4521,27645,Medium
4522,27659,Medium
4523,27652,Medium
4524,27661,High
4525,27662,Medium
4526,27665,Medium
4527,27667,Medium
4528,27668,Medium
4529,27671,Medium
4530,27672,Low
4531,27676,Medium
4532,27679,Low
4533,27681,Medium
4534,27683,Medium
4535,27682,Low
4536,27686,High
4537,27697,Medium
4538,27698,Medium
4539,27703,Low
4540,27700,High
4541,27706,High
4542,27710,Medium
4543,27711,High
4544,27713,Medium
4545,27717,Medium
4546,27718,Low
4547,27720,Medium
4548,27722,Medium
4549,27723,Low
4550,27727,Medium
4551,27728,Low
4552,27734,Low
4553,27732,Medium
4554,27735,Medium
4555,27742,Medium
4556,27744,Low
4557,27748,High
4558,27750,Low
4559,27754,High
4560,27751,Medium
4561,27755,Medium
4562,27758,Low
4563,27759,Medium
4564,27761,Medium
4565,27763,Medium
4566,27765,Low
4567,27768,Medium
4568,27769,Low
4569,27770,High
4570,27771,Medium
4571,27772,Low
4572,27773,Low
4573,27774,Medium
4574,27775,Medium
4575,27779,High
4576,27784,High
4577,27780,Medium
4578,27785,Medium
4579,27786,Medium
4580,27787,Medium
4581,27789,Low
4582,27792,High
4583,27793,Medium
4584,27794,High
4585,27795,Medium
4586,27796,Medium
4587,27797,Medium
4588,27799,High
4589,27801,Low
4590,27805,Low
4591,27806,Low
4592,27807,Low
4593,27808,Low
4594,27814,High
4595,27813,High
4596,27815,Low
4597,27816,Medium
4598,27818,High
4599,27820,Medium
4600,27822,Medium
4601,27823,Low
4602,27824,High
4603,27828,High
4604,27830,Low
4605,27832,Low
4606,27831,Medium
4607,27835,Low
4608,27836,High
4609,27840,Low
4610,27843,High
4611,27847,Low
4612,27852,Low
4613,29813,Low
4614,27856,Medium
4615,27858,High
4616,27860,Medium
4617,27863,High
4618,27866,Low
4619,27867,High
4620,27868,Low
4621,27869,Medium
4622,27870,Medium
4623,27871,Medium
4624,27873,Low
4625,27876,Low
4626,27877,Low
4627,27879,High
4628,27881,Medium
4629,27882,Medium
4630,27888,Medium
4631,27889,Low
4632,27890,High
4633,27891,Medium
4634,27894,Medium
4635,27896,Medium
4636,27895,Low
4637,27897,High
4638,27899,Medium
4639,27900,Low
4640,27903,Low
4641,27902,Low
4642,27904,Medium
4643,27907,Low
4644,27910,Medium
4645,27911,Low
4646,27912,Medium
4647,27913,Low
4648,27917,Low
4649,27918,Medium
4650,27921,Low
4651,27920,Low
4652,27925,Low
4653,27926,Medium
4654,27927,Medium
4655,27931,Medium
4656,27933,Medium
4657,27937,Low
4658,27936,Low
4659,27938,High
4660,27939,Medium
4661,27940,Medium
4662,27944,High
4663,27945,Medium
4664,27950,Low
4665,27949,Low
4666,27953,Medium
4667,27954,Medium
4668,27955,Low
4669,27956,Medium
4670,27957,Low
4671,27958,High
4672,27959,Low
4673,27961,Low
4674,27965,Low
4675,27963,Medium
4676,27966,Low
4677,27967,High
4678,27970,Low
4679,27971,Medium
4680,27972,High
4681,27973,Medium
4682,27974,Medium
4683,27977,Low
4684,27978,Low
4685,27979,High
4686,27985,Low
4687,27986,High
4688,27987,High
4689,27990,High
4690,27997,Low
4691,27993,Medium
4692,27998,Low
4693,28003,High
4694,28002,Low
4695,28006,Low
4696,28007,Medium
4697,28010,Low
4698,28015,High
4699,28016,Medium
4700,28017,High
4701,28018,High
4702,28021,Low
4703,28020,High
4704,28022,Low
4705,28024,Medium
4706,28026,Low
4707,28028,Low
4708,28027,Medium
4709,28031,Medium
4710,28033,High
4711,28034,Medium
4712,28039,High
4713,28049,Low
4714,28045,Low
4715,28055,High
4716,28053,High
4717,28059,Low
4718,28062,High
4719,28065,Medium
4720,28064,Low
4721,28074,Medium
4722,28075,Medium
4723,28081,High
4724,28080,Medium
4725,28086,High
4726,28089,Low
4727,28090,Low
4728,28091,High
4729,28092,Medium
4730,28093,Medium
4731,28094,Medium
4732,28095,Low
4733,28096,Medium
4734,28097,Medium
4735,28098,Low
4736,28101,Medium
4737,28100,Low
4738,28102,Low
4739,28110,Low
4740,28111,Low
4741,28114,High
4742,28116,Medium
4743,28117,Low
4744,28118,Medium
4745,28119,Medium
4746,28120,High
4747,28121,High
4748,28122,Medium
4749,28125,Medium
4750,28135,Low
4751,28146,Low
4752,28137,Medium
4753,28153,Medium
4754,28157,Medium
4755,28158,Medium
4756,28159,Low
4757,28163,High
4758,28164,Low
4759,28177,High
4760,28176,Medium
4761,28182,Medium
4762,28186,Low
4763,28184,Low
4764,28187,Medium
4765,28189,Medium
4766,28191,Medium
4767,28196,Medium
4768,28197,Low
4769,28203,High
4770,28205,Medium
4771,28207,Low
4772,28208,Medium
4773,28209,Medium
4774,28210,High
4775,28211,Medium
4776,28213,Medium
4777,28212,Low
4778,28214,High
4779,28217,Low
4780,28222,High
4781,28219,Low
4782,28228,Low
4783,28223,Low
4784,28230,High
4785,28232,Medium
4786,28237,High
4787,28233,Medium
4788,28238,High
4789,28241,Medium
4790,28248,Low
4791,28243,Low
4792,28249,Medium
4793,28251,High
4794,28256,Low
4795,28258,Medium
4796,28259,High
4797,28261,Medium
4798,28264,Low
4799,28262,Low
4800,28270,High
4801,28271,High
4802,28276,Low
4803,28279,Low
4804,28278,Low
4805,28281,Low
4806,28282,High
4807,28286,Medium
4808,28288,Medium
4809,28293,High
4810,28296,Low
4811,28305,Low
4812,28301,Low
4813,28306,Medium
4814,28308,Low
4815,28313,Low
4816,28312,High
4817,28314,Low
4818,28316,Medium
4819,28315,Low
4820,28317,Low
4821,28319,Medium
4822,28322,Medium
4823,28325,High
4824,28331,High
4825,28334,Medium
4826,28337,Medium
4827,28335,Low
4828,28339,Medium
4829,28342,Medium
4830,28343,Low
4831,28344,Medium
4832,28347,High
4833,28348,Medium
4834,28351,Low
4835,28357,High
4836,28360,Low
4837,28367,Low
4838,28369,Medium
4839,28372,Low
4840,28389,High
4841,28388,High
4842,28391,High
4843,28395,Medium
4844,28400,Medium
4845,28402,Low
4846,28405,Low
4847,28403,Low
4848,28406,Medium
4849,28408,Low
4850,28409,Low
4851,28413,Medium
4852,28410,Low
4853,28414,Low
4854,28418,Low
4855,28421,Low
4856,28426,Low
4857,28428,Medium
4858,28430,High
4859,28429,High
4860,28432,Low
4861,28434,Medium
4862,28437,High
4863,28438,Low
4864,28441,Low
4865,28440,Medium
4866,28445,Low
4867,28448,Low
4868,28450,Medium
4869,28454,High
4870,28459,High
4871,28462,Low
4872,28461,Low
4873,28463,Medium
4874,28466,Low
4875,28465,Medium
4876,28470,Low
4877,28472,High
4878,28474,High
4879,28475,Medium
4880,28479,Low
4881,28481,Low
4882,28485,High
4883,28483,Low
4884,28487,Medium
4885,28488,High
4886,28489,High
4887,28492,Low
4888,28496,High
4889,28494,Low
4890,28497,Low
4891,28499,Medium
4892,28505,Medium
4893,28500,Medium
4894,28511,Medium
4895,28513,Medium
4896,28518,Low
4897,28519,Low
4898,28522,Low
4899,28521,Low
4900,28524,Low
4901,28528,Medium
4902,28527,Low
4903,28529,High
4904,28533,Medium
4905,28532,Low
4906,28534,Low
4907,28535,Low
4908,28537,Low
4909,28541,Low
4910,28540,Low
4911,28542,Low
4912,28546,Low
4913,28547,Medium
4914,28548,High
4915,28551,High
4916,28550,Low
4917,28552,Low
4918,28555,Medium
4919,28558,Low
4920,28559,Low
4921,28564,Medium
4922,28562,Low
4923,28561,Low
4924,28565,Low
4925,28568,Medium
4926,28567,Low
4927,28569,Medium
4928,28570,High
4929,28574,Low
4930,28576,Medium
4931,28575,Low
4932,28582,High
4933,28578,High
4934,28583,Low
4935,28585,Medium
4936,28586,High
4937,28587,Low
4938,28588,High
4939,28589,Low
4940,28591,Low
4941,28590,Low
4942,28592,Low
4943,28594,Low
4944,28595,Medium
4945,28598,Medium
4946,28596,Low
4947,28599,High
4948,28601,Medium
4949,28604,Low
4950,28605,High
4951,28606,Low
4952,28607,Low
4953,28609,Medium
4954,28608,Low
4955,28610,Low
4956,28612,Medium
4957,28611,Low
4958,28613,Medium
4959,28614,High
4960,28615,Medium
4961,28618,Medium
4962,28620,Low
4963,28619,Low
4964,28622,Low
4965,28621,Low
4966,28624,Low
4967,28629,Low
4968,28628,Low
4969,28630,Low
4970,28631,Low
4971,28632,Low
4972,28633,Low
4973,28636,Low
4974,28639,Medium
4975,28638,High
4976,28644,Medium
4977,28647,Low
4978,28649,High
4979,28652,Low
4980,28661,Low
4981,28663,Low
4982,28664,Medium
4983,28668,Low
4984,28666,Low
4985,28671,Low
4986,28669,Medium
4987,28672,Medium
4988,28678,Low
4989,28677,Low
4990,28680,Low
4991,28679,Low
4992,28681,Medium
4993,28685,Low
4994,28684,Low
4995,28686,Low
4996,28689,Low
4997,28688,Low
4998,28690,Medium
4999,28692,Low
5000,28691,Low
5001,28693,High
5002,28696,High
5003,28695,Low
5004,28698,Low
5005,28700,High
5006,28699,Low
5007,28701,Low
5008,28704,Medium
5009,28702,Medium
5010,28713,Medium
5011,28717,High
5012,28720,Medium
5013,28722,Medium
5014,28721,Low
5015,28723,Medium
5016,28725,High
5017,28724,Low
5018,28726,High
5019,28729,Low
5020,28733,Low
5021,28732,Low
5022,28731,Low
5023,28735,Medium
5024,28734,Low
5025,28736,Low
5026,28739,High
5027,28738,Low
5028,28741,High
5029,28740,Medium
5030,28744,Low
5031,28746,High
5032,28745,Low
5033,28747,Medium
5034,28748,Medium
5035,28749,Low
5036,28750,High
5037,28752,Low
5038,28754,High
5039,28753,Low
5040,28755,Low
5041,28759,Low
5042,28758,Low
5043,28757,Low
5044,28762,Medium
5045,28761,Low
5046,28763,Low
5047,28765,Low
5048,28766,Low
5049,28768,Low
5050,28769,Medium
5051,28771,Low
5052,28773,Low
5053,28772,Low
5054,28780,High
5055,28785,High
5056,28782,Medium
5057,28786,Medium
5058,28788,Low
5059,28787,Medium
5060,28791,Low
5061,28790,Medium
5062,28797,Low
5063,28799,Low
5064,28803,Low
5065,28804,Low
5066,28806,Medium
5067,28810,Low
5068,28808,Low
5069,28812,High
5070,28811,Low
5071,28814,Low
5072,28813,High
5073,28816,Low
5074,28815,High
5075,28819,Low
5076,28818,Low
5077,28821,High
5078,28820,Low
5079,28826,Low
5080,28831,Low
5081,28830,Medium
5082,28832,High
5083,28836,High
5084,28839,High
5085,28838,Low
5086,28842,High
5087,28843,High
5088,28848,High
5089,28847,Medium
5090,28854,Low
5091,28850,High
5092,28856,High
5093,28855,Low
5094,28858,High
5095,28859,Low
5096,28860,High
5097,28861,Medium
5098,28866,Low
5099,28864,Low
5100,28869,Low
5101,28867,High
5102,28872,Medium
5103,28870,Low
5104,28874,Low
5105,28884,Medium
5106,28883,Low
5107,28878,High
5108,28888,High
5109,28889,Low
5110,28896,Low
5111,28891,High
5112,28897,Low
5113,28900,Medium
5114,28904,Low
5115,28901,Low
5116,28908,Medium
5117,28907,Medium
5118,28909,Medium
5119,28910,Low
5120,28911,Low
5121,28915,Low
5122,28912,Low
5123,28917,High
5124,28918,Medium
5125,28921,Low
5126,28920,Low
5127,28922,Medium
5128,28925,Low
5129,28928,High
5130,28926,High
5131,28931,Low
5132,28936,Low
5133,28941,Low
5134,28937,High
5135,28943,Low
5136,28942,High
5137,28945,High
5138,28944,Low
5139,28948,Low
5140,28947,Low
5141,28951,High
5142,28950,Low
5143,28954,Low
5144,28960,Low
5145,28957,Low
5146,28955,Low
5147,28965,Medium
5148,28963,Low
5149,28966,Low
5150,28969,Low
5151,28967,Low
5152,28972,Medium
5153,28971,Low
5154,28973,Low
5155,28976,Medium
5156,28974,Low
5157,28978,High
5158,28981,Low
5159,28980,Low
5160,28986,Medium
5161,28988,High
5162,28989,Low
5163,28994,Low
5164,28996,Medium
5165,28999,Medium
5166,28997,Low
5167,29003,High
5168,29005,Low
5169,29010,Medium
5170,29014,Low
5171,29017,Medium
5172,29016,Low
5173,29020,Low
5174,29022,Low
5175,29024,Low
5176,29023,Low
5177,29027,Medium
5178,29026,Medium
5179,29028,High
5180,29029,Low
5181,29032,Medium
5182,29031,Low
5183,29035,Low
5184,29037,High
5185,29036,High
5186,29040,Low
5187,29045,High
5188,29042,Low
5189,29049,Medium
5190,29051,Medium
5191,29056,Low
5192,29053,Low
5193,29058,Low
5194,29061,Low
5195,29062,Low
5196,29067,Low
5197,29066,Low
5198,29069,High
5199,29077,Low
5200,29076,Low
5201,29078,Medium
5202,29079,Low
5203,29082,Low
5204,29080,Low
5205,29085,Low
5206,29086,Low
5207,29088,High
5208,29092,Medium
5209,29091,Low
5210,29093,Medium
5211,29094,Low
5212,29095,Low
5213,29097,High
5214,29101,Low
5215,29102,Low
5216,29103,Medium
5217,29107,Medium
5218,29104,Low
5219,29108,Low
5220,29109,Medium
5221,29113,Medium
5222,29110,High
5223,29114,Medium
5224,29116,Low
5225,29115,High
5226,29119,Low
5227,29122,Low
5228,29121,High
5229,29123,Low
5230,29130,Low
5231,29133,Low
5232,29140,Low
5233,29137,High
5234,29144,Low
5235,29147,High
5236,29145,Low
5237,29165,Medium
5238,29208,Medium
5239,29212,Medium
5240,29226,Low
5241,29227,Medium
5242,29240,Medium
5243,29246,Low
5244,29248,Medium
5245,29254,High
5246,29251,Low
5247,29257,Medium
5248,29264,High
5249,29269,Medium
5250,29266,Medium
5251,29274,Low
5252,29279,High
5253,29276,Medium
5254,29281,Medium
5255,29293,Low
5256,29297,Medium
5257,29301,Low
5258,29313,Low
5259,29314,High
5260,29321,High
5261,29327,Low
5262,29328,Low
5263,29330,Medium
5264,29334,Medium
5265,29335,High
5266,29340,Low
5267,29342,Low
5268,29343,Medium
5269,29345,High
5270,29347,Medium
5271,29356,Low
5272,29359,Medium
5273,29360,Low
5274,29364,High
5275,29369,Low
5276,29367,High
5277,29370,Medium
5278,29371,Low
5279,29373,Low
5280,29376,High
5281,29380,High
5282,29383,Medium
5283,29385,Medium
5284,29387,Low
5285,29388,Low
5286,29389,High
5287,29392,High
5288,29397,Medium
5289,29409,Medium
5290,29410,Medium
5291,29413,Low
5292,29414,Low
5293,29417,Low
5294,29421,Medium
5295,29423,Medium
5296,29425,High
5297,29426,High
5298,29427,Low
5299,29428,High
5300,29437,High
5301,29431,Low
5302,29439,Medium
5303,29440,Medium
5304,29446,Medium
5305,29447,Medium
5306,29450,Medium
5307,29456,Medium
5308,29458,High
5309,29465,High
5310,29474,Medium
5311,29479,Low
5312,29482,Low
5313,29485,High
5314,29486,Medium
5315,29488,Medium
5316,29489,High
5317,29492,High
5318,29493,Low
5319,29496,Low
5320,29497,High
5321,29502,Low
5322,29498,Medium
5323,29503,Medium
5324,29504,Low
5325,29512,Medium
5326,29515,Medium
5327,29519,Medium
5328,29520,Low
5329,29522,Low
5330,29526,High
5331,29529,Low
5332,29532,Low
5333,29535,Low
5334,29537,Medium
5335,29542,Medium
5336,29543,Low
5337,29545,High
5338,29548,High
5339,29549,Medium
5340,29551,High
5341,29552,Medium
5342,29554,High
5343,29555,Medium
5344,29556,Low
5345,29560,Medium
5346,29561,High
5347,29562,Medium
5348,29563,Medium
5349,29574,High
5350,29575,High
5351,29582,Low
5352,29578,High
5353,29586,High
5354,29598,High
5355,29602,High
5356,29604,Low
5357,29605,High
5358,29606,High
5359,29608,High
5360,29611,Medium
5361,29612,Medium
5362,29616,High
5363,29618,Low
5364,29619,Medium
5365,29620,High
5366,29625,High
5367,29627,High
5368,29628,Low
5369,29633,High
5370,29635,High
5371,29640,Medium
5372,29643,High
5373,29649,Medium
5374,29659,Medium
5375,29661,Medium
5376,29671,Medium
5377,29672,Medium
5378,29675,Medium
5379,29676,High
5380,29678,Low
5381,29682,High
5382,29688,High
5383,29690,Medium
5384,29693,Medium
5385,29695,High
5386,29703,Low
5387,29718,Medium
5388,29721,Medium
5389,29727,High
5390,29730,Low
5391,29731,Medium
5392,29733,High
5393,29734,Medium
5394,29737,High
5395,29740,High
5396,29743,High
5397,29744,Medium
5398,29755,Medium
5399,29760,Medium
5400,29765,Low
5401,29766,Medium
5402,29769,Low
5403,29772,High
5404,29779,High
5405,29781,High
5406,29783,Low
5407,29785,Medium
5408,29789,High
5409,29795,High
5410,29796,High
5411,29802,Medium
5412,29804,Low
5413,29805,Low
5414,29806,High
5415,29812,Medium
5416,29814,Medium
5417,29816,Medium
5418,29817,Medium
5419,29819,Medium
5420,29823,High
5421,29826,High
5422,29831,High
5423,29836,High
5424,29841,High
5425,29845,Low
5426,29852,Low
5427,29853,Low
5428,29865,Medium
5429,29862,High
5430,29869,Medium
5431,29872,Medium
5432,29875,Medium
5433,29876,High
5434,29879,Medium
5435,29894,Medium
5436,29896,High
5437,29927,Low
5438,29928,High
5439,29930,Medium
5440,29935,High
5441,29938,Low
5442,29940,Medium
5443,29943,Low
5444,29944,High
5445,29945,High
5446,29947,Low
5447,29949,Medium
5448,29950,Medium
5449,29951,Medium
5450,29952,High
5451,29955,High
5452,29957,High
5453,29959,Medium
5454,29961,High
5455,29968,High
5456,29970,Medium
5457,29973,High
5458,29976,High
5459,29985,Low
5460,29986,High
5461,29990,Medium
5462,29993,High
5463,30002,High
5464,30009,High
5465,30011,Medium
5466,30028,High
5467,30031,High
5468,30038,Medium
5469,30040,Medium
5470,30042,Medium
5471,30050,Medium
5472,30056,Medium
5473,30070,Medium
5474,30063,Medium
5475,30079,High
5476,24579,Low
5477,23988,Low
5478,16434,Low
5479,21196,Low
5480,23364,Low
5481,23614,Low
5482,31640,Medium
5483,31512,High
5484,31409,Low
5485,31299,Low
5486,29322,Low
5487,30368,Low
5488,31725,Medium
5489,31366,Low
5490,31857,Low
5491,31891,Medium
5492,30023,Low
5493,27708,Low
5494,31503,Low
5495,31760,Medium
5496,31364,Medium
5497,31343,Medium
5498,29215,High
5499,29065,Low
5500,28231,High
5501,31742,Low
5502,28707,Low
5503,30092,Low
5504,31763,High
5505,18266,Low
5506,19637,Low
5507,31649,Low
5508,30905,Low
5509,31794,High
5510,29365,Low
5511,29864,Low
5512,30148,Low
5513,31813,Medium
5514,31762,Medium
5515,31390,Low
5516,29247,Low
5517,31176,Medium
5518,31570,Low
5519,31312,Medium
5520,31881,Medium
5521,31889,Medium
5522,24055,Medium
5523,31814,Medium
5524,28128,Low
5525,30253,Low
5526,31868,Medium
5527,28025,Low
5528,31862,Medium
5529,31870,Medium
5530,29134,Low
5531,30991,Low
5532,30669,Low
5533,30139,Low
5534,27032,Low
5535,31855,High
5536,31850,Medium
5537,29311,Low
5538,31848,Medium
5539,31558,Low
5540,31849,Medium
5541,31723,Medium
5542,9979,Low
5543,29825,Low
5544,30933,Low
5545,31792,High
5546,31825,Medium
5547,31826,Medium
5548,30326,Low
5549,26702,Low
5550,31460,Low
5551,30036,Low
5552,30587,Low
5553,31800,Medium
5554,31348,Low
5555,30515,Low
5556,17986,Low
5557,29596,Low
5558,31571,Low
5559,31099,Low
5560,31765,Medium
5561,23090,Low
5562,31617,High
5563,30397,High
5564,31576,High
5565,31547,Medium
5566,22989,Low
5567,24824,Medium
5568,24401,Medium
5569,25270,Low
5570,31735,High
5571,30913,Low
5572,31031,Low
5573,31691,Medium
5574,31706,Medium
5575,29377,Low
5576,31684,Medium
5577,30484,Low
5578,31638,Medium
5579,31680,Medium
5580,31246,Medium
5581,31625,Medium
5582,31664,Medium
5583,31242,Medium
5584,30196,Low
5585,30599,Low
5586,31534,Medium
5587,29353,Low
5588,31423,Medium
5589,30623,Low
5590,29911,Low
5591,31588,Medium
5592,29892,Low
5593,18415,Low
5594,25936,Low
5595,28727,Low
5596,31569,Medium
5597,31568,Medium
5598,31555,Medium
5599,31489,Medium
5600,31544,High
5601,29699,Low
5602,31323,Medium
5603,29644,Low
5604,30008,Low
5605,30499,Low
5606,30664,Medium
5607,31060,Medium
5608,31536,High
5609,30914,Medium
5610,31535,Medium
5611,31514,High
5612,29749,Low
5613,31271,Low
5614,31495,Medium
5615,26393,Low
5616,28495,Low
5617,30140,Low
5618,30523,Low
5619,31470,Medium
5620,30528,Medium
5621,31462,Medium
5622,31451,High
5623,31342,High
5624,12220,Low
5625,31439,Medium
5626,31098,Medium
5627,31388,Medium
5628,31403,Medium
5629,30500,Low
5630,29674,Low
5631,24473,Low
5632,31350,Medium
5633,31240,Medium
5634,30099,Low
5635,30881,Low
5636,31036,High
5637,31079,Medium
5638,31112,High
5639,29912,Low
5640,31368,Medium
5641,31175,Medium
5642,31310,Medium
5643,30037,Low
5644,30710,Medium
5645,28635,Low
5646,31362,Medium
5647,29589,Low
5648,25331,Low
5649,30294,Medium
5650,29416,Medium
5651,29720,Low
5652,31341,High
5653,30124,Low
5654,31208,Medium
5655,31171,High
5656,28715,Low
5657,22370,Low
5658,31336,Medium
5659,29776,Low
5660,27864,Low
5661,30551,Medium
5662,30043,Medium
5663,30627,Low
5664,19377,Low
5665,31231,Medium
5666,29172,Low
5667,29559,Low
5668,31280,High
5669,29916,Low
5670,31255,Medium
5671,31262,Medium
5672,31248,High
5673,31241,Medium
5674,30473,Low
5675,31244,High
5676,31156,High
5677,31233,Medium
5678,30145,High
5679,31216,Medium
5680,26032,Low
5681,31117,High
5682,30882,Low
5683,31201,Medium
5684,29572,Low
5685,31198,Medium
5686,14445,Low
5687,29275,Low
5688,31080,High
5689,31154,High
5690,30570,Low
5691,31115,High
5692,31083,High
5693,25265,Low
5694,30393,Low
5695,31124,Medium
5696,31123,High
5697,31125,High
5698,30221,Medium
5699,31009,Low
5700,30770,High
5701,30508,Medium
5702,31066,Medium
5703,30540,Medium
5704,30438,High
5705,30631,Low
5706,30684,High
5707,31028,Medium
5708,31008,High
5709,31041,Medium
5710,30193,Medium
5711,24129,Low
5712,30338,Low
5713,30446,Low
5714,30230,Medium
5715,30632,High
5716,30782,Low
5717,29362,Low
5718,28828,Low
5719,28953,Low
5720,29344,Low
5721,29851,Low
5722,29840,Low
5723,30024,Low
5724,29597,Low
5725,29665,Low
5726,29924,Low
5727,25258,Low
5728,30713,High
5729,30813,High
5730,29863,Low
5731,30383,Medium
5732,30566,Medium
5733,29962,Low
5734,30730,High
5735,30796,Medium
5736,29272,Low
5737,27988,Low
5738,29946,Low
5739,30793,Medium
5740,29689,Low
5741,30517,High
5742,30783,Medium
5743,30764,Medium
5744,30774,Medium
5745,30775,Medium
5746,30161,Medium
5747,28935,Low
5748,30463,Low
5749,30733,High
5750,20016,Low
5751,30747,Medium
5752,18911,Low
5753,22333,Low
5754,30628,Low
5755,30738,Medium
5756,30264,Low
5757,29877,Low
5758,15003,High
5759,30173,Low
5760,28781,Low
5761,28710,Low
5762,29402,Medium
5763,29815,High
5764,30645,High
5765,30679,High
5766,29839,Low
5767,30353,Medium
5768,28990,Low
5769,29490,Low
5770,30357,High
5771,26199,Low
5772,30039,Medium
5773,29893,Medium
5774,18997,Low
5775,27321,Low
5776,29461,Low
5777,29459,Low
5778,29354,Medium
5779,29368,Low
5780,29030,Low
5781,29494,Medium
5782,28655,Low
5783,29506,Medium
5784,29083,Low
5785,29514,Medium
5786,29366,Low
5787,29539,Low
5788,29525,Low
5789,29464,Low
5790,29200,Low
5791,28469,Low
5792,29565,Low
5793,29467,Low
5794,29541,Low
5795,29481,Low
5796,29581,Low
5797,29588,Low
5798,29075,Low
5799,28846,Low
5800,28998,Low
5801,29175,Low
5802,28964,Low
5803,29357,Low
5804,29391,Low
5805,29384,Low
5806,29267,Low
5807,29217,Low
5808,29404,Low
5809,29603,Low
5810,29601,Low
5811,29432,Low
5812,28849,Low
5813,28341,Low
5814,28476,Low
5815,26418,Low
5816,28683,Low
5817,29657,Low
5818,29478,Medium
5819,29647,Low
5820,29637,Low
5821,28902,Low
5822,28898,Low
5823,24895,Low
5824,29677,Low
5825,29524,Low
5826,29660,Low
5827,27862,Low
5828,28949,Medium
5829,29692,Low
5830,29697,Medium
5831,29138,Low
5832,26939,Low
5833,29719,Low
5834,29729,Low
5835,29757,Medium
5836,29753,Low
5837,29738,Low
5838,29363,Low
5839,29583,Low
5840,29788,Medium
5841,29790,Low
5842,29019,Low
5843,29797,Medium
5844,29771,Low
5845,29052,Low
5846,29828,Low
5847,29054,Low
5848,29837,Medium
5849,29844,Low
5850,29250,Low
5851,28376,Low
5852,28940,Low
5853,28793,Low
5854,29081,Low
5855,29881,Medium
5856,29886,Medium
5857,29888,Low
5858,29891,Low
5859,29874,Low
5860,29784,Low
5861,28531,High
5862,23870,Low
5863,29901,Low
5864,29918,Medium
5865,29917,Medium
5866,29925,Medium
5867,29907,Low
5868,26808,Low
5869,29811,Low
5870,29956,Low
5871,29933,Low
5872,29934,Low
5873,29982,Low
5874,28103,Low
5875,29997,Low
5876,29773,Low
5877,30003,Low
5878,29992,Low
5879,29756,Low
5880,30006,Low
5881,29553,Low
5882,30021,Medium
5883,30269,Medium
5884,29487,Low
5885,28206,Low
5886,30396,High
5887,27914,Low
5888,27776,Low
5889,28416,Low
5890,28456,Low
5891,29411,Medium
5892,30062,Low
5893,30080,High
5894,29444,Low
5895,30281,Medium
5896,28108,Low
5897,29591,High
5898,29400,Low
5899,29774,High
5900,30391,Medium
5901,28004,Low
5902,27396,Low
5903,29860,Medium
5904,30321,High
5905,29919,Medium
5906,28573,Low
5907,29105,Low
5908,29445,Low
5909,28419,Low
5910,29642,Low
5911,28508,Low
5912,29064,Low
5913,29500,Medium
5914,30001,Medium
5915,29694,High
5916,29767,Low
5917,29822,High
5918,29833,Low
5919,29780,Medium
5920,29967,Low
5921,30013,High
5922,29186,Low
5923,30168,Medium
5924,29972,High
5925,29361,Low
5926,28336,Low
5927,27386,Low
5928,30048,Medium
5929,28478,Low
5930,28204,Low
5931,30134,High
5932,30087,Medium
5933,29213,Low
5934,29253,Medium
5935,29300,Low
5936,27760,Low
5937,24011,Low
5938,29261,Low
5939,28829,Low
5940,29282,Medium
5941,29256,Low
5942,29283,Low
5943,28975,Low
5944,29309,Medium
5945,29318,Low
5946,28694,Low
5947,28778,Low
5948,30074,Medium
5949,30135,Medium
5950,30132,Medium
5951,30116,Medium
5952,30086,Medium
5953,30047,Medium
5954,28366,Low
5955,29277,Low
5956,29996,Medium
5957,22448,Low
5958,23615,Low
5959,29207,Medium
5960,30030,High
5961,30016,High
5962,30065,Medium
5963,17096,Low
5964,30049,Medium
5965,29988,High
5966,25201,Low
5967,29979,Medium
5968,29047,Low
5969,24428,Low
5970,23451,Low
5971,15059,Low
5972,29569,High
5973,1693,Medium
5974,23335,Low
5975,29448,High
5976,29449,Medium
5977,27019,Low
5978,28530,Medium
5979,29443,Medium
5980,29441,Medium
5981,29436,Medium
5982,29434,Medium
5983,21552,Low
5984,28654,Medium
5985,28682,Medium
5986,29415,Medium
5987,28032,Low
5988,29168,Medium
5989,29394,Medium
5990,28939,Medium
5991,29346,Medium
5992,28235,Low
5993,29124,Medium
5994,29382,Medium
5995,18513,Low
5996,25486,High
5997,25523,Low
5998,25525,Medium
5999,25527,Medium
6000,25528,Medium
6001,25529,Medium
6002,25530,Medium
6003,27585,Low
6004,28324,Low
6005,27597,Low
6006,28447,Low
6007,25476,High
6008,25503,Medium
6009,25504,Medium
6010,25505,Medium
6011,25506,High
6012,25510,Low
6013,25511,Medium
6014,25512,High
6015,25514,Medium
6016,25516,Medium
6017,25479,High
6018,25480,Low
6019,25485,High
6020,25488,High
6021,25492,Low
6022,25489,High
6023,25493,Medium
6024,25495,High
6025,25499,Medium
6026,25233,Low
6027,28427,Low
6028,28425,Medium
6029,24277,Low
6030,25026,Medium
6031,25403,High
6032,25460,Medium
6033,25463,Medium
6034,25464,Medium
6035,25468,High
6036,25469,Medium
6037,25471,Low
6038,25474,Medium
6039,25475,Medium
6040,27146,Low
6041,25866,Low
6042,27623,Low
6043,27481,Low
6044,28252,Low
6045,27905,Low
6046,28321,Low
6047,28303,Low
6048,28365,Low
6049,28353,Low
6050,28375,Low
6051,28373,Low
6052,28401,Medium
6053,28377,Low
6054,28417,Medium
6055,28412,Medium
6056,28422,Low
6057,24125,Low
6058,24261,High
6059,24553,Medium
6060,25073,Low
6061,25216,Low
6062,25238,Medium
6063,25365,Low
6064,25391,Low
6065,25402,Low
6066,25422,Low
6067,25444,Medium
6068,25452,Medium
6069,25453,Medium
6070,25455,Low
6071,25457,Medium
6072,25459,Medium
6073,12981,High
6074,23922,Low
6075,25205,Medium
6076,25252,Medium
6077,25307,High
6078,25395,High
6079,25399,Medium
6080,25434,Low
6081,25435,High
6082,25443,Medium
6083,25447,Medium
6084,25448,High
6085,27590,Low
6086,28328,Medium
6087,22592,Medium
6088,25141,High
6089,25343,High
6090,25432,Medium
6091,25433,Medium
6092,26439,Low
6093,25927,High
6094,26949,Low
6095,26856,Low
6096,27709,Low
6097,27573,Low
6098,28106,Low
6099,28051,Low
6100,25315,Medium
6101,10991,Low
6102,25318,Low
6103,25418,Medium
6104,25420,Medium
6105,25421,Medium
6106,25429,Medium
6107,24249,Low
6108,25372,High
6109,25406,Medium
6110,25413,High
6111,25375,High
6112,25400,Medium
6113,25401,High
6114,25412,Medium
6115,26406,Low
6116,28109,Low
6117,28142,High
6118,28127,Low
6119,28302,Low
6120,28148,Low
6121,28323,Low
6122,28307,Low
6123,28329,Low
6124,28327,Low
6125,25145,Medium
6126,25204,High
6127,25209,Medium
6128,25360,Low
6129,25362,Low
6130,25384,High
6131,25387,Medium
6132,25397,Low
6133,25484,Low
6134,9023,Low
6135,19453,Low
6136,25325,High
6137,25369,Medium
6138,25370,Medium
6139,25376,Medium
6140,24215,Low
6141,25366,Medium
6142,25367,Medium
6143,28318,Low
6144,25328,Medium
6145,25355,Low
6146,25357,Low
6147,28218,Low
6148,26299,High
6149,28289,Low
6150,23943,High
6151,24796,Medium
6152,25330,Medium
6153,25333,Medium
6154,25337,Medium
6155,25347,Medium
6156,25348,Low
6157,25351,Low
6158,27609,High
6159,25542,Low
6160,28255,Low
6161,27657,Low
6162,28310,High
6163,28320,Low
6164,25056,Medium
6165,25121,High
6166,25316,High
6167,25322,Low
6168,25329,Medium
6169,25334,Medium
6170,25335,Medium
6171,25281,High
6172,25303,Medium
6173,25304,Medium
6174,24450,High
6175,24534,High
6176,25043,High
6177,25118,Low
6178,25166,Low
6179,25208,Low
6180,25288,Medium
6181,25291,High
6182,25292,High
6183,25293,High
6184,25296,High
6185,25294,High
6186,25299,Medium
6187,25301,High
6188,26604,Low
6189,28294,Low
6190,24976,Low
6191,24452,Low
6192,24988,High
6193,25018,High
6194,25116,High
6195,25180,Medium
6196,25197,High
6197,25228,Low
6198,25232,Medium
6199,25269,Medium
6200,25277,Medium
6201,25280,Medium
6202,25284,Medium
6203,25287,Medium
6204,28234,Low
6205,28273,Low
6206,25272,Medium
6207,25271,Low
6208,28185,Low
6209,25247,Low
6210,25259,Medium
6211,25262,Low
6212,25231,Low
6213,25249,Medium
6214,25822,Medium
6215,28188,Low
6216,27705,Low
6217,28254,High
6218,25182,Low
6219,25236,Medium
6220,25194,High
6221,25218,Medium
6222,25219,Medium
6223,25222,Medium
6224,25227,Medium
6225,27739,Low
6226,27532,Low
6227,26913,Low
6228,27839,Low
6229,28240,Low
6230,25191,Medium
6231,25206,Medium
6232,25211,Medium
6233,25213,Medium
6234,25215,High
6235,25948,Low
6236,27752,Low
6237,27663,Low
6238,28226,High
6239,28220,High
6240,25199,Medium
6241,25200,Medium
6242,25163,Low
6243,25195,Medium
6244,22752,Low
6245,25185,Medium
6246,25187,High
6247,25188,Medium
6248,22245,Low
6249,25415,High
6250,24486,Low
6251,26369,Low
6252,25833,Low
6253,26815,Low
6254,26636,Low
6255,27156,Low
6256,26869,Low
6257,27714,Low
6258,27644,Low
6259,27272,Low
6260,27884,Low
6261,27859,Low
6262,28154,Low
6263,28129,Low
6264,28178,Medium
6265,28166,Low
6266,28194,Medium
6267,10471,High
6268,25132,High
6269,25152,High
6270,25169,Medium
6271,25171,Medium
6272,25178,Medium
6273,24770,Medium
6274,18177,Low
6275,24772,Medium
6276,25129,Medium
6277,25130,Medium
6278,25149,Low
6279,25153,Low
6280,25154,Low
6281,25160,Medium
6282,16037,Low
6283,24960,Medium
6284,25089,Low
6285,25103,Medium
6286,25138,Low
6287,21282,Low
6288,25027,High
6289,25117,Medium
6290,25123,Medium
6291,25126,Medium
6292,25131,High
6293,25133,High
6294,25135,High
6295,28123,Low
6296,26291,Low
6297,28162,Low
6298,24952,Medium
6299,25096,High
6300,25113,Low
6301,27385,Low
6302,24875,High
6303,25111,High
6304,27726,Low
6305,25124,Low
6306,28165,High
6307,23463,Medium
6308,23512,Medium
6309,24771,Medium
6310,24826,High
6311,24946,Medium
6312,24963,Low
6313,24983,Medium
6314,25032,Medium
6315,25063,High
6316,25099,High
6317,25102,Medium
6318,25104,Medium
6319,24933,Low
6320,19085,Low
6321,25825,Low
6322,25450,Low
6323,27246,Low
6324,26256,Low
6325,28131,High
6326,28126,Low
6327,28134,High
6328,28133,Low
6329,28132,High
6330,28143,Low
6331,28136,High
6332,28145,High
6333,28144,High
6334,28150,High
6335,20783,Low
6336,21319,Low
6337,22040,Low
6338,22084,Low
6339,22120,Low
6340,22941,Low
6341,23670,Low
6342,23887,Low
6343,24094,Low
6344,24393,High
6345,24444,Medium
6346,24462,Medium
6347,24613,Medium
6348,24644,Medium
6349,24675,High
6350,24766,High
6351,24890,Medium
6352,24913,High
6353,24982,High
6354,24991,Medium
6355,25003,High
6356,25022,High
6357,25062,High
6358,25067,Low
6359,25069,High
6360,25070,Medium
6361,25071,High
6362,25077,Low
6363,25080,High
6364,25081,Medium
6365,25083,Medium
6366,25085,High
6367,25087,Medium
6368,24578,Medium
6369,24833,High
6370,24820,Medium
6371,24935,High
6372,25017,Medium
6373,25049,Medium
6374,25053,Medium
6375,25061,Medium
6376,25065,Medium
6377,24973,High
6378,25024,High
6379,25047,Medium
6380,25048,Medium
6381,25051,Low
6382,25052,Medium
6383,28099,High
6384,25944,Low
6385,24470,Low
6386,24951,Low
6387,24990,Low
6388,24993,Medium
6389,25020,Medium
6390,25021,Medium
6391,25029,Medium
6392,26257,Low
6393,28063,Low
6394,27172,Low
6395,28085,Low
6396,24656,Low
6397,24965,High
6398,25006,Medium
6399,25005,Low
6400,25007,Medium
6401,25008,Medium
6402,25009,Low
6403,28038,High
6404,28069,High
6405,28068,Low
6406,28087,High
6407,28076,High
6408,24670,High
6409,24968,Medium
6410,24987,High
6411,24996,Medium
6412,24998,High
6413,24325,Low
6414,24977,Medium
6415,24978,High
6416,24980,Medium
6417,24981,Medium
6418,26974,Low
6419,27572,Low
6420,18579,Low
6421,24370,Low
6422,24610,Medium
6423,24623,Medium
6424,24854,Low
6425,24957,Medium
6426,24944,Low
6427,24945,Medium
6428,23660,Low
6429,24941,Medium
6430,27265,Low
6431,25832,Low
6432,28013,High
6433,27798,Low
6434,15556,High
6435,24926,Medium
6436,24931,Low
6437,27834,Low
6438,27049,Low
6439,24852,Medium
6440,24887,Medium
6441,24874,Medium
6442,24910,Medium
6443,24917,High
6444,27981,High
6445,27975,High
6446,27991,Low
6447,22682,Low
6448,24529,Low
6449,24696,High
6450,24847,Medium
6451,24851,Medium
6452,24858,Medium
6453,24861,Medium
6454,24865,Medium
6455,24872,Medium
6456,24688,High
6457,24760,High
6458,24831,Medium
6459,24838,Medium
6460,24839,Medium
6461,24841,Medium
6462,24842,Medium
6463,24845,Medium
6464,24850,Medium
6465,27087,Low
6466,23852,Low
6467,24481,Low
6468,24489,Low
6469,24601,Medium
6470,24637,High
6471,24651,Medium
6472,24674,High
6473,24789,High
6474,24798,High
6475,24799,Medium
6476,24800,High
6477,24801,Medium
6478,24804,Medium
6479,24816,Medium
6480,24825,Medium
6481,24828,Low
6482,24834,Medium
6483,24835,Medium
6484,24815,High
6485,24823,Low
6486,24818,Medium
6487,27909,Low
6488,25609,High
6489,13351,Low
6490,24694,High
6491,24698,Low
6492,24713,High
6493,24791,Low
6494,24792,Medium
6495,24797,Medium
6496,24803,Medium
6497,27177,Low
6498,16187,Low
6499,17565,Low
6500,18096,Low
6501,18491,Low
6502,19211,Low
6503,20352,Low
6504,20404,Low
6505,21092,Low
6506,23432,Medium
6507,24196,High
6508,24374,Medium
6509,24413,Medium
6510,24482,Medium
6511,24521,Medium
6512,24603,Medium
6513,24616,Low
6514,24620,Low
6515,24669,Medium
6516,24709,Medium
6517,24738,High
6518,24759,Medium
6519,24763,Medium
6520,24768,High
6521,24775,Medium
6522,24776,Medium
6523,24779,Low
6524,24781,Low
6525,24784,Medium
6526,24133,Low
6527,24740,Low
6528,24751,Medium
6529,24752,Medium
6530,24755,Medium
6531,24757,Medium
6532,24761,Medium
6533,24773,Medium
6534,24762,Medium
6535,26710,Low
6536,15990,Low
6537,27586,Low
6538,27495,Low
6539,27788,Low
6540,23712,Low
6541,23801,Low
6542,24708,High
6543,24720,Low
6544,24724,Medium
6545,24725,Low
6546,24728,Medium
6547,24730,Medium
6548,24733,Low
6549,27791,Low
6550,27041,Low
6551,24690,Medium
6552,24712,Medium
6553,24716,High
6554,24718,Medium
6555,24719,Medium
6556,24722,Medium
6557,24723,Medium
6558,25764,Low
6559,16895,Low
6560,27678,Low
6561,24710,Low
6562,24711,Low
6563,27849,Low
6564,16971,Low
6565,21038,Low
6566,24353,Low
6567,24363,Medium
6568,24371,Low
6569,24434,Low
6570,24469,Low
6571,24502,Medium
6572,24514,Low
6573,24525,Medium
6574,24604,Medium
6575,24667,Medium
6576,24677,Low
6577,24681,Medium
6578,24697,Medium
6579,24699,Medium
6580,24700,Low
6581,24702,Medium
6582,24703,High
6583,26818,Low
6584,26988,Low
6585,27854,Medium
6586,27846,Low
6587,27193,Low
6588,24680,Medium
6589,24682,Medium
6590,24683,Medium
6591,24684,Medium
6592,24692,Medium
6593,24453,Medium
6594,24455,Low
6595,24527,Medium
6596,24664,Low
6597,24668,Medium
6598,24676,Medium
6599,27848,High
6600,24660,Medium
6601,24663,Medium
6602,24665,Medium
6603,26210,Low
6604,22727,Medium
6605,24622,High
6606,24645,Medium
6607,23767,Low
6608,27206,Low
6609,25603,Low
6610,27802,Low
6611,27440,Low
6612,27825,Low
6613,27817,High
6614,24607,High
6615,24636,Medium
6616,24639,Medium
6617,26946,Low
6618,27009,Medium
6619,24621,High
6620,24634,Medium
6621,27207,High
6622,27821,High
6623,27531,Low
6624,23400,Low
6625,18316,Low
6626,24565,High
6627,24602,High
6628,24612,Medium
6629,24614,Medium
6630,24617,Medium
6631,24619,Medium
6632,24625,Medium
6633,25789,Low
6634,25979,Low
6635,25952,Low
6636,26785,Low
6637,26159,Low
6638,26971,Low
6639,26819,Low
6640,27695,Low
6641,27035,Low
6642,27804,High
6643,18375,Low
6644,21029,Low
6645,22237,Low
6646,22775,Low
6647,23613,Low
6648,23740,Low
6649,23952,Medium
6650,24104,Medium
6651,24223,Medium
6652,24263,Low
6653,24309,High
6654,24366,High
6655,24487,High
6656,24552,Low
6657,24569,Medium
6658,24573,Low
6659,24575,Low
6660,24585,Low
6661,24588,Medium
6662,24594,High
6663,24599,Medium
6664,24600,Medium
6665,24605,Medium
6666,24606,Medium
6667,6849,Low
6668,24267,High
6669,24417,High
6670,24531,Low
6671,24544,Medium
6672,24581,Medium
6673,24586,Medium
6674,24587,Low
6675,24221,Low
6676,24280,Medium
6677,24289,High
6678,24322,High
6679,24328,High
6680,24503,Low
6681,24564,Low
6682,24566,Medium
6683,24570,Medium
6684,24574,Medium
6685,24577,Low
6686,24511,High
6687,24520,Low
6688,24539,High
6689,24543,Low
6690,24556,Medium
6691,24557,Medium
6692,24559,Medium
6693,24562,Medium
6694,24563,High
6695,26047,Low
6696,27740,Low
6697,26873,Low
6698,27777,High
6699,27745,Low
6700,27781,High
6701,27778,High
6702,27690,Low
6703,21233,Low
6704,24548,Medium
6705,24549,Medium
6706,24550,Medium
6707,27707,Low
6708,20131,Low
6709,26110,Low
6710,24488,High
6711,24490,Medium
6712,24499,High
6713,24500,High
6714,27738,Low
6715,27747,Low
6716,27746,High
6717,27753,Low
6718,24432,Low
6719,24498,Low
6720,24522,Low
6721,24530,Medium
6722,24532,Low
6723,26664,Low
6724,22912,Low
6725,24447,Medium
6726,24484,Medium
6727,24485,Medium
6728,24504,Medium
6729,24505,High
6730,24509,Low
6731,24510,Medium
6732,27737,High
6733,24002,High
6734,24142,High
6735,24185,Low
6736,24252,High
6737,24459,Medium
6738,24471,High
6739,24474,Medium
6740,24475,Medium
6741,24476,Medium
6742,24477,Medium
6743,24478,Medium
6744,24479,Medium
6745,24480,Medium
6746,24483,Medium
6747,24491,Medium
6748,24494,Medium
6749,24495,Medium
6750,27248,Low
6751,24584,Low
6752,27716,Low
6753,27655,Low
6754,27724,Low
6755,27719,High
6756,24233,High
6757,24301,High
6758,24350,High
6759,24458,Low
6760,24461,Medium
6761,24464,Medium
6762,24466,Low
6763,18115,Low
6764,24016,Medium
6765,24116,Medium
6766,24182,High
6767,24217,Medium
6768,24225,High
6769,24229,High
6770,24454,Medium
6771,25210,Low
6772,26394,Low
6773,26075,Low
6774,26827,Low
6775,26806,Low
6776,27675,Low
6777,27036,Low
6778,27704,High
6779,27692,Low
6780,20405,High
6781,17944,Low
6782,24362,Medium
6783,24443,Medium
6784,24449,Medium
6785,27684,High
6786,27501,Low
6787,24416,Low
6788,24433,Low
6789,24439,Medium
6790,24440,Medium
6791,24442,Medium
6792,27054,Low
6793,26296,Low
6794,27688,High
6795,27687,Low
6796,27694,High
6797,24364,Medium
6798,24402,High
6799,24415,Medium
6800,24421,Low
6801,24423,High
6802,24424,Medium
6803,24426,Medium
6804,24427,High
6805,24430,Medium
6806,27673,High
6807,28509,High
6808,24382,High
6809,24394,Low
6810,24403,Medium
6811,24406,Low
6812,24408,Low
6813,24420,Medium
6814,27630,Low
6815,26931,Low
6816,28467,Medium
6817,7495,High
6818,13025,Low
6819,16006,Low
6820,16152,Low
6821,16263,Low
6822,18775,Low
6823,19036,Low
6824,20420,Low
6825,20772,Low
6826,22511,Low
6827,22868,Medium
6828,23910,High
6829,23992,Low
6830,24206,Low
6831,24383,High
6832,24384,Medium
6833,24385,High
6834,24386,Medium
6835,24391,Low
6836,24392,Medium
6837,24396,Medium
6838,24397,Medium
6839,24596,Low
6840,27310,Low
6841,27001,Low
6842,27669,High
6843,27664,High
6844,27656,High
6845,23809,Medium
6846,24080,Medium
6847,24168,Low
6848,24346,Medium
6849,24351,Low
6850,24361,Low
6851,24367,Medium
6852,27642,Low
6853,27486,Low
6854,27653,Low
6855,27650,High
6856,27654,High
6857,21517,High
6858,24257,Medium
6859,24348,Medium
6860,24349,Medium
6861,24352,Medium
6862,24354,Medium
6863,24356,Medium
6864,24330,Medium
6865,24340,Medium
6866,24341,Medium
6867,27647,Low
6868,27646,Medium
6869,24198,Medium
6870,24281,High
6871,24324,Medium
6872,24329,Medium
6873,24332,Medium
6874,24334,Medium
6875,24336,Medium
6876,26658,Low
6877,25571,Low
6878,27629,Low
6879,27616,Low
6880,27541,Low
6881,25584,Low
6882,24244,High
6883,24259,Medium
6884,24278,Medium
6885,24306,High
6886,24307,Medium
6887,24311,Medium
6888,27617,Medium
6889,27556,Low
6890,27635,Medium
6891,21851,Low
6892,23755,High
6893,24001,Low
6894,24260,High
6895,24268,Medium
6896,24288,High
6897,24299,Low
6898,24303,Medium
6899,24304,Medium
6900,24305,Medium
6901,24308,Medium
6902,24310,Medium
6903,24315,Medium
6904,24265,Medium
6905,24269,High
6906,24270,High
6907,24271,Medium
6908,24272,Low
6909,24273,Medium
6910,24279,Medium
6911,24282,Medium
6912,24285,Medium
6913,24286,Medium
6914,24290,Medium
6915,24295,Medium
6916,10756,Low
6917,27459,Low
6918,26867,Low
6919,27624,Medium
6920,27621,Low
6921,27606,Medium
6922,13845,Low
6923,16800,Low
6924,22139,Medium
6925,22215,Low
6926,22637,Medium
6927,22638,Low
6928,22656,Medium
6929,22751,Medium
6930,22768,Medium
6931,22951,Medium
6932,22976,Medium
6933,23222,Low
6934,23362,Medium
6935,23455,Low
6936,23986,Low
6937,24112,High
6938,24188,Medium
6939,24251,High
6940,24254,Medium
6941,24255,Medium
6942,24256,Medium
6943,23151,Low
6944,24137,Medium
6945,24139,High
6946,24143,High
6947,24144,Medium
6948,24153,Low
6949,24170,Low
6950,24175,Medium
6951,24189,Low
6952,24222,High
6953,24226,Medium
6954,24227,High
6955,24228,Medium
6956,24230,Medium
6957,24232,High
6958,24235,Medium
6959,24236,Medium
6960,24237,Medium
6961,24239,Medium
6962,24241,Medium
6963,24243,Medium
6964,24245,Medium
6965,24246,High
6966,24247,High
6967,24248,Medium
6968,27602,High
6969,26576,Low
6970,27605,High
6971,27603,High
6972,27608,High
6973,24220,Medium
6974,22535,Low
6975,24121,Medium
6976,24210,Medium
6977,24211,Medium
6978,24212,High
6979,24213,Medium
6980,24216,Medium
6981,26122,Low
6982,20879,Low
6983,24193,Medium
6984,24197,Medium
6985,24199,High
6986,24200,Medium
6987,24201,Medium
6988,24202,High
6989,24203,High
6990,24205,Medium
6991,24208,Medium
6992,19490,Medium
6993,24150,Low
6994,24161,Medium
6995,24172,High
6996,24179,Medium
6997,24180,High
6998,27627,Low
6999,23453,Medium
7000,24093,Medium
7001,24159,Medium
7002,24160,Medium
7003,24163,Medium
7004,24164,High
7005,24165,Medium
7006,24166,Medium
7007,24169,High
7008,24171,Medium
7009,27524,Low
7010,25045,Low
7011,27557,Low
7012,27535,Low
7013,18777,Low
7014,19251,Low
7015,21363,Low
7016,22150,Low
7017,22159,Low
7018,22213,Low
7019,22407,Low
7020,22716,Medium
7021,23049,Low
7022,23835,Low
7023,23904,High
7024,24140,Medium
7025,24141,Medium
7026,24145,Medium
7027,24147,High
7028,24148,Low
7029,24151,High
7030,24154,Low
7031,24157,Medium
7032,24158,Low
7033,26450,Low
7034,27112,Low
7035,27567,High
7036,27546,Low
7037,27326,Low
7038,27576,High
7039,27568,High
7040,23868,High
7041,23955,High
7042,24130,Low
7043,24131,Medium
7044,24132,Medium
7045,24134,High
7046,24135,Low
7047,24136,Medium
7048,25898,Low
7049,26217,Low
7050,24117,High
7051,24119,Medium
7052,24120,High
7053,24122,High
7054,24123,Medium
7055,24124,Medium
7056,24126,Medium
7057,24127,Medium
7058,24128,High
7059,27438,High
7060,27543,High
7061,27528,Low
7062,24103,High
7063,24107,Low
7064,24108,High
7065,24110,Medium
7066,24111,Medium
7067,24114,Medium
7068,27527,High
7069,27057,Low
7070,27534,High
7071,27540,High
7072,23325,Medium
7073,23886,High
7074,24059,High
7075,24067,Low
7076,24076,Medium
7077,24087,High
7078,24096,Medium
7079,24101,Medium
7080,24102,Medium
7081,24105,High
7082,24106,Medium
7083,27256,Low
7084,27520,Low
7085,27515,Low
7086,23342,High
7087,23899,High
7088,23949,High
7089,24043,High
7090,24044,High
7091,24068,High
7092,24071,Medium
7093,24072,Medium
7094,24074,Medium
7095,24078,Medium
7096,24079,Medium
7097,24081,Medium
7098,24083,Low
7099,24082,High
7100,24086,Medium
7101,24089,High
7102,24090,Medium
7103,24091,Medium
7104,24092,Low
7105,27511,Low
7106,5586,Low
7107,6785,Low
7108,8024,Low
7109,8169,Low
7110,8237,Low
7111,9145,Low
7112,9566,Low
7113,10812,Medium
7114,9773,Low
7115,10966,Low
7116,12152,Low
7117,12814,Low
7118,12289,Low
7119,12903,Low
7120,13094,Low
7121,13187,Low
7122,13588,Low
7123,13740,Low
7124,14244,Low
7125,14528,Low
7126,15205,Low
7127,15371,Low
7128,18020,Low
7129,18290,High
7130,19955,High
7131,21405,Low
7132,22024,Low
7133,22175,Medium
7134,22550,Low
7135,22806,Low
7136,22915,Low
7137,22918,Low
7138,22940,Medium
7139,23243,Low
7140,23298,Medium
7141,23346,Medium
7142,23391,Low
7143,23686,High
7144,23957,High
7145,24017,Low
7146,24022,Medium
7147,24020,Medium
7148,24023,Medium
7149,24047,Medium
7150,24049,Medium
7151,24053,Medium
7152,24051,High
7153,24060,Medium
7154,24061,Medium
7155,24064,Medium
7156,24065,Low
7157,27503,High
7158,26720,Low
7159,27508,High
7160,20174,Low
7161,16223,Low
7162,16228,Low
7163,17898,Low
7164,17972,Low
7165,17985,Medium
7166,18076,Low
7167,18179,High
7168,18219,Low
7169,18262,Low
7170,18341,Low
7171,18394,Low
7172,18439,Low
7173,18515,Low
7174,18773,High
7175,18930,Low
7176,18942,Low
7177,18973,Low
7178,18993,Low
7179,19067,Low
7180,19078,Low
7181,19107,Low
7182,19117,Low
7183,19125,Low
7184,19239,High
7185,19297,Medium
7186,19573,Low
7187,19591,Low
7188,19615,Low
7189,19650,Low
7190,19717,Low
7191,19719,Low
7192,19736,Low
7193,19744,Low
7194,19931,Low
7195,19942,Low
7196,19971,Low
7197,19979,Low
7198,19991,Low
7199,20212,Low
7200,20247,Low
7201,20262,Low
7202,20302,Low
7203,20403,Low
7204,20460,High
7205,20639,Low
7206,20715,Low
7207,20774,High
7208,20817,Low
7209,20886,Low
7210,20898,Low
7211,20922,Low
7212,20930,Low
7213,20976,Low
7214,20996,Low
7215,21021,Low
7216,21122,Low
7217,21144,Low
7218,21151,Low
7219,21167,Low
7220,21236,Low
7221,21307,Medium
7222,21303,Low
7223,21309,Low
7224,21407,Low
7225,21430,Low
7226,21431,Low
7227,21434,Low
7228,21437,Low
7229,21564,Low
7230,21572,Low
7231,21614,Low
7232,21617,Low
7233,21638,Low
7234,21643,Low
7235,21712,Low
7236,21732,Low
7237,21740,Low
7238,21741,High
7239,21790,Low
7240,21808,Low
7241,21811,Low
7242,21814,Low
7243,21822,Medium
7244,21846,Low
7245,21850,Low
7246,21856,Low
7247,21875,Low
7248,21897,Low
7249,21902,Low
7250,21918,Low
7251,21919,Medium
7252,21969,Low
7253,21973,Medium
7254,21990,Low
7255,22036,Low
7256,22043,High
7257,22057,Low
7258,22085,Low
7259,22086,Low
7260,22095,Low
7261,22148,High
7262,22149,Low
7263,22157,Low
7264,22214,Low
7265,22223,Medium
7266,22238,Low
7267,22305,Low
7268,22313,Medium
7269,22341,Low
7270,22347,High
7271,22354,Low
7272,22349,Low
7273,22359,Medium
7274,22378,Low
7275,22385,Low
7276,22401,Medium
7277,22393,Low
7278,22408,Low
7279,22409,Low
7280,22414,Medium
7281,22418,Low
7282,22425,Medium
7283,22427,Low
7284,22445,Low
7285,22459,Low
7286,22469,Medium
7287,22471,Medium
7288,22476,Low
7289,22505,Medium
7290,22510,Low
7291,22519,Low
7292,22540,Low
7293,22543,Medium
7294,22574,Low
7295,22590,Low
7296,22601,Low
7297,22609,High
7298,22615,Low
7299,22644,Low
7300,22669,Medium
7301,22675,High
7302,22692,High
7303,22701,Medium
7304,22713,Low
7305,22724,Medium
7306,22778,High
7307,22779,Medium
7308,22800,Low
7309,22801,Low
7310,22804,High
7311,22807,Low
7312,22831,Low
7313,22835,Medium
7314,22859,Low
7315,22864,Low
7316,22873,Medium
7317,22867,Low
7318,22881,Low
7319,22888,Low
7320,22900,Low
7321,22928,Medium
7322,22932,Low
7323,22937,Medium
7324,22956,Low
7325,22957,Medium
7326,22967,Low
7327,22969,Low
7328,22979,Medium
7329,22982,Low
7330,23022,Low
7331,23026,Low
7332,23067,Medium
7333,23081,Low
7334,23083,Low
7335,23112,Low
7336,23129,Medium
7337,23148,Medium
7338,23140,Low
7339,23173,Medium
7340,23215,Low
7341,23220,Low
7342,23223,High
7343,23254,Low
7344,23282,High
7345,23286,Low
7346,23301,High
7347,23332,High
7348,23340,High
7349,23418,Low
7350,23420,Low
7351,23442,Low
7352,23469,Low
7353,23477,High
7354,23479,Low
7355,23513,High
7356,23526,Low
7357,23564,Low
7358,23575,Low
7359,23581,Low
7360,23621,High
7361,23661,Low
7362,23665,Medium
7363,23669,Low
7364,23720,Medium
7365,23746,High
7366,23752,Low
7367,23781,Low
7368,23806,Medium
7369,23810,Medium
7370,23818,Low
7371,23841,Medium
7372,23844,High
7373,23877,High
7374,23882,Low
7375,23891,Medium
7376,23902,Low
7377,23914,High
7378,23930,High
7379,23935,Medium
7380,23942,Medium
7381,23946,Medium
7382,23947,Medium
7383,23950,Low
7384,23964,Low
7385,23972,High
7386,23976,High
7387,23978,Low
7388,23983,Medium
7389,23994,High
7390,23995,Medium
7391,23999,Medium
7392,24008,Low
7393,24019,Medium
7394,24021,Medium
7395,24024,Medium
7396,24026,Medium
7397,24027,High
7398,24028,High
7399,24029,High
7400,24030,High
7401,24031,High
7402,24032,High
7403,24039,Low
7404,27467,Low
7405,26606,Low
7406,27494,High
7407,27489,High
7408,19473,Low
7409,23816,High
7410,23828,High
7411,23908,High
7412,23956,High
7413,23985,High
7414,23993,Medium
7415,23998,Medium
7416,24000,High
7417,24003,Medium
7418,24006,Medium
7419,24007,Medium
7420,24010,Low
7421,24013,High
7422,26816,Low
7423,26828,Low
7424,27474,High
7425,27473,High
7426,23905,Low
7427,23934,Low
7428,23945,Low
7429,23948,Medium
7430,23990,Medium
7431,27441,Low
7432,25572,High
7433,27468,Low
7434,27466,High
7435,22654,Medium
7436,23959,Low
7437,23962,Medium
7438,23971,Medium
7439,23974,Medium
7440,23975,Medium
7441,23979,Medium
7442,23981,Medium
7443,27341,Low
7444,27454,High
7445,27452,High
7446,23825,High
7447,23893,Medium
7448,23936,High
7449,23944,Low
7450,23951,Medium
7451,23954,Medium
7452,23960,Medium
7453,27450,High
7454,25189,Low
7455,18426,Low
7456,19674,Low
7457,21474,Low
7458,22573,High
7459,23381,Low
7460,23797,High
7461,23849,Low
7462,23895,Low
7463,23906,High
7464,23907,Medium
7465,23909,Low
7466,23919,Medium
7467,23920,Medium
7468,23926,Medium
7469,23928,High
7470,23931,Medium
7471,23932,Medium
7472,23937,Medium
7473,17496,Low
7474,21966,High
7475,23583,High
7476,23750,High
7477,23762,High
7478,23890,High
7479,23892,Medium
7480,23894,Low
7481,23896,High
7482,26280,Low
7483,27432,Low
7484,26944,Medium
7485,20462,Low
7486,21639,High
7487,21836,Low
7488,23486,Medium
7489,23568,Medium
7490,23618,Medium
7491,23840,High
7492,23842,High
7493,23845,High
7494,23853,Medium
7495,23856,Medium
7496,23858,Medium
7497,23860,Medium
7498,23863,Medium
7499,23866,Low
7500,23867,Medium
7501,23873,High
7502,23874,Medium
7503,27424,High
7504,23645,High
7505,23775,Low
7506,23843,Medium
7507,23847,Medium
7508,23848,Medium
7509,27408,High
7510,26328,Low
7511,27410,High
7512,23799,Medium
7513,23831,Medium
7514,23833,Medium
7515,12205,Low
7516,26020,Low
7517,27401,High
7518,23448,Medium
7519,23820,High
7520,23829,Medium
7521,23834,Medium
7522,27383,High
7523,27364,Low
7524,22397,Low
7525,23374,Medium
7526,23707,Low
7527,23739,Low
7528,23756,Medium
7529,23817,Medium
7530,23819,Medium
7531,23821,Medium
7532,23822,Medium
7533,27334,Low
7534,23552,Medium
7535,23671,Low
7536,23770,Medium
7537,23798,Medium
7538,23805,Medium
7539,23811,Medium
7540,23814,Medium
7541,23727,Low
7542,27376,Medium
7543,27353,Low
7544,23772,Medium
7545,23776,High
7546,23783,Medium
7547,23785,Low
7548,23786,Medium
7549,23788,Low
7550,23793,Medium
7551,25490,High
7552,24582,Low
7553,22927,Low
7554,26134,Low
7555,25798,Low
7556,26275,Low
7557,26267,Low
7558,26419,Low
7559,27306,Low
7560,26500,Low
7561,27354,Medium
7562,27336,Low
7563,27359,Medium
7564,27360,Medium
7565,27361,Medium
7566,23734,High
7567,23757,Medium
7568,23759,Medium
7569,23761,Medium
7570,23768,Medium
7571,23773,Medium
7572,23777,Medium
7573,23878,Low
7574,19002,Low
7575,21075,Low
7576,21135,Low
7577,23729,Medium
7578,23732,Medium
7579,23735,Low
7580,23737,High
7581,23741,Medium
7582,23743,Low
7583,23744,Medium
7584,23747,High
7585,23749,Medium
7586,23754,Medium
7587,23736,Medium
7588,27276,Low
7589,23468,Low
7590,23728,Medium
7591,26019,Low
7592,27325,Medium
7593,27324,Medium
7594,23450,Medium
7595,23459,Low
7596,23690,Medium
7597,23694,Medium
7598,23698,Medium
7599,23700,Medium
7600,23703,High
7601,23704,Medium
7602,23706,High
7603,23708,Medium
7604,23709,Low
7605,23716,Medium
7606,27309,Low
7607,27237,Low
7608,27252,Low
7609,27244,Medium
7610,5859,Low
7611,21311,High
7612,22210,Low
7613,22340,Low
7614,22594,Medium
7615,22781,Low
7616,23059,Low
7617,23268,High
7618,23417,Medium
7619,23655,High
7620,23684,Medium
7621,23685,Medium
7622,23692,Medium
7623,23695,Medium
7624,23697,Medium
7625,22033,Low
7626,25226,Low
7627,23836,Low
7628,26910,Low
7629,25911,Low
7630,27274,Low
7631,27071,Low
7632,27283,High
7633,27281,High
7634,27304,High
7635,27287,High
7636,27371,Medium
7637,27307,High
7638,23259,High
7639,23299,High
7640,23672,Medium
7641,23673,Medium
7642,23676,Medium
7643,23680,Medium
7644,23681,Medium
7645,22826,Low
7646,23375,High
7647,23579,High
7648,23596,Medium
7649,23635,High
7650,23649,Low
7651,23650,Medium
7652,23651,Medium
7653,23652,Medium
7654,23657,High
7655,23659,Medium
7656,15841,Low
7657,18599,Low
7658,22440,High
7659,23542,Medium
7660,23605,High
7661,23623,Low
7662,23624,Medium
7663,23626,Medium
7664,23633,Medium
7665,23634,Medium
7666,23636,Medium
7667,23637,Medium
7668,23646,Medium
7669,26614,Medium
7670,27262,High
7671,27260,High
7672,27270,High
7673,23343,High
7674,23570,High
7675,23619,Medium
7676,23622,Medium
7677,27090,Low
7678,26499,Low
7679,27251,High
7680,23471,Low
7681,23539,High
7682,23607,High
7683,23611,Medium
7684,23612,Medium
7685,26872,Low
7686,25796,Low
7687,23352,Low
7688,23582,High
7689,23587,Medium
7690,23589,High
7691,23590,Medium
7692,23592,Medium
7693,23593,Medium
7694,23594,Medium
7695,23595,Medium
7696,23597,Medium
7697,23601,High
7698,26844,Low
7699,25356,Low
7700,27238,High
7701,20115,Low
7702,20593,Low
7703,21030,High
7704,23279,High
7705,23454,Medium
7706,23500,Medium
7707,23567,High
7708,23573,Medium
7709,23574,Medium
7710,23576,Medium
7711,26733,Medium
7712,26341,Low
7713,22943,High
7714,22974,Medium
7715,23066,Medium
7716,23071,Medium
7717,23134,Low
7718,23157,Low
7719,23248,High
7720,23253,High
7721,23265,Low
7722,23551,Medium
7723,23554,Low
7724,23560,High
7725,25733,Low
7726,26014,Low
7727,25792,Low
7728,27211,Low
7729,26084,Low
7730,27221,High
7731,23235,Low
7732,23489,High
7733,23495,Medium
7734,23503,Medium
7735,23509,Low
7736,23516,Low
7737,23522,Medium
7738,23523,High
7739,23525,Medium
7740,23528,Medium
7741,23529,Medium
7742,23531,Medium
7743,23532,Medium
7744,23534,Medium
7745,25874,Low
7746,26198,Low
7747,26065,Low
7748,26959,Low
7749,27048,Low
7750,22925,Medium
7751,23360,High
7752,23499,High
7753,23505,Medium
7754,23507,Medium
7755,23508,Medium
7756,23515,Medium
7757,23518,Medium
7758,23521,Low
7759,25910,Low
7760,26119,High
7761,26041,Low
7762,27199,High
7763,27160,Low
7764,27202,Low
7765,18994,Low
7766,19307,Low
7767,19952,Low
7768,20492,Medium
7769,20590,Low
7770,22032,Medium
7771,22039,Medium
7772,23491,Medium
7773,23493,Low
7774,23494,Medium
7775,23496,Medium
7776,23498,Medium
7777,23502,Medium
7778,27088,Low
7779,21181,Low
7780,27192,High
7781,11710,Low
7782,12529,Low
7783,12830,Low
7784,18097,Low
7785,18372,Medium
7786,19546,Low
7787,19692,Low
7788,20623,Low
7789,20721,Low
7790,20821,Low
7791,20887,Low
7792,21762,Low
7793,21803,Low
7794,21826,Medium
7795,22383,Low
7796,22556,Low
7797,22740,Low
7798,22895,Medium
7799,23388,High
7800,23445,High
7801,23447,High
7802,23474,High
7803,23475,Medium
7804,23481,Low
7805,23482,Low
7806,27152,Low
7807,26409,Low
7808,27178,High
7809,25500,Medium
7810,23258,High
7811,23323,Medium
7812,23411,Medium
7813,23456,Low
7814,23457,Medium
7815,23458,Medium
7816,23460,Medium
7817,23462,Medium
7818,23466,High
7819,26424,Low
7820,27142,Low
7821,26755,Low
7822,27170,Low
7823,27163,Low
7824,27174,High
7825,27171,High
7826,27175,High
7827,22824,Medium
7828,23412,Medium
7829,23416,Medium
7830,23419,Medium
7831,23421,Medium
7832,23422,Medium
7833,23435,High
7834,27147,Low
7835,26013,Low
7836,27148,High
7837,18130,Low
7838,18368,Low
7839,21862,Low
7840,21953,Low
7841,22954,Medium
7842,22966,High
7843,23348,High
7844,23378,High
7845,23392,Medium
7846,23399,Medium
7847,23401,Medium
7848,23403,Low
7849,23405,Medium
7850,27136,High
7851,27121,Low
7852,27138,High
7853,27143,High
7854,21154,Low
7855,22118,High
7856,21967,High
7857,22652,Low
7858,22949,High
7859,23314,Medium
7860,23349,High
7861,23363,Medium
7862,23366,Medium
7863,23368,Low
7864,23369,Medium
7865,23370,Medium
7866,23373,Low
7867,23377,High
7868,23379,Medium
7869,23380,Low
7870,23386,Medium
7871,25599,High
7872,23327,Low
7873,23356,Low
7874,27100,High
7875,23771,Low
7876,27113,High
7877,23351,Medium
7878,21026,Low
7879,26285,Low
7880,23126,Low
7881,23271,Low
7882,23337,Medium
7883,23338,Medium
7884,23339,Medium
7885,23345,Medium
7886,23347,Medium
7887,22699,Low
7888,24701,Low
7889,24465,Low
7890,27094,Medium
7891,20908,Low
7892,21243,High
7893,22791,Low
7894,23306,High
7895,25916,Low
7896,27043,Low
7897,26938,Low
7898,27086,Low
7899,27084,Medium
7900,19958,Low
7901,23202,Medium
7902,23300,High
7903,23307,Medium
7904,23309,Medium
7905,23310,Medium
7906,23311,Medium
7907,23312,Low
7908,23315,Medium
7909,18943,Low
7910,26071,Low
7911,21795,Medium
7912,27067,Medium
7913,26290,Low
7914,27072,Medium
7915,27074,Medium
7916,18598,Low
7917,23251,Medium
7918,23290,High
7919,23291,Medium
7920,26209,Low
7921,25515,Medium
7922,26860,High
7923,27030,Low
7924,20956,Medium
7925,22885,Medium
7926,23217,Medium
7927,23270,High
7928,23285,Medium
7929,23288,Medium
7930,26582,Low
7931,26776,Low
7932,26753,Low
7933,27047,Medium
7934,22029,Medium
7935,23171,Low
7936,23275,Medium
7937,20637,Low
7938,27027,Low
7939,27011,Medium
7940,27028,High
7941,23034,High
7942,23080,Low
7943,23121,Low
7944,23154,Medium
7945,23255,Medium
7946,23256,High
7947,23257,High
7948,23260,Medium
7949,23262,High
7950,23263,Medium
7951,23267,Medium
7952,23269,Medium
7953,27017,Medium
7954,27026,Medium
7955,27018,Medium
7956,2814,Low
7957,5886,Low
7958,22710,High
7959,23076,Medium
7960,23214,Medium
7961,23224,High
7962,23241,High
7963,23242,Medium
7964,23246,Medium
7965,23249,Medium
7966,23250,Low
7967,23252,Medium
7968,26994,High
7969,27014,Low
7970,22679,Low
7971,23218,Low
7972,23221,Low
7973,23228,Medium
7974,23229,Medium
7975,23232,High
7976,23234,Low
7977,23238,Medium
7978,25142,Low
7979,11083,Low
7980,18783,Low
7981,23153,Medium
7982,23158,Low
7983,23208,High
7984,23210,Medium
7985,23211,Medium
7986,23212,Medium
7987,23216,Medium
7988,26277,Low
7989,25930,Low
7990,26977,Low
7991,26763,Medium
7992,4968,High
7993,13149,Low
7994,13754,Low
7995,15945,Low
7996,16002,Low
7997,18542,Low
7998,19121,Low
7999,19237,Low
8000,20497,Low
8001,19859,High
8002,20997,Low
8003,21074,Low
8004,21559,Low
8005,22100,High
8006,22236,Medium
8007,23020,High
8008,23056,High
8009,23085,High
8010,23088,Medium
8011,23091,Low
8012,23108,High
8013,23110,High
8014,23131,High
8015,23141,Medium
8016,23147,Low
8017,23170,Medium
8018,23183,Low
8019,23193,Low
8020,23194,Medium
8021,23196,Medium
8022,23197,Low
8023,23198,Medium
8024,23200,Low
8025,23203,Low
8026,23204,Medium
8027,26961,Low
8028,25546,Low
8029,15497,Low
8030,17699,Low
8031,21241,High
8032,19147,Low
8033,22703,Low
8034,23130,Medium
8035,23166,Low
8036,23176,Low
8037,23178,Medium
8038,23179,Medium
8039,23180,Medium
8040,23182,High
8041,23188,Medium
8042,23189,Medium
8043,23190,High
8044,26147,Low
8045,26956,High
8046,26734,Low
8047,22985,Low
8048,23175,Medium
8049,26536,Low
8050,26877,Low
8051,26656,Low
8052,26923,High
8053,26927,High
8054,26925,High
8055,23163,Medium
8056,15855,Low
8057,19073,Low
8058,23136,High
8059,23149,Low
8060,23155,Low
8061,23156,Low
8062,24647,High
8063,23005,Medium
8064,23023,Medium
8065,23114,Medium
8066,23132,High
8067,23133,Medium
8068,23137,Medium
8069,23138,Medium
8070,23139,Medium
8071,23142,Medium
8072,23145,Medium
8073,26905,High
8074,26859,Low
8075,26911,Low
8076,26906,High
8077,26917,High
8078,20342,Low
8079,22375,Low
8080,22929,Medium
8081,22990,High
8082,23055,Medium
8083,23060,Low
8084,23063,Medium
8085,23074,Medium
8086,23093,High
8087,23115,Medium
8088,23116,Medium
8089,23125,Medium
8090,23127,Medium
8091,23916,Low
8092,26893,High
8093,26890,High
8094,24333,Low
8095,21593,High
8096,22874,High
8097,23092,High
8098,23095,Medium
8099,23098,Medium
8100,23100,Medium
8101,23101,Medium
8102,23102,Medium
8103,25310,Low
8104,26848,High
8105,25970,Medium
8106,26866,Low
8107,26853,Low
8108,26953,Medium
8109,26882,High
8110,26979,Low
8111,25323,Low
8112,23064,Medium
8113,23073,Low
8114,23075,High
8115,23079,Medium
8116,23086,Medium
8117,23089,Medium
8118,18926,Low
8119,25802,Low
8120,26781,Low
8121,26667,Low
8122,26823,Low
8123,26831,High
8124,26858,High
8125,22920,High
8126,23057,Medium
8127,23058,Low
8128,23061,Medium
8129,23062,Low
8130,23065,Low
8131,23070,Medium
8132,23072,Medium
8133,22922,Low
8134,22955,Medium
8135,23016,Medium
8136,23029,Low
8137,23032,Medium
8138,23035,Medium
8139,23037,Medium
8140,23040,Medium
8141,23041,Medium
8142,23042,Medium
8143,23043,High
8144,23044,High
8145,23045,Low
8146,23046,High
8147,23054,Medium
8148,20910,Low
8149,25059,Low
8150,26817,Low
8151,18827,Low
8152,22851,High
8153,22891,Medium
8154,22904,High
8155,22911,Low
8156,23015,Low
8157,23017,Medium
8158,23019,Low
8159,23024,Low
8160,23025,Medium
8161,21410,Low
8162,25861,Low
8163,26738,Low
8164,25924,Medium
8165,26807,High
8166,26796,High
8167,19761,Low
8168,20948,Low
8169,22890,Low
8170,23002,High
8171,23010,High
8172,25268,Low
8173,26298,High
8174,26772,High
8175,26380,Low
8176,26778,Low
8177,26780,High
8178,26779,Low
8179,25625,Low
8180,18295,Low
8181,18781,Low
8182,19737,High
8183,21854,Medium
8184,22538,Low
8185,22809,Medium
8186,22838,High
8187,22930,Medium
8188,22931,Medium
8189,22936,High
8190,22971,Medium
8191,22977,Medium
8192,22978,Low
8193,22983,Medium
8194,22986,High
8195,26766,High
8196,26765,Low
8197,26768,High
8198,24219,Low
8199,26651,Low
8200,26410,Low
8201,26717,Low
8202,26742,High
8203,26728,Low
8204,26832,Medium
8205,26745,High
8206,26836,Medium
8207,22718,Low
8208,22761,Medium
8209,22853,High
8210,22970,Medium
8211,25543,Low
8212,26737,High
8213,26627,Low
8214,22905,High
8215,22926,High
8216,22953,Medium
8217,22958,Medium
8218,22959,Medium
8219,22963,Low
8220,22964,High
8221,22965,Medium
8222,25706,Low
8223,25349,High
8224,22745,Medium
8225,22846,High
8226,22939,Medium
8227,22944,Medium
8228,22945,Medium
8229,22950,Low
8230,26718,Low
8231,24046,Low
8232,26723,Low
8233,22914,High
8234,22919,Medium
8235,22923,Medium
8236,22924,Medium
8237,22933,Low
8238,22934,Low
8239,26411,Low
8240,25552,Low
8241,26427,Low
8242,13243,Low
8243,18880,Low
8244,20225,Low
8245,22902,Medium
8246,22903,Medium
8247,22906,Medium
8248,22907,Medium
8249,22909,Medium
8250,22913,High
8251,22627,Low
8252,26685,Low
8253,26683,Low
8254,22887,Medium
8255,22889,Medium
8256,22893,Medium
8257,22894,Medium
8258,22896,Low
8259,22899,Medium
8260,25445,Low
8261,25771,Low
8262,22811,Medium
8263,22882,High
8264,25687,Low
8265,21755,Low
8266,26643,Low
8267,26585,Low
8268,26648,Low
8269,26634,Low
8270,26565,Low
8271,26637,Medium
8272,22721,Medium
8273,22730,Medium
8274,22812,Medium
8275,22863,High
8276,22865,High
8277,22866,Medium
8278,22869,High
8279,22871,Medium
8280,22872,Medium
8281,26632,Medium
8282,26629,Medium
8283,22845,Medium
8284,22850,Medium
8285,22854,Medium
8286,22856,Medium
8287,22857,Medium
8288,25587,Low
8289,25801,Low
8290,25631,Low
8291,26289,Low
8292,26263,Low
8293,25857,Low
8294,26414,Low
8295,26593,Low
8296,26512,Low
8297,26613,Medium
8298,21086,Medium
8299,22689,Medium
8300,22788,Medium
8301,22836,Medium
8302,22840,Medium
8303,22842,Medium
8304,25949,Low
8305,25172,Low
8306,26569,Medium
8307,26529,Low
8308,26590,Low
8309,19872,Low
8310,19929,Low
8311,19984,Low
8312,20027,Low
8313,20394,Low
8314,20402,Low
8315,20988,Low
8316,21036,Low
8317,21130,Low
8318,21751,Low
8319,22834,Medium
8320,26251,Low
8321,25411,Low
8322,26559,High
8323,26384,Low
8324,26564,High
8325,26561,High
8326,26580,High
8327,25179,Low
8328,22599,High
8329,22702,Medium
8330,22743,Medium
8331,22750,Medium
8332,22771,Medium
8333,22780,High
8334,22813,Medium
8335,22816,High
8336,22818,High
8337,22823,Medium
8338,22832,Medium
8339,22833,Medium
8340,24925,Low
8341,26310,Low
8342,26152,Low
8343,26549,High
8344,26547,Low
8345,26552,High
8346,22830,Medium
8347,26543,Low
8348,26523,Medium
8349,26545,High
8350,22069,Medium
8351,26531,High
8352,26527,Low
8353,26533,Low
8354,22708,High
8355,22814,High
8356,22815,Medium
8357,22817,Medium
8358,22819,Medium
8359,22820,High
8360,22825,Medium
8361,26522,Low
8362,26526,Low
8363,22808,Medium
8364,22810,High
8365,26092,Low
8366,25060,Low
8367,26158,High
8368,26099,Low
8369,26513,High
8370,26483,Low
8371,26517,High
8372,22485,High
8373,22792,Medium
8374,22793,Medium
8375,22795,Medium
8376,22796,Medium
8377,22797,Medium
8378,22802,Low
8379,22803,Medium
8380,22805,Medium
8381,22855,Low
8382,21468,Low
8383,24837,Low
8384,26478,Low
8385,26464,Low
8386,26507,High
8387,22784,Low
8388,22787,Medium
8389,22786,Medium
8390,22790,Medium
8391,22789,Medium
8392,21720,Low
8393,26492,Low
8394,26488,Low
8395,26493,High
8396,22770,Medium
8397,22772,Medium
8398,22773,Low
8399,22782,Medium
8400,26397,Medium
8401,25622,High
8402,26461,Low
8403,26441,Low
8404,26470,Low
8405,19057,Low
8406,22725,Low
8407,22739,Medium
8408,22765,Medium
8409,22766,Medium
8410,22767,Medium
8411,26463,Low
8412,22507,High
8413,22671,Medium
8414,22753,Medium
8415,22754,Medium
8416,22755,Medium
8417,22756,Medium
8418,22757,Medium
8419,26392,Low
8420,26421,High
8421,15934,Low
8422,26437,Low
8423,21595,Low
8424,21537,Low
8425,21722,Low
8426,22696,Medium
8427,22719,Medium
8428,22722,Medium
8429,22726,Medium
8430,22732,High
8431,22734,Low
8432,22735,Medium
8433,22736,Medium
8434,26313,Low
8435,21126,Low
8436,22267,Low
8437,22501,High
8438,22502,High
8439,22657,Medium
8440,22678,Medium
8441,22700,Medium
8442,22704,Medium
8443,22705,Medium
8444,22706,Medium
8445,22707,Low
8446,22709,Medium
8447,22711,Medium
8448,22712,Medium
8449,22715,Medium
8450,22717,Medium
8451,25726,Low
8452,22419,Low
8453,26274,Low
8454,26056,Low
8455,26333,Low
8456,26420,High
8457,21161,Low
8458,18962,High
8459,21505,Low
8460,22668,High
8461,21922,Low
8462,22685,Medium
8463,22686,Medium
8464,22687,Medium
8465,26403,Low
8466,25981,Low
8467,26404,Low
8468,18087,Low
8469,18649,Low
8470,19411,Low
8471,18844,Low
8472,19731,Low
8473,19641,Low
8474,21418,Low
8475,19801,Low
8476,21428,Low
8477,21531,Low
8478,21637,Medium
8479,22655,High
8480,22660,High
8481,22674,Medium
8482,22676,Medium
8483,22677,Medium
8484,25887,Low
8485,26253,Low
8486,26133,Low
8487,26368,Low
8488,26366,Low
8489,26081,Low
8490,21780,High
8491,22661,Medium
8492,25177,Low
8493,26187,Low
8494,25856,Low
8495,26372,Low
8496,26353,Low
8497,19433,Low
8498,20816,Low
8499,21153,Low
8500,21160,High
8501,21353,Low
8502,21507,High
8503,21760,High
8504,22533,Medium
8505,22568,High
8506,22642,High
8507,22645,High
8508,22647,High
8509,22648,Medium
8510,22649,Medium
8511,22650,Medium
8512,26302,Low
8513,26286,Low
8514,26365,Low
8515,18886,Low
8516,19694,Low
8517,22429,Medium
8518,22435,Medium
8519,22541,High
8520,22545,High
8521,22628,Medium
8522,22629,Medium
8523,22630,High
8524,22631,Medium
8525,22632,Medium
8526,22634,Medium
8527,22635,Medium
8528,22636,Medium
8529,22640,Medium
8530,22643,Medium
8531,18566,Low
8532,26153,Low
8533,26108,Low
8534,26362,High
8535,26306,Low
8536,20991,Medium
8537,21242,Low
8538,22431,High
8539,22462,Low
8540,22492,Medium
8541,22559,High
8542,22569,Low
8543,22606,High
8544,22610,High
8545,22612,High
8546,22613,Medium
8547,22617,Medium
8548,22618,Medium
8549,22622,Medium
8550,22623,High
8551,26301,Low
8552,18629,Low
8553,26337,High
8554,321,Low
8555,371,Low
8556,2552,Low
8557,3346,Low
8558,3422,Low
8559,6687,Low
8560,6946,Low
8561,7474,Low
8562,8615,Medium
8563,8693,Low
8564,8949,High
8565,8885,Low
8566,9665,Medium
8567,10635,High
8568,10712,Low
8569,10765,Low
8570,10775,Low
8571,10865,Medium
8572,11171,Low
8573,11370,Low
8574,11594,Low
8575,11681,Low
8576,11897,Low
8577,12070,Low
8578,11989,Low
8579,12103,Low
8580,12237,Low
8581,12360,Low
8582,12884,High
8583,13073,Low
8584,13198,Medium
8585,13393,Low
8586,13463,Low
8587,13487,Low
8588,13562,Low
8589,13763,Low
8590,13783,Low
8591,13938,Low
8592,14045,Low
8593,14101,Low
8594,14209,High
8595,14295,Low
8596,14232,Low
8597,14375,Low
8598,14754,Low
8599,14382,High
8600,14767,Low
8601,14806,Low
8602,14980,Low
8603,14997,Low
8604,15080,Low
8605,15218,Low
8606,15388,High
8607,15431,Low
8608,15448,Low
8609,15476,Low
8610,15632,Low
8611,15671,Low
8612,15707,Low
8613,15679,Low
8614,15756,Low
8615,15773,Low
8616,15823,Low
8617,15834,Medium
8618,15858,Low
8619,15892,Low
8620,15963,Low
8621,16151,Low
8622,16547,Low
8623,19702,Low
8624,19816,Low
8625,20838,Medium
8626,20925,Medium
8627,20935,Low
8628,20983,Medium
8629,22260,Medium
8630,22437,High
8631,22514,High
8632,22571,Medium
8633,22521,High
8634,22583,Low
8635,22584,Low
8636,22588,High
8637,22595,Low
8638,22597,Low
8639,22600,High
8640,22602,High
8641,22603,Medium
8642,22604,High
8643,22605,Medium
8644,22608,Medium
8645,26125,Low
8646,25125,Low
8647,26327,High
8648,26323,High
8649,22008,Low
8650,22022,Medium
8651,22145,Low
8652,22218,High
8653,22162,High
8654,22384,Medium
8655,22563,Low
8656,22577,Medium
8657,22566,Medium
8658,22578,Medium
8659,22580,Medium
8660,22581,Medium
8661,22582,Medium
8662,22585,Medium
8663,22586,Medium
8664,22587,Medium
8665,22589,Medium
8666,18987,Low
8667,26305,Low
8668,20659,Low
8669,22554,Medium
8670,22575,Medium
8671,26281,Low
8672,26297,High
8673,26295,High
8674,22460,Low
8675,22565,Medium
8676,16997,Low
8677,26282,Low
8678,25338,Low
8679,18562,Low
8680,19410,Low
8681,21295,Medium
8682,22335,High
8683,22381,Low
8684,22386,Medium
8685,22530,Medium
8686,22551,Medium
8687,22552,Medium
8688,22553,Medium
8689,22555,Medium
8690,25722,Low
8691,26284,Medium
8692,22522,Low
8693,22534,Low
8694,22536,Medium
8695,22542,Medium
8696,22544,Medium
8697,22547,Medium
8698,26268,Low
8699,26191,Low
8700,20588,Low
8701,22509,Low
8702,22515,Medium
8703,22516,Medium
8704,22518,High
8705,22524,Medium
8706,22525,Medium
8707,22526,High
8708,22528,Medium
8709,25759,Low
8710,25064,Low
8711,26216,Low
8712,26124,Low
8713,26242,Low
8714,26249,Medium
8715,26254,Medium
8716,26258,Medium
8717,3130,Low
8718,19339,Low
8719,17970,High
8720,22192,High
8721,22410,Medium
8722,22443,Low
8723,22449,Low
8724,22487,Medium
8725,22494,Medium
8726,22496,Medium
8727,22495,Medium
8728,22497,Medium
8729,22498,Medium
8730,22499,Medium
8731,22500,Low
8732,22503,Medium
8733,22506,Medium
8734,22512,High
8735,26230,Medium
8736,26219,Medium
8737,26239,Low
8738,22466,Low
8739,22478,Medium
8740,22480,Medium
8741,22481,Low
8742,22482,Medium
8743,22483,Low
8744,22484,Medium
8745,22486,Medium
8746,22490,Medium
8747,20636,Low
8748,26206,Medium
8749,26212,Low
8750,22399,Medium
8751,22434,High
8752,22474,Medium
8753,22475,Medium
8754,26190,Medium
8755,26180,Low
8756,26196,Medium
8757,26192,Low
8758,22387,Medium
8759,22421,Low
8760,26183,High
8761,22067,High
8762,22222,Low
8763,22272,High
8764,22343,High
8765,22350,High
8766,22416,Low
8767,22426,Medium
8768,22453,Medium
8769,22464,High
8770,22465,Medium
8771,22467,Medium
8772,25776,Low
8773,26072,Medium
8774,26022,Low
8775,22441,High
8776,22452,Medium
8777,22454,Medium
8778,22455,Medium
8779,22456,Medium
8780,22457,Medium
8781,24932,Low
8782,25847,Low
8783,25482,Low
8784,26173,High
8785,26157,Low
8786,22078,Medium
8787,22116,High
8788,22351,High
8789,22438,Medium
8790,22442,Medium
8791,26107,Low
8792,25634,Low
8793,22415,Low
8794,22422,Medium
8795,22424,Medium
8796,22428,Medium
8797,22432,Medium
8798,22433,Medium
8799,22436,Medium
8800,25128,Low
8801,25390,Low
8802,25254,Low
8803,26062,Low
8804,25507,Low
8805,19376,Low
8806,22390,Medium
8807,22400,High
8808,22405,High
8809,22411,Medium
8810,24871,Low
8811,21861,Medium
8812,22327,High
8813,22382,Medium
8814,22402,Medium
8815,22403,Medium
8816,22404,Medium
8817,25988,Low
8818,26105,High
8819,22228,High
8820,22219,High
8821,22308,High
8822,26094,Low
8823,25038,Low
8824,21137,Low
8825,22297,High
8826,22289,Medium
8827,22388,Medium
8828,22391,Medium
8829,22396,Medium
8830,22398,Medium
8831,25961,Low
8832,22163,High
8833,22229,Low
8834,22291,Low
8835,22368,High
8836,22380,Medium
8837,26082,High
8838,26058,Low
8839,26087,High
8840,22141,High
8841,22274,High
8842,22324,Medium
8843,22358,High
8844,22363,Medium
8845,22364,Medium
8846,22365,Low
8847,22366,Low
8848,22367,Medium
8849,22369,Medium
8850,22371,Medium
8851,22373,Medium
8852,25762,Low
8853,16106,Low
8854,26128,Low
8855,21716,High
8856,21754,High
8857,22233,High
8858,21975,Low
8859,22325,High
8860,22352,Medium
8861,22353,Medium
8862,22356,Medium
8863,22357,Medium
8864,22361,High
8865,22362,Medium
8866,23918,Low
8867,25841,Low
8868,25266,Low
8869,25907,Low
8870,25893,Low
8871,25937,Low
8872,22076,Low
8873,22104,Low
8874,22321,High
8875,22342,Low
8876,22344,Medium
8877,22345,Medium
8878,25364,Medium
8879,26037,High
8880,26035,High
8881,26038,High
8882,25473,Low
8883,22326,Medium
8884,22332,Medium
8885,22336,Medium
8886,22338,Medium
8887,25410,Low
8888,25896,Low
8889,25663,Low
8890,26000,Low
8891,26030,Low
8892,26025,Low
8893,26033,High
8894,19833,Low
8895,22023,Medium
8896,22207,Low
8897,22320,Medium
8898,22322,Medium
8899,26006,Medium
8900,25772,Low
8901,22194,Low
8902,22249,High
8903,22304,Medium
8904,22306,Medium
8905,22307,High
8906,22309,Medium
8907,22314,Medium
8908,25305,Low
8909,19434,High
8910,22007,Low
8911,22286,Medium
8912,22287,Medium
8913,22288,Medium
8914,22292,Medium
8915,22294,Medium
8916,22296,Medium
8917,22299,Medium
8918,22303,Low
8919,25345,Low
8920,25950,Low
8921,25850,High
8922,25960,Low
8923,25956,Low
8924,25999,Low
8925,25980,Low
8926,21556,Low
8927,21567,Low
8928,22187,Low
8929,22251,High
8930,22259,High
8931,22256,High
8932,22266,Medium
8933,22268,Medium
8934,22270,Medium
8935,22273,Medium
8936,22275,Medium
8937,22276,Medium
8938,22277,Medium
8939,22278,Medium
8940,22279,Medium
8941,18345,Low
8942,25311,Low
8943,21945,Low
8944,25983,High
8945,21840,Medium
8946,21978,High
8947,22066,Low
8948,22113,High
8949,22209,Medium
8950,22252,Medium
8951,22257,Medium
8952,22258,Medium
8953,22261,Medium
8954,24830,Low
8955,25972,Low
8956,25820,Medium
8957,25975,Low
8958,25974,Low
8959,25977,Low
8960,20384,Low
8961,22225,Medium
8962,22243,Low
8963,22246,Medium
8964,22247,Medium
8965,25954,Low
8966,18221,Low
8967,25881,High
8968,21981,Low
8969,21956,Medium
8970,22232,Medium
8971,22235,Medium
8972,25716,Low
8973,24414,Low
8974,21948,Medium
8975,22054,Low
8976,22059,High
8977,22221,Medium
8978,22224,Medium
8979,25202,Low
8980,25929,Low
8981,19494,Medium
8982,21991,Medium
8983,22204,Medium
8984,22205,Medium
8985,18044,Low
8986,18486,Low
8987,23237,Low
8988,22227,Low
8989,21906,Low
8990,24250,Low
8991,23620,Low
8992,25902,Low
8993,25918,Medium
8994,25921,Medium
8995,21889,Medium
8996,22129,High
8997,22183,High
8998,22191,Low
8999,22193,Medium
9000,22196,High
9001,22198,Medium
9002,22200,Medium
9003,22201,Medium
9004,22202,Low
9005,25903,Medium
9006,18790,Low
9007,20260,High
9008,21890,Low
9009,21898,Low
9010,21895,Low
9011,21992,Medium
9012,22093,Low
9013,22167,Medium
9014,22168,Low
9015,22170,Medium
9016,22169,Medium
9017,22171,Medium
9018,22180,Medium
9019,22185,Medium
9020,25885,Medium
9021,25889,Medium
9022,25891,Low
9023,21882,Low
9024,22130,Low
9025,22131,Medium
9026,22138,Low
9027,22140,Low
9028,22142,Medium
9029,22143,Medium
9030,22147,Medium
9031,22151,Medium
9032,25398,Low
9033,25023,Low
9034,25806,Low
9035,25491,Low
9036,25879,Medium
9037,25878,Medium
9038,21581,High
9039,21867,Low
9040,22101,High
9041,25854,Medium
9042,25858,Medium
9043,25855,Low
9044,25863,Medium
9045,21618,High
9046,21923,Low
9047,21964,Medium
9048,22079,High
9049,22094,Medium
9050,21839,Medium
9051,21845,Medium
9052,21852,Medium
9053,22021,Low
9054,22064,Medium
9055,22073,Medium
9056,22068,Medium
9057,22074,High
9058,22075,High
9059,22077,High
9060,22088,High
9061,22090,Medium
9062,22091,Medium
9063,25755,Low
9064,25119,Low
9065,21776,High
9066,21828,Medium
9067,21830,Low
9068,21979,Medium
9069,21962,Medium
9070,21996,Medium
9071,22051,Medium
9072,22053,Medium
9073,22060,Medium
9074,22071,Medium
9075,25167,Low
9076,24410,Low
9077,25408,Low
9078,25371,Low
9079,25842,High
9080,25775,Low
9081,21563,Low
9082,22030,High
9083,22034,Medium
9084,22031,Medium
9085,22035,Medium
9086,22037,Low
9087,22042,Medium
9088,22046,Low
9089,23629,Low
9090,25761,Low
9091,25533,Low
9092,21939,Low
9093,21733,High
9094,22006,Medium
9095,21986,Medium
9096,22011,Medium
9097,25765,Medium
9098,24192,High
9099,20607,Low
9100,21725,Low
9101,21881,High
9102,21924,Medium
9103,21937,Medium
9104,21957,High
9105,21985,Medium
9106,21988,Medium
9107,21987,Low
9108,21989,High
9109,21994,Medium
9110,21997,Medium
9111,22000,Low
9112,22001,Medium
9113,21482,Low
9114,24774,Low
9115,21824,Low
9116,21859,High
9117,21864,High
9118,21974,High
9119,21983,Medium
9120,21984,Medium
9121,23719,Low
9122,25230,Low
9123,25220,Low
9124,25763,High
9125,25714,Low
9126,21971,Medium
9127,21972,Medium
9128,25752,High
9129,25727,Low
9130,21736,Low
9131,21954,Medium
9132,21958,Medium
9133,21955,Medium
9134,21960,Medium
9135,21961,Medium
9136,21963,Medium
9137,21965,Medium
9138,21827,High
9139,21925,Low
9140,21928,High
9141,21936,Low
9142,21938,Medium
9143,21940,Medium
9144,21941,Medium
9145,21942,Medium
9146,21943,High
9147,21944,Medium
9148,21946,Medium
9149,21947,Medium
9150,21949,Medium
9151,25741,Low
9152,25742,Low
9153,21878,High
9154,21904,High
9155,21907,High
9156,21914,Low
9157,21916,High
9158,21920,Medium
9159,21917,High
9160,21927,Medium
9161,21929,Medium
9162,21930,Medium
9163,25778,Low
9164,25705,High
9165,21752,High
9166,21784,High
9167,21787,High
9168,21908,Medium
9169,21909,Medium
9170,25676,Low
9171,25686,Low
9172,25679,Low
9173,25695,High
9174,25692,High
9175,19047,Low
9176,21724,Medium
9177,21726,Medium
9178,21857,Medium
9179,21886,High
9180,21873,Low
9181,21891,Medium
9182,21892,Low
9183,21900,Medium
9184,25458,Low
9185,25602,Low
9186,21532,High
9187,21877,Medium
9188,21879,Medium
9189,21883,Medium
9190,25592,Low
9191,21514,High
9192,21868,Medium
9193,21869,Low
9194,21870,Medium
9195,21872,Medium
9196,25635,Low
9197,21476,Low
9198,21605,High
9199,21485,High
9200,21723,High
9201,21860,Medium
9202,21865,Medium
9203,21417,Medium
9204,21807,Low
9205,21838,Medium
9206,21843,Medium
9207,21844,Medium
9208,21847,Medium
9209,21848,Medium
9210,25563,Medium
9211,24846,Low
9212,25615,High
9213,25610,High
9214,18949,Low
9215,19069,Low
9216,21452,High
9217,21642,High
9218,21821,Medium
9219,21825,High
9220,21829,Medium
9221,21831,Medium
9222,21833,Medium
9223,21832,Low
9224,21834,Medium
9225,21765,Low
9226,25717,Low
9227,21149,Medium
9228,21435,High
9229,21433,High
9230,21565,High
9231,21781,High
9232,21786,Low
9233,21789,Low
9234,21806,Medium
9235,21809,Medium
9236,21810,High
9237,21812,Medium
9238,21813,Medium
9239,21816,High
9240,21818,Medium
9241,25564,Low
9242,21542,High
9243,21768,Medium
9244,21771,High
9245,21785,Medium
9246,21783,High
9247,21788,Medium
9248,21791,Medium
9249,21792,Medium
9250,21793,High
9251,21796,Medium
9252,21794,Medium
9253,21797,Medium
9254,21800,Medium
9255,21777,Low
9256,25531,Low
9257,25548,High
9258,21217,Medium
9259,21369,Medium
9260,21388,Low
9261,21767,Low
9262,21770,Medium
9263,21773,Low
9264,21774,Medium
9265,21775,Medium
9266,25536,High
9267,21631,High
9268,21150,High
9269,21640,High
9270,21648,High
9271,21645,High
9272,21742,Medium
9273,21743,High
9274,21750,Medium
9275,21745,Medium
9276,21753,Medium
9277,21756,Medium
9278,21757,Medium
9279,21759,Medium
9280,21761,Medium
9281,25250,Low
9282,25521,High
9283,21121,High
9284,21601,High
9285,21714,Medium
9286,21719,Medium
9287,21721,Medium
9288,21727,Medium
9289,21728,Medium
9290,25519,High
9291,25513,Low
9292,21316,Low
9293,21539,Low
9294,21616,Medium
9295,21620,Medium
9296,21625,Medium
9297,21624,Medium
9298,21629,High
9299,21630,Medium
9300,21633,Medium
9301,21635,Medium
9302,21636,Medium
9303,21641,High
9304,21646,Medium
9305,21647,Medium
9306,25467,Low
9307,23021,Low
9308,25487,Low
9309,21223,Medium
9310,21450,Medium
9311,21469,Medium
9312,21568,High
9313,21530,High
9314,21571,High
9315,21583,Low
9316,21573,Medium
9317,21587,Medium
9318,21590,Medium
9319,21591,Medium
9320,21592,High
9321,21594,Medium
9322,21598,Medium
9323,21609,Medium
9324,25431,High
9325,25368,Low
9326,19497,Low
9327,21048,Low
9328,21259,Medium
9329,21264,Medium
9330,21529,Medium
9331,21558,High
9332,21548,High
9333,21562,Medium
9334,21566,Medium
9335,21574,Medium
9336,21576,Medium
9337,25465,Low
9338,25442,Low
9339,25466,Low
9340,21526,Medium
9341,21540,Medium
9342,21541,Medium
9343,21543,Medium
9344,21545,Low
9345,21546,Medium
9346,21549,Medium
9347,21547,High
9348,21550,Medium
9349,24691,Low
9350,25440,Medium
9351,21009,High
9352,21070,High
9353,21406,Medium
9354,21523,Medium
9355,21524,Medium
9356,21525,Medium
9357,21527,Medium
9358,21533,Medium
9359,21536,Medium
9360,21538,Medium
9361,25419,Low
9362,20606,Low
9363,20224,Medium
9364,21229,High
9365,20841,High
9366,21357,Medium
9367,21466,Medium
9368,21486,High
9369,21475,High
9370,21490,High
9371,21497,Low
9372,21491,High
9373,21498,Low
9374,21504,Medium
9375,21509,Medium
9376,21508,Medium
9377,21510,Low
9378,21511,Medium
9379,21512,Medium
9380,21513,Medium
9381,21519,Medium
9382,21518,High
9383,21521,Medium
9384,21470,Medium
9385,21471,Medium
9386,21472,Medium
9387,21473,Medium
9388,21481,Medium
9389,21484,Medium
9390,21483,Medium
9391,24369,Low
9392,25313,Low
9393,25203,Low
9394,26650,Low
9395,21065,Low
9396,21459,Medium
9397,21451,Medium
9398,21463,Medium
9399,21464,Medium
9400,21467,Low
9401,15290,Low
9402,25417,Medium
9403,18357,Low
9404,19193,Low
9405,21052,Low
9406,21132,Low
9407,21146,Low
9408,21245,Low
9409,21432,Low
9410,21266,Low
9411,21440,High
9412,21444,Medium
9413,21447,Medium
9414,21448,Medium
9415,21449,Medium
9416,21453,High
9417,25359,Low
9418,25308,Low
9419,20112,Medium
9420,21426,Low
9421,21439,Medium
9422,25377,Low
9423,25396,High
9424,25394,Low
9425,21330,Medium
9426,21420,High
9427,21423,Medium
9428,21424,Medium
9429,21425,Medium
9430,21427,Medium
9431,25352,Low
9432,25339,Low
9433,21100,High
9434,21367,Medium
9435,21344,Medium
9436,21413,Medium
9437,21416,Medium
9438,21419,Medium
9439,20288,Low
9440,21066,High
9441,20926,Medium
9442,21098,Low
9443,21358,Medium
9444,21361,High
9445,21381,Low
9446,21382,Low
9447,21385,High
9448,21399,Medium
9449,21400,Low
9450,21402,Medium
9451,21403,Medium
9452,21404,Medium
9453,25344,Medium
9454,21032,High
9455,21059,High
9456,21067,Low
9457,21068,High
9458,21096,Medium
9459,21076,High
9460,21354,High
9461,21336,Medium
9462,21359,Medium
9463,21360,Medium
9464,21362,High
9465,21364,Medium
9466,21365,Medium
9467,21366,Medium
9468,21368,High
9469,21376,Medium
9470,21378,Medium
9471,20576,Low
9472,25326,Low
9473,26539,Medium
9474,16869,Low
9475,17005,Low
9476,20845,High
9477,21007,High
9478,21071,Low
9479,21104,Medium
9480,21200,Low
9481,21253,Medium
9482,21260,Medium
9483,21323,Low
9484,21329,High
9485,21328,High
9486,21331,Medium
9487,21332,Medium
9488,21335,Medium
9489,21337,Low
9490,21341,Medium
9491,24942,Low
9492,18441,Low
9493,25173,High
9494,25237,Low
9495,25327,High
9496,25324,High
9497,25336,Low
9498,18208,Low
9499,19839,High
9500,20970,High
9501,21258,High
9502,21308,Low
9503,21312,Low
9504,21317,High
9505,21320,Low
9506,21318,Medium
9507,21325,Medium
9508,25115,Low
9509,22942,Low
9510,25320,High
9511,25289,Medium
9512,18442,Low
9513,18793,High
9514,18802,Low
9515,19112,Low
9516,19200,High
9517,19866,Low
9518,20226,Medium
9519,20400,Medium
9520,20447,Medium
9521,20527,Low
9522,20470,Low
9523,20596,High
9524,20714,Medium
9525,20657,Low
9526,20793,Low
9527,20960,Medium
9528,20933,Medium
9529,20979,Medium
9530,21116,High
9531,21168,High
9532,21270,High
9533,21215,High
9534,21274,Medium
9535,21273,High
9536,21284,Low
9537,21285,Medium
9538,21286,Medium
9539,21287,High
9540,21288,Medium
9541,21292,Medium
9542,21290,Medium
9543,21297,Medium
9544,21300,Medium
9545,25295,Low
9546,23653,Low
9547,21252,Low
9548,21272,Medium
9549,21275,Medium
9550,21276,Medium
9551,21277,Low
9552,25234,Low
9553,24297,Medium
9554,25282,Low
9555,25275,Low
9556,20994,High
9557,21095,Low
9558,21261,Medium
9559,21262,Medium
9560,21263,Medium
9561,21267,Medium
9562,21268,Medium
9563,21269,Medium
9564,25285,Medium
9565,21022,Medium
9566,21189,Medium
9567,21212,Medium
9568,21239,Medium
9569,21240,Medium
9570,21244,High
9571,21247,Medium
9572,21248,Medium
9573,21249,Medium
9574,21254,Medium
9575,21256,Medium
9576,21255,High
9577,21257,Medium
9578,25198,Low
9579,21088,Low
9580,21171,High
9581,21214,High
9582,21185,High
9583,21216,Low
9584,21218,High
9585,21219,Medium
9586,21221,Medium
9587,21222,Medium
9588,21224,Medium
9589,21225,Low
9590,21226,Medium
9591,21228,High
9592,24379,Low
9593,24819,Low
9594,20551,High
9595,20746,Medium
9596,20754,Medium
9597,20861,Low
9598,20944,High
9599,21164,High
9600,21128,High
9601,21175,Medium
9602,21180,Low
9603,21184,Medium
9604,21183,Medium
9605,21190,Low
9606,21191,Medium
9607,21192,Medium
9608,21193,High
9609,21194,Low
9610,21195,Medium
9611,21197,Medium
9612,21199,Medium
9613,21201,Medium
9614,21209,Low
9615,21202,Low
9616,21210,Medium
9617,25253,High
9618,25251,High
9619,22591,Low
9620,25260,High
9621,25255,High
9622,25405,Medium
9623,20150,High
9624,21099,High
9625,21162,Medium
9626,21166,Medium
9627,21172,Medium
9628,21173,Medium
9629,21176,Medium
9630,21177,Medium
9631,21178,Medium
9632,25229,Low
9633,20977,Low
9634,25243,Low
9635,20797,Medium
9636,21093,High
9637,21119,High
9638,21134,High
9639,21139,Medium
9640,21138,High
9641,21140,Low
9642,21141,Medium
9643,21142,Medium
9644,21145,Medium
9645,21152,Medium
9646,21156,Medium
9647,21158,Medium
9648,23174,Low
9649,22493,Low
9650,25072,Low
9651,24460,Medium
9652,25221,High
9653,25217,Low
9654,25224,High
9655,25225,High
9656,20919,Medium
9657,25192,Low
9658,21894,Low
9659,25214,Low
9660,20924,High
9661,20928,Medium
9662,21127,Medium
9663,21131,Medium
9664,21129,Medium
9665,25196,Low
9666,20278,High
9667,20865,Medium
9668,21085,Medium
9669,21106,Medium
9670,21107,High
9671,21111,Medium
9672,21112,Low
9673,21115,Medium
9674,21123,Medium
9675,21118,Medium
9676,21124,Medium
9677,21125,Medium
9678,25165,Low
9679,26335,Medium
9680,18874,High
9681,20903,Medium
9682,21018,Medium
9683,20909,Low
9684,21037,High
9685,21060,High
9686,21072,Low
9687,21084,Medium
9688,21087,Medium
9689,21089,Low
9690,21091,Medium
9691,21090,Medium
9692,21094,Low
9693,21097,Medium
9694,21102,High
9695,25184,Low
9696,19799,Medium
9697,20914,Low
9698,21054,High
9699,21063,Medium
9700,21073,High
9701,21077,Medium
9702,21080,Medium
9703,21081,Medium
9704,25158,High
9705,25170,High
9706,25159,Low
9707,25261,Medium
9708,25176,High
9709,18899,High
9710,20866,Low
9711,25378,Medium
9712,18272,Medium
9713,18322,Low
9714,20616,High
9715,20570,Low
9716,21023,Medium
9717,21047,Medium
9718,21049,Medium
9719,21050,Medium
9720,21053,Medium
9721,21051,Medium
9722,21055,Low
9723,21057,Medium
9724,20902,Low
9725,25161,High
9726,20347,Medium
9727,21035,Medium
9728,21039,Medium
9729,21040,Medium
9730,21042,Medium
9731,21044,Medium
9732,24870,Medium
9733,25139,Low
9734,20936,High
9735,21028,Medium
9736,25120,Low
9737,25136,High
9738,25127,High
9739,20791,High
9740,20682,Low
9741,21016,High
9742,21020,High
9743,21024,Medium
9744,21025,Medium
9745,25086,Low
9746,24512,Low
9747,19229,High
9748,20786,Medium
9749,20900,Low
9750,20917,Low
9751,21003,Medium
9752,21014,Medium
9753,21008,Medium
9754,25112,Low
9755,20730,Medium
9756,20763,High
9757,20794,Medium
9758,20995,Medium
9759,20998,Medium
9760,18836,Low
9761,18079,Low
9762,25174,Low
9763,25054,Low
9764,20549,Medium
9765,20954,High
9766,20966,Medium
9767,20972,Medium
9768,20973,Medium
9769,20974,Medium
9770,20975,Medium
9771,20978,Medium
9772,20981,Medium
9773,20980,Medium
9774,20982,Medium
9775,20984,Medium
9776,20985,Medium
9777,20987,Medium
9778,20989,Medium
9779,21480,Low
9780,15571,High
9781,22003,Low
9782,21731,Low
9783,24345,Low
9784,23808,Low
9785,24632,Low
9786,24446,Low
9787,25092,Low
9788,25030,Low
9789,18142,Low
9790,19953,High
9791,18866,Low
9792,20753,Medium
9793,20759,Medium
9794,20827,Medium
9795,20958,Medium
9796,20961,Low
9797,20959,Medium
9798,20965,Medium
9799,20967,Medium
9800,20969,Low
9801,20728,Medium
9802,20788,High
9803,20850,High
9804,20950,Medium
9805,20949,Medium
9806,20951,Medium
9807,24857,Low
9808,25068,Medium
9809,25050,Low
9810,20203,Low
9811,20942,Medium
9812,20943,Medium
9813,20946,Low
9814,25044,Medium
9815,20937,Medium
9816,20938,Low
9817,20939,Medium
9818,20409,High
9819,18292,Low
9820,20687,High
9821,20844,High
9822,20804,High
9823,20875,Low
9824,20894,Medium
9825,20923,Low
9826,24986,Low
9827,24524,Low
9828,25000,Low
9829,18413,Low
9830,18868,High
9831,19552,Medium
9832,20679,High
9833,20784,Low
9834,20872,Medium
9835,20916,High
9836,20912,High
9837,20920,Medium
9838,24969,Medium
9839,20771,Low
9840,20781,High
9841,20809,Low
9842,20859,Medium
9843,20896,Medium
9844,20884,Medium
9845,20899,Medium
9846,20907,Low
9847,20905,Medium
9848,24657,Medium
9849,22392,Low
9850,25004,High
9851,19358,Low
9852,20638,High
9853,20737,High
9854,20835,Medium
9855,20868,Medium
9856,20876,High
9857,20885,High
9858,20891,High
9859,20893,Medium
9860,20895,Medium
9861,24685,Medium
9862,24997,High
9863,24971,Low
9864,20624,High
9865,20869,Medium
9866,20871,Medium
9867,20873,Medium
9868,20874,Medium
9869,20880,Medium
9870,20881,Medium
9871,24731,Low
9872,25046,Low
9873,24970,High
9874,20855,Medium
9875,20856,High
9876,20857,Medium
9877,20862,Medium
9878,20863,Medium
9879,20864,Medium
9880,16536,Low
9881,20608,Low
9882,20592,High
9883,20610,Low
9884,20712,High
9885,20780,High
9886,20840,Medium
9887,20847,Medium
9888,20848,Medium
9889,20849,Low
9890,20852,Low
9891,20851,Medium
9892,19321,Low
9893,20327,High
9894,20350,High
9895,20419,Low
9896,20575,Low
9897,20598,High
9898,20620,Low
9899,20627,High
9900,20795,Medium
9901,20824,Medium
9902,20828,Medium
9903,20829,Medium
9904,20830,Medium
9905,20831,High
9906,20832,Medium
9907,20833,Medium
9908,24958,Low
9909,21804,Low
9910,16881,Low
9911,17638,Low
9912,20361,Low
9913,20727,High
9914,20769,Medium
9915,20792,Medium
9916,20799,High
9917,20801,Medium
9918,20806,Medium
9919,20803,Medium
9920,20807,Medium
9921,20808,Medium
9922,20812,Medium
9923,20813,Medium
9924,20814,High
9925,20815,Medium
9926,20819,High
9927,24920,Low
9928,23996,Low
9929,24937,High
9930,24934,High
9931,20565,Medium
9932,20710,High
9933,20729,High
9934,20778,Low
9935,20782,Medium
9936,20785,Medium
9937,20301,High
9938,20761,Medium
9939,20762,High
9940,20765,Medium
9941,20766,Medium
9942,20768,Medium
9943,24856,Low
9944,20666,Low
9945,18122,Low
9946,20540,Low
9947,20628,High
9948,20708,Medium
9949,20713,High
9950,20740,Medium
9951,20741,Medium
9952,20743,Medium
9953,20747,Medium
9954,20745,Medium
9955,20748,Medium
9956,20749,Medium
9957,20750,High
9958,20757,Medium
9959,24844,High
9960,25477,High
9961,20528,Medium
9962,20534,Medium
9963,20733,Medium
9964,20734,Medium
9965,20735,Medium
9966,20736,Medium
9967,24376,Low
9968,20476,High
9969,20504,High
9970,20524,Medium
9971,20678,High
9972,20723,Low
9973,20720,Medium
9974,20724,Medium
9975,20725,Medium
9976,20726,High
9977,20219,Medium
9978,20313,Low
9979,20353,High
9980,20362,High
9981,20418,Low
9982,20433,Low
9983,20421,High
9984,20446,High
9985,20453,Low
9986,20480,High
9987,20505,High
9988,20509,Medium
9989,20513,Medium
9990,20514,Medium
9991,20668,High
9992,20704,High
9993,20707,Medium
9994,20709,Medium
9995,20711,Medium
9996,20716,Medium
9997,20717,High
9998,20718,High
9999,20680,Medium
10000,20683,High
10001,20688,Medium
10002,20689,High
10003,20690,High
10004,20691,Low
10005,20693,Medium
10006,20692,High
10007,20694,Medium
10008,20698,Medium
10009,20699,Medium
10010,24756,Low
10011,20676,Medium
10012,20677,Medium
10013,20567,Low
10014,20573,High
10015,20626,Medium
10016,20644,Low
10017,20652,Medium
10018,20656,High
10019,20663,Medium
10020,20665,Medium
10021,20667,Medium
10022,20669,Medium
10023,20670,Medium
10024,20672,Medium
10025,24727,Low
10026,20643,Medium
10027,20647,High
10028,20648,Medium
10029,20649,Medium
10030,20650,Medium
10031,20651,Medium
10032,20655,Medium
10033,20654,Medium
10034,20660,Low
10035,21515,Low
10036,20207,Medium
10037,20272,Low
10038,20640,Medium
10039,20641,Medium
10040,20642,Medium
10041,15375,Low
10042,18815,Low
10043,19441,Low
10044,19033,Low
10045,18887,Low
10046,20764,Low
10047,20255,Low
10048,20906,Low
10049,20897,Low
10050,21454,Low
10051,21006,High
10052,21982,Low
10053,21734,Low
10054,21597,Low
10055,22444,Low
10056,22226,Low
10057,22458,Low
10058,22690,Low
10059,22672,Low
10060,22620,Low
10061,22921,Low
10062,22862,Low
10063,23199,Low
10064,23018,Low
10065,24097,Low
10066,23407,Low
10067,24258,High
10068,24231,Low
10069,24358,Low
10070,24626,Medium
10071,24597,Low
10072,24646,Low
10073,17865,Low
10074,20360,Low
10075,20630,Medium
10076,20631,Medium
10077,20259,Low
10078,20467,Medium
10079,20543,Low
10080,20609,Low
10081,20611,High
10082,20613,High
10083,20612,Low
10084,20614,High
10085,20615,Medium
10086,20617,Medium
10087,20619,Medium
10088,17338,Low
10089,14968,Low
10090,18578,Low
10091,18545,Low
10092,18822,Low
10093,18610,Low
10094,19244,Low
10095,19080,Low
10096,24528,Low
10097,24526,Low
10098,24609,Low
10099,24551,Low
10100,24611,Low
10101,14334,Medium
10102,404,High
10103,403,Medium
10104,18249,Low
10105,20282,High
10106,20351,Low
10107,20365,High
10108,20587,Medium
10109,20591,Medium
10110,20594,Medium
10111,20595,Medium
10112,20601,Medium
10113,20604,High
10114,19512,Low
10115,19978,Low
10116,19959,Low
10117,19592,Low
10118,21005,Low
10119,20501,Low
10120,21302,Low
10121,21061,Low
10122,21528,Low
10123,21393,Low
10124,21610,Low
10125,21607,Low
10126,21553,Low
10127,21746,Low
10128,21612,Low
10129,21799,Low
10130,21749,Low
10131,21899,Low
10132,21896,Low
10133,21926,Low
10134,21912,Low
10135,22038,Low
10136,22026,Low
10137,22089,Low
10138,22061,Low
10139,22055,Low
10140,22244,Low
10141,22280,Low
10142,22271,Low
10143,22265,Low
10144,22346,Low
10145,22283,Low
10146,22446,Low
10147,22389,Low
10148,22513,Low
10149,22491,Low
10150,22488,Low
10151,22646,Low
10152,22539,Low
10153,22798,Low
10154,22691,Low
10155,22680,Low
10156,22852,Low
10157,22841,High
10158,22858,Low
10159,22975,Low
10160,22968,Low
10161,22897,Low
10162,23117,Low
10163,23008,Low
10164,23213,Low
10165,23159,Low
10166,23308,Low
10167,23219,Low
10168,23376,Low
10169,23350,Low
10170,23664,Low
10171,23549,Low
10172,23790,Low
10173,23774,Low
10174,23675,Low
10175,23826,Low
10176,23824,Low
10177,23929,High
10178,23862,High
10179,23997,Low
10180,23963,Low
10181,24146,Low
10182,24004,Low
10183,24240,Low
10184,24207,Low
10185,24293,Low
10186,24287,Low
10187,24302,Low
10188,24300,Low
10189,24298,Low
10190,24407,Low
10191,24357,Low
10192,24451,Low
10193,24412,Medium
10194,24501,Low
10195,24456,High
10196,18243,Low
10197,18285,Low
10198,18525,Medium
10199,19939,High
10200,20083,High
10201,20345,Low
10202,20498,Medium
10203,20507,High
10204,20571,Low
10205,20547,Medium
10206,20579,Medium
10207,20581,Medium
10208,20582,Low
10209,20583,High
10210,20489,Medium
10211,20555,Medium
10212,20556,High
10213,20557,Medium
10214,20562,Medium
10215,20568,Medium
10216,20569,Medium
10217,20030,High
10218,20525,High
10219,20530,Medium
10220,20544,Medium
10221,20545,Medium
10222,20546,Medium
10223,20548,Medium
10224,20552,Medium
10225,21735,Low
10226,20506,Low
10227,20510,Medium
10228,20536,Medium
10229,20537,Medium
10230,20538,Medium
10231,16906,High
10232,20309,Low
10233,20529,Low
10234,20531,Medium
10235,20532,Medium
10236,20533,Medium
10237,18989,Low
10238,19654,High
10239,20290,Medium
10240,20508,Low
10241,20512,Medium
10242,20515,Medium
10243,20518,Medium
10244,20519,Medium
10245,20521,Medium
10246,20522,Low
10247,20523,Medium
10248,24378,Low
10249,23247,Low
10250,20261,Medium
10251,20441,Low
10252,20294,High
10253,20496,Medium
10254,20500,Medium
10255,20502,Medium
10256,20503,Medium
10257,20511,High
10258,23663,Low
10259,18255,Low
10260,18256,Low
10261,20477,Medium
10262,20481,Low
10263,20483,Medium
10264,20484,Medium
10265,20488,Low
10266,20494,Medium
10267,20495,Medium
10268,20087,Low
10269,20220,Medium
10270,20227,Medium
10271,20323,High
10272,20344,Medium
10273,20436,Medium
10274,20442,High
10275,20448,High
10276,20457,High
10277,20461,Medium
10278,20464,High
10279,20466,Medium
10280,20468,Medium
10281,20471,Medium
10282,20472,Medium
10283,20473,Medium
10284,20478,Medium
10285,25319,Low
10286,18403,High
10287,18762,Low
10288,18881,Low
10289,19670,Medium
10290,20211,Medium
10291,20321,High
10292,20358,Medium
10293,20449,Medium
10294,20450,Medium
10295,20451,Medium
10296,20452,Medium
10297,20455,Low
10298,20459,Medium
10299,20199,Low
10300,20201,Medium
10301,20444,Low
10302,20445,Medium
10303,20182,High
10304,20187,Medium
10305,20431,Medium
10306,20434,Medium
10307,20435,Medium
10308,20437,Medium
10309,20438,Medium
10310,20439,Medium
10311,20440,Medium
10312,25155,Low
10313,20417,Medium
10314,20422,Low
10315,20423,Low
10316,20424,Medium
10317,20428,Medium
10318,20430,Medium
10319,20432,Medium
10320,25040,Low
10321,20142,Low
10322,20143,Medium
10323,20147,Medium
10324,20152,Low
10325,20154,Medium
10326,20401,Low
10327,20407,Low
10328,20408,Low
10329,20413,Medium
10330,20114,High
10331,20135,Medium
10332,20237,High
10333,20239,High
10334,20249,High
10335,20371,Low
10336,20379,Medium
10337,20380,Medium
10338,20381,Medium
10339,20382,Medium
10340,20387,Medium
10341,20385,Medium
10342,20388,Medium
10343,20389,High
10344,20391,Low
10345,20395,Medium
10346,20397,Low
10347,20399,High
10348,25456,High
10349,19389,High
10350,20080,High
10351,20311,Medium
10352,20324,Medium
10353,20346,High
10354,20359,Medium
10355,20363,Medium
10356,20367,Medium
10357,20368,Medium
10358,20369,High
10359,20370,Medium
10360,20372,Medium
10361,20374,High
10362,20375,Medium
10363,20376,High
10364,25508,High
10365,18000,Low
10366,20167,High
10367,20206,Low
10368,20283,Low
10369,20286,Medium
10370,20308,High
10371,20343,Medium
10372,20331,High
10373,20348,Low
10374,20349,Medium
10375,20335,Medium
10376,20340,Medium
10377,20322,Medium
10378,20328,Low
10379,20329,Medium
10380,20332,Medium
10381,20330,Medium
10382,20333,Medium
10383,25454,High
10384,19467,Low
10385,19818,High
10386,20305,High
10387,20306,Medium
10388,20307,Medium
10389,20310,Low
10390,20316,Medium
10391,20318,Low
10392,20319,Medium
10393,18190,Medium
10394,19998,High
10395,20241,High
10396,20242,Low
10397,20284,Medium
10398,20285,Medium
10399,20287,Medium
10400,20289,Low
10401,20291,Medium
10402,20295,Medium
10403,20296,Low
10404,20299,Medium
10405,20125,Low
10406,23527,Low
10407,24326,High
10408,18405,Medium
10409,25297,Medium
10410,25502,Medium
10411,19849,Low
10412,19985,Medium
10413,20010,Medium
10414,20013,Low
10415,20014,Low
10416,20017,Medium
10417,17179,Low
10418,19449,Low
10419,19543,Medium
10420,19560,Medium
10421,19686,Medium
10422,19691,Medium
10423,19701,Medium
10424,19865,Medium
10425,19922,Medium
10426,19928,Low
10427,19956,High
10428,19975,High
10429,19986,High
10430,19995,Low
10431,19997,Medium
10432,19999,Medium
10433,20000,Medium
10434,20003,Medium
10435,20004,Medium
10436,20005,Medium
10437,20006,High
10438,19990,Medium
10439,19992,Medium
10440,19993,Medium
10441,19788,High
10442,19982,Medium
10443,19927,Medium
10444,19983,Low
10445,8465,Low
10446,18095,Low
10447,18258,High
10448,19609,High
10449,19757,Low
10450,19912,Low
10451,19891,High
10452,19949,High
10453,19954,Low
10454,19960,High
10455,19961,Medium
10456,19962,Medium
10457,19963,Medium
10458,19966,Medium
10459,19964,Medium
10460,19968,Medium
10461,19969,Medium
10462,19977,Medium
10463,16612,Low
10464,19774,Low
10465,19126,High
10466,19858,High
10467,19900,High
10468,19941,Medium
10469,19947,Medium
10470,19948,Medium
10471,18529,Medium
10472,18931,Low
10473,19870,Low
10474,19915,Medium
10475,19916,Low
10476,19924,Medium
10477,19925,Medium
10478,19926,Medium
10479,19936,Medium
10480,18141,Low
10481,19805,Medium
10482,19887,High
10483,19888,Medium
10484,19889,Medium
10485,19896,Medium
10486,19897,Medium
10487,19898,Medium
10488,19903,Medium
10489,19904,Medium
10490,19906,Medium
10491,19907,Medium
10492,19911,High
10493,19913,Medium
10494,19854,Medium
10495,19465,High
10496,19867,Medium
10497,19868,Medium
10498,19869,Medium
10499,19875,Medium
10500,19874,High
10501,19860,Low
10502,19861,Medium
10503,19862,Medium
10504,19864,Medium
10505,19863,Medium
10506,18625,Low
10507,18247,Medium
10508,18661,Low
10509,18860,Medium
10510,19721,Medium
10511,19844,Low
10512,19848,Medium
10513,19846,Low
10514,19850,Medium
10515,19851,Medium
10516,19852,Medium
10517,19853,Medium
10518,19855,High
10519,19857,Medium
10520,18916,High
10521,19789,High
10522,19806,High
10523,19820,Medium
10524,19824,Medium
10525,19829,Low
10526,19832,Medium
10527,19836,Medium
10528,19837,Medium
10529,19838,Low
10530,19120,High
10531,19802,High
10532,19812,Low
10533,19815,Medium
10534,19819,Low
10535,19822,Medium
10536,19823,Medium
10537,19825,Medium
10538,19725,Low
10539,19784,Medium
10540,19795,Medium
10541,19796,Medium
10542,19800,Low
10543,19797,Medium
10544,19803,Medium
10545,19807,Medium
10546,19810,Medium
10547,19578,High
10548,19666,High
10549,19685,Medium
10550,19756,Medium
10551,19782,Low
10552,19766,High
10553,19783,Medium
10554,19785,High
10555,19786,Low
10556,16039,High
10557,19767,Medium
10558,19771,Low
10559,19772,Medium
10560,19778,Medium
10561,19699,Low
10562,19749,Medium
10563,19754,Medium
10564,19759,Medium
10565,19762,Low
10566,19765,Medium
10567,18374,Low
10568,18412,Low
10569,18506,Low
10570,19348,Medium
10571,19523,High
10572,19665,Medium
10573,19700,High
10574,19669,High
10575,19708,High
10576,19727,High
10577,19729,Medium
10578,19730,Medium
10579,19733,Medium
10580,19735,Medium
10581,19745,Low
10582,18622,Medium
10583,18201,High
10584,19059,Low
10585,19093,Medium
10586,19683,High
10587,19703,Medium
10588,19706,Medium
10589,19710,High
10590,19713,High
10591,19716,Medium
10592,19720,Medium
10593,19586,High
10594,19677,High
10595,19678,High
10596,19684,Medium
10597,19688,Medium
10598,19689,Medium
10599,19695,High
10600,19698,High
10601,18205,Medium
10602,18647,High
10603,18884,Low
10604,18944,Low
10605,19031,Low
10606,19105,Medium
10607,19139,Medium
10608,19168,High
10609,19254,Medium
10610,19290,Low
10611,19341,High
10612,19555,Medium
10613,19558,High
10614,19590,Medium
10615,19596,High
10616,19622,Medium
10617,19642,High
10618,19647,Medium
10619,19657,High
10620,19660,High
10621,19658,Low
10622,19661,High
10623,19671,Medium
10624,19616,High
10625,19538,Low
10626,19623,Low
10627,19644,High
10628,19648,High
10629,19649,Low
10630,19652,High
10631,19656,Low
10632,19659,High
10633,19508,Low
10634,19585,Low
10635,19588,Low
10636,19597,High
10637,19605,High
10638,19608,High
10639,19613,High
10640,19582,High
10641,19624,Medium
10642,19587,High
10643,19631,High
10644,19638,High
10645,19635,High
10646,19639,High
10647,19514,Medium
10648,19561,Medium
10649,19620,High
10650,18637,Medium
10651,19280,High
10652,19309,High
10653,19550,High
10654,19557,High
10655,19599,Low
10656,19600,Medium
10657,19601,Low
10658,19602,Medium
10659,19603,Medium
10660,19604,Low
10661,18854,Low
10662,19551,Medium
10663,19580,High
10664,19581,High
10665,19583,High
10666,19584,Medium
10667,19593,Medium
10668,19540,High
10669,19549,Medium
10670,19562,High
10671,19569,High
10672,19563,Medium
10673,19570,High
10674,19572,High
10675,19576,Medium
10676,19053,High
10677,19504,Medium
10678,19556,Medium
10679,19542,Low
10680,19460,Low
10681,19545,Low
10682,19547,High
10683,19529,Low
10684,19530,High
10685,19537,Low
10686,19308,High
10687,19524,High
10688,19528,Medium
10689,19532,Low
10690,25057,High
10691,19248,High
10692,19370,High
10693,19472,Medium
10694,19499,Medium
10695,19513,High
10696,19515,High
10697,19516,High
10698,19517,High
10699,19518,High
10700,19519,High
10701,19520,Medium
10702,19521,Medium
10703,19302,High
10704,19464,Medium
10705,19492,Low
10706,19502,High
10707,18794,Medium
10708,18799,Medium
10709,18816,Low
10710,18896,Low
10711,18914,High
10712,18981,Low
10713,19030,High
10714,19041,Low
10715,19082,Medium
10716,19136,High
10717,19174,High
10718,19196,Low
10719,19247,High
10720,19319,Medium
10721,19369,Medium
10722,19454,Low
10723,19456,Medium
10724,19459,Medium
10725,19469,High
10726,19470,Low
10727,19474,High
10728,19476,Low
10729,19478,Low
10730,19480,High
10731,19482,High
10732,19483,Low
10733,19484,High
10734,19485,Low
10735,19486,Low
10736,19488,High
10737,19491,High
10738,19493,High
10739,19293,Low
10740,19447,High
10741,19375,Medium
10742,19477,High
10743,16034,High
10744,19380,High
10745,19400,High
10746,19409,High
10747,18244,Low
10748,19346,High
10749,19351,High
10750,19378,High
10751,19379,High
10752,19404,Low
10753,19407,Medium
10754,19436,Medium
10755,19437,Medium
10756,19442,Low
10757,19443,Medium
10758,19444,High
10759,19445,High
10760,19448,High
10761,18434,High
10762,18156,Low
10763,18929,Medium
10764,19294,High
10765,19355,High
10766,19359,Medium
10767,19365,High
10768,19362,High
10769,19372,High
10770,19417,Medium
10771,19418,Medium
10772,19421,High
10773,19423,Low
10774,19422,High
10775,19424,High
10776,19425,High
10777,19427,Medium
10778,19428,High
10779,19429,Low
10780,19430,Low
10781,19431,Low
10782,19435,High
10783,19176,Medium
10784,19218,High
10785,19357,High
10786,19385,Medium
10787,19386,High
10788,19387,Medium
10789,19388,High
10790,19392,Low
10791,19393,High
10792,19394,High
10793,19396,High
10794,19401,High
10795,19402,Medium
10796,19405,Medium
10797,19406,High
10798,19408,High
10799,19412,Medium
10800,19413,Low
10801,19282,High
10802,19345,Medium
10803,19350,Low
10804,19352,High
10805,19353,High
10806,19383,Medium
10807,19384,High
10808,19109,High
10809,19242,High
10810,19312,High
10811,19340,High
10812,19344,Low
10813,19367,Medium
10814,19368,Medium
10815,19320,High
10816,19356,Low
10817,18894,Medium
10818,19055,Low
10819,19291,High
10820,19304,High
10821,19306,Medium
10822,19347,High
10823,23394,Low
10824,18704,Low
10825,18580,Low
10826,18905,Medium
10827,18992,Low
10828,18969,High
10829,19097,High
10830,19133,High
10831,19134,Low
10832,19217,High
10833,19245,High
10834,19285,High
10835,19292,High
10836,19322,Low
10837,19324,High
10838,19326,High
10839,19335,High
10840,19336,Medium
10841,19337,Medium
10842,19342,Medium
10843,18834,High
10844,17966,Low
10845,19201,High
10846,19198,High
10847,19208,High
10848,19250,High
10849,19311,Low
10850,19328,High
10851,19329,High
10852,17489,Low
10853,18234,Low
10854,18273,Low
10855,18317,Low
10856,18364,Low
10857,18480,Low
10858,18494,Low
10859,18771,Medium
10860,18791,Medium
10861,18805,Medium
10862,18797,Medium
10863,18820,Low
10864,18826,Medium
10865,18853,Medium
10866,18863,Medium
10867,18891,Low
10868,18976,Medium
10869,19063,Medium
10870,19064,Medium
10871,19095,High
10872,19141,Low
10873,19179,Low
10874,19182,High
10875,19186,High
10876,19187,High
10877,19215,Medium
10878,19259,High
10879,19264,Medium
10880,19272,Low
10881,19273,Low
10882,19277,High
10883,19283,High
10884,19284,High
10885,19287,Medium
10886,19288,Medium
10887,19289,High
10888,19296,Medium
10889,18680,Low
10890,18716,Low
10891,18828,High
10892,18882,Medium
10893,19042,High
10894,19075,High
10895,19127,High
10896,19158,High
10897,19162,High
10898,19252,High
10899,19261,Medium
10900,19263,High
10901,19262,High
10902,19266,Medium
10903,19267,High
10904,19268,High
10905,19269,Medium
10906,19270,High
10907,18592,Low
10908,19009,Low
10909,19071,High
10910,19148,Low
10911,19235,Low
10912,19240,Medium
10913,19249,High
10914,19116,Low
10915,19138,High
10916,19241,High
10917,16877,High
10918,18983,Low
10919,19068,High
10920,19103,Low
10921,19099,High
10922,19122,High
10923,19128,High
10924,19129,High
10925,19180,High
10926,19231,Medium
10927,19232,Medium
10928,19234,Low
10929,18932,Low
10930,19039,Low
10931,19111,Low
10932,19188,High
10933,19175,High
10934,19203,High
10935,19205,Medium
10936,19219,Low
10937,19221,Medium
10938,19222,Medium
10939,19223,Medium
10940,19092,High
10941,19102,High
10942,19202,Low
10943,16070,Low
10944,6056,Low
10945,19060,Medium
10946,19091,High
10947,19115,Low
10948,19100,High
10949,19194,Medium
10950,19195,Medium
10951,19171,High
10952,19183,Low
10953,19181,Medium
10954,16827,Low
10955,18216,Low
10956,18388,Medium
10957,18523,Low
10958,18532,Medium
10959,18550,Low
10960,18658,Low
10961,18817,Medium
10962,18877,Medium
10963,18876,Medium
10964,18895,Medium
10965,18915,Medium
10966,18950,High
10967,18954,Medium
10968,18955,Medium
10969,18957,Medium
10970,18970,Low
10971,18977,Medium
10972,19004,Medium
10973,19029,Medium
10974,19056,High
10975,19070,High
10976,19140,Low
10977,19145,Medium
10978,19146,Low
10979,19149,High
10980,19151,High
10981,19152,High
10982,19153,High
10983,19155,High
10984,19156,High
10985,19157,High
10986,19164,Low
10987,19594,Low
10988,10027,High
10989,19044,Medium
10990,19062,Medium
10991,19066,Medium
10992,19007,High
10993,18958,High
10994,19045,Medium
10995,19048,Medium
10996,19058,Low
10997,19008,Low
10998,19118,Medium
10999,19006,Medium
11000,19010,Medium
11001,19011,Medium
11002,18823,Low
11003,18980,High
11004,19000,Medium
11005,19034,Medium
11006,19086,Medium
11007,19094,High
11008,18913,High
11009,18961,Medium
11010,18984,Medium
11011,18963,Medium
11012,18985,Medium
11013,18986,Medium
11014,19037,High
11015,18971,High
11016,19072,High
11017,19076,Low
11018,24654,Medium
11019,18900,High
11020,18695,High
11021,18964,High
11022,18939,High
11023,18946,High
11024,18951,High
11025,18952,High
11026,19012,Low
11027,18953,Medium
11028,19013,Medium
11029,19020,Medium
11030,19021,Low
11031,19032,Medium
11032,19050,Low
11033,18918,Low
11034,18922,High
11035,18925,High
11036,18938,Low
11037,18959,Medium
11038,24590,High
11039,18678,Low
11040,18966,Low
11041,18873,High
11042,19005,High
11043,19014,High
11044,17267,High
11045,18224,Low
11046,18864,High
11047,18870,High
11048,18998,Medium
11049,18843,Low
11050,18862,High
11051,18865,High
11052,18979,Medium
11053,18975,High
11054,18982,High
11055,18991,High
11056,18847,High
11057,18967,Low
11058,18861,Low
11059,18968,Medium
11060,18921,Low
11061,18838,Low
11062,18927,Low
11063,18175,High
11064,18490,Low
11065,18819,High
11066,18824,High
11067,18825,Low
11068,18947,Low
11069,18786,Low
11070,18800,Low
11071,18798,High
11072,18801,High
11073,18806,High
11074,18888,Low
11075,18937,Medium
11076,18788,Low
11077,18883,High
11078,18904,Medium
11079,18908,Medium
11080,18909,Medium
11081,18919,Low
11082,18923,High
11083,18878,High
11084,18897,High
11085,18898,Medium
11086,18414,High
11087,18338,Medium
11088,18652,Low
11089,18690,High
11090,18839,Medium
11091,18726,High
11092,18855,Medium
11093,18856,Medium
11094,18832,Low
11095,18558,High
11096,18835,High
11097,18842,High
11098,18846,Low
11099,24355,Medium
11100,17174,Low
11101,18706,High
11102,18656,Medium
11103,18796,Medium
11104,18725,Medium
11105,18804,High
11106,18803,Medium
11107,18807,High
11108,16635,Low
11109,18776,Medium
11110,18778,Medium
11111,18784,High
11112,18779,Medium
11113,18787,Medium
11114,18789,High
11115,18792,Medium
11116,17504,High
11117,18696,High
11118,18279,Low
11119,18735,Low
11120,18736,High
11121,18737,High
11122,18739,High
11123,18740,High
11124,18741,High
11125,18742,Low
11126,18747,High
11127,18748,Medium
11128,18749,High
11129,18752,High
11130,18751,Low
11131,18753,High
11132,18755,High
11133,18756,High
11134,18757,High
11135,18759,Medium
11136,18758,Low
11137,18760,Low
11138,18761,Medium
11139,18765,Low
11140,18767,Low
11141,18769,Low
11142,18768,Medium
11143,18770,Low
11144,18772,Low
11145,18774,High
11146,18626,High
11147,18731,Medium
11148,18734,Medium
11149,17543,Medium
11150,18600,High
11151,18498,Medium
11152,18667,High
11153,18709,Low
11154,18681,High
11155,18714,Low
11156,18719,High
11157,18720,Medium
11158,18723,Medium
11159,18724,High
11160,18697,High
11161,18705,Low
11162,18708,Medium
11163,18712,Medium
11164,18289,Medium
11165,18666,High
11166,18683,Low
11167,18684,Low
11168,18686,Medium
11169,18685,High
11170,18687,Low
11171,18692,Low
11172,18691,High
11173,18693,High
11174,18694,High
11175,18698,High
11176,18701,High
11177,18699,High
11178,18702,Medium
11179,18551,Low
11180,18638,High
11181,18632,High
11182,18664,High
11183,18665,High
11184,18669,Medium
11185,18668,Low
11186,18671,High
11187,18672,High
11188,18673,High
11189,18674,Medium
11190,18675,High
11191,18676,High
11192,18631,Medium
11193,18628,Medium
11194,18633,Low
11195,18634,Medium
11196,18639,Low
11197,18640,High
11198,18641,Low
11199,18643,High
11200,18642,High
11201,18644,High
11202,18645,High
11203,18646,High
11204,18654,High
11205,18650,High
11206,18655,High
11207,18657,Medium
11208,18659,Medium
11209,18451,High
11210,18085,Low
11211,16181,Low
11212,18612,High
11213,18614,Low
11214,18620,Medium
11215,18618,Medium
11216,18621,Low
11217,18623,Medium
11218,18433,High
11219,18501,High
11220,18475,High
11221,18591,Low
11222,18602,Low
11223,18604,Medium
11224,18605,Low
11225,18223,High
11226,18401,High
11227,18331,High
11228,18452,Low
11229,18581,High
11230,18583,Low
11231,18586,Medium
11232,18585,Medium
11233,18589,Low
11234,18590,Medium
11235,18593,High
11236,18071,Low
11237,17371,Low
11238,18211,High
11239,18215,High
11240,18213,High
11241,18229,High
11242,18276,High
11243,18313,Low
11244,18284,Medium
11245,18332,High
11246,18339,Low
11247,18359,High
11248,18420,Medium
11249,18376,High
11250,18474,Medium
11251,18497,High
11252,18535,High
11253,18531,Medium
11254,18538,High
11255,18552,High
11256,18560,High
11257,18563,Low
11258,18565,High
11259,18569,High
11260,18567,High
11261,18571,High
11262,18572,Low
11263,18544,High
11264,18549,Medium
11265,18265,High
11266,18406,Low
11267,18449,High
11268,18541,Medium
11269,18536,Medium
11270,18155,High
11271,18471,High
11272,18512,Medium
11273,18517,High
11274,18516,High
11275,18521,High
11276,18252,High
11277,18366,High
11278,18367,Low
11279,18505,High
11280,18504,Medium
11281,18508,High
11282,18509,Low
11283,18510,High
11284,18233,Medium
11285,18306,High
11286,18329,High
11287,18482,High
11288,18483,Low
11289,18484,High
11290,18485,Medium
11291,18489,High
11292,16626,Low
11293,18146,Medium
11294,16944,Low
11295,18423,Medium
11296,18424,Medium
11297,18429,High
11298,18450,High
11299,18458,Medium
11300,18459,High
11301,18460,High
11302,18462,High
11303,18463,Low
11304,18465,Low
11305,18466,High
11306,18467,Low
11307,18473,High
11308,18101,Medium
11309,18118,Medium
11310,18162,High
11311,18209,High
11312,18260,High
11313,18379,High
11314,18361,High
11315,18384,Medium
11316,18386,High
11317,18422,High
11318,18425,Medium
11319,18427,High
11320,18437,High
11321,18432,Low
11322,18445,Medium
11323,17286,Low
11324,18430,Low
11325,18152,Medium
11326,18145,High
11327,18217,Low
11328,18191,High
11329,18227,Medium
11330,18230,High
11331,18228,Medium
11332,18248,High
11333,18263,Low
11334,18259,High
11335,18268,High
11336,18270,High
11337,18407,High
11338,18280,High
11339,18408,Low
11340,18410,Low
11341,18411,Medium
11342,18257,Low
11343,18253,Low
11344,18389,High
11345,18390,Medium
11346,18391,High
11347,18395,Medium
11348,18393,Low
11349,18396,Low
11350,18397,Medium
11351,2496,Low
11352,1884,Low
11353,1774,Low
11354,16210,Low
11355,15946,Medium
11356,15098,Medium
11357,13030,Low
11358,10354,Medium
11359,9855,High
11360,9156,Medium
11361,8623,High
11362,7437,Low
11363,7203,Low
11364,7200,Low
11365,7192,Low
11366,7121,High
11367,6333,Medium
11368,6303,Low
11369,6263,High
11370,6197,Medium
11371,6188,Low
11372,6099,High
11373,5855,Low
11374,5616,High
11375,3826,Low
11376,19432,Low
11377,18965,Medium
11378,18468,Low
11379,18417,Low
11380,18083,Medium
11381,17593,Medium
11382,18102,Low
11383,18173,High
11384,18210,Medium
11385,18195,High
11386,18226,High
11387,18344,Medium
11388,18310,High
11389,18351,Medium
11390,18354,Medium
11391,18371,Medium
11392,18369,Low
11393,18373,High
11394,18380,High
11395,18383,High
11396,18088,Low
11397,18086,High
11398,18134,High
11399,18151,Low
11400,18154,Low
11401,18163,High
11402,18185,High
11403,18168,High
11404,18202,High
11405,18321,High
11406,18342,High
11407,18346,Medium
11408,18353,Low
11409,18356,Medium
11410,18358,Medium
11411,18212,Low
11412,18269,Low
11413,18312,Medium
11414,18320,Medium
11415,18324,Low
11416,18327,Low
11417,18325,High
11418,18328,High
11419,18335,Medium
11420,18323,Medium
11421,18277,Medium
11422,18315,Medium
11423,18314,Medium
11424,18274,Medium
11425,18135,Low
11426,18283,Medium
11427,18291,Low
11428,18287,High
11429,18293,Low
11430,18294,Medium
11431,18297,Low
11432,18296,High
11433,18298,Medium
11434,18303,Medium
11435,18301,High
11436,18305,High
11437,18232,Medium
11438,18238,Low
11439,18237,High
11440,18241,High
11441,18267,Medium
11442,18214,Low
11443,18239,Medium
11444,18246,Medium
11445,18242,Low
11446,18251,Medium
11447,17105,Low
11448,18204,High
11449,18225,Low
11450,17175,High
11451,17742,Low
11452,17690,Low
11453,17957,Low
11454,17962,Medium
11455,18005,Medium
11456,17980,Medium
11457,18120,Low
11458,18174,Medium
11459,18133,High
11460,18180,Medium
11461,18182,Medium
11462,18184,High
11463,18183,Medium
11464,18186,Medium
11465,18193,High
11466,18192,Medium
11467,18194,Medium
11468,18161,Medium
11469,18169,Medium
11470,18176,High
11471,18172,Medium
11472,18149,Medium
11473,18167,High
11474,18165,High
11475,18170,Medium
11476,16590,Medium
11477,17974,High
11478,18126,Medium
11479,18066,Medium
11480,18144,Low
11481,18128,High
11482,18147,Medium
11483,18148,Medium
11484,18150,Medium
11485,18153,High
11486,18158,High
11487,18010,High
11488,17969,High
11489,18092,Medium
11490,17746,High
11491,17123,Low
11492,17922,High
11493,18119,Low
11494,16838,Low
11495,18081,Medium
11496,18034,Medium
11497,18099,Medium
11498,18110,Medium
11499,16099,Low
11500,16332,Low
11501,16186,Low
11502,16333,Medium
11503,16650,Low
11504,16567,High
11505,16769,Low
11506,16677,Low
11507,16774,Low
11508,16807,Low
11509,16798,High
11510,16821,Low
11511,16814,Low
11512,16843,Low
11513,16854,Low
11514,16844,Low
11515,16867,Low
11516,16912,Low
11517,16878,Low
11518,16938,Low
11519,16959,High
11520,16950,Low
11521,16977,Low
11522,17042,Medium
11523,17037,Low
11524,17052,Low
11525,17073,Low
11526,17056,Low
11527,17075,Low
11528,17074,Low
11529,17142,Low
11530,17118,Low
11531,17144,High
11532,17148,Low
11533,17178,Medium
11534,17185,Low
11535,17184,Low
11536,17192,Low
11537,17209,Medium
11538,17199,Low
11539,17211,Medium
11540,17247,Low
11541,17226,Low
11542,17251,Low
11543,17287,Medium
11544,17285,Low
11545,17288,Low
11546,17361,Low
11547,17356,Low
11548,17363,Low
11549,17364,Low
11550,17372,Low
11551,17367,Low
11552,17374,Medium
11553,17384,Medium
11554,17382,Low
11555,17391,Low
11556,17385,High
11557,17420,Medium
11558,17400,Low
11559,17427,Medium
11560,17421,Medium
11561,17432,Low
11562,17438,Medium
11563,17437,Medium
11564,17451,Low
11565,17448,Medium
11566,17452,Medium
11567,17454,Low
11568,17460,Low
11569,17459,Low
11570,17469,Low
11571,17461,Low
11572,17471,Medium
11573,17470,Low
11574,17475,Low
11575,17474,Low
11576,17478,Low
11577,17483,Low
11578,17479,Low
11579,17484,Low
11580,17495,Low
11581,17485,Low
11582,17510,Low
11583,17497,Low
11584,17516,Medium
11585,17517,Low
11586,17525,Medium
11587,17523,Medium
11588,17527,Medium
11589,17541,Low
11590,17536,Low
11591,17542,Low
11592,17555,Low
11593,17552,Low
11594,17559,Low
11595,17576,Low
11596,17562,High
11597,17581,Low
11598,17615,Medium
11599,17594,Low
11600,17624,Low
11601,17622,Medium
11602,17625,Low
11603,17631,Medium
11604,17635,Low
11605,17634,Medium
11606,17646,Medium
11607,17649,Medium
11608,17650,Low
11609,17652,Low
11610,17666,Low
11611,17658,Medium
11612,17670,Low
11613,17677,Medium
11614,17674,High
11615,17680,Low
11616,17687,Low
11617,17682,High
11618,17707,Low
11619,17718,Low
11620,17728,High
11621,17731,Medium
11622,17737,Medium
11623,17757,Low
11624,17752,Medium
11625,17758,Low
11626,17766,High
11627,17761,Low
11628,17768,Low
11629,17779,Medium
11630,17787,Medium
11631,17784,Low
11632,17790,Medium
11633,17796,Medium
11634,17793,Low
11635,17798,Medium
11636,17801,High
11637,17811,Medium
11638,17804,Medium
11639,17812,Medium
11640,17817,Medium
11641,17827,Medium
11642,17825,Low
11643,17833,Low
11644,17832,Medium
11645,17836,Medium
11646,17843,Medium
11647,17840,Medium
11648,17845,Medium
11649,17856,Low
11650,17852,High
11651,17858,Medium
11652,17862,Low
11653,17861,Low
11654,17863,High
11655,17873,Low
11656,17864,Low
11657,17885,Medium
11658,17891,Low
11659,17886,Medium
11660,17897,Medium
11661,17918,Medium
11662,17899,Medium
11663,17919,Medium
11664,17928,Low
11665,17935,Medium
11666,17931,Low
11667,17941,Low
11668,17939,Medium
11669,17943,Medium
11670,17945,Low
11671,17960,Low
11672,17955,Medium
11673,17964,Low
11674,17995,Medium
11675,17976,Medium
11676,18003,Medium
11677,18014,Medium
11678,18009,Medium
11679,18018,Low
11680,18015,Low
11681,18023,Medium
11682,18031,Medium
11683,18027,Medium
11684,18032,Low
11685,18038,Medium
11686,18055,Medium
11687,18051,Low
11688,18068,Medium
11689,18072,Medium
11690,18073,Medium
11691,18080,Medium
11692,18078,Medium
11693,16421,Low
11694,18054,High
11695,17348,High
11696,18065,Medium
11697,18069,Medium
11698,18067,Medium
11699,18074,Low
11700,18046,Medium
11701,18059,Medium
11702,18062,Medium
11703,18036,Medium
11704,18041,Low
11705,18045,Medium
11706,16825,Low
11707,16309,Low
11708,17219,Low
11709,18026,Medium
11710,17867,Low
11711,17200,Low
11712,17971,Medium
11713,18017,Medium
11714,18008,Medium
11715,18013,Medium
11716,18012,Medium
11717,17610,High
11718,16281,Low
11719,17027,High
11720,17782,Medium
11721,17984,Low
11722,17993,High
11723,17994,High
11724,17996,Medium
11725,17930,Low
11726,17975,Medium
11727,17973,High
11728,17977,Medium
11729,17978,Medium
11730,17981,Medium
11731,17979,Medium
11732,13012,Low
11733,14699,Low
11734,17938,Medium
11735,17124,Low
11736,17946,Medium
11737,17942,Medium
11738,17948,Medium
11739,17951,Low
11740,17950,Medium
11741,17954,Medium
11742,17965,Medium
11743,16267,Low
11744,17101,Low
11745,17083,Low
11746,17933,Low
11747,17107,High
11748,17949,Medium
11749,17953,Medium
11750,15902,Low
11751,17937,Medium
11752,19559,Low
11753,19199,Low
11754,18024,High
11755,20254,Low
11756,20234,Low
11757,20396,Low
11758,17064,Low
11759,16921,Low
11760,17903,High
11761,17905,High
11762,17904,High
11763,17906,High
11764,17909,High
11765,17907,High
11766,17910,Low
11767,17911,High
11768,17920,Low
11769,17914,Medium
11770,17923,High
11771,17921,High
11772,17925,High
11773,17926,High
11774,17883,High
11775,16487,Low
11776,17913,High
11777,17618,High
11778,17889,Medium
11779,17257,Low
11780,17844,Medium
11781,17659,Medium
11782,17866,Medium
11783,17868,Medium
11784,17869,High
11785,17875,Low
11786,17876,Medium
11787,17877,Medium
11788,17520,High
11789,17855,Low
11790,17859,High
11791,17857,Medium
11792,16432,Low
11793,17848,Medium
11794,17850,High
11795,17854,Medium
11796,17853,Medium
11797,17846,Medium
11798,17849,High
11799,17800,Low
11800,17829,Medium
11801,17830,Medium
11802,17835,Medium
11803,17831,High
11804,17838,Low
11805,17839,Medium
11806,16745,High
11807,17780,Medium
11808,17503,Low
11809,17803,Medium
11810,17814,Medium
11811,17810,Medium
11812,17815,Medium
11813,17828,Medium
11814,17823,Medium
11815,17799,Low
11816,17802,Medium
11817,17561,Medium
11818,17735,High
11819,17711,High
11820,17777,Low
11821,17781,Low
11822,17778,Medium
11823,17786,Medium
11824,17791,Medium
11825,17788,Medium
11826,18098,Low
11827,17765,Medium
11828,16516,High
11829,17767,Medium
11830,17769,Medium
11831,17494,High
11832,17756,High
11833,16899,Medium
11834,16835,Low
11835,17760,Medium
11836,16000,Low
11837,15886,Low
11838,17654,Medium
11839,17274,High
11840,17730,High
11841,17748,Medium
11842,17753,Low
11843,17749,Low
11844,17688,Low
11845,17375,High
11846,17736,Medium
11847,17738,Medium
11848,17740,Low
11849,21238,Low
11850,17678,High
11851,17557,Medium
11852,17721,Medium
11853,17725,Medium
11854,16563,Low
11855,17039,Medium
11856,17713,Medium
11857,17716,Medium
11858,19439,Low
11859,15941,Low
11860,17513,Low
11861,17695,Medium
11862,17700,Low
11863,17698,Medium
11864,17703,Medium
11865,17705,Medium
11866,17704,Medium
11867,17706,Medium
11868,20499,Low
11869,17685,Low
11870,16839,Low
11871,17686,Low
11872,17689,Medium
11873,17691,High
11874,17692,Medium
11875,16850,Low
11876,19946,High
11877,19313,Low
11878,19209,Low
11879,20292,Low
11880,21356,Low
11881,21313,Low
11882,21265,High
11883,21460,Low
11884,21446,Medium
11885,21445,Medium
11886,15830,Low
11887,17681,Medium
11888,17526,Medium
11889,16808,Low
11890,16381,Low
11891,17662,Medium
11892,17669,High
11893,17676,High
11894,17675,High
11895,17306,High
11896,16909,High
11897,17508,Low
11898,17607,High
11899,17641,Low
11900,17616,Low
11901,17648,Medium
11902,16061,Low
11903,17256,High
11904,17633,Medium
11905,17636,Medium
11906,17637,Medium
11907,17639,Low
11908,17643,Medium
11909,19022,Low
11910,13835,Low
11911,17566,Medium
11912,17512,Medium
11913,17609,Medium
11914,17621,Medium
11915,17614,High
11916,17623,Medium
11917,17626,Medium
11918,16760,Low
11919,17599,Medium
11920,17598,Medium
11921,17600,High
11922,17603,Medium
11923,17604,High
11924,17608,High
11925,17605,Medium
11926,17612,High
11927,17613,Medium
11928,19185,Low
11929,17276,Low
11930,17582,High
11931,17588,High
11932,17590,Medium
11933,17591,Medium
11934,17592,Medium
11935,16657,Low
11936,16321,Low
11937,14423,High
11938,16733,Low
11939,17522,Low
11940,17585,Medium
11941,17586,Medium
11942,17554,Medium
11943,17558,Medium
11944,17563,Medium
11945,17573,Medium
11946,17567,Medium
11947,17574,Medium
11948,17577,Medium
11949,17446,Low
11950,17529,Medium
11951,17518,High
11952,17531,Medium
11953,17532,Low
11954,17534,Medium
11955,17533,Medium
11956,17535,High
11957,17537,Medium
11958,17538,Medium
11959,17540,Medium
11960,17547,Medium
11961,17548,Medium
11962,17315,Medium
11963,16673,Medium
11964,17440,Medium
11965,17521,Low
11966,17519,Low
11967,17488,Medium
11968,17490,Low
11969,17491,Low
11970,17500,High
11971,17480,Medium
11972,17481,Medium
11973,17482,Medium
11974,15807,Low
11975,17434,High
11976,17473,High
11977,21339,Low
11978,20986,High
11979,21395,Low
11980,17464,Low
11981,17467,Low
11982,22880,Medium
11983,22879,Medium
11984,17453,Medium
11985,15421,Low
11986,17456,Medium
11987,17458,Medium
11988,17462,Medium
11989,21461,Medium
11990,17435,Medium
11991,17436,Low
11992,17443,Medium
11993,17441,Medium
11994,17444,Medium
11995,17447,Medium
11996,17445,High
11997,17450,High
11998,17870,Low
11999,16824,Low
12000,21373,Low
12001,22848,Medium
12002,17423,Low
12003,16258,Low
12004,17425,Medium
12005,17424,High
12006,17426,Medium
12007,17428,Medium
12008,17431,Medium
12009,17433,Medium
12010,21198,Low
12011,20164,Low
12012,17224,Low
12013,21333,Medium
12014,17413,Medium
12015,17408,Medium
12016,17417,Medium
12017,17416,Medium
12018,17418,Medium
12019,17419,Medium
12020,17409,Medium
12021,17410,Low
12022,14958,Low
12023,18890,Low
12024,17403,Medium
12025,17401,Medium
12026,17405,Medium
12027,19466,Low
12028,19177,Low
12029,19096,Low
12030,20410,High
12031,20390,Low
12032,20127,High
12033,21170,High
12034,20770,High
12035,20684,Low
12036,21235,Low
12037,21220,Low
12038,21213,High
12039,10504,Low
12040,17386,Low
12041,17396,Medium
12042,16968,Low
12043,16445,Low
12044,17377,Medium
12045,17383,Medium
12046,17380,Medium
12047,17387,Medium
12048,17388,Medium
12049,17390,Low
12050,15568,Low
12051,12599,Low
12052,10606,Low
12053,18495,Low
12054,18457,Low
12055,18377,Low
12056,16206,Low
12057,19204,Low
12058,19104,Low
12059,18507,Low
12060,19505,Low
12061,19366,Low
12062,19256,Low
12063,19553,Low
12064,19534,Low
12065,19533,Low
12066,19696,Low
12067,19577,Low
12068,19826,Low
12069,19787,Low
12070,20671,Low
12071,20560,High
12072,19835,Low
12073,21110,High
12074,17376,Medium
12075,17378,Medium
12076,17379,High
12077,17358,High
12078,17362,Medium
12079,17360,High
12080,17365,Medium
12081,17366,High
12082,17349,Medium
12083,17352,Medium
12084,17355,Medium
12085,17353,Medium
12086,18837,Low
12087,16111,Medium
12088,17343,Medium
12089,17347,Medium
12090,17345,Medium
12091,18006,Low
12092,17671,Low
12093,20061,Low
12094,16452,Low
12095,16444,Low
12096,21062,High
12097,19894,Low
12098,21114,Low
12099,21113,Low
12100,21103,Low
12101,17317,Medium
12102,17327,Low
12103,17329,Medium
12104,17328,Medium
12105,17330,Low
12106,17333,Medium
12107,17331,Low
12108,21120,High
12109,15296,Low
12110,17314,High
12111,16405,Low
12112,17318,Low
12113,17320,Medium
12114,17319,High
12115,17321,Medium
12116,17323,Medium
12117,17322,High
12118,18653,Low
12119,17302,Medium
12120,17300,Medium
12121,17303,Medium
12122,17311,Low
12123,17307,Medium
12124,21109,High
12125,21105,Low
12126,22728,Medium
12127,17233,Medium
12128,17240,Medium
12129,17279,Medium
12130,17278,Medium
12131,17281,High
12132,17282,Medium
12133,17289,Medium
12134,17283,Medium
12135,17291,Medium
12136,20151,High
12137,19901,High
12138,19873,High
12139,20341,Low
12140,20214,Low
12141,20732,Low
12142,20681,High
12143,20629,High
12144,20971,Low
12145,21064,Low
12146,16216,High
12147,16215,Low
12148,17269,Medium
12149,17271,Medium
12150,17273,Medium
12151,17272,Low
12152,17275,High
12153,19748,Low
12154,16813,Low
12155,16732,Low
12156,17253,High
12157,17254,Medium
12158,17263,Medium
12159,17258,Medium
12160,14431,Low
12161,17244,Low
12162,18440,High
12163,21004,Medium
12164,17239,Medium
12165,17242,Medium
12166,17217,High
12167,17221,Medium
12168,17220,High
12169,17223,Medium
12170,17225,Medium
12171,17232,Medium
12172,17228,Low
12173,17194,Medium
12174,17201,Medium
12175,17197,Low
12176,17205,Medium
12177,17207,Medium
12178,17213,Medium
12179,17210,Medium
12180,17214,Medium
12181,19917,Low
12182,18137,Low
12183,17150,High
12184,16361,Low
12185,17163,Medium
12186,17164,Low
12187,17170,Medium
12188,17166,Medium
12189,17171,Medium
12190,17172,High
12191,17176,High
12192,17177,Medium
12193,17182,Medium
12194,17181,Medium
12195,16546,Low
12196,15819,Low
12197,17154,Medium
12198,17152,Low
12199,17155,Medium
12200,17157,Medium
12201,17156,Low
12202,17158,Medium
12203,17160,Low
12204,17159,Medium
12205,17161,High
12206,17162,Medium
12207,18022,Low
12208,20633,Low
12209,19847,Low
12210,20882,High
12211,19628,Low
12212,13745,Low
12213,17141,Medium
12214,17138,Medium
12215,17145,Medium
12216,17147,Medium
12217,20962,Low
12218,20957,High
12219,18857,Low
12220,19621,Low
12221,17128,Medium
12222,14118,Low
12223,17129,Low
12224,17130,Medium
12225,17131,Medium
12226,17133,Medium
12227,17132,High
12228,17134,High
12229,16925,Medium
12230,16919,Low
12231,17121,Medium
12232,17126,Medium
12233,16829,High
12234,15920,Low
12235,17002,Medium
12236,17104,Low
12237,17099,Medium
12238,17108,Low
12239,17111,High
12240,17114,Medium
12241,17112,Low
12242,17115,Medium
12243,17117,Low
12244,17116,Medium
12245,17119,Medium
12246,17122,Medium
12247,17053,Medium
12248,16614,High
12249,17100,Medium
12250,17102,Medium
12251,17109,Medium
12252,17103,Medium
12253,17110,Medium
12254,17113,Low
12255,20931,Low
12256,14147,High
12257,15697,Low
12258,14734,Medium
12259,16501,Medium
12260,17066,Medium
12261,17070,High
12262,17069,High
12263,17078,Medium
12264,17082,Medium
12265,17088,Medium
12266,17089,Medium
12267,17093,Medium
12268,17090,Medium
12269,17097,Low
12270,20858,Low
12271,19690,Low
12272,5823,Low
12273,16956,Medium
12274,17058,Medium
12275,17067,Medium
12276,17072,Medium
12277,17071,Medium
12278,17076,Low
12279,17077,High
12280,17081,High
12281,18502,Low
12282,15363,Low
12283,20756,Low
12284,17057,Low
12285,12799,Medium
12286,17061,Medium
12287,17062,Medium
12288,17063,Medium
12289,19914,Low
12290,19364,Low
12291,16189,Medium
12292,19238,Low
12293,17050,Medium
12294,17038,Medium
12295,15957,Medium
12296,17040,Medium
12297,17043,Medium
12298,17041,Medium
12299,17046,Low
12300,18444,Low
12301,16876,High
12302,17014,Medium
12303,17021,Medium
12304,17018,High
12305,17025,Medium
12306,17028,Low
12307,17032,Low
12308,20834,High
12309,17012,Medium
12310,17010,Medium
12311,10423,Low
12312,15778,Medium
12313,13034,Low
12314,16993,Medium
12315,16994,Medium
12316,16995,Medium
12317,17001,Medium
12318,20776,Low
12319,16982,Medium
12320,16983,Medium
12321,16987,Medium
12322,16986,High
12323,20198,Low
12324,16939,Low
12325,16980,Medium
12326,16979,Low
12327,20744,Low
12328,16287,Low
12329,16973,High
12330,16974,Medium
12331,18113,Low
12332,16951,Low
12333,16953,Medium
12334,16957,Medium
12335,16955,Medium
12336,16960,Medium
12337,16966,Medium
12338,17684,Low
12339,16934,Medium
12340,16935,High
12341,16942,Low
12342,16941,Medium
12343,16943,Medium
12344,16945,High
12345,16952,Low
12346,16949,Medium
12347,14106,Low
12348,16918,Medium
12349,16920,Low
12350,16924,Medium
12351,16922,Medium
12352,16930,Medium
12353,16926,High
12354,16931,Medium
12355,20646,Medium
12356,20486,Low
12357,16879,High
12358,15942,Low
12359,16900,High
12360,16904,Medium
12361,16901,Medium
12362,16907,Medium
12363,16908,Medium
12364,20645,Low
12365,19403,Low
12366,20685,Low
12367,16812,Medium
12368,16883,Medium
12369,16886,Medium
12370,16894,Medium
12371,16897,Medium
12372,16896,High
12373,18717,Low
12374,14161,Low
12375,20355,Low
12376,20674,High
12377,19871,Low
12378,19246,Low
12379,11939,Low
12380,20661,High
12381,20180,Low
12382,18347,Low
12383,20675,Medium
12384,14537,Low
12385,14420,Low
12386,16840,Low
12387,16862,Medium
12388,16864,High
12389,16863,Low
12390,16865,High
12391,16868,Low
12392,16866,Medium
12393,16793,Low
12394,16366,Low
12395,16851,Medium
12396,16853,Medium
12397,16858,Medium
12398,16856,Medium
12399,15655,Low
12400,16831,Low
12401,16832,Medium
12402,16836,Medium
12403,16834,Medium
12404,16841,Medium
12405,16842,Medium
12406,16846,High
12407,20297,Low
12408,16431,Low
12409,16817,Low
12410,16806,Low
12411,16818,Medium
12412,16823,Medium
12413,18082,Low
12414,17026,Low
12415,19035,Low
12416,18518,Low
12417,20578,High
12418,20564,Low
12419,20535,Low
12420,19049,Low
12421,16803,Medium
12422,16802,Medium
12423,16805,Medium
12424,16809,Medium
12425,16811,Medium
12426,16810,Medium
12427,16815,Medium
12428,20475,Low
12429,15832,Low
12430,14038,Medium
12431,16796,High
12432,16799,Medium
12433,15988,Low
12434,16750,High
12435,16640,Low
12436,16764,Medium
12437,16781,High
12438,16785,Medium
12439,16786,Medium
12440,16791,Medium
12441,15389,Low
12442,16674,High
12443,16761,Medium
12444,16758,Medium
12445,16762,Low
12446,16768,Low
12447,16766,Medium
12448,16772,Medium
12449,16779,Low
12450,16226,Low
12451,20625,Medium
12452,20520,Low
12453,16699,High
12454,15766,Low
12455,16702,High
12456,16742,Medium
12457,16746,Medium
12458,16743,Medium
12459,16747,Medium
12460,16748,Low
12461,16751,Medium
12462,16754,Medium
12463,18416,Low
12464,18606,Medium
12465,18469,Low
12466,20256,Medium
12467,18795,Medium
12468,18635,Low
12469,20364,Low
12470,16647,Medium
12471,15462,Low
12472,16712,High
12473,16711,Medium
12474,16714,Medium
12475,16717,Medium
12476,16715,Medium
12477,16718,Medium
12478,16719,Medium
12479,16725,Medium
12480,16724,Medium
12481,16726,Medium
12482,16731,High
12483,16730,High
12484,16735,High
12485,16738,Low
12486,16740,Medium
12487,20412,Low
12488,19338,Low
12489,17893,High
12490,15932,Low
12491,20485,Medium
12492,20427,Low
12493,20493,Low
12494,16693,Medium
12495,16690,High
12496,16698,High
12497,16703,Medium
12498,16707,High
12499,18744,Low
12500,20232,Low
12501,20426,Low
12502,16681,Medium
12503,16683,High
12504,16686,Medium
12505,16684,Medium
12506,16687,Medium
12507,18978,Low
12508,16659,Low
12509,16668,Medium
12510,16666,Medium
12511,16669,Medium
12512,16671,Medium
12513,19051,Low
12514,16653,Medium
12515,16636,Medium
12516,16655,Medium
12517,16662,Medium
12518,18867,Low
12519,16637,Medium
12520,16634,Medium
12521,16638,Medium
12522,16642,Medium
12523,16645,Medium
12524,20415,Low
12525,13461,Low
12526,16621,Medium
12527,16619,Medium
12528,16622,Medium
12529,16625,Medium
12530,16627,High
12531,16632,Medium
12532,16630,Medium
12533,19892,Low
12534,18559,Low
12535,20414,Medium
12536,16257,High
12537,13908,Low
12538,16578,High
12539,16582,High
12540,16602,Medium
12541,16599,High
12542,16604,Low
12543,16606,Medium
12544,16608,Medium
12545,16607,Medium
12546,16611,Medium
12547,16613,Low
12548,16617,Low
12549,20354,Low
12550,19143,Low
12551,20383,Low
12552,15537,Low
12553,16336,High
12554,16598,Medium
12555,16460,Low
12556,16587,Medium
12557,16589,Low
12558,13831,Low
12559,16532,High
12560,16575,High
12561,16581,Medium
12562,16583,Medium
12563,16562,Medium
12564,16538,Medium
12565,16564,Medium
12566,16573,Medium
12567,16577,Medium
12568,20298,Low
12569,16537,High
12570,16544,Medium
12571,16542,Low
12572,16545,Medium
12573,16549,Medium
12574,16548,High
12575,16553,Medium
12576,16557,High
12577,16556,Medium
12578,19732,Low
12579,16524,Medium
12580,14288,Low
12581,16526,High
12582,16530,Medium
12583,16539,Medium
12584,16534,Low
12585,14945,Low
12586,20169,Low
12587,16496,High
12588,16515,Medium
12589,16514,Low
12590,16520,Low
12591,16525,Medium
12592,16521,Medium
12593,18818,Low
12594,15623,Medium
12595,16495,Medium
12596,16498,Medium
12597,16497,Medium
12598,16499,Medium
12599,16508,Medium
12600,16503,Medium
12601,16510,Low
12602,17630,Low
12603,17560,Low
12604,16488,Medium
12605,16490,Medium
12606,16493,Medium
12607,19001,Low
12608,16483,Medium
12609,16480,Low
12610,16484,High
12611,12403,Low
12612,16423,Medium
12613,16471,Medium
12614,19455,Low
12615,16457,Medium
12616,16442,Low
12617,16458,Medium
12618,16463,Medium
12619,20153,Low
12620,20200,High
12621,20189,High
12622,16438,Medium
12623,15803,Low
12624,16439,Medium
12625,16440,Low
12626,16443,Medium
12627,16441,High
12628,16450,Medium
12629,16453,Medium
12630,19207,Low
12631,16306,High
12632,15994,Low
12633,16422,Low
12634,16425,High
12635,16424,High
12636,16427,Medium
12637,16433,Low
12638,16428,Low
12639,16227,Medium
12640,16404,Medium
12641,16407,Medium
12642,16412,Low
12643,16409,Medium
12644,16414,High
12645,20060,Low
12646,16369,Low
12647,16375,Medium
12648,16373,Medium
12649,16378,Medium
12650,15443,Low
12651,16368,High
12652,15432,Low
12653,1831,Medium
12654,16208,High
12655,16140,High
12656,16230,High
12657,16273,High
12658,16353,Medium
12659,16352,Low
12660,16356,Medium
12661,16359,High
12662,16358,Medium
12663,16362,Medium
12664,16363,Medium
12665,1882,Low
12666,13697,Low
12667,16322,Medium
12668,16327,Medium
12669,16331,Medium
12670,16329,Medium
12671,16334,Medium
12672,16337,Medium
12673,16338,Medium
12674,20075,High
12675,17958,Low
12676,20171,Low
12677,16079,Low
12678,16288,High
12679,16292,Medium
12680,16291,Medium
12681,16305,High
12682,16313,Medium
12683,16307,High
12684,16315,High
12685,16318,Medium
12686,16316,Medium
12687,16319,Medium
12688,16505,Low
12689,11595,Low
12690,11818,Low
12691,12590,Low
12692,13594,Low
12693,13289,Low
12694,13693,Low
12695,13704,Low
12696,13773,Low
12697,14249,Low
12698,14271,Low
12699,14394,Low
12700,14304,Low
12701,14416,Low
12702,14570,Low
12703,14550,Low
12704,14722,Medium
12705,14693,Low
12706,14751,Low
12707,15115,Low
12708,15031,Medium
12709,15129,High
12710,15143,High
12711,15134,Low
12712,15303,High
12713,15301,Low
12714,15404,Low
12715,15449,Medium
12716,15442,Medium
12717,15486,Medium
12718,15495,Medium
12719,15491,Medium
12720,15506,Medium
12721,15507,Medium
12722,15543,Medium
12723,15531,Low
12724,15549,High
12725,15596,High
12726,15597,Medium
12727,15643,Low
12728,15656,Low
12729,15650,Medium
12730,15664,Medium
12731,15764,High
12732,15763,High
12733,15777,Medium
12734,15798,Low
12735,15849,Low
12736,15808,Medium
12737,15851,Low
12738,15850,Low
12739,15857,Medium
12740,15899,Low
12741,15895,Low
12742,15944,Low
12743,15917,Medium
12744,15964,Low
12745,15968,Medium
12746,15972,Low
12747,15981,Medium
12748,16021,Low
12749,16071,High
12750,16045,Medium
12751,16073,Low
12752,16082,Low
12753,16081,Low
12754,16083,Medium
12755,16094,Medium
12756,16112,Low
12757,16096,Low
12758,16116,Low
12759,16114,Low
12760,16143,High
12761,16164,High
12762,16149,Low
12763,16212,High
12764,16214,Low
12765,16213,High
12766,16221,High
12767,16233,High
12768,16240,High
12769,16239,Low
12770,16242,High
12771,16250,Low
12772,16245,Medium
12773,16251,High
12774,16254,High
12775,16255,Medium
12776,16265,High
12777,16264,Medium
12778,16266,Medium
12779,16268,Medium
12780,16274,Medium
12781,16276,High
12782,16279,Low
12783,16280,Medium
12784,21584,Medium
12785,4845,Low
12786,2147,Low
12787,6760,Low
12788,8349,Low
12789,7070,Low
12790,8895,Low
12791,8771,Low
12792,9599,Low
12793,10821,Low
12794,10798,Low
12795,11375,Low
12796,10862,Low
12797,11610,Low
12798,11631,Low
12799,11680,Low
12800,11669,Low
12801,12212,Low
12802,12210,Low
12803,12398,Low
12804,12520,Low
12805,12401,Low
12806,12679,Medium
12807,12819,Low
12808,12722,Low
12809,12967,Low
12810,13277,Low
12811,13074,Low
12812,13339,Low
12813,13329,Low
12814,13439,Low
12815,13510,Low
12816,13492,Low
12817,13630,Low
12818,14057,Low
12819,13981,Low
12820,14219,Low
12821,14155,Low
12822,14233,Low
12823,14442,Medium
12824,14392,Low
12825,14514,Low
12826,14453,Low
12827,14580,Low
12828,14668,Low
12829,14611,Low
12830,14721,Low
12831,14691,Low
12832,14748,Low
12833,14783,Low
12834,14761,Low
12835,14788,Low
12836,14795,Low
12837,14791,Low
12838,14839,Low
12839,14805,Low
12840,14913,High
12841,15015,Low
12842,14950,Low
12843,15068,Low
12844,15137,Low
12845,15126,Low
12846,15154,Medium
12847,15142,Low
12848,15155,Medium
12849,15180,Low
12850,15164,Medium
12851,15209,Medium
12852,15200,Medium
12853,15216,Low
12854,15253,Medium
12855,15236,Medium
12856,15270,Low
12857,15305,Low
12858,15300,Medium
12859,15307,Low
12860,15320,Medium
12861,15319,Low
12862,15342,Medium
12863,15367,Low
12864,15359,Low
12865,15378,Low
12866,15401,Medium
12867,15488,Medium
12868,15464,Medium
12869,15489,Medium
12870,15536,Medium
12871,15509,Low
12872,15725,High
12873,15541,Medium
12874,15749,High
12875,15898,Medium
12876,15854,Medium
12877,15935,Medium
12878,15960,High
12879,16009,Medium
12880,15969,Medium
12881,16032,Medium
12882,16016,Low
12883,16038,High
12884,16131,Low
12885,16107,Medium
12886,16153,Medium
12887,16145,Medium
12888,16154,Medium
12889,16171,Medium
12890,16203,Medium
12891,16209,Medium
12892,16205,Low
12893,16253,Medium
12894,16252,Medium
12895,16261,Medium
12896,18196,Low
12897,18090,Low
12898,17998,Low
12899,19943,Low
12900,18596,Low
12901,20002,Medium
12902,19918,High
12903,16225,High
12904,16235,Medium
12905,16238,High
12906,18053,Low
12907,16161,High
12908,16195,High
12909,16194,Medium
12910,16220,Medium
12911,11413,Low
12912,16198,Medium
12913,15271,Low
12914,16201,Low
12915,16202,Medium
12916,16415,Low
12917,17991,Low
12918,16156,Medium
12919,16175,Medium
12920,16157,Medium
12921,16179,Medium
12922,16190,Medium
12923,16180,Low
12924,18089,Low
12925,18011,Low
12926,19923,Low
12927,18901,Low
12928,18564,Low
12929,19895,Low
12930,19909,Medium
12931,19878,High
12932,19877,High
12933,18197,Low
12934,3198,Low
12935,16142,Medium
12936,16148,High
12937,16147,Medium
12938,16092,High
12939,16080,Low
12940,16093,Medium
12941,16095,Medium
12942,16126,Low
12943,16137,High
12944,10232,Low
12945,13758,High
12946,16120,High
12947,17987,Low
12948,16086,Medium
12949,16101,Medium
12950,16108,Medium
12951,19937,Low
12952,15810,Low
12953,13365,Low
12954,15838,Medium
12955,16097,Low
12956,15909,Medium
12957,16057,High
12958,16085,Medium
12959,19811,High
12960,19793,Low
12961,19728,Low
12962,19780,High
12963,16074,Medium
12964,16069,Low
12965,8315,Low
12966,19776,High
12967,19773,High
12968,16600,Low
12969,19779,High
12970,16019,Medium
12971,15769,Medium
12972,16020,High
12973,16026,Low
12974,5568,Low
12975,8923,Low
12976,7924,Low
12977,8932,Low
12978,9256,Low
12979,9848,Low
12980,10061,Low
12981,10559,Low
12982,10195,Low
12983,10990,Low
12984,11327,Low
12985,11489,Low
12986,11561,Low
12987,11623,Low
12988,11952,Low
12989,11821,Low
12990,12005,Low
12991,12366,Low
12992,12597,Low
12993,12770,Low
12994,12878,Low
12995,12882,Low
12996,12893,Low
12997,12971,Low
12998,13069,Low
12999,13141,Low
13000,13079,Low
13001,13313,Low
13002,13340,Low
13003,13576,Low
13004,13668,Low
13005,13731,Low
13006,13803,Low
13007,13891,Low
13008,13927,Low
13009,14007,Low
13010,13991,Low
13011,14079,Medium
13012,14130,Low
13013,14324,Low
13014,14436,High
13015,14462,Low
13016,14464,Low
13017,14548,Low
13018,14586,Low
13019,14613,High
13020,14629,Low
13021,14639,Low
13022,14631,Low
13023,14651,Low
13024,14672,Low
13025,14690,Low
13026,14704,Low
13027,14711,Low
13028,14766,Low
13029,14725,Low
13030,14772,Low
13031,14786,Low
13032,14782,Medium
13033,14803,Medium
13034,14810,Medium
13035,14809,Medium
13036,14812,Low
13037,14814,Low
13038,14815,Low
13039,14818,Low
13040,14822,Low
13041,14831,Low
13042,14842,Low
13043,14832,Low
13044,14846,Medium
13045,14856,Low
13046,14849,Low
13047,14862,Low
13048,14864,Medium
13049,14868,Low
13050,14873,Low
13051,14877,Medium
13052,14899,Low
13053,14905,Medium
13054,14908,Low
13055,14907,Medium
13056,14937,Medium
13057,14927,Low
13058,14966,Low
13059,14967,Low
13060,14978,Medium
13061,14989,High
13062,14996,Medium
13063,14998,Medium
13064,15004,Medium
13065,15002,Low
13066,15005,Medium
13067,15017,Medium
13068,15018,Medium
13069,15037,Medium
13070,15022,Low
13071,15044,Medium
13072,15047,Medium
13073,15071,Low
13074,15050,Medium
13075,15073,Medium
13076,15074,Medium
13077,15086,Medium
13078,15085,Low
13079,15980,Medium
13080,16018,High
13081,16022,High
13082,16023,Medium
13083,16029,Medium
13084,16028,Medium
13085,16036,Medium
13086,16041,Low
13087,16042,Low
13088,16043,Medium
13089,16044,Medium
13090,16047,Medium
13091,16048,Medium
13092,16049,Medium
13093,16050,Medium
13094,16051,Low
13095,16052,Medium
13096,16058,Medium
13097,19746,High
13098,19160,Low
13099,15145,Medium
13100,15863,High
13101,15915,High
13102,19468,Low
13103,19028,Low
13104,19711,Low
13105,19704,High
13106,13788,Low
13107,15734,Low
13108,14342,Low
13109,15991,High
13110,15995,Low
13111,15997,Medium
13112,15996,Medium
13113,16001,High
13114,16010,Medium
13115,16007,Medium
13116,19668,Low
13117,19693,High
13118,15956,Low
13119,15962,Medium
13120,15967,High
13121,15966,Medium
13122,15973,Medium
13123,15976,Low
13124,15974,Medium
13125,15977,Low
13126,15982,Medium
13127,15978,Medium
13128,15983,Medium
13129,15985,Medium
13130,15986,Medium
13131,18910,Low
13132,17091,Low
13133,19213,Low
13134,19178,Low
13135,19159,Low
13136,19301,Low
13137,19300,Low
13138,19258,Low
13139,15936,Low
13140,15971,Medium
13141,15955,High
13142,19640,High
13143,15958,Medium
13144,15959,Medium
13145,19566,Low
13146,15922,Low
13147,15931,High
13148,15951,Medium
13149,15948,High
13150,15954,Medium
13151,19630,High
13152,15924,Medium
13153,15923,Medium
13154,15925,High
13155,19233,Low
13156,19610,Low
13157,19575,Low
13158,14123,High
13159,15896,High
13160,15903,Medium
13161,15910,Medium
13162,15912,Low
13163,15913,High
13164,19667,Low
13165,19544,Medium
13166,18575,Low
13167,15624,Medium
13168,11368,Low
13169,15775,High
13170,15877,Medium
13171,15884,Medium
13172,15882,Medium
13173,18707,Low
13174,15880,Medium
13175,15445,Low
13176,15861,Medium
13177,15871,Low
13178,15870,Low
13179,15872,Medium
13180,19565,Low
13181,18764,Low
13182,15028,Medium
13183,15822,Medium
13184,15824,High
13185,15827,Medium
13186,15828,Medium
13187,15831,Medium
13188,15829,High
13189,15833,Medium
13190,15836,Medium
13191,15839,Medium
13192,15837,Medium
13193,15840,High
13194,15844,Medium
13195,15845,Medium
13196,15847,Low
13197,18112,Low
13198,15848,Low
13199,18519,Low
13200,18476,Low
13201,15809,Low
13202,16217,Low
13203,16013,Low
13204,16783,Low
13205,16648,Low
13206,18063,Low
13207,16903,Low
13208,16828,Low
13209,18568,Low
13210,18503,Low
13211,18479,High
13212,18917,Low
13213,18852,Low
13214,18831,Low
13215,18935,Low
13216,18933,Low
13217,18924,Low
13218,19023,Low
13219,19101,Low
13220,19098,Low
13221,19054,Low
13222,19124,Low
13223,19108,Low
13224,19106,Low
13225,19163,Low
13226,19161,Low
13227,19132,Medium
13228,19212,Low
13229,19190,Medium
13230,19167,Low
13231,19295,Medium
13232,19260,Low
13233,19227,Low
13234,19214,Low
13235,19391,Low
13236,19374,Medium
13237,19371,Low
13238,19426,Medium
13239,19398,Medium
13240,19397,Low
13241,19461,Medium
13242,19452,Medium
13243,19446,Medium
13244,19495,Low
13245,19471,Medium
13246,19511,Medium
13247,15774,Medium
13248,15787,High
13249,15797,High
13250,15789,Low
13251,15799,High
13252,15804,Low
13253,15814,High
13254,15811,High
13255,15815,Medium
13256,15820,Low
13257,18903,Low
13258,19144,Medium
13259,18912,Low
13260,15683,High
13261,15692,High
13262,15762,High
13263,15779,Medium
13264,15780,Medium
13265,15786,Low
13266,15794,Medium
13267,15793,Medium
13268,15770,Medium
13269,19137,Medium
13270,6691,Low
13271,15355,Medium
13272,15318,High
13273,15713,Medium
13274,15732,Medium
13275,15731,Medium
13276,15736,Medium
13277,15740,Medium
13278,15744,Medium
13279,15743,High
13280,15757,High
13281,19113,Low
13282,18235,Low
13283,3282,Low
13284,10218,Low
13285,7279,Low
13286,11196,Low
13287,12294,High
13288,12112,Low
13289,13323,Low
13290,13895,Low
13291,13331,Low
13292,13944,Low
13293,14296,Low
13294,13996,Medium
13295,14614,Low
13296,14716,Low
13297,14737,Low
13298,14719,Low
13299,14760,Low
13300,14745,Medium
13301,14765,Medium
13302,15686,Medium
13303,15659,High
13304,15705,High
13305,15689,Medium
13306,15716,Medium
13307,15718,Low
13308,15717,Low
13309,15719,Medium
13310,15722,High
13311,15724,Low
13312,15727,Medium
13313,15468,Medium
13314,15668,Low
13315,15691,Medium
13316,15700,Medium
13317,15702,Medium
13318,15701,Medium
13319,15703,High
13320,15704,Medium
13321,15710,High
13322,15709,High
13323,15711,Medium
13324,15712,Medium
13325,19382,Medium
13326,15479,Medium
13327,15672,Medium
13328,15487,Medium
13329,15699,Medium
13330,8778,Low
13331,15666,Medium
13332,14851,High
13333,15653,Medium
13334,15638,Low
13335,19003,Low
13336,2570,Low
13337,5551,Low
13338,9404,Low
13339,7288,Low
13340,10138,Low
13341,10187,Low
13342,10379,Low
13343,11014,Low
13344,11545,Low
13345,11565,Low
13346,11655,Low
13347,12120,Low
13348,11954,Low
13349,12142,Low
13350,12295,Low
13351,12492,Low
13352,12378,Low
13353,12817,Low
13354,13201,Low
13355,13464,Low
13356,13396,Low
13357,13473,Low
13358,13727,High
13359,13871,Low
13360,13732,Low
13361,13997,Low
13362,14083,Low
13363,14164,Low
13364,14157,Low
13365,14498,Low
13366,14307,Low
13367,14505,Low
13368,14523,Medium
13369,14521,Medium
13370,14542,Low
13371,14552,Low
13372,14556,Low
13373,14585,Low
13374,14574,Low
13375,14587,Medium
13376,14597,Medium
13377,14607,Low
13378,14615,Low
13379,14625,Low
13380,14616,Medium
13381,14628,Medium
13382,14630,Medium
13383,14669,Medium
13384,14663,Medium
13385,14685,Low
13386,14707,Low
13387,15625,Medium
13388,15569,High
13389,15627,Medium
13390,15630,Medium
13391,15633,Medium
13392,14330,Low
13393,12959,Low
13394,14838,High
13395,15410,Low
13396,15429,Low
13397,15440,High
13398,15496,Medium
13399,15564,Medium
13400,15563,High
13401,15574,Medium
13402,15579,Medium
13403,15580,Medium
13404,15587,Medium
13405,15592,Medium
13406,15599,Medium
13407,15604,Low
13408,15602,Medium
13409,15612,Medium
13410,15613,High
13411,15617,Low
13412,15616,Medium
13413,15618,High
13414,15622,Medium
13415,18956,Medium
13416,18999,Medium
13417,15598,Medium
13418,15465,High
13419,14606,Low
13420,15567,High
13421,15573,Medium
13422,15581,High
13423,15575,High
13424,15583,Medium
13425,15586,Medium
13426,15585,Medium
13427,18972,Medium
13428,20425,High
13429,15570,Low
13430,18611,Low
13431,15560,Medium
13432,18960,Medium
13433,15545,Low
13434,15550,Medium
13435,15546,High
13436,15551,Medium
13437,15552,Low
13438,15053,Low
13439,15508,Low
13440,15512,High
13441,15521,Medium
13442,15524,Low
13443,15525,Medium
13444,15532,Low
13445,15533,Medium
13446,15534,Low
13447,15535,Medium
13448,18928,Medium
13449,19236,Low
13450,8723,Low
13451,8577,Low
13452,8960,Low
13453,10877,Low
13454,9880,Low
13455,11288,Low
13456,11359,Low
13457,11559,Low
13458,11475,Low
13459,11693,Low
13460,11657,Low
13461,11927,Low
13462,11697,Low
13463,11964,Low
13464,12322,Low
13465,12595,Low
13466,12543,Low
13467,12784,Low
13468,12904,Low
13469,12929,Low
13470,13100,Low
13471,13076,Low
13472,13158,Medium
13473,13251,Low
13474,13234,Medium
13475,13322,Low
13476,13662,Low
13477,13474,Medium
13478,13663,Low
13479,13665,Low
13480,13736,Low
13481,13735,Medium
13482,13854,Low
13483,13884,Low
13484,13870,Low
13485,13901,Low
13486,13943,Low
13487,13977,Low
13488,14036,Low
13489,14020,Low
13490,14048,Low
13491,14063,High
13492,14206,Low
13493,14090,Low
13494,14278,Medium
13495,14281,Medium
13496,14284,Low
13497,14385,Low
13498,14357,Medium
13499,14389,Low
13500,14397,Medium
13501,14400,Low
13502,14406,Medium
13503,14401,Low
13504,14414,Low
13505,14429,Medium
13506,14473,Low
13507,14459,Low
13508,14490,Low
13509,14494,Low
13510,15513,High
13511,15504,Medium
13512,18094,Low
13513,15337,High
13514,12251,Low
13515,15368,Low
13516,15422,High
13517,15415,High
13518,15423,Medium
13519,15427,Medium
13520,15425,High
13521,15430,Medium
13522,15444,Low
13523,15446,Medium
13524,15470,Medium
13525,15463,Medium
13526,15473,Low
13527,15477,Medium
13528,15482,Medium
13529,15498,Medium
13530,18336,Medium
13531,18601,Low
13532,18436,Low
13533,15461,Medium
13534,19154,Low
13535,15458,Medium
13536,15474,Medium
13537,18840,Medium
13538,15299,Low
13539,15457,Medium
13540,15456,Medium
13541,15459,High
13542,18360,Low
13543,15081,High
13544,15453,Medium
13545,16969,Low
13546,15398,Low
13547,15420,Medium
13548,15048,Medium
13549,15266,Low
13550,15403,Medium
13551,15405,Medium
13552,15407,Low
13553,15406,Medium
13554,15409,Medium
13555,15413,High
13556,15412,Medium
13557,18743,Low
13558,18570,Low
13559,15382,High
13560,15284,Medium
13561,15383,Low
13562,15385,Medium
13563,15386,Medium
13564,15394,Medium
13565,15396,Medium
13566,18766,Medium
13567,20088,Low
13568,15387,High
13569,15325,Low
13570,18729,Low
13571,18025,Low
13572,13233,Low
13573,14315,Low
13574,14099,Low
13575,14331,Low
13576,14439,Low
13577,14419,Low
13578,14499,Low
13579,14517,Medium
13580,14527,Low
13581,14525,Low
13582,14667,Low
13583,14680,Low
13584,15364,Low
13585,15362,High
13586,15369,Medium
13587,9391,Low
13588,10102,Low
13589,12735,Medium
13590,14368,High
13591,15210,Low
13592,14447,High
13593,15232,High
13594,15298,High
13595,15348,Medium
13596,15339,Medium
13597,15350,Low
13598,15358,Medium
13599,15357,Medium
13600,15360,High
13601,15361,High
13602,18689,Low
13603,16430,Low
13604,15186,Medium
13605,15293,High
13606,15308,High
13607,15326,High
13608,15324,High
13609,15327,High
13610,15330,High
13611,15331,Low
13612,15335,Medium
13613,15336,Medium
13614,15343,Medium
13615,15344,Medium
13616,18677,Low
13617,14840,High
13618,14398,Low
13619,15150,High
13620,20411,High
13621,19083,Low
13622,18446,Low
13623,9105,Low
13624,9196,Low
13625,9841,Low
13626,9612,Low
13627,11408,Low
13628,12264,Low
13629,11584,Low
13630,12425,Low
13631,12309,Low
13632,12683,Low
13633,12672,Low
13634,12843,Low
13635,12905,Low
13636,12845,Low
13637,12956,Low
13638,13075,Low
13639,13059,Medium
13640,13135,Medium
13641,13091,Low
13642,13168,Low
13643,13554,Low
13644,13371,Low
13645,13746,Low
13646,13875,Low
13647,13793,Low
13648,14015,Low
13649,13974,Low
13650,14251,Low
13651,14224,Medium
13652,14258,Low
13653,15268,High
13654,15222,High
13655,15272,High
13656,15274,Low
13657,15283,High
13658,15282,Medium
13659,15285,High
13660,15288,Medium
13661,15286,Medium
13662,15291,Medium
13663,15267,Medium
13664,15249,Medium
13665,15265,Medium
13666,15243,Low
13667,13889,Medium
13668,15247,Medium
13669,15244,High
13670,15250,Low
13671,15248,High
13672,15256,Low
13673,15255,Medium
13674,15260,High
13675,15259,High
13676,15262,Medium
13677,18123,Low
13678,18104,Low
13679,18007,Low
13680,18250,Medium
13681,18139,Medium
13682,18124,Medium
13683,18409,Medium
13684,18399,Medium
13685,18261,Low
13686,18617,Medium
13687,18584,Medium
13688,18554,Medium
13689,18487,Low
13690,13566,Low
13691,8026,Medium
13692,14533,Medium
13693,15223,Medium
13694,15219,Medium
13695,15224,Medium
13696,15225,Low
13697,15228,Medium
13698,15233,Low
13699,15229,High
13700,15235,High
13701,7863,Low
13702,9637,Low
13703,9037,Low
13704,9725,Low
13705,10170,Low
13706,10093,Low
13707,10257,Low
13708,10192,Low
13709,10297,Low
13710,10972,Low
13711,10820,Low
13712,11100,Low
13713,11183,Low
13714,11115,Low
13715,11300,Low
13716,11507,Low
13717,11432,Low
13718,11629,Low
13719,11653,Low
13720,11650,Low
13721,11831,Low
13722,11686,Low
13723,11832,Low
13724,11995,Low
13725,11910,Low
13726,12018,Low
13727,12014,Low
13728,12027,Low
13729,12040,Low
13730,12031,Low
13731,12057,Low
13732,12043,Low
13733,12068,Low
13734,12060,Low
13735,12079,Low
13736,12118,Low
13737,12096,Low
13738,12119,Low
13739,12129,Low
13740,12128,Low
13741,12135,Low
13742,12138,Low
13743,12155,Low
13744,12147,Low
13745,12160,Low
13746,12159,Low
13747,12163,Low
13748,12188,Low
13749,12208,Low
13750,12189,Low
13751,15204,Medium
13752,15217,Medium
13753,20392,Medium
13754,12213,Low
13755,12217,Low
13756,12216,Low
13757,12221,Low
13758,12234,Low
13759,12224,Low
13760,12262,Low
13761,12261,High
13762,12278,Low
13763,12282,Low
13764,12281,Low
13765,12297,Low
13766,12283,Low
13767,12337,Low
13768,12330,Low
13769,12344,Low
13770,12362,Low
13771,12359,Low
13772,12364,Low
13773,12363,Low
13774,12374,Low
13775,12367,Low
13776,12375,Low
13777,12405,Low
13778,12376,Low
13779,12436,Low
13780,12412,Low
13781,12453,Low
13782,12440,Low
13783,12469,Low
13784,12480,Low
13785,12473,Low
13786,12505,Low
13787,12512,High
13788,12506,Low
13789,12513,Low
13790,12519,Low
13791,12515,Low
13792,12556,Low
13793,12525,Low
13794,12579,Low
13795,12610,Low
13796,12591,Low
13797,12618,Low
13798,12615,Low
13799,12622,Low
13800,12640,Low
13801,12625,Low
13802,12660,Low
13803,12644,Low
13804,12670,Low
13805,12678,Low
13806,12676,Low
13807,12681,Low
13808,12705,Low
13809,12698,Low
13810,12729,Low
13811,12724,Low
13812,12743,Low
13813,12762,Low
13814,12769,Low
13815,12763,Low
13816,12774,Low
13817,12786,Low
13818,12780,Low
13819,12793,High
13820,12792,Low
13821,12808,Low
13822,12812,Low
13823,12822,Low
13824,12821,Low
13825,12823,Low
13826,12835,Medium
13827,12831,Low
13828,12846,Low
13829,12841,Low
13830,12847,Low
13831,12894,Medium
13832,12856,Low
13833,12900,Low
13834,12898,Low
13835,12906,Low
13836,12911,Low
13837,12907,Low
13838,12922,Low
13839,12939,Low
13840,12932,Low
13841,12940,Low
13842,12972,Low
13843,12960,Low
13844,12988,Low
13845,12982,Low
13846,12992,Low
13847,12995,Low
13848,12994,Low
13849,13000,Low
13850,12996,Low
13851,13005,Low
13852,13035,Low
13853,13053,Low
13854,13043,Low
13855,13102,Low
13856,13062,Low
13857,13118,Low
13858,13117,Low
13859,13125,Low
13860,13165,Low
13861,13152,Low
13862,13182,Low
13863,13177,Low
13864,13189,Low
13865,13185,Low
13866,13211,Low
13867,13237,Low
13868,13236,Low
13869,13241,Medium
13870,13240,Low
13871,13269,Low
13872,13280,Low
13873,13279,Low
13874,13294,Low
13875,13281,Medium
13876,13325,Medium
13877,13314,Medium
13878,13335,Medium
13879,13374,Medium
13880,13357,Medium
13881,13394,Low
13882,13386,High
13883,13400,Low
13884,13397,Low
13885,13404,Low
13886,13412,Medium
13887,13405,Low
13888,13445,Low
13889,13435,Low
13890,13476,Low
13891,13451,Medium
13892,13478,Low
13893,13486,Medium
13894,13480,Low
13895,13497,Low
13896,13508,Low
13897,13503,Medium
13898,13514,Medium
13899,13509,Low
13900,13521,Medium
13901,13533,Low
13902,13523,Low
13903,13539,Medium
13904,13538,Low
13905,13541,Low
13906,13540,Low
13907,13542,Low
13908,13544,Medium
13909,13543,Low
13910,13550,Low
13911,13546,Low
13912,13552,Low
13913,13574,Low
13914,13568,Low
13915,13582,Medium
13916,13579,Medium
13917,13780,High
13918,13585,Low
13919,13987,Low
13920,14105,Medium
13921,14080,Low
13922,14134,Low
13923,15168,High
13924,15185,Medium
13925,15188,Low
13926,15187,High
13927,15191,Medium
13928,15189,Medium
13929,15193,Medium
13930,15100,Low
13931,14617,Medium
13932,15149,Medium
13933,15157,Medium
13934,15153,Medium
13935,15163,Medium
13936,15159,Medium
13937,15165,Medium
13938,15169,High
13939,15167,Low
13940,15170,Low
13941,15172,Low
13942,12457,Low
13943,5,High
13944,4,High
13945,2,Medium
13946,10,Low
13947,9,Medium
13948,8,High
13949,7,High
13950,14,Medium
13951,12,Medium
13952,11,Low
13953,20,Medium
13954,17,Medium
13955,16,Medium
13956,24,Low
13957,23,High
13958,22,High
13959,28,High
13960,26,Low
13961,25,Low
13962,31,Low
13963,30,High
13964,29,Low
13965,34,High
13966,33,High
13967,32,High
13968,38,Medium
13969,36,High
13970,35,High
13971,41,Low
13972,40,Low
13973,39,High
13974,42,High
13975,46,Low
13976,45,Low
13977,44,High
13978,43,High
13979,51,High
13980,48,Low
13981,47,Low
13982,54,High
13983,53,High
13984,52,Medium
13985,57,High
13986,56,Medium
13987,55,High
13988,63,Medium
13989,62,Low
13990,60,High
13991,69,High
13992,68,Low
13993,65,High
13994,72,Medium
13995,71,Low
13996,70,High
13997,78,Medium
13998,75,Medium
13999,74,Medium
14000,84,High
14001,80,Low
14002,79,Low
14003,89,Low
14004,88,Low
14005,86,High
14006,91,High
14007,90,Medium
14008,94,Low
14009,93,High
14010,92,High
14011,99,Low
14012,98,Low
14013,97,Low
14014,103,Low
14015,101,Medium
14016,110,Low
14017,108,Medium
14018,107,Low
14019,113,Medium
14020,111,Medium
14021,118,High
14022,116,High
14023,114,High
14024,120,High
14025,119,Low
14026,125,High
14027,122,High
14028,121,High
14029,128,High
14030,127,High
14031,126,High
14032,132,High
14033,131,Low
14034,130,Medium
14035,138,High
14036,136,Medium
14037,134,High
14038,133,High
14039,143,High
14040,141,High
14041,140,Medium
14042,151,Medium
14043,146,Medium
14044,144,High
14045,156,High
14046,155,Medium
14047,153,Medium
14048,172,Low
14049,167,Low
14050,182,Low
14051,179,Low
14052,174,Low
14053,184,Low
14054,192,Medium
14055,191,High
14056,188,Medium
14057,186,Low
14058,197,Low
14059,193,Low
14060,201,Low
14061,198,High
14062,213,Low
14063,207,High
14064,222,Low
14065,221,Medium
14066,218,High
14067,227,Medium
14068,226,Medium
14069,225,High
14070,230,Low
14071,229,Low
14072,228,Medium
14073,234,Medium
14074,232,Medium
14075,231,Low
14076,237,Medium
14077,236,Medium
14078,235,High
14079,241,Medium
14080,240,Low
14081,239,High
14082,246,Medium
14083,245,Low
14084,251,Medium
14085,248,Medium
14086,247,Low
14087,253,High
14088,252,Medium
14089,257,High
14090,255,Low
14091,254,Medium
14092,272,Medium
14093,270,Low
14094,269,Medium
14095,276,Low
14096,274,High
14097,273,Medium
14098,279,High
14099,278,High
14100,277,Medium
14101,281,Low
14102,280,High
14103,287,Medium
14104,284,High
14105,282,Medium
14106,289,Low
14107,288,Medium
14108,294,Low
14109,293,Low
14110,297,High
14111,295,Medium
14112,303,Low
14113,302,High
14114,298,High
14115,305,Medium
14116,304,Low
14117,311,Medium
14118,310,Medium
14119,309,Medium
14120,306,High
14121,316,High
14122,315,High
14123,313,Medium
14124,325,Low
14125,322,Low
14126,320,High
14127,329,Medium
14128,326,Low
14129,332,High
14130,331,High
14131,330,Low
14132,334,Low
14133,333,High
14134,338,High
14135,336,Medium
14136,335,High
14137,342,Low
14138,341,High
14139,349,Medium
14140,345,High
14141,343,Low
14142,354,Low
14143,351,Low
14144,350,Low
14145,358,Medium
14146,356,High
14147,355,Low
14148,363,Medium
14149,361,High
14150,366,High
14151,365,High
14152,364,Low
14153,373,Low
14154,370,Medium
14155,369,Medium
14156,379,Low
14157,376,High
14158,375,Low
14159,385,Low
14160,384,Low
14161,380,Medium
14162,388,Low
14163,387,High
14164,392,Low
14165,391,Low
14166,390,Medium
14167,389,Medium
14168,395,Low
14169,394,Low
14170,393,Low
14171,398,High
14172,397,Low
14173,396,Low
14174,401,High
14175,400,Medium
14176,399,Low
14177,402,Low
14178,409,Medium
14179,408,High
14180,407,Medium
14181,406,Medium
14182,411,Low
14183,410,Low
14184,414,Low
14185,412,Low
14186,417,Medium
14187,416,Low
14188,415,Low
14189,426,Low
14190,425,Low
14191,421,Low
14192,428,Medium
14193,435,Low
14194,432,Medium
14195,429,Medium
14196,441,Low
14197,437,High
14198,436,Medium
14199,444,Medium
14200,443,Low
14201,442,Medium
14202,447,Low
14203,446,High
14204,445,Medium
14205,449,Low
14206,448,High
14207,457,High
14208,456,Medium
14209,453,High
14210,462,Low
14211,461,Low
14212,459,High
14213,458,Medium
14214,465,Low
14215,464,High
14216,473,High
14217,470,Medium
14218,468,Low
14219,477,Medium
14220,476,Low
14221,481,Medium
14222,480,Low
14223,479,Medium
14224,488,Low
14225,483,High
14226,491,Low
14227,490,High
14228,489,Medium
14229,495,High
14230,494,Low
14231,492,High
14232,499,High
14233,498,Medium
14234,497,Low
14235,503,Medium
14236,502,Low
14237,500,Low
14238,506,Medium
14239,505,Low
14240,504,High
14241,514,Low
14242,511,Low
14243,507,Medium
14244,519,Medium
14245,518,Medium
14246,522,Medium
14247,521,High
14248,526,Low
14249,524,Low
14250,532,Medium
14251,531,Low
14252,529,Low
14253,528,Low
14254,541,Low
14255,537,Low
14256,534,High
14257,544,Low
14258,547,Medium
14259,545,Medium
14260,555,Low
14261,565,Medium
14262,563,Low
14263,559,Low
14264,567,Low
14265,566,Low
14266,570,Low
14267,568,High
14268,572,Low
14269,571,Medium
14270,574,Medium
14271,573,Low
14272,580,High
14273,579,Low
14274,578,High
14275,575,Low
14276,584,Low
14277,582,Low
14278,587,Medium
14279,586,Low
14280,594,High
14281,589,Medium
14282,588,High
14283,597,High
14284,596,Low
14285,595,Medium
14286,602,Medium
14287,600,High
14288,614,Low
14289,612,High
14290,608,Medium
14291,618,Low
14292,617,Medium
14293,615,High
14294,626,Medium
14295,619,Low
14296,632,Medium
14297,631,High
14298,628,High
14299,627,Medium
14300,637,High
14301,636,Medium
14302,635,High
14303,639,Low
14304,638,Low
14305,641,High
14306,657,Medium
14307,646,Low
14308,645,Low
14309,667,Medium
14310,663,Low
14311,671,High
14312,670,High
14313,668,Medium
14314,677,Low
14315,676,Low
14316,673,Medium
14317,680,Medium
14318,679,Low
14319,678,Low
14320,685,Low
14321,682,Low
14322,681,Low
14323,688,High
14324,687,High
14325,686,Low
14326,691,Low
14327,690,High
14328,689,Low
14329,697,Medium
14330,696,Low
14331,694,Medium
14332,701,High
14333,700,Low
14334,698,Low
14335,704,High
14336,703,Low
14337,709,High
14338,708,High
14339,705,High
14340,715,Low
14341,712,Low
14342,711,Medium
14343,717,Medium
14344,716,Medium
14345,720,Medium
14346,719,Low
14347,718,High
14348,721,Low
14349,723,High
14350,722,Medium
14351,726,Low
14352,725,High
14353,724,Medium
14354,728,Low
14355,731,Medium
14356,730,Low
14357,738,Low
14358,733,Low
14359,745,Low
14360,744,Low
14361,741,Medium
14362,740,High
14363,746,Low
14364,749,High
14365,748,High
14366,747,Medium
14367,756,High
14368,753,Low
14369,751,Low
14370,750,Low
14371,769,Medium
14372,763,Low
14373,759,Low
14374,771,Medium
14375,770,High
14376,779,High
14377,777,High
14378,773,High
14379,784,Low
14380,790,Low
14381,788,High
14382,12717,High
14383,12327,High
14384,15992,Low
14385,20339,Medium
14386,20334,Medium
14387,795,Low
14388,793,High
14389,791,High
14390,797,Low
14391,796,Medium
14392,809,Medium
14393,804,Low
14394,800,Medium
14395,798,Medium
14396,814,Medium
14397,813,High
14398,812,High
14399,819,Low
14400,817,High
14401,816,Medium
14402,823,High
14403,822,Medium
14404,821,High
14405,833,High
14406,832,High
14407,824,High
14408,838,Low
14409,836,Low
14410,844,High
14411,841,Low
14412,840,High
14413,839,High
14414,849,Low
14415,847,Low
14416,846,Low
14417,854,Low
14418,853,Medium
14419,858,Low
14420,856,Medium
14421,855,Medium
14422,861,High
14423,860,Medium
14424,864,High
14425,863,Low
14426,862,Medium
14427,871,Medium
14428,870,Medium
14429,869,Medium
14430,868,High
14431,874,Medium
14432,873,High
14433,880,Low
14434,879,Low
14435,878,Medium
14436,883,Low
14437,882,High
14438,881,Low
14439,886,Medium
14440,885,High
14441,884,Medium
14442,894,Medium
14443,888,High
14444,887,Low
14445,898,Low
14446,897,Low
14447,896,Low
14448,895,Medium
14449,901,Low
14450,900,High
14451,903,Medium
14452,902,Low
14453,907,High
14454,906,Medium
14455,904,Low
14456,914,Low
14457,913,Low
14458,912,Medium
14459,910,Low
14460,916,Low
14461,915,Low
14462,923,Medium
14463,919,High
14464,917,High
14465,925,High
14466,924,Medium
14467,929,Low
14468,928,High
14469,927,High
14470,931,High
14471,930,High
14472,934,Medium
14473,933,High
14474,932,Low
14475,936,Low
14476,935,High
14477,941,High
14478,939,High
14479,938,High
14480,946,High
14481,945,Medium
14482,944,Low
14483,942,Medium
14484,948,High
14485,947,Medium
14486,951,Medium
14487,950,Low
14488,949,High
14489,954,Low
14490,953,Low
14491,952,Low
14492,959,High
14493,957,High
14494,955,Low
14495,964,Medium
14496,960,Low
14497,967,Low
14498,966,High
14499,965,Medium
14500,973,Low
14501,972,High
14502,971,High
14503,968,High
14504,978,High
14505,974,Medium
14506,981,Low
14507,980,Low
14508,986,High
14509,985,Low
14510,992,Medium
14511,990,Low
14512,988,High
14513,995,High
14514,994,Low
14515,993,Medium
14516,1000,Medium
14517,999,High
14518,998,Low
14519,1009,High
14520,1005,Medium
14521,1002,Medium
14522,1001,Medium
14523,1012,Low
14524,1011,High
14525,1010,High
14526,1014,Low
14527,1013,Medium
14528,1020,Medium
14529,1017,High
14530,1016,Low
14531,1015,Medium
14532,1024,Low
14533,1023,Low
14534,1022,High
14535,1027,High
14536,1026,High
14537,1025,Medium
14538,1029,Low
14539,1028,Low
14540,1033,High
14541,1032,High
14542,1030,Low
14543,1038,Low
14544,1036,Low
14545,1035,Low
14546,1041,Low
14547,1040,Low
14548,1046,Low
14549,1045,Medium
14550,1043,Medium
14551,1048,Low
14552,1047,Medium
14553,1052,High
14554,1051,High
14555,1050,Low
14556,1049,Low
14557,1055,High
14558,1054,Low
14559,1053,High
14560,1059,Low
14561,1058,Low
14562,1056,Medium
14563,1061,Medium
14564,1060,High
14565,1067,High
14566,1066,High
14567,1063,Low
14568,1062,Low
14569,1073,Low
14570,1071,Low
14571,1069,Low
14572,1076,Low
14573,1075,Medium
14574,1074,High
14575,1078,Low
14576,1077,Low
14577,1084,High
14578,1083,High
14579,1088,Medium
14580,1087,Medium
14581,1086,High
14582,1091,High
14583,1090,High
14584,1089,High
14585,1094,Medium
14586,1093,Low
14587,1092,Low
14588,1098,Low
14589,1096,Medium
14590,1095,Medium
14591,1100,High
14592,1104,High
14593,1103,Low
14594,1102,Low
14595,1106,High
14596,1105,Low
14597,1113,Medium
14598,1110,Medium
14599,1108,High
14600,1107,Medium
14601,1118,High
14602,1116,High
14603,1114,Medium
14604,1121,Low
14605,1120,High
14606,1119,Medium
14607,1132,High
14608,1130,High
14609,1123,High
14610,1136,High
14611,1135,High
14612,1134,High
14613,1133,Low
14614,1141,Medium
14615,1139,Low
14616,1137,High
14617,1145,High
14618,1144,Low
14619,1143,High
14620,1150,Medium
14621,1149,High
14622,1148,Low
14623,1147,Medium
14624,1152,Low
14625,1151,Medium
14626,1155,Low
14627,1153,Low
14628,1160,Medium
14629,1159,Low
14630,1158,Low
14631,1157,High
14632,1161,Low
14633,1164,High
14634,1163,Low
14635,1162,High
14636,1167,Medium
14637,1166,High
14638,1170,Low
14639,1168,Medium
14640,1178,High
14641,1176,High
14642,1174,Medium
14643,1172,High
14644,1183,High
14645,1182,Medium
14646,1179,Low
14647,1188,High
14648,1187,Medium
14649,1186,Medium
14650,1185,Medium
14651,1194,Low
14652,1190,Low
14653,1189,High
14654,1195,Low
14655,1198,High
14656,1197,Low
14657,1196,Medium
14658,1202,High
14659,1201,Medium
14660,1207,Low
14661,1206,High
14662,1204,Low
14663,1211,High
14664,1210,Medium
14665,1209,Medium
14666,1215,High
14667,1214,High
14668,1213,High
14669,1218,Low
14670,1217,Low
14671,1216,High
14672,1221,Medium
14673,1220,Medium
14674,1219,High
14675,1227,High
14676,1223,Medium
14677,1222,Medium
14678,1233,Medium
14679,1231,Medium
14680,1230,Low
14681,1235,Low
14682,1234,Low
14683,1239,High
14684,1236,High
14685,1244,Medium
14686,1241,Low
14687,1240,Low
14688,1250,High
14689,1246,High
14690,1245,Medium
14691,1253,High
14692,1252,High
14693,1251,Medium
14694,1259,High
14695,1257,High
14696,1256,High
14697,1266,High
14698,1265,Low
14699,1261,High
14700,1272,High
14701,1270,High
14702,1277,Low
14703,1276,Low
14704,1274,Low
14705,1281,Low
14706,1280,High
14707,1278,Low
14708,1284,Low
14709,1282,Medium
14710,1288,High
14711,1287,Low
14712,1294,Low
14713,1291,High
14714,1290,High
14715,1299,Low
14716,1298,Low
14717,1297,High
14718,1310,High
14719,1303,High
14720,1302,High
14721,1315,High
14722,1314,Low
14723,1311,High
14724,1319,Low
14725,1316,Low
14726,1322,Low
14727,1321,High
14728,1320,High
14729,1323,Low
14730,1328,High
14731,1325,Low
14732,1324,Medium
14733,1331,Low
14734,1330,Medium
14735,1335,Medium
14736,1332,Low
14737,1341,Low
14738,1340,Medium
14739,1339,High
14740,1336,Low
14741,1343,Low
14742,1342,Low
14743,1344,Low
14744,1349,Low
14745,1348,High
14746,1345,High
14747,1352,High
14748,1351,Low
14749,1350,High
14750,1360,Low
14751,1359,Medium
14752,1354,High
14753,1364,High
14754,1363,Medium
14755,1362,Medium
14756,1369,Low
14757,1368,High
14758,1365,Low
14759,1373,Medium
14760,1371,High
14761,1378,High
14762,1376,High
14763,1374,Low
14764,1380,High
14765,1379,Low
14766,1385,Medium
14767,1383,Low
14768,1390,High
14769,1389,Low
14770,1387,Medium
14771,1386,Medium
14772,1394,Low
14773,1391,Low
14774,1398,Low
14775,1397,Low
14776,1396,Low
14777,1401,High
14778,1399,Low
14779,1403,High
14780,1402,High
14781,1407,High
14782,1405,High
14783,1404,Low
14784,1412,Medium
14785,1411,Medium
14786,1410,Low
14787,1418,Low
14788,1417,Low
14789,1422,Low
14790,1421,High
14791,1420,Medium
14792,1419,High
14793,1424,Low
14794,1423,Medium
14795,1425,Low
14796,1429,Low
14797,1427,Low
14798,1426,Medium
14799,1431,High
14800,1430,Low
14801,1435,Medium
14802,1434,Medium
14803,1433,High
14804,1438,Low
14805,1437,High
14806,1436,Low
14807,1440,Low
14808,1439,High
14809,1445,High
14810,1443,High
14811,1442,Low
14812,1452,High
14813,1451,Low
14814,1454,Low
14815,1461,High
14816,1460,High
14817,1459,High
14818,1467,Medium
14819,1463,Low
14820,1462,Low
14821,1472,Low
14822,1470,Medium
14823,1468,High
14824,1473,High
14825,1475,Low
14826,1474,Low
14827,1480,Low
14828,1479,High
14829,1476,Medium
14830,1482,Low
14831,1481,High
14832,1487,Low
14833,1485,Medium
14834,1484,Medium
14835,1489,Low
14836,1488,High
14837,1493,High
14838,1490,Low
14839,1495,Low
14840,1494,High
14841,1501,Low
14842,1499,Low
14843,1502,Low
14844,1508,Low
14845,1507,Medium
14846,1504,Medium
14847,1510,Low
14848,1509,Low
14849,1512,High
14850,1511,Low
14851,1516,Low
14852,1515,Low
14853,1514,Medium
14854,1519,Low
14855,1518,Low
14856,1523,Medium
14857,1521,High
14858,1527,Medium
14859,1526,High
14860,1531,Low
14861,1530,High
14862,1528,High
14863,1534,Low
14864,1533,Low
14865,1537,Low
14866,1536,Medium
14867,1542,High
14868,1540,Low
14869,1539,Low
14870,1550,Low
14871,1547,High
14872,1543,Low
14873,1552,Medium
14874,1551,Low
14875,1555,High
14876,1554,Medium
14877,1553,High
14878,1557,High
14879,1556,Medium
14880,1560,Low
14881,1559,High
14882,1563,Low
14883,1562,High
14884,1561,Low
14885,1566,Medium
14886,1565,High
14887,1569,Low
14888,1567,High
14889,1572,Low
14890,1571,Medium
14891,1570,Medium
14892,1575,Low
14893,1574,Medium
14894,1578,High
14895,1577,Low
14896,1580,Medium
14897,1579,Low
14898,1582,Low
14899,1581,Low
14900,1584,Low
14901,1587,Low
14902,1585,Medium
14903,1592,Medium
14904,1589,High
14905,1597,Low
14906,1595,High
14907,1594,Low
14908,1600,High
14909,1598,Low
14910,1603,High
14911,1601,High
14912,1605,Medium
14913,1604,Low
14914,1611,Low
14915,1606,High
14916,1613,High
14917,1619,Low
14918,1618,Medium
14919,1614,Low
14920,1623,High
14921,1622,Medium
14922,1621,High
14923,1626,Low
14924,1625,High
14925,1624,High
14926,1628,Medium
14927,1627,Low
14928,1638,Low
14929,1636,Medium
14930,1634,Medium
14931,1629,Low
14932,1641,Low
14933,1640,High
14934,1643,High
14935,1642,High
14936,1645,Medium
14937,1644,Low
14938,1648,Low
14939,1647,Medium
14940,1646,High
14941,1651,Low
14942,1649,High
14943,1654,Low
14944,1652,Medium
14945,1655,Low
14946,1660,Low
14947,1658,Medium
14948,1661,Low
14949,1662,Medium
14950,1669,Low
14951,1666,Medium
14952,1665,Low
14953,1671,Medium
14954,1670,Low
14955,1676,Medium
14956,1675,Medium
14957,1680,Medium
14958,1678,High
14959,1677,Medium
14960,1682,Low
14961,1681,Medium
14962,1685,Low
14963,1684,Low
14964,1688,Medium
14965,1687,Medium
14966,1689,High
14967,1692,Low
14968,1691,High
14969,1697,Low
14970,1696,Medium
14971,1695,High
14972,1699,Low
14973,1698,High
14974,1702,Low
14975,1700,Medium
14976,1707,Low
14977,1706,Low
14978,1705,High
14979,1710,Medium
14980,1709,High
14981,1708,Medium
14982,1718,Medium
14983,1715,Low
14984,1711,High
14985,1720,Low
14986,1727,Low
14987,1723,Medium
14988,1731,Low
14989,1730,Low
14990,1739,Medium
14991,1737,Low
14992,1732,High
14993,1742,Low
14994,1741,Low
14995,1745,Low
14996,1744,Low
14997,1747,Low
14998,1746,Medium
14999,1751,High
15000,1749,High
15001,1748,High
15002,1756,Medium
15003,1754,Low
15004,1758,High
15005,1757,Low
15006,1762,Medium
15007,1760,Low
15008,1767,Medium
15009,1766,Medium
15010,1764,Medium
15011,1768,Low
15012,1771,Low
15013,1770,High
15014,1773,High
15015,1772,Low
15016,1775,Medium
15017,1778,Medium
15018,1777,Low
15019,1780,Medium
15020,1779,High
15021,1782,Medium
15022,1781,Medium
15023,1787,Low
15024,1785,High
15025,1784,High
15026,1788,High
15027,1791,Medium
15028,1790,High
15029,1789,High
15030,1793,Medium
15031,1792,Medium
15032,1794,Medium
15033,1800,Low
15034,1799,Low
15035,1798,High
15036,1801,Low
15037,1806,Low
15038,1805,Low
15039,1808,High
15040,1807,Low
15041,1812,Low
15042,1810,Medium
15043,1809,High
15044,1813,Medium
15045,1821,Medium
15046,1816,Low
15047,1825,High
15048,1823,Low
15049,1828,Low
15050,1826,Medium
15051,1832,Low
15052,1835,Medium
15053,1834,High
15054,1833,High
15055,1836,High
15056,1841,Low
15057,1840,Medium
15058,1838,Medium
15059,1845,Low
15060,1844,Medium
15061,1843,Low
15062,1847,Low
15063,1846,Low
15064,1851,Medium
15065,1850,Medium
15066,1854,Low
15067,1853,Low
15068,1861,High
15069,1859,Medium
15070,1857,Medium
15071,1863,Low
15072,1862,Medium
15073,1866,Low
15074,1864,High
15075,1871,Low
15076,1870,High
15077,1867,High
15078,1873,Low
15079,1877,Low
15080,1875,High
15081,1879,High
15082,1878,Low
15083,1881,Medium
15084,1880,Low
15085,1883,Low
15086,1887,Low
15087,1885,Low
15088,1890,Low
15089,1889,Low
15090,1896,Medium
15091,1892,High
15092,1898,High
15093,1897,High
15094,1903,Medium
15095,1905,High
15096,1904,Low
15097,1909,Medium
15098,1908,Low
15099,1911,Low
15100,1910,High
15101,1914,Low
15102,1913,Medium
15103,1912,Medium
15104,1923,High
15105,1920,Low
15106,1919,High
15107,1924,Low
15108,1926,Medium
15109,1925,Medium
15110,1929,Low
15111,1928,High
15112,1933,Medium
15113,1931,Medium
15114,1935,Low
15115,1934,High
15116,1939,High
15117,1936,Medium
15118,1942,Medium
15119,1941,High
15120,1950,High
15121,1945,High
15122,1944,High
15123,1951,Low
15124,1952,High
15125,1954,Medium
15126,1953,Low
15127,1955,Medium
15128,1961,Low
15129,1960,High
15130,1958,Medium
15131,1965,Low
15132,1964,Low
15133,1967,Low
15134,1966,Low
15135,1971,Medium
15136,1968,Low
15137,1972,High
15138,1981,Low
15139,1974,Low
15140,1973,Low
15141,1984,High
15142,1983,Medium
15143,1986,High
15144,1996,High
15145,1995,Medium
15146,1991,High
15147,1990,Medium
15148,1997,High
15149,2000,Low
15150,1998,High
15151,2003,High
15152,2001,High
15153,2009,Low
15154,2004,Medium
15155,2011,High
15156,2010,Low
15157,2014,Low
15158,2012,Low
15159,2017,Low
15160,2015,Low
15161,2019,Low
15162,2018,Low
15163,2021,Medium
15164,2020,Medium
15165,2023,Low
15166,2022,Low
15167,2028,Medium
15168,2027,High
15169,2026,Medium
15170,2025,Low
15171,2032,Low
15172,2031,Low
15173,2034,Medium
15174,2033,Low
15175,2040,Medium
15176,2039,High
15177,2042,High
15178,2046,Low
15179,2044,Low
15180,2052,Medium
15181,2048,Low
15182,2054,Low
15183,2053,High
15184,2057,Medium
15185,2056,High
15186,2058,Medium
15187,2063,Low
15188,2060,High
15189,2066,Low
15190,2064,Low
15191,2067,Medium
15192,2069,Low
15193,2068,Low
15194,2072,Low
15195,2071,Low
15196,2074,High
15197,2073,Low
15198,2076,Medium
15199,2075,Low
15200,2077,Medium
15201,2080,High
15202,2078,High
15203,2086,Medium
15204,2085,Low
15205,2088,Low
15206,2087,Low
15207,2090,Low
15208,2089,Low
15209,2091,Medium
15210,2093,Medium
15211,2092,High
15212,2096,Low
15213,2095,Low
15214,2098,Medium
15215,2100,Medium
15216,2099,Medium
15217,2103,Low
15218,2102,High
15219,2107,Low
15220,2110,Medium
15221,2109,Low
15222,2115,Low
15223,2111,Low
15224,2117,Low
15225,2118,High
15226,2121,Low
15227,2119,Medium
15228,2123,Low
15229,2122,Low
15230,2125,Medium
15231,2127,Medium
15232,2126,High
15233,2130,Medium
15234,2129,Low
15235,2132,Low
15236,2134,High
15237,2133,Low
15238,2137,High
15239,2135,High
15240,2140,Low
15241,2146,Medium
15242,2141,High
15243,2150,Low
15244,2148,Medium
15245,2152,Low
15246,2151,High
15247,2153,Low
15248,2156,Medium
15249,2154,Medium
15250,2158,Low
15251,2157,Medium
15252,2163,Medium
15253,2162,High
15254,2166,Low
15255,2165,Low
15256,2167,Low
15257,2170,High
15258,2168,Low
15259,2172,Medium
15260,2171,Low
15261,2174,Low
15262,2173,Low
15263,2178,Medium
15264,2176,Low
15265,2182,High
15266,2180,Low
15267,2183,Medium
15268,2185,Low
15269,2184,High
15270,2187,High
15271,2186,Low
15272,2188,Medium
15273,2190,Low
15274,2189,Low
15275,2191,Low
15276,2199,Medium
15277,2192,Low
15278,2204,High
15279,2202,Medium
15280,2206,Low
15281,2209,Medium
15282,2211,Medium
15283,2210,Low
15284,2213,Low
15285,2212,Low
15286,2217,Medium
15287,2215,Low
15288,2218,High
15289,2220,Low
15290,2219,Medium
15291,2222,High
15292,2221,High
15293,2228,Low
15294,2225,Medium
15295,2229,Medium
15296,2230,Medium
15297,2233,High
15298,2231,Low
15299,2235,Medium
15300,2234,High
15301,2237,High
15302,2236,High
15303,2238,High
15304,2243,Medium
15305,2241,Low
15306,2246,Low
15307,2244,Low
15308,2248,Low
15309,2247,Low
15310,2250,Low
15311,2249,High
15312,2251,Low
15313,2254,Low
15314,2253,High
15315,2256,Medium
15316,2255,Low
15317,2257,Low
15318,2259,Medium
15319,2258,Medium
15320,2261,Low
15321,2260,High
15322,2262,Medium
15323,2266,Low
15324,2271,Low
15325,2270,Medium
15326,2274,Low
15327,2272,Low
15328,2276,Low
15329,2275,Low
15330,2277,Low
15331,2282,Low
15332,2280,Low
15333,2284,Medium
15334,2283,High
15335,2286,Low
15336,2285,High
15337,2290,Low
15338,2289,Low
15339,2292,Medium
15340,2291,Medium
15341,2293,High
15342,2295,Medium
15343,2294,Low
15344,2299,Medium
15345,2296,Low
15346,2301,Low
15347,2300,Low
15348,2303,Low
15349,2306,Low
15350,2304,Low
15351,2309,Low
15352,2307,High
15353,2311,Low
15354,2310,Medium
15355,2313,Low
15356,2312,Low
15357,2314,Low
15358,2317,Low
15359,2316,Medium
15360,2319,High
15361,2318,Medium
15362,15140,Low
15363,12020,High
15364,15141,High
15365,17982,Low
15366,2322,High
15367,2321,Low
15368,2324,Medium
15369,2326,Medium
15370,2325,Medium
15371,2330,Medium
15372,2328,Low
15373,2335,Low
15374,2331,High
15375,2338,Low
15376,2343,Low
15377,2342,Medium
15378,2344,Low
15379,2346,Low
15380,2345,Low
15381,2348,High
15382,2347,High
15383,2349,Low
15384,2353,High
15385,2352,Medium
15386,2355,Medium
15387,2354,Medium
15388,2356,High
15389,2358,Medium
15390,2357,Medium
15391,2361,Low
15392,2359,High
15393,2366,Medium
15394,2362,Low
15395,2368,High
15396,2367,Low
15397,2369,Medium
15398,2371,Low
15399,2370,Low
15400,2372,Medium
15401,2377,High
15402,2376,Medium
15403,2379,Medium
15404,2378,High
15405,2382,Medium
15406,2380,High
15407,2383,Medium
15408,2387,High
15409,2386,Low
15410,2392,Medium
15411,2394,Low
15412,2393,High
15413,2395,High
15414,2397,Low
15415,2396,Low
15416,2401,High
15417,2407,Medium
15418,2409,Low
15419,2408,High
15420,2413,Medium
15421,2411,Low
15422,2416,Low
15423,2414,High
15424,2418,Low
15425,2419,Medium
15426,2422,Low
15427,2424,Low
15428,2423,High
15429,2425,Low
15430,2429,High
15431,2427,High
15432,2431,High
15433,2430,Medium
15434,2434,Low
15435,2432,Low
15436,2436,Low
15437,2438,Medium
15438,2437,High
15439,2442,Low
15440,2441,Medium
15441,2444,High
15442,2446,High
15443,2445,Medium
15444,2449,Medium
15445,2447,Low
15446,2454,Low
15447,2453,Low
15448,2456,Low
15449,2455,High
15450,2458,Medium
15451,2457,Low
15452,2459,Medium
15453,2461,Medium
15454,2460,Medium
15455,2464,Medium
15456,2462,Medium
15457,2466,Low
15458,2465,Medium
15459,2468,Low
15460,2467,High
15461,2471,High
15462,2469,High
15463,2477,Low
15464,2479,Medium
15465,2478,Low
15466,2481,Low
15467,2480,High
15468,2485,Low
15469,2490,High
15470,2489,Medium
15471,2492,High
15472,2495,Medium
15473,2493,High
15474,2498,High
15475,2497,Medium
15476,2501,Low
15477,2500,High
15478,2502,High
15479,2506,High
15480,2503,Medium
15481,2509,Low
15482,2508,Medium
15483,2512,Low
15484,2510,Medium
15485,2513,Low
15486,2515,Low
15487,2514,Medium
15488,2519,Low
15489,2518,Low
15490,2521,Low
15491,2523,Low
15492,2522,Low
15493,2527,High
15494,2524,High
15495,2529,Low
15496,2528,Medium
15497,2534,Low
15498,2538,Low
15499,2536,Low
15500,2544,Low
15501,2539,Low
15502,2549,Medium
15503,2545,High
15504,2550,High
15505,2553,High
15506,2551,High
15507,2556,Low
15508,2554,Low
15509,2558,Low
15510,2557,High
15511,2560,Low
15512,2564,Medium
15513,2562,Low
15514,2568,Medium
15515,2567,Low
15516,2569,Low
15517,2575,Low
15518,2571,Low
15519,2577,High
15520,2576,High
15521,2580,High
15522,2579,Low
15523,2583,Medium
15524,2585,Low
15525,2584,Medium
15526,2588,High
15527,2586,Low
15528,2590,High
15529,2589,Low
15530,2591,High
15531,2597,Medium
15532,2593,Low
15533,2600,Low
15534,2598,High
15535,2603,Low
15536,2601,Low
15537,2604,High
15538,2611,Medium
15539,2607,High
15540,2613,Low
15541,2612,Medium
15542,2615,Low
15543,2614,High
15544,2618,High
15545,2616,Low
15546,2620,Medium
15547,2623,Low
15548,2621,Medium
15549,2625,Low
15550,2624,Low
15551,2628,Medium
15552,2627,Low
15553,2629,Medium
15554,2632,Low
15555,2631,High
15556,2637,Medium
15557,2635,Medium
15558,2639,High
15559,2638,Medium
15560,2642,Medium
15561,2641,Low
15562,2643,High
15563,2645,High
15564,2644,Medium
15565,2650,High
15566,2646,Medium
15567,2653,Medium
15568,2651,Medium
15569,2655,High
15570,2656,High
15571,2658,Low
15572,2657,High
15573,2660,High
15574,2659,Low
15575,2665,Low
15576,2664,Medium
15577,2667,Low
15578,2666,Medium
15579,2670,High
15580,2669,Low
15581,2671,Medium
15582,2675,Low
15583,2677,Low
15584,2676,High
15585,2679,High
15586,2678,Medium
15587,2681,Low
15588,2684,High
15589,2683,Medium
15590,2688,High
15591,2685,High
15592,2690,High
15593,2689,Medium
15594,2691,Low
15595,2693,High
15596,2692,High
15597,2698,High
15598,2696,Low
15599,2701,High
15600,2700,Low
15601,2703,Low
15602,2702,High
15603,2705,Medium
15604,2704,High
15605,2706,Medium
15606,2708,Medium
15607,2707,Medium
15608,2712,Medium
15609,2711,Low
15610,2718,Low
15611,2716,Low
15612,2719,High
15613,2720,High
15614,2726,Low
15615,2724,Medium
15616,2734,Low
15617,2727,Medium
15618,2737,Medium
15619,2741,Medium
15620,2740,Medium
15621,2744,High
15622,2743,Low
15623,2748,Medium
15624,2747,Low
15625,2751,Low
15626,2749,Medium
15627,2752,Medium
15628,2756,High
15629,2754,High
15630,2758,Low
15631,2760,Medium
15632,2759,High
15633,2762,High
15634,2761,High
15635,2763,Low
15636,2765,Medium
15637,2768,Low
15638,2766,Low
15639,2771,High
15640,2769,High
15641,2772,Low
15642,2774,Medium
15643,2773,High
15644,2777,High
15645,2775,High
15646,2780,Medium
15647,2778,Medium
15648,2782,Medium
15649,2781,Medium
15650,2784,High
15651,2783,Medium
15652,2786,Medium
15653,2790,High
15654,2787,Low
15655,2792,Low
15656,2791,Medium
15657,2795,Low
15658,2793,High
15659,2797,High
15660,2796,Low
15661,2798,Low
15662,2799,Low
15663,2802,Medium
15664,2800,Medium
15665,2804,Low
15666,2803,High
15667,2806,High
15668,2805,High
15669,2811,Medium
15670,2808,Low
15671,2816,Low
15672,2815,Medium
15673,2818,Medium
15674,2821,Medium
15675,2819,Low
15676,2822,Low
15677,2825,Low
15678,2823,High
15679,2830,Low
15680,2827,High
15681,2833,Low
15682,2831,Low
15683,2836,High
15684,2834,High
15685,2837,High
15686,2841,Low
15687,2840,Low
15688,2842,Low
15689,2845,Medium
15690,2844,High
15691,2847,High
15692,2846,Medium
15693,2851,Low
15694,2852,Low
15695,2854,Low
15696,2856,Low
15697,2855,High
15698,2859,Medium
15699,2858,Low
15700,2861,Low
15701,2860,Medium
15702,2863,Medium
15703,2862,Low
15704,2865,Low
15705,2867,Medium
15706,2866,Low
15707,2871,Low
15708,2868,Low
15709,2873,Medium
15710,2872,Medium
15711,2875,Medium
15712,2878,High
15713,2876,Medium
15714,2880,Low
15715,2879,Low
15716,2882,Low
15717,2881,Low
15718,2884,Medium
15719,2883,Medium
15720,2887,Low
15721,2885,Low
15722,2889,High
15723,2888,Low
15724,2890,Low
15725,2892,High
15726,2891,High
15727,2895,Low
15728,2893,High
15729,2899,High
15730,2904,High
15731,2903,Low
15732,2907,High
15733,2906,High
15734,2909,Medium
15735,2908,Medium
15736,2911,Low
15737,2915,Medium
15738,2914,Low
15739,2916,Low
15740,2918,Low
15741,2920,Low
15742,2919,High
15743,2921,Medium
15744,2923,High
15745,2922,Low
15746,2925,Low
15747,2924,Low
15748,2927,High
15749,2926,Low
15750,2929,Medium
15751,2932,High
15752,2930,Medium
15753,2934,Low
15754,2933,Medium
15755,2938,Low
15756,2936,Low
15757,2941,Low
15758,2939,High
15759,2944,Medium
15760,2943,High
15761,2945,Medium
15762,2949,High
15763,2948,Low
15764,2952,High
15765,2951,Medium
15766,2957,Low
15767,2954,Low
15768,2964,Low
15769,2962,Low
15770,2966,High
15771,2965,High
15772,2967,Low
15773,2969,Low
15774,2968,Low
15775,2972,High
15776,2971,Low
15777,2975,Low
15778,2974,High
15779,2978,Low
15780,2977,Medium
15781,2983,Low
15782,2979,Medium
15783,2984,Low
15784,2988,Medium
15785,2985,High
15786,2991,Low
15787,2990,Low
15788,2994,Medium
15789,2992,High
15790,2996,Medium
15791,2995,Medium
15792,2997,Medium
15793,2999,High
15794,2998,Low
15795,3003,Low
15796,3001,High
15797,3005,High
15798,3004,High
15799,3009,Medium
15800,3007,Low
15801,3012,Medium
15802,3014,High
15803,3013,Low
15804,3020,Low
15805,3017,Low
15806,3022,High
15807,3021,Medium
15808,3026,Low
15809,3024,Medium
15810,3027,Medium
15811,3030,Low
15812,3029,High
15813,3032,Low
15814,3031,Medium
15815,3034,Low
15816,3033,Low
15817,3036,Low
15818,3038,Low
15819,3037,Medium
15820,3040,Low
15821,3039,Medium
15822,3042,Low
15823,3041,Low
15824,3044,Low
15825,3045,Medium
15826,3047,Medium
15827,3050,Low
15828,3049,Low
15829,3054,Medium
15830,3051,Medium
15831,3056,High
15832,3060,Medium
15833,3059,Low
15834,3063,Medium
15835,3064,Medium
15836,3067,Medium
15837,3065,Low
15838,3068,High
15839,3071,Low
15840,3069,High
15841,3076,High
15842,3075,Low
15843,3077,Low
15844,3081,Medium
15845,3080,High
15846,3083,Low
15847,3082,Low
15848,3086,Medium
15849,3084,High
15850,3090,High
15851,3088,Medium
15852,3091,Low
15853,3093,Low
15854,3092,Low
15855,3096,High
15856,3094,High
15857,3099,Low
15858,3098,Low
15859,3102,Low
15860,3101,Low
15861,3104,Medium
15862,3106,High
15863,3109,High
15864,3107,Low
15865,3112,Low
15866,3110,High
15867,3114,Low
15868,3113,Low
15869,3115,Low
15870,3118,Medium
15871,3116,Low
15872,3121,Medium
15873,3120,Medium
15874,3122,Medium
15875,3124,Medium
15876,3123,High
15877,3127,Low
15878,3125,High
15879,3128,High
15880,3135,Medium
15881,3131,High
15882,3136,Medium
15883,3140,High
15884,3138,Low
15885,3142,Low
15886,3141,Low
15887,3144,Low
15888,3147,Low
15889,3146,Medium
15890,3149,High
15891,3148,Low
15892,3152,Medium
15893,3150,Low
15894,3154,High
15895,3153,Low
15896,3156,Low
15897,3155,High
15898,3157,Medium
15899,3159,Low
15900,3158,High
15901,3161,Medium
15902,3160,Medium
15903,3163,Low
15904,3162,High
15905,3165,Low
15906,3164,Low
15907,3166,High
15908,3168,High
15909,3167,High
15910,3174,Low
15911,3172,Low
15912,3180,High
15913,3179,Medium
15914,3182,High
15915,3181,Low
15916,3183,Medium
15917,3188,Medium
15918,3187,Low
15919,3191,Low
15920,3194,Low
15921,3192,Low
15922,3199,Low
15923,3195,Low
15924,3200,Low
15925,3202,High
15926,3201,Low
15927,3205,High
15928,3203,Low
15929,3206,Medium
15930,3209,High
15931,3208,Medium
15932,3210,High
15933,3212,Low
15934,3211,Medium
15935,3214,High
15936,3213,Low
15937,3216,Low
15938,3215,Low
15939,3217,High
15940,3219,Low
15941,3218,High
15942,3221,Low
15943,3220,Low
15944,3224,Medium
15945,3223,Low
15946,3225,High
15947,3227,High
15948,3226,Medium
15949,3230,High
15950,3228,Low
15951,3232,Medium
15952,3231,High
15953,3234,Low
15954,3233,Low
15955,3235,Low
15956,3239,High
15957,3237,Low
15958,3243,Medium
15959,3242,High
15960,3245,Medium
15961,3244,Low
15962,3249,Medium
15963,3247,Low
15964,3250,Medium
15965,3254,High
15966,3251,Low
15967,3256,Low
15968,3255,High
15969,3259,Low
15970,3261,Medium
15971,3260,Medium
15972,3262,High
15973,3264,Low
15974,3263,Low
15975,3265,Medium
15976,3270,Low
15977,3267,Low
15978,3271,Medium
15979,3274,High
15980,3273,High
15981,3278,High
15982,3276,High
15983,3280,Low
15984,3283,Medium
15985,3281,Low
15986,3284,High
15987,3287,Medium
15988,3285,Medium
15989,3289,High
15990,3288,Low
15991,3294,Low
15992,3291,High
15993,3298,Low
15994,3299,High
15995,3301,Low
15996,3300,Low
15997,3304,High
15998,3306,High
15999,3305,Low
16000,3309,Low
16001,3307,High
16002,3316,Low
16003,3312,High
16004,3318,Low
16005,3317,High
16006,3319,Medium
16007,3321,Low
16008,3320,Medium
16009,3324,Low
16010,3323,Medium
16011,3329,High
16012,3325,High
16013,3330,Low
16014,3333,High
16015,3331,Low
16016,3336,High
16017,3334,Low
16018,3337,Low
16019,3339,Low
16020,3338,Medium
16021,3341,Medium
16022,3340,High
16023,3344,High
16024,3342,Low
16025,3348,Low
16026,3350,Medium
16027,3349,Low
16028,3352,High
16029,3351,Medium
16030,3353,Medium
16031,3356,Low
16032,3355,Medium
16033,3357,Low
16034,3359,Medium
16035,3358,High
16036,3363,High
16037,3360,Low
16038,3367,Low
16039,3364,High
16040,3368,Low
16041,3370,Low
16042,3369,High
16043,3372,Low
16044,3371,High
16045,3373,Low
16046,3375,Low
16047,3374,Low
16048,3377,High
16049,3376,High
16050,3379,High
16051,3378,Low
16052,3381,Medium
16053,3386,Low
16054,3383,Medium
16055,3387,Low
16056,3391,Medium
16057,3389,High
16058,3397,Low
16059,3395,Medium
16060,3399,High
16061,3398,Medium
16062,3401,Low
16063,3400,Medium
16064,3404,Medium
16065,3403,High
16066,3406,Low
16067,3405,High
16068,3408,High
16069,3407,Low
16070,3411,Medium
16071,3410,High
16072,3412,Medium
16073,3414,Medium
16074,3413,High
16075,3417,Medium
16076,3416,Low
16077,3423,Low
16078,3432,High
16079,3429,Medium
16080,3435,Low
16081,3434,Low
16082,3437,Low
16083,3436,High
16084,3439,High
16085,3441,Low
16086,3440,High
16087,3443,Medium
16088,3442,Low
16089,3445,Low
16090,3444,Medium
16091,3446,High
16092,3448,Medium
16093,3447,Low
16094,3451,Low
16095,3450,Low
16096,3452,High
16097,3454,Medium
16098,3456,Low
16099,3455,Low
16100,3459,Medium
16101,3458,Medium
16102,3461,High
16103,3460,High
16104,3463,High
16105,3466,Low
16106,3464,Low
16107,3469,Medium
16108,3468,Low
16109,3471,Low
16110,3470,High
16111,3472,Low
16112,3474,Low
16113,3476,High
16114,3475,Medium
16115,3478,High
16116,3477,High
16117,3481,Medium
16118,3480,Low
16119,3482,Medium
16120,3484,High
16121,3483,Medium
16122,3485,Low
16123,3488,Medium
16124,3487,Medium
16125,3496,Low
16126,3494,High
16127,3491,High
16128,3489,High
16129,3502,High
16130,3498,High
16131,3506,Low
16132,3504,High
16133,3503,Low
16134,3510,Low
16135,3507,High
16136,3513,Medium
16137,3512,High
16138,3511,Low
16139,3518,Medium
16140,3517,Low
16141,3515,Low
16142,3527,Medium
16143,3525,Medium
16144,3524,High
16145,3529,High
16146,3528,Medium
16147,3532,Medium
16148,3535,Low
16149,3533,Low
16150,3540,Low
16151,3539,High
16152,3538,Low
16153,3547,High
16154,3546,High
16155,3544,Low
16156,3542,Medium
16157,3550,Low
16158,3549,Low
16159,3555,Low
16160,3554,Medium
16161,3551,Low
16162,3558,High
16163,3557,High
16164,3561,Medium
16165,3559,Medium
16166,3564,Low
16167,3563,High
16168,3565,Low
16169,3567,Low
16170,3566,Low
16171,3568,High
16172,3572,Low
16173,3571,Medium
16174,3570,Medium
16175,3574,Medium
16176,3573,High
16177,3577,Low
16178,3576,Medium
16179,3575,Low
16180,3581,Low
16181,3579,Low
16182,3583,Low
16183,3587,Medium
16184,3585,High
16185,3584,High
16186,3591,High
16187,3589,Medium
16188,3595,High
16189,3594,Medium
16190,3592,Low
16191,3597,Low
16192,3596,Low
16193,3599,Low
16194,3598,High
16195,3603,Low
16196,3601,Medium
16197,3600,Low
16198,3606,High
16199,3605,Medium
16200,3609,High
16201,3608,Low
16202,3607,Low
16203,3617,High
16204,3613,Low
16205,3610,Low
16206,3619,Low
16207,3618,Low
16208,3623,Low
16209,3628,High
16210,3626,High
16211,3624,High
16212,3633,High
16213,3630,High
16214,3629,Medium
16215,3634,Low
16216,3644,Medium
16217,3637,Low
16218,3646,High
16219,3645,Low
16220,3649,High
16221,3648,Medium
16222,3647,Low
16223,3653,Medium
16224,3652,Low
16225,3651,Medium
16226,3656,Low
16227,3662,Medium
16228,3661,Medium
16229,3657,Low
16230,3665,Medium
16231,3664,High
16232,3663,High
16233,3668,Medium
16234,3667,Medium
16235,3666,High
16236,3670,Medium
16237,3669,High
16238,3674,Medium
16239,3673,Low
16240,3672,Medium
16241,3671,Medium
16242,3679,Low
16243,3678,Low
16244,3677,Low
16245,3683,Low
16246,3681,Medium
16247,3680,Medium
16248,3686,Low
16249,3685,Low
16250,3684,Low
16251,3692,Low
16252,3688,Low
16253,3687,Medium
16254,3695,Low
16255,3694,Low
16256,3693,Low
16257,3698,Low
16258,3696,Low
16259,3700,Medium
16260,3699,Medium
16261,3701,Medium
16262,3703,Low
16263,3702,High
16264,3705,Low
16265,3704,High
16266,3710,Medium
16267,3712,Medium
16268,3711,Low
16269,3715,Low
16270,3713,Medium
16271,3718,Medium
16272,3716,Low
16273,3719,High
16274,3722,Medium
16275,3721,High
16276,3725,Low
16277,3724,Medium
16278,3731,High
16279,3728,Low
16280,3733,High
16281,3732,Low
16282,3735,Medium
16283,3739,Medium
16284,3736,Medium
16285,3740,Medium
16286,3743,Low
16287,3742,Low
16288,3744,Medium
16289,3747,Low
16290,3752,Low
16291,3748,Medium
16292,3754,Medium
16293,3758,Medium
16294,3757,Medium
16295,3759,Medium
16296,3761,Low
16297,3760,High
16298,3766,High
16299,3763,High
16300,3768,Medium
16301,3771,Low
16302,3770,Low
16303,3772,High
16304,3774,High
16305,3773,High
16306,3776,Medium
16307,3775,High
16308,3779,Low
16309,3782,Low
16310,3780,Low
16311,8955,Low
16312,9077,Low
16313,9068,Low
16314,9090,Low
16315,9220,Low
16316,9218,Low
16317,9159,Low
16318,9293,Low
16319,9417,Low
16320,9306,Low
16321,9447,Low
16322,9434,Low
16323,9646,Low
16324,9478,Low
16325,9804,Low
16326,9688,Low
16327,9874,Low
16328,9881,Low
16329,9875,Low
16330,9959,Low
16331,9915,Low
16332,9965,Low
16333,10002,Low
16334,9971,Low
16335,15097,Low
16336,15095,High
16337,15127,Medium
16338,15131,Medium
16339,15138,Medium
16340,15133,Low
16341,3783,Medium
16342,3784,Low
16343,3785,Medium
16344,3787,Low
16345,3789,Low
16346,3790,Low
16347,3792,Medium
16348,3793,Medium
16349,3794,Medium
16350,3795,Medium
16351,3796,High
16352,3797,Medium
16353,3798,Low
16354,3799,Low
16355,3803,Low
16356,3804,High
16357,3805,Medium
16358,3806,Low
16359,3807,Low
16360,3810,Medium
16361,3811,Low
16362,3812,High
16363,3814,Low
16364,3815,Low
16365,3817,Low
16366,3820,Medium
16367,3821,Low
16368,3822,Low
16369,3823,Low
16370,3824,Low
16371,3825,Low
16372,3827,Low
16373,3828,Low
16374,3829,Medium
16375,3830,High
16376,3831,High
16377,3832,Medium
16378,3835,Low
16379,3836,High
16380,3837,High
16381,3838,Low
16382,3839,High
16383,3841,Low
16384,3842,Medium
16385,3843,High
16386,3844,Low
16387,3846,High
16388,3847,Low
16389,3848,Low
16390,3852,High
16391,3854,High
16392,3856,Medium
16393,3857,High
16394,3858,Medium
16395,3859,Low
16396,3860,Medium
16397,3861,Low
16398,3864,Medium
16399,3865,Low
16400,3868,High
16401,3866,Medium
16402,3869,High
16403,3870,Medium
16404,3871,Low
16405,3875,Medium
16406,3874,Low
16407,3876,Low
16408,3877,Low
16409,3878,Medium
16410,3879,High
16411,3881,Low
16412,3880,Low
16413,3882,High
16414,3885,High
16415,3886,High
16416,3887,Low
16417,3888,High
16418,3890,Low
16419,3893,Medium
16420,3892,Low
16421,3894,Low
16422,3895,Low
16423,3897,Medium
16424,3900,Medium
16425,3898,Low
16426,3902,Medium
16427,3904,Low
16428,3905,Medium
16429,3906,Medium
16430,3908,High
16431,3907,Medium
16432,3909,Medium
16433,3910,Medium
16434,3911,Low
16435,3914,Medium
16436,3912,Low
16437,3918,Low
16438,3919,Low
16439,3922,High
16440,3923,Medium
16441,3925,Medium
16442,3926,Low
16443,3927,High
16444,3929,Low
16445,3928,High
16446,3930,Medium
16447,3932,Medium
16448,3931,Low
16449,3933,Medium
16450,3934,Low
16451,3935,Low
16452,3937,Medium
16453,3936,Low
16454,3938,Medium
16455,3940,Low
16456,3942,Low
16457,3941,Low
16458,3943,High
16459,3944,Low
16460,3946,High
16461,3947,Medium
16462,3948,High
16463,3949,High
16464,3951,Low
16465,3950,Low
16466,3952,Low
16467,3953,High
16468,3955,High
16469,3956,Low
16470,3960,Low
16471,3958,Low
16472,3962,Medium
16473,3964,Low
16474,3967,Low
16475,3966,High
16476,3968,High
16477,3970,Low
16478,3971,Medium
16479,3973,Low
16480,3975,Low
16481,3974,High
16482,3976,Low
16483,3977,Medium
16484,3979,Low
16485,3978,Low
16486,3980,High
16487,3981,Low
16488,3982,Low
16489,3983,High
16490,3985,Low
16491,3984,Medium
16492,3987,Low
16493,3988,High
16494,3989,Medium
16495,3990,Medium
16496,3992,Medium
16497,3991,Medium
16498,3993,Medium
16499,3995,High
16500,3999,High
16501,3997,Medium
16502,4000,Low
16503,4001,Medium
16504,4004,Medium
16505,4002,High
16506,4005,Low
16507,4006,Low
16508,4009,Medium
16509,4007,High
16510,4010,High
16511,4011,High
16512,4014,Low
16513,4013,Low
16514,4016,Low
16515,4017,Low
16516,4019,Medium
16517,4018,Low
16518,4020,Medium
16519,4021,Low
16520,4023,Low
16521,4022,High
16522,4025,Medium
16523,4027,Medium
16524,4028,Medium
16525,4030,Low
16526,4031,Low
16527,4033,Low
16528,4032,Low
16529,4034,High
16530,4035,High
16531,4036,Low
16532,4039,Low
16533,4037,Medium
16534,4040,Low
16535,4041,High
16536,4043,Low
16537,4042,Low
16538,4044,Low
16539,4046,Low
16540,4045,Low
16541,4047,Medium
16542,4048,Low
16543,4050,High
16544,4049,Low
16545,4051,Low
16546,4053,Low
16547,4052,Medium
16548,4055,High
16549,4056,Medium
16550,4058,Low
16551,4057,Medium
16552,4062,Low
16553,4064,Low
16554,4068,Medium
16555,4070,Medium
16556,4069,High
16557,4072,Medium
16558,4074,Low
16559,4073,Medium
16560,4075,Low
16561,4076,Low
16562,4078,Medium
16563,4077,Low
16564,4080,High
16565,4084,Low
16566,4081,High
16567,4085,High
16568,4086,Low
16569,4087,Low
16570,4089,Low
16571,4088,Low
16572,4090,Low
16573,4091,Medium
16574,4094,High
16575,4092,Medium
16576,4096,Medium
16577,4097,Medium
16578,4098,Low
16579,4100,Medium
16580,4099,Low
16581,4104,Low
16582,4103,Low
16583,4105,Low
16584,4106,High
16585,4110,Medium
16586,4107,High
16587,4111,Medium
16588,4113,Medium
16589,4115,Medium
16590,4114,High
16591,4117,High
16592,4120,Low
16593,4118,Low
16594,4122,Medium
16595,4124,Low
16596,4123,Low
16597,4125,Low
16598,4126,Medium
16599,4127,High
16600,4129,High
16601,4128,Low
16602,4131,Medium
16603,4132,High
16604,4134,Medium
16605,4133,Medium
16606,4136,High
16607,4137,High
16608,4138,High
16609,4139,Medium
16610,4142,Medium
16611,4141,Low
16612,4144,High
16613,4146,Low
16614,4145,Low
16615,4147,High
16616,4148,Low
16617,4150,High
16618,4152,Medium
16619,4155,Medium
16620,4157,Medium
16621,4156,Medium
16622,4158,High
16623,4159,High
16624,4162,Medium
16625,4161,Low
16626,4163,Low
16627,4166,High
16628,4164,High
16629,4168,High
16630,4169,High
16631,4171,Medium
16632,4170,Low
16633,4172,Low
16634,4174,Low
16635,4175,Low
16636,4176,Medium
16637,4179,Medium
16638,4177,Low
16639,4181,Low
16640,4182,Low
16641,4185,High
16642,4184,Low
16643,4187,Low
16644,4189,High
16645,4190,High
16646,4192,Low
16647,4191,Low
16648,4194,High
16649,4195,High
16650,4197,Medium
16651,4196,Medium
16652,4200,Low
16653,4201,Medium
16654,4204,Low
16655,4202,Low
16656,4207,High
16657,4210,Low
16658,4214,Low
16659,4215,High
16660,4217,Medium
16661,4216,Low
16662,4219,Low
16663,4220,Medium
16664,4224,Medium
16665,4221,Medium
16666,4227,Low
16667,4229,High
16668,4228,High
16669,4232,Low
16670,4233,Low
16671,4235,Medium
16672,4237,High
16673,4236,Medium
16674,4239,Low
16675,4240,Low
16676,4241,High
16677,4243,High
16678,4242,High
16679,4244,High
16680,4245,High
16681,4246,Low
16682,4251,Medium
16683,4247,Medium
16684,4253,Low
16685,4255,High
16686,4254,Medium
16687,4257,Low
16688,4260,Low
16689,4266,Low
16690,4264,Low
16691,4267,Medium
16692,4268,Medium
16693,4270,High
16694,4269,Medium
16695,4271,Medium
16696,4274,Medium
16697,4273,Low
16698,4275,High
16699,4280,High
16700,4279,Low
16701,4281,Low
16702,4282,Low
16703,4286,Low
16704,4285,Medium
16705,4289,Low
16706,4290,High
16707,4292,High
16708,4295,Low
16709,4293,Medium
16710,4296,Low
16711,4300,Medium
16712,4301,High
16713,4303,Low
16714,4302,Low
16715,4304,High
16716,4305,Low
16717,4308,High
16718,4307,Low
16719,4309,Medium
16720,4311,High
16721,4310,Medium
16722,4312,Medium
16723,4314,Low
16724,4315,High
16725,4316,Low
16726,4319,Low
16727,4317,Low
16728,4321,Low
16729,4326,High
16730,4323,Low
16731,4327,High
16732,4329,Low
16733,4330,Low
16734,4332,Low
16735,4331,Low
16736,4333,High
16737,4334,Medium
16738,4336,Medium
16739,4335,Low
16740,4337,High
16741,4340,High
16742,4342,Medium
16743,4341,Low
16744,4343,Medium
16745,4345,Medium
16746,4347,High
16747,4346,Medium
16748,4348,Medium
16749,4349,High
16750,4350,Low
16751,4351,Low
16752,4353,Low
16753,4352,Medium
16754,4357,Low
16755,4359,Low
16756,4358,Medium
16757,4360,High
16758,4361,Low
16759,4365,High
16760,4362,High
16761,4367,High
16762,4370,High
16763,4372,High
16764,4376,High
16765,4373,Low
16766,4377,Low
16767,4379,Low
16768,4380,Low
16769,4382,Low
16770,4381,Medium
16771,4383,High
16772,4386,Low
16773,4385,Low
16774,4387,High
16775,4388,Medium
16776,4392,Medium
16777,4391,Low
16778,4393,High
16779,4394,Low
16780,4397,Medium
16781,4396,Medium
16782,4398,Medium
16783,4400,High
16784,4402,Low
16785,4406,Low
16786,4407,High
16787,4408,Medium
16788,4409,High
16789,4410,Medium
16790,4414,Low
16791,4415,Low
16792,4417,Medium
16793,4418,High
16794,4421,Low
16795,4422,Low
16796,4423,Low
16797,4424,Medium
16798,4425,Low
16799,4426,High
16800,4428,Medium
16801,4429,Medium
16802,4430,Low
16803,4432,High
16804,4435,Low
16805,4436,Medium
16806,4437,High
16807,4443,Low
16808,4452,Medium
16809,4455,Low
16810,4456,Low
16811,4457,Low
16812,4459,High
16813,4460,High
16814,4461,Medium
16815,4463,Medium
16816,4464,Medium
16817,4465,Low
16818,4466,High
16819,4468,High
16820,4467,Low
16821,4470,Low
16822,4471,Low
16823,4472,Low
16824,4473,Low
16825,4474,Medium
16826,4475,Medium
16827,4476,Medium
16828,4478,High
16829,4477,Medium
16830,4479,Medium
16831,4480,Medium
16832,4484,High
16833,4485,High
16834,4488,High
16835,4486,High
16836,4489,High
16837,4493,High
16838,4494,Low
16839,4495,Medium
16840,4499,Low
16841,4500,High
16842,4509,High
16843,4504,Low
16844,4510,High
16845,4511,Medium
16846,4515,Low
16847,4516,High
16848,4519,Medium
16849,4521,Medium
16850,4525,High
16851,4528,Low
16852,4526,Low
16853,4530,High
16854,4533,High
16855,4538,High
16856,4540,Medium
16857,4547,High
16858,4548,High
16859,4550,Low
16860,4549,Medium
16861,4551,Medium
16862,4553,High
16863,4554,Low
16864,4556,Low
16865,4557,High
16866,4558,High
16867,4559,High
16868,4560,Low
16869,4562,High
16870,4563,Low
16871,4564,Medium
16872,4568,Medium
16873,4569,Medium
16874,4571,High
16875,4572,Low
16876,4576,Medium
16877,4573,High
16878,4577,Low
16879,4578,High
16880,4579,Low
16881,4580,High
16882,4581,High
16883,4582,Medium
16884,4583,High
16885,4587,High
16886,4589,Medium
16887,4591,Low
16888,4593,Low
16889,4594,High
16890,4596,High
16891,4597,Medium
16892,4598,Low
16893,4599,High
16894,4600,Low
16895,4602,High
16896,4601,Medium
16897,4603,Medium
16898,4604,Low
16899,4605,High
16900,4606,Low
16901,4608,Low
16902,4609,High
16903,4610,High
16904,4613,Medium
16905,4612,Medium
16906,4614,Low
16907,4615,High
16908,4616,Medium
16909,4617,Medium
16910,4619,Low
16911,4630,Low
16912,4631,Low
16913,4632,High
16914,4636,High
16915,4635,Medium
16916,4637,Medium
16917,4638,High
16918,4639,High
16919,4641,High
16920,4640,High
16921,4643,Low
16922,4644,Medium
16923,4645,Low
16924,4648,Low
16925,4647,Medium
16926,4649,High
16927,4650,Medium
16928,4651,Medium
16929,4652,High
16930,4655,Low
16931,4656,Low
16932,4657,High
16933,4659,Low
16934,4660,Low
16935,4661,Medium
16936,4662,Low
16937,4663,Medium
16938,4664,High
16939,4665,Low
16940,4666,High
16941,4667,Medium
16942,4668,Low
16943,4671,High
16944,4672,High
16945,4673,Medium
16946,4674,High
16947,4676,Low
16948,4677,High
16949,4678,Low
16950,4682,High
16951,4683,High
16952,4684,Medium
16953,4685,Low
16954,4688,Low
16955,4690,High
16956,4691,High
16957,4692,Low
16958,4693,Low
16959,4695,Low
16960,4698,High
16961,4700,Medium
16962,4701,High
16963,4702,Medium
16964,4703,Medium
16965,4704,Low
16966,4705,Low
16967,4706,Low
16968,4707,Low
16969,4708,High
16970,4709,Medium
16971,4710,High
16972,4711,High
16973,4713,Low
16974,4714,Low
16975,4715,Low
16976,4717,High
16977,4718,Medium
16978,4719,High
16979,4720,Low
16980,4724,Low
16981,4723,Low
16982,4725,High
16983,4727,High
16984,4729,Medium
16985,4728,Low
16986,4730,High
16987,4733,Low
16988,4734,Medium
16989,4736,Low
16990,4735,High
16991,4739,Low
16992,4741,Medium
16993,4740,Low
16994,4746,Low
16995,4747,Medium
16996,4750,Medium
16997,4748,Low
16998,4751,High
16999,4753,Low
17000,4754,High
17001,4755,Medium
17002,4756,Low
17003,4757,Medium
17004,4758,Low
17005,4759,High
17006,4760,Low
17007,4761,High
17008,4763,Medium
17009,4767,Low
17010,4768,High
17011,4770,High
17012,4773,Low
17013,4775,Low
17014,4777,High
17015,4779,High
17016,4780,Medium
17017,4783,Medium
17018,4784,High
17019,4787,Low
17020,4785,Low
17021,4789,Low
17022,4793,Medium
17023,4794,High
17024,4798,Low
17025,4802,Medium
17026,4803,Medium
17027,4808,Low
17028,4807,High
17029,4810,Low
17030,4812,Low
17031,4811,High
17032,4813,Low
17033,4816,Low
17034,4817,Low
17035,4818,Medium
17036,4819,Low
17037,4820,Low
17038,4821,Low
17039,4822,Medium
17040,4823,Low
17041,4824,Low
17042,4829,Low
17043,4831,Low
17044,4834,High
17045,4837,Low
17046,4838,Low
17047,4840,Low
17048,4842,Low
17049,4843,Low
17050,4844,Low
17051,4848,High
17052,4851,High
17053,4850,Medium
17054,4852,Low
17055,4853,High
17056,4856,High
17057,4857,High
17058,4859,High
17059,4858,High
17060,4862,High
17061,4861,High
17062,4863,Low
17063,4867,Medium
17064,4868,Low
17065,4869,Low
17066,4870,Medium
17067,4873,High
17068,4871,High
17069,4874,High
17070,4876,Medium
17071,4875,Low
17072,4877,High
17073,4878,Low
17074,4879,Low
17075,4882,High
17076,4881,High
17077,4885,High
17078,4886,High
17079,4887,Low
17080,4890,Medium
17081,4888,High
17082,4893,High
17083,4894,Low
17084,4896,Medium
17085,4899,High
17086,4898,High
17087,4900,High
17088,4901,Low
17089,4905,High
17090,4904,Low
17091,4906,Medium
17092,4914,Medium
17093,4910,High
17094,4917,High
17095,4916,Low
17096,4918,Medium
17097,4919,Low
17098,4920,Low
17099,4925,Low
17100,4923,Low
17101,4926,Low
17102,4927,Low
17103,4928,Low
17104,4930,Low
17105,4929,Low
17106,4931,Medium
17107,4932,Medium
17108,4934,Low
17109,4933,Low
17110,4937,High
17111,4936,Low
17112,4942,Low
17113,4944,Low
17114,4947,Low
17115,4945,Low
17116,4948,High
17117,4951,Medium
17118,4949,Low
17119,4952,Medium
17120,4956,High
17121,4959,Medium
17122,4960,Medium
17123,4962,Medium
17124,4961,Medium
17125,4963,Low
17126,4964,High
17127,4972,Medium
17128,4971,Medium
17129,4969,Medium
17130,4977,Low
17131,4980,Low
17132,4979,Low
17133,4986,Low
17134,4982,Medium
17135,4991,Medium
17136,4990,Low
17137,4993,High
17138,4992,Medium
17139,5000,Low
17140,4997,Medium
17141,4996,High
17142,5002,High
17143,5006,High
17144,5005,High
17145,5004,High
17146,5010,Low
17147,5007,Medium
17148,5013,Medium
17149,5012,High
17150,5011,Low
17151,5016,Medium
17152,5015,Medium
17153,5014,Medium
17154,5017,Low
17155,5019,Low
17156,5018,High
17157,5023,High
17158,5020,High
17159,5030,High
17160,5025,Medium
17161,5024,Low
17162,5031,Low
17163,5032,Low
17164,5035,Low
17165,5034,High
17166,5037,Low
17167,5036,Low
17168,5041,Low
17169,5040,High
17170,5046,Medium
17171,5045,Low
17172,5043,High
17173,5048,High
17174,5047,Low
17175,5051,Low
17176,5050,Low
17177,5049,Low
17178,5054,Low
17179,5053,High
17180,5059,Low
17181,5057,Low
17182,5055,High
17183,5068,Low
17184,5060,Low
17185,5073,High
17186,5070,Low
17187,5069,Low
17188,5078,Medium
17189,5075,High
17190,5083,Medium
17191,5079,Low
17192,5090,High
17193,5088,High
17194,5085,Medium
17195,5095,Low
17196,5094,High
17197,5098,High
17198,5096,High
17199,5100,Low
17200,5099,High
17201,5110,Low
17202,5103,High
17203,5113,Low
17204,5112,Medium
17205,5111,High
17206,5115,Low
17207,5122,Low
17208,5121,High
17209,5120,High
17210,5127,High
17211,5123,Low
17212,5134,Low
17213,5130,Low
17214,5128,High
17215,5136,Low
17216,5135,High
17217,5141,Low
17218,5139,Low
17219,5143,Low
17220,5142,Low
17221,5147,Low
17222,5145,Medium
17223,5151,Low
17224,5149,High
17225,5158,Low
17226,5157,High
17227,5154,Low
17228,5162,Low
17229,5159,High
17230,5165,High
17231,5163,Medium
17232,5166,Low
17233,5172,Low
17234,5169,High
17235,5174,Low
17236,5173,Low
17237,5175,Low
17238,5177,High
17239,5176,Low
17240,5179,Low
17241,5178,Medium
17242,5181,Low
17243,5180,High
17244,5182,Low
17245,5185,High
17246,5183,Low
17247,5187,Low
17248,5186,High
17249,5189,Medium
17250,5188,High
17251,5191,High
17252,5190,High
17253,5195,High
17254,5194,Low
17255,5193,Low
17256,5196,Low
17257,5199,High
17258,5198,Low
17259,5201,High
17260,5200,Low
17261,5203,Low
17262,5202,Medium
17263,5208,Low
17264,5207,High
17265,5210,Low
17266,5212,Low
17267,5211,High
17268,5219,Low
17269,5213,Low
17270,5221,High
17271,5227,High
17272,5224,Medium
17273,5222,Low
17274,5229,Medium
17275,5228,Low
17276,5231,High
17277,5230,Low
17278,5237,High
17279,5234,High
17280,5243,Low
17281,5242,High
17282,5240,Low
17283,5244,Low
17284,5246,Low
17285,5245,Low
17286,5249,Low
17287,5248,Low
17288,5250,Low
17289,5255,Low
17290,5252,Low
17291,5251,High
17292,5256,Medium
17293,5258,Low
17294,5257,Low
17295,5260,Low
17296,5259,High
17297,5262,Low
17298,5261,High
17299,5266,Medium
17300,5265,High
17301,5269,Low
17302,5267,Low
17303,5271,High
17304,5270,Low
17305,5273,Low
17306,5272,Medium
17307,5275,Low
17308,5274,High
17309,5280,Medium
17310,5279,Medium
17311,5277,High
17312,5287,Low
17313,5282,High
17314,5281,Medium
17315,5289,High
17316,5297,Low
17317,5295,Medium
17318,5293,Low
17319,5298,Low
17320,5303,High
17321,5299,High
17322,5307,Medium
17323,5306,Low
17324,5304,Low
17325,5309,Low
17326,5308,Low
17327,5311,Low
17328,5310,Low
17329,5312,Low
17330,5314,Medium
17331,5313,Medium
17332,5316,Low
17333,5315,Low
17334,5322,High
17335,5319,Low
17336,5318,Medium
17337,5324,Medium
17338,5323,Low
17339,5326,Low
17340,5325,Medium
17341,5329,Medium
17342,5328,Low
17343,5327,Medium
17344,5337,Medium
17345,5334,Low
17346,5332,Medium
17347,5340,Low
17348,5339,High
17349,5338,High
17350,5342,Low
17351,5344,Low
17352,5343,Low
17353,5347,Low
17354,5349,Low
17355,5348,Medium
17356,5353,Low
17357,5351,Low
17358,5350,High
17359,5359,High
17360,5357,High
17361,5356,High
17362,5367,Low
17363,5365,Medium
17364,5361,Low
17365,5370,Low
17366,5369,High
17367,5375,Medium
17368,5371,High
17369,5379,Low
17370,5378,Low
17371,5387,Medium
17372,5382,Medium
17373,5380,Medium
17374,5390,High
17375,5388,Medium
17376,5394,Medium
17377,5393,High
17378,5392,Low
17379,5397,Low
17380,5396,Low
17381,5395,Medium
17382,5403,High
17383,5402,Low
17384,5398,Low
17385,5406,Medium
17386,5405,Low
17387,5404,Medium
17388,5410,Low
17389,5408,Medium
17390,5407,Low
17391,5414,Low
17392,5413,Medium
17393,5412,High
17394,5411,Medium
17395,5416,Low
17396,5423,Low
17397,5418,Medium
17398,5427,Low
17399,5425,Low
17400,5424,Low
17401,5431,Low
17402,5429,Low
17403,5433,High
17404,5432,Low
17405,5435,Low
17406,5434,Low
17407,5437,Low
17408,5436,High
17409,5440,Medium
17410,5438,High
17411,5444,Low
17412,5442,Low
17413,5441,Low
17414,5450,Medium
17415,5449,High
17416,5447,High
17417,5453,High
17418,5452,High
17419,5451,High
17420,5458,High
17421,5456,Medium
17422,5455,High
17423,5464,Low
17424,5462,Low
17425,5461,High
17426,5459,Medium
17427,5467,High
17428,5466,Medium
17429,5465,Low
17430,5470,Low
17431,5468,Medium
17432,5473,Low
17433,5472,Low
17434,5478,Medium
17435,5475,High
17436,5482,Low
17437,5480,High
17438,5479,Low
17439,5485,Low
17440,5483,Low
17441,5488,Low
17442,5487,Low
17443,5486,Medium
17444,5490,Low
17445,5497,Medium
17446,5492,High
17447,5491,High
17448,5500,Low
17449,5499,High
17450,5498,High
17451,5503,High
17452,5502,Medium
17453,5507,Low
17454,5506,Low
17455,5510,Low
17456,5508,High
17457,5516,High
17458,5515,High
17459,5511,Low
17460,5525,Low
17461,5524,High
17462,5523,High
17463,5532,Low
17464,5531,Low
17465,5528,Low
17466,5535,Low
17467,5533,Low
17468,5541,Medium
17469,5537,Low
17470,5536,Low
17471,5545,Low
17472,5543,Low
17473,5547,Medium
17474,5546,Low
17475,5553,Low
17476,5550,High
17477,5548,Medium
17478,5554,Low
17479,5557,High
17480,5555,Low
17481,5559,Medium
17482,5558,Medium
17483,5564,Medium
17484,5560,Low
17485,5567,Low
17486,5565,Low
17487,5571,Medium
17488,5570,High
17489,5569,Low
17490,5573,Low
17491,5572,Low
17492,5578,High
17493,5576,Low
17494,5584,Medium
17495,5581,Low
17496,5591,Low
17497,5590,Low
17498,5588,High
17499,5593,Medium
17500,5592,Low
17501,5595,High
17502,5594,Low
17503,5603,Low
17504,5600,Medium
17505,5599,Medium
17506,5598,Low
17507,5606,Low
17508,5604,Medium
17509,5608,Low
17510,5607,Low
17511,5612,Low
17512,5611,Low
17513,5609,High
17514,5615,Low
17515,5614,Low
17516,5617,Low
17517,5621,Medium
17518,5620,Low
17519,5618,Medium
17520,5627,High
17521,5622,Medium
17522,5631,Low
17523,5629,Medium
17524,5628,Low
17525,5635,High
17526,5634,Medium
17527,5632,Low
17528,5638,Low
17529,5636,Medium
17530,5645,Low
17531,5644,High
17532,5639,Low
17533,5652,Medium
17534,5649,Low
17535,5646,Medium
17536,5657,High
17537,5655,Low
17538,5653,High
17539,5659,Low
17540,5658,High
17541,5662,Low
17542,5660,Low
17543,5668,Low
17544,5667,Low
17545,5664,Medium
17546,5663,Low
17547,5682,Medium
17548,5681,High
17549,5672,Low
17550,5686,Medium
17551,5685,High
17552,5684,Medium
17553,5688,Low
17554,5687,Low
17555,5691,High
17556,5690,Low
17557,5696,Low
17558,5694,Low
17559,5693,High
17560,5698,Low
17561,5697,Medium
17562,5706,Medium
17563,5702,Low
17564,5699,High
17565,5711,Low
17566,5710,Low
17567,5707,Medium
17568,5716,Low
17569,5712,Low
17570,5721,High
17571,5719,High
17572,5718,Medium
17573,5725,Medium
17574,5724,Medium
17575,5722,High
17576,5730,Medium
17577,5727,High
17578,5726,High
17579,5746,High
17580,5740,Medium
17581,5732,Medium
17582,5748,Medium
17583,5747,High
17584,5752,Low
17585,5750,Medium
17586,5749,High
17587,5755,Low
17588,5754,Low
17589,5762,High
17590,5757,Medium
17591,5756,High
17592,5770,High
17593,5769,Medium
17594,5773,Medium
17595,5772,Medium
17596,5776,High
17597,5774,High
17598,5781,Low
17599,5778,Low
17600,5786,Low
17601,5785,Medium
17602,5788,High
17603,5787,Low
17604,5798,Low
17605,5797,Medium
17606,5790,High
17607,5806,Low
17608,5804,High
17609,5799,High
17610,5809,Low
17611,5808,High
17612,5807,High
17613,5817,Low
17614,5810,High
17615,5821,Low
17616,5820,Medium
17617,5818,High
17618,5825,Low
17619,5833,Low
17620,5831,Medium
17621,5829,Medium
17622,5838,Low
17623,5840,Low
17624,5839,Medium
17625,5850,Low
17626,5846,Low
17627,5844,High
17628,5853,Low
17629,5852,High
17630,5851,High
17631,5858,High
17632,5854,Low
17633,5863,Low
17634,5860,High
17635,5869,Medium
17636,5864,Low
17637,5875,Low
17638,5872,High
17639,5877,Low
17640,5876,Low
17641,5881,Low
17642,5878,Low
17643,5892,Low
17644,5884,High
17645,5883,High
17646,5893,Low
17647,5905,Low
17648,5901,High
17649,5896,Low
17650,5913,Medium
17651,5909,High
17652,5907,Medium
17653,5917,Low
17654,5915,High
17655,5925,High
17656,5921,High
17657,5918,High
17658,5928,High
17659,5927,Medium
17660,5926,Low
17661,5932,Low
17662,5929,Medium
17663,5938,Low
17664,5934,Medium
17665,5949,Low
17666,5944,Low
17667,5940,Low
17668,5953,Medium
17669,5950,Low
17670,5958,High
17671,5955,Low
17672,5954,Low
17673,5963,High
17674,5962,High
17675,5967,Low
17676,5966,High
17677,5964,High
17678,5973,Medium
17679,5972,Medium
17680,5969,High
17681,5979,High
17682,5977,High
17683,5974,Low
17684,5982,Medium
17685,5980,Low
17686,5988,Low
17687,5986,Medium
17688,5983,Medium
17689,5996,High
17690,5991,High
17691,5989,Low
17692,5999,Low
17693,5997,High
17694,6003,High
17695,6002,Low
17696,6001,High
17697,6004,Low
17698,6008,High
17699,6007,Medium
17700,6006,Low
17701,6017,High
17702,6015,High
17703,6011,High
17704,6020,Medium
17705,6019,Low
17706,6018,Low
17707,6022,High
17708,6021,High
17709,6026,Medium
17710,6025,Low
17711,6024,Medium
17712,6028,High
17713,6027,Medium
17714,6035,Low
17715,6031,High
17716,6029,Medium
17717,6037,Low
17718,6036,High
17719,6046,Medium
17720,6045,High
17721,6044,Medium
17722,6048,High
17723,6047,Medium
17724,6050,Low
17725,6049,High
17726,6058,Low
17727,6057,Medium
17728,6060,High
17729,6059,High
17730,6063,Low
17731,6062,High
17732,6066,Low
17733,6065,Low
17734,6071,Medium
17735,6070,Medium
17736,6069,Medium
17737,6074,Low
17738,6073,High
17739,6072,Low
17740,6077,Medium
17741,6081,Medium
17742,6080,Low
17743,6083,Medium
17744,6082,Low
17745,6086,Low
17746,6085,High
17747,6084,Medium
17748,6096,Low
17749,6091,Medium
17750,6087,High
17751,6098,Low
17752,6104,Low
17753,6103,Low
17754,6107,High
17755,6106,Low
17756,6110,Low
17757,6109,Medium
17758,6108,Medium
17759,6112,Low
17760,6117,Low
17761,6116,Medium
17762,6115,Medium
17763,6118,Low
17764,6125,High
17765,6121,Low
17766,6127,Medium
17767,6126,Medium
17768,6133,High
17769,6132,Medium
17770,6131,Medium
17771,6139,Low
17772,6137,Low
17773,6146,High
17774,6142,Medium
17775,6141,High
17776,6151,Low
17777,6149,High
17778,6158,Low
17779,6152,High
17780,6162,Medium
17781,6161,Medium
17782,6160,High
17783,6169,High
17784,6167,High
17785,6164,Medium
17786,6171,High
17787,6174,Low
17788,6184,Medium
17789,6178,Low
17790,6175,Medium
17791,6187,Medium
17792,6186,Medium
17793,6191,Medium
17794,6189,Low
17795,6196,Medium
17796,6199,Low
17797,6203,High
17798,6202,Low
17799,6200,Medium
17800,6206,Medium
17801,6205,Medium
17802,6209,Medium
17803,6207,High
17804,6214,High
17805,6212,Medium
17806,6211,High
17807,6219,High
17808,6217,Medium
17809,6216,Medium
17810,6225,High
17811,6222,High
17812,6220,Medium
17813,6227,High
17814,6226,Low
17815,6229,High
17816,6228,Low
17817,6234,Medium
17818,6233,High
17819,6230,High
17820,6237,Low
17821,6236,Low
17822,6239,Medium
17823,6238,Low
17824,6245,Medium
17825,6242,Low
17826,6240,Low
17827,6251,High
17828,6250,Medium
17829,6246,Medium
17830,6256,Medium
17831,6253,Low
17832,6261,Low
17833,6264,Low
17834,6262,High
17835,6276,Low
17836,6268,High
17837,6265,High
17838,6280,Medium
17839,6278,Low
17840,6286,Low
17841,6285,Medium
17842,6282,Low
17843,6290,High
17844,6288,Medium
17845,6287,Medium
17846,6292,Low
17847,6291,High
17848,6298,High
17849,6296,High
17850,6305,Low
17851,6300,High
17852,6308,Low
17853,6315,Medium
17854,6314,High
17855,6311,Medium
17856,6318,Low
17857,6316,Medium
17858,6323,High
17859,6320,Medium
17860,6332,Low
17861,6331,High
17862,6326,Low
17863,6337,Medium
17864,6335,High
17865,6348,Low
17866,6338,Medium
17867,6356,Medium
17868,6354,Medium
17869,6350,Medium
17870,6360,Medium
17871,6358,Medium
17872,6365,Low
17873,6361,Low
17874,6370,Low
17875,6369,High
17876,6366,High
17877,6374,Medium
17878,6383,High
17879,6380,High
17880,6378,High
17881,6386,Low
17882,6384,High
17883,6390,High
17884,6394,High
17885,6393,Low
17886,6391,Low
17887,6402,Low
17888,6401,High
17889,6397,Low
17890,6404,Low
17891,6409,Low
17892,6408,Low
17893,6405,Low
17894,6413,Low
17895,6410,Low
17896,6415,High
17897,6414,Medium
17898,6422,Low
17899,6418,Medium
17900,6426,Low
17901,6425,Medium
17902,6437,High
17903,6428,High
17904,6427,High
17905,6444,High
17906,6440,Medium
17907,6439,High
17908,6447,Low
17909,6446,High
17910,6445,Low
17911,6448,High
17912,6455,Low
17913,6452,Low
17914,6450,Medium
17915,6457,Low
17916,6456,High
17917,6461,Medium
17918,6459,High
17919,6458,Low
17920,6463,Medium
17921,6462,Medium
17922,6467,Medium
17923,6465,Low
17924,6464,Medium
17925,6471,Medium
17926,6469,Low
17927,6468,Medium
17928,6476,Low
17929,6474,High
17930,6472,High
17931,6477,Medium
17932,6484,Medium
17933,6483,Low
17934,6487,Medium
17935,6486,High
17936,6492,Low
17937,6490,Low
17938,6488,Low
17939,6494,Low
17940,6493,Low
17941,6499,Low
17942,6498,High
17943,6496,Low
17944,6502,Low
17945,6501,High
17946,6506,Low
17947,6505,Low
17948,6503,Medium
17949,6511,Low
17950,6509,Low
17951,6518,High
17952,6514,High
17953,6513,High
17954,6527,Low
17955,6524,Medium
17956,6521,Low
17957,6531,Medium
17958,6529,Low
17959,6536,High
17960,6535,High
17961,6532,High
17962,6541,Medium
17963,6539,High
17964,6537,High
17965,6547,High
17966,6543,Medium
17967,6542,High
17968,6552,Low
17969,6551,High
17970,6555,High
17971,6554,Low
17972,6558,High
17973,6556,Low
17974,6562,Low
17975,6560,Low
17976,6566,High
17977,6565,High
17978,6569,High
17979,6567,Medium
17980,6574,High
17981,6573,Low
17982,6571,Low
17983,6579,Low
17984,6578,Low
17985,6581,High
17986,6584,High
17987,6582,Medium
17988,6587,Medium
17989,6586,Medium
17990,6597,Low
17991,6595,High
17992,6589,Medium
17993,6601,Medium
17994,6600,Low
17995,6606,High
17996,6611,High
17997,6609,Medium
17998,6608,Low
17999,6607,Medium
18000,6617,Medium
18001,6613,Low
18002,6612,High
18003,6619,Medium
18004,6622,High
18005,6620,High
18006,6627,Low
18007,6624,Low
18008,6630,Low
18009,6628,Low
18010,6638,High
18011,6637,High
18012,6631,Low
18013,6643,Low
18014,6642,Medium
18015,6640,High
18016,6646,Low
18017,6645,Low
18018,6647,High
18019,7022,Low
18020,6648,Low
18021,7164,Low
18022,7084,Low
18023,7340,Low
18024,7165,Low
18025,7522,Low
18026,7463,Low
18027,7631,Low
18028,7605,Low
18029,7708,Low
18030,7788,Low
18031,7714,Low
18032,8068,Low
18033,7848,Low
18034,8171,Low
18035,8326,Low
18036,8316,Low
18037,8386,Low
18038,8435,Low
18039,8419,Low
18040,8454,Low
18041,8510,Low
18042,8463,Low
18043,8587,Low
18044,8768,Low
18045,8730,Low
18046,8794,Low
18047,10009,Low
18048,8853,Low
18049,10055,Low
18050,10012,Low
18051,10101,Low
18052,10131,Low
18053,10124,Low
18054,10174,Low
18055,10171,Low
18056,10180,Low
18057,10191,Low
18058,10184,Low
18059,10203,Low
18060,10196,Low
18061,10205,Low
18062,10204,Low
18063,10216,Low
18064,10259,Low
18065,10233,Low
18066,10277,Low
18067,10260,Low
18068,10293,Low
18069,10309,Low
18070,10345,Low
18071,10320,Low
18072,10366,Low
18073,10410,Low
18074,10386,Low
18075,10428,Low
18076,10411,Low
18077,10434,Low
18078,10433,High
18079,10437,Low
18080,10470,Low
18081,10452,Low
18082,10490,Low
18083,10493,Low
18084,10491,Low
18085,10496,Low
18086,10501,Low
18087,10510,Low
18088,10517,Low
18089,10514,Low
18090,10527,Low
18091,10520,Low
18092,10574,Low
18093,10584,Low
18094,10576,Low
18095,10587,Low
18096,10603,Low
18097,10590,Low
18098,10605,Low
18099,10604,Low
18100,10607,Low
18101,10646,Low
18102,10610,Low
18103,10651,Low
18104,10678,Low
18105,10661,Medium
18106,10682,Low
18107,10711,Low
18108,10691,Low
18109,10723,Low
18110,10718,Low
18111,10729,Low
18112,10725,Low
18113,10738,Low
18114,10733,Low
18115,10751,Low
18116,10747,Low
18117,10755,Low
18118,10816,Low
18119,10803,Low
18120,10846,Low
18121,10823,Low
18122,10870,Low
18123,10888,Low
18124,10882,Low
18125,10909,Low
18126,10925,Low
18127,10915,Low
18128,10937,Low
18129,10929,Low
18130,10955,Low
18131,10943,Low
18132,10967,Low
18133,10995,Low
18134,10992,Low
18135,11133,Low
18136,11077,Low
18137,11185,Low
18138,11211,Low
18139,11209,Low
18140,11230,Low
18141,11216,Low
18142,11236,Low
18143,11248,Low
18144,11247,Low
18145,11326,Low
18146,11256,Low
18147,11332,Low
18148,11343,Low
18149,11337,Low
18150,11371,Low
18151,11367,Low
18152,11397,Low
18153,11387,Low
18154,11402,Low
18155,11401,Low
18156,11416,Low
18157,11414,Low
18158,11418,Low
18159,11451,Low
18160,11429,Low
18161,11471,Low
18162,11462,Medium
18163,11502,Low
18164,11481,Low
18165,11506,Low
18166,11514,Low
18167,11510,Low
18168,11522,Low
18169,11537,Low
18170,11533,Low
18171,11546,Low
18172,11543,Low
18173,11557,Low
18174,11578,Low
18175,11558,Low
18176,11581,Low
18177,11588,Low
18178,11587,Low
18179,11622,Low
18180,11601,Low
18181,11627,Low
18182,11637,Low
18183,11628,Low
18184,11659,Low
18185,11646,Low
18186,11663,Low
18187,11660,Low
18188,11677,Low
18189,11665,Low
18190,11678,Low
18191,11689,Low
18192,11682,Low
18193,11702,Low
18194,11695,Low
18195,11717,Low
18196,11705,Low
18197,11743,Low
18198,11736,Low
18199,11760,Low
18200,11785,Low
18201,11767,Low
18202,11790,Low
18203,11803,Low
18204,11795,Low
18205,11828,Low
18206,11827,Low
18207,11842,Low
18208,11845,Low
18209,11857,Low
18210,11846,Low
18211,11859,Low
18212,11872,Low
18213,11871,Low
18214,11890,Low
18215,11887,Low
18216,11892,Low
18217,11915,Low
18218,11906,Low
18219,11917,Low
18220,11942,Low
18221,11936,Low
18222,11955,Low
18223,11961,Low
18224,11960,Low
18225,11968,Low
18226,11969,Low
18227,13589,Low
18228,11974,Low
18229,13592,Low
18230,13599,Low
18231,13596,Low
18232,13608,Medium
18233,13622,Medium
18234,13613,Low
18235,13677,Medium
18236,13638,Medium
18237,13682,Low
18238,13679,Low
18239,13685,Low
18240,13690,Low
18241,13712,Low
18242,13699,Low
18243,13721,Low
18244,13730,Low
18245,13724,Low
18246,13737,Low
18247,13738,Medium
18248,13739,Low
18249,13741,Low
18250,13762,Medium
18251,13750,Low
18252,13769,Medium
18253,13766,Low
18254,13776,Low
18255,13781,Low
18256,13777,Low
18257,13782,Low
18258,13797,Low
18259,13786,Low
18260,13806,High
18261,13805,Low
18262,13818,Medium
18263,13813,Low
18264,13823,Low
18265,13833,Low
18266,13824,Low
18267,13839,Medium
18268,13847,Low
18269,13846,Low
18270,13857,Low
18271,13852,Low
18272,13860,Low
18273,13869,Low
18274,13867,Medium
18275,13879,Medium
18276,13878,Medium
18277,13882,Low
18278,13892,Low
18279,13888,Medium
18280,13907,Medium
18281,13899,Medium
18282,13920,Low
18283,13923,Medium
18284,13936,Medium
18285,13928,Low
18286,13940,Low
18287,13937,Medium
18288,13949,Low
18289,13962,Medium
18290,13992,Low
18291,13982,Medium
18292,13999,Low
18293,14035,Medium
18294,14024,Low
18295,14051,Low
18296,14044,Medium
18297,14061,Low
18298,14059,High
18299,15099,High
18300,15118,Medium
18301,15117,Medium
18302,15119,Low
18303,15121,Low
18304,15124,Medium
18305,15125,Medium
18306,6649,Low
18307,6653,Medium
18308,6651,Low
18309,6650,High
18310,6661,Low
18311,6660,High
18312,6656,Medium
18313,6663,Medium
18314,6664,Low
18315,6673,High
18316,6672,Low
18317,6666,High
18318,6675,Low
18319,6674,Low
18320,6677,High
18321,6676,Medium
18322,6682,High
18323,6679,High
18324,6690,High
18325,6689,High
18326,6684,High
18327,6697,Low
18328,6694,Medium
18329,6693,Medium
18330,6700,Low
18331,6699,Low
18332,6701,Low
18333,6703,Low
18334,6702,Low
18335,6707,Medium
18336,6713,Low
18337,6712,Medium
18338,6711,Medium
18339,6710,Medium
18340,6714,Low
18341,6720,Low
18342,6716,High
18343,6715,Low
18344,6721,Medium
18345,6725,Medium
18346,6723,High
18347,6722,High
18348,6729,Low
18349,6728,High
18350,6726,High
18351,6732,Low
18352,6731,High
18353,6730,Medium
18354,6735,Low
18355,6734,Low
18356,6740,Low
18357,6736,High
18358,6743,Low
18359,6741,Medium
18360,6745,Low
18361,6744,High
18362,6751,Medium
18363,6747,Medium
18364,6746,Medium
18365,6752,Low
18366,6754,Medium
18367,6753,High
18368,6756,Medium
18369,6755,Low
18370,6758,Low
18371,6757,Medium
18372,6773,High
18373,6764,Medium
18374,6781,Medium
18375,6775,Low
18376,6790,Medium
18377,6788,Medium
18378,6782,Low
18379,6792,High
18380,6791,Low
18381,6796,Low
18382,6793,High
18383,6798,High
18384,6797,Low
18385,6801,Medium
18386,6800,High
18387,6799,High
18388,6803,Low
18389,6802,Low
18390,6805,High
18391,6804,Medium
18392,6809,Medium
18393,6808,Medium
18394,6815,Low
18395,6812,High
18396,6810,Low
18397,6820,Low
18398,6819,Medium
18399,6826,Medium
18400,6824,Medium
18401,6829,High
18402,6827,Low
18403,6832,Medium
18404,6831,Medium
18405,6830,Low
18406,6842,Low
18407,6836,Medium
18408,6833,Low
18409,6847,Low
18410,6845,High
18411,6852,Medium
18412,6850,Low
18413,6855,High
18414,6854,High
18415,6853,High
18416,6861,Low
18417,6860,Medium
18418,6857,High
18419,6866,Low
18420,6863,Low
18421,6862,Medium
18422,6874,Medium
18423,6872,Medium
18424,6876,Low
18425,6875,Low
18426,6883,Medium
18427,6877,High
18428,6887,High
18429,6885,High
18430,6895,High
18431,6893,Medium
18432,6892,High
18433,6900,Medium
18434,6911,High
18435,6902,Medium
18436,6901,High
18437,6922,Medium
18438,6919,Low
18439,6913,Medium
18440,6929,High
18441,6925,Low
18442,6933,Low
18443,6932,Low
18444,6930,Low
18445,6935,Low
18446,6938,Low
18447,6936,Low
18448,6941,Medium
18449,6940,High
18450,6939,High
18451,6951,Low
18452,6949,High
18453,6947,Low
18454,6945,Medium
18455,6952,Low
18456,6958,Low
18457,6954,High
18458,6953,High
18459,6964,Low
18460,6963,Medium
18461,6962,Medium
18462,6960,High
18463,6966,Medium
18464,6972,High
18465,6971,Low
18466,6967,Medium
18467,6975,Low
18468,6973,High
18469,6988,Medium
18470,6985,Low
18471,6998,Low
18472,6995,Low
18473,6994,Low
18474,6993,Low
18475,7006,Low
18476,7001,Low
18477,7013,Medium
18478,7009,High
18479,7007,Medium
18480,7016,Low
18481,7015,Low
18482,7028,Medium
18483,7019,Medium
18484,7031,Low
18485,7029,Low
18486,7040,High
18487,7034,High
18488,7032,High
18489,7047,Low
18490,7043,High
18491,7050,Low
18492,7053,Medium
18493,7052,Medium
18494,7051,Medium
18495,7055,Low
18496,7054,Low
18497,7062,Low
18498,7059,High
18499,7056,Medium
18500,7067,Medium
18501,7066,High
18502,7065,High
18503,7072,High
18504,7069,High
18505,7068,High
18506,7078,Low
18507,7074,Medium
18508,7079,Low
18509,7081,Low
18510,7080,Low
18511,7085,Low
18512,7083,Low
18513,7091,Low
18514,7087,Low
18515,7086,Low
18516,7100,Low
18517,7097,Low
18518,7093,High
18519,7106,High
18520,7103,High
18521,7102,Low
18522,7109,Medium
18523,7107,Low
18524,7111,Low
18525,7110,Medium
18526,7115,Medium
18527,7117,Low
18528,7124,Low
18529,7123,Low
18530,7131,Low
18531,7130,Low
18532,7133,Medium
18533,7132,Low
18534,7135,Low
18535,7134,Low
18536,7145,Medium
18537,7144,Low
18538,7137,High
18539,7150,Low
18540,7149,Medium
18541,7147,Medium
18542,7152,Low
18543,7151,High
18544,7159,Low
18545,7158,High
18546,7170,Medium
18547,7166,Medium
18548,7160,High
18549,7174,High
18550,7173,Low
18551,7181,Low
18552,7180,Low
18553,7187,Low
18554,7183,High
18555,7188,Medium
18556,7190,High
18557,7189,Low
18558,7191,Medium
18559,7196,High
18560,7195,Medium
18561,7199,High
18562,7198,Low
18563,7202,Low
18564,7206,High
18565,7204,Low
18566,7210,High
18567,7207,Medium
18568,7218,Medium
18569,7216,Low
18570,7223,High
18571,7226,Low
18572,7229,Low
18573,7227,Low
18574,7231,Low
18575,7230,Medium
18576,7234,Low
18577,7233,Medium
18578,7238,Low
18579,7237,Low
18580,7241,Low
18581,7239,Medium
18582,7245,Low
18583,7242,Low
18584,7251,Low
18585,7246,High
18586,7253,High
18587,7252,Low
18588,7255,High
18589,7254,High
18590,7259,Low
18591,7258,Low
18592,7257,Low
18593,7270,Medium
18594,7267,High
18595,7265,High
18596,7274,Low
18597,7273,Medium
18598,7271,Low
18599,7275,Low
18600,7278,Low
18601,7277,High
18602,7276,High
18603,7287,High
18604,7282,Low
18605,7295,Medium
18606,7292,Low
18607,7291,Low
18608,7298,High
18609,7296,High
18610,7302,Medium
18611,7301,Low
18612,7307,High
18613,7306,Low
18614,7305,Medium
18615,7309,Low
18616,7308,High
18617,7315,Low
18618,7313,Medium
18619,7311,Low
18620,7319,Medium
18621,7318,Medium
18622,7325,Medium
18623,7322,Low
18624,7320,Low
18625,7329,High
18626,7328,High
18627,7327,High
18628,7335,Low
18629,7333,High
18630,7337,Low
18631,7336,High
18632,7342,High
18633,7341,Low
18634,7339,Medium
18635,7346,High
18636,7345,Medium
18637,7343,Medium
18638,7350,High
18639,7348,Low
18640,7358,Medium
18641,7356,Low
18642,7360,Medium
18643,7359,Medium
18644,7367,Low
18645,7363,Low
18646,7370,Medium
18647,7368,Medium
18648,7373,Low
18649,7376,High
18650,7374,Low
18651,7379,High
18652,7378,Low
18653,7377,High
18654,7384,Low
18655,7382,Medium
18656,7381,High
18657,7387,Medium
18658,7385,High
18659,7391,Low
18660,7388,Medium
18661,7394,High
18662,7393,Medium
18663,7397,Low
18664,7395,Medium
18665,7400,Medium
18666,7399,High
18667,7398,High
18668,7403,High
18669,7401,Low
18670,7409,High
18671,7408,High
18672,7404,High
18673,7413,Medium
18674,7412,Low
18675,7417,High
18676,7415,Medium
18677,7414,High
18678,7421,Low
18679,7419,Low
18680,7423,Medium
18681,7422,High
18682,7427,High
18683,7426,High
18684,7424,Low
18685,7431,Low
18686,7430,High
18687,7428,Medium
18688,7433,Low
18689,7432,High
18690,7436,Low
18691,7440,Low
18692,7438,Low
18693,7443,Low
18694,7441,Medium
18695,7450,Low
18696,7446,Medium
18697,7444,Medium
18698,7454,High
18699,7458,High
18700,7457,High
18701,7455,Medium
18702,7460,Low
18703,7462,Low
18704,7461,High
18705,7467,Medium
18706,7466,Medium
18707,7469,Medium
18708,7468,Low
18709,7480,Low
18710,7479,Medium
18711,7476,Low
18712,7484,High
18713,7481,Medium
18714,7491,High
18715,7489,Low
18716,7488,High
18717,7493,Low
18718,7492,Low
18719,7497,High
18720,7496,High
18721,7504,Low
18722,7503,Medium
18723,7502,Medium
18724,7508,High
18725,7507,High
18726,7510,Low
18727,7509,Medium
18728,7515,High
18729,7513,Medium
18730,7512,High
18731,7517,Medium
18732,7516,Low
18733,7521,Low
18734,7519,High
18735,7528,Low
18736,7526,High
18737,7523,Low
18738,7532,Low
18739,7531,Low
18740,7530,Low
18741,7536,Medium
18742,7534,Medium
18743,7540,High
18744,7539,Medium
18745,7538,Low
18746,7545,Low
18747,7544,Medium
18748,7551,Low
18749,7548,Medium
18750,7546,Low
18751,7558,Medium
18752,7554,High
18753,7561,Low
18754,7559,Medium
18755,7563,High
18756,7562,Medium
18757,7565,Medium
18758,7564,Low
18759,7569,Low
18760,7566,Medium
18761,7573,High
18762,7572,Low
18763,7571,High
18764,7576,Low
18765,7574,Low
18766,7587,Medium
18767,7578,Medium
18768,7591,Low
18769,7589,Medium
18770,7600,Low
18771,7595,Low
18772,7592,High
18773,7604,Low
18774,7602,Low
18775,7609,Low
18776,7607,Low
18777,7615,Low
18778,7610,Low
18779,7621,Medium
18780,7617,Low
18781,7616,High
18782,7626,Medium
18783,7623,Low
18784,7633,Low
18785,7632,Low
18786,7635,Medium
18787,7634,High
18788,7642,Medium
18789,7636,High
18790,7648,High
18791,7646,Low
18792,7653,Medium
18793,7652,Low
18794,7659,High
18795,7656,Low
18796,7654,Medium
18797,7662,Low
18798,7661,Low
18799,7663,Medium
18800,7668,Low
18801,7667,Medium
18802,7666,High
18803,7672,Low
18804,7670,Medium
18805,7673,Medium
18806,7678,Low
18807,7675,Low
18808,7680,Low
18809,7679,Medium
18810,7681,Low
18811,7686,Low
18812,7685,Low
18813,7684,High
18814,7688,Low
18815,7687,Low
18816,7700,High
18817,7697,Low
18818,7696,High
18819,7703,Medium
18820,7702,Medium
18821,7710,Low
18822,7707,High
18823,7705,High
18824,7712,Medium
18825,7711,Medium
18826,7717,High
18827,7715,Low
18828,7713,Medium
18829,7720,High
18830,7719,Low
18831,7726,High
18832,7722,Low
18833,7732,Low
18834,7728,High
18835,7727,Low
18836,7737,Low
18837,7736,Medium
18838,7740,Low
18839,7738,Low
18840,7743,Low
18841,7741,High
18842,7749,Low
18843,7744,Medium
18844,7751,Low
18845,7753,Low
18846,7752,Medium
18847,7755,High
18848,7754,High
18849,7762,Low
18850,7761,Medium
18851,7760,Low
18852,7766,High
18853,7763,Low
18854,7771,High
18855,7767,Medium
18856,7773,Low
18857,7772,High
18858,7775,Low
18859,7774,Low
18860,7778,Low
18861,7777,High
18862,7782,High
18863,7780,Low
18864,7779,High
18865,7786,Low
18866,7785,Low
18867,7790,Medium
18868,7789,Medium
18869,7792,Medium
18870,7795,Low
18871,7794,Medium
18872,7797,Low
18873,7796,Low
18874,7802,Medium
18875,7801,Medium
18876,7805,Medium
18877,7803,High
18878,7807,Low
18879,7806,Low
18880,7812,Medium
18881,7808,Medium
18882,7815,Low
18883,7814,Low
18884,7817,Low
18885,7816,Low
18886,7821,Low
18887,7820,Medium
18888,7818,Low
18889,7826,Low
18890,7823,Low
18891,7828,High
18892,7827,Medium
18893,7830,Low
18894,7829,Medium
18895,7832,Medium
18896,7831,Medium
18897,7836,Low
18898,7835,Medium
18899,7834,Medium
18900,7837,Low
18901,7839,Low
18902,7838,Low
18903,7842,Medium
18904,7841,Medium
18905,7844,Low
18906,7843,Medium
18907,7850,High
18908,7846,Medium
18909,7845,High
18910,7851,Low
18911,7864,High
18912,7852,Medium
18913,7865,Low
18914,7870,Low
18915,7869,High
18916,7866,High
18917,7871,Low
18918,7877,Low
18919,7886,Medium
18920,7889,High
18921,7888,Low
18922,7892,Low
18923,7891,Medium
18924,7890,Medium
18925,7897,Low
18926,7893,High
18927,7905,Low
18928,7904,Medium
18929,7902,Low
18930,7906,Low
18931,7911,Low
18932,7910,Low
18933,7919,Medium
18934,7915,High
18935,7914,Low
18936,7925,High
18937,7923,High
18938,7922,High
18939,7931,Low
18940,7930,High
18941,7941,Low
18942,7936,Low
18943,7943,High
18944,7949,Low
18945,7946,High
18946,7944,High
18947,7952,High
18948,7950,Low
18949,7955,Low
18950,7953,Medium
18951,7960,Low
18952,7957,High
18953,7964,Low
18954,7963,Medium
18955,7967,Low
18956,7965,Low
18957,7970,Low
18958,7969,High
18959,7976,Low
18960,7972,Low
18961,7978,Low
18962,7977,Low
18963,7981,Medium
18964,7980,High
18965,7986,High
18966,7983,High
18967,7990,Low
18968,7987,Low
18969,7993,Low
18970,7992,Low
18971,7995,High
18972,7994,Low
18973,7996,Medium
18974,7998,Medium
18975,7997,Low
18976,8000,Medium
18977,7999,High
18978,8004,High
18979,8003,Low
18980,8007,High
18981,8006,Medium
18982,8005,Low
18983,8009,High
18984,8013,Low
18985,8011,Low
18986,8015,Medium
18987,8014,Medium
18988,8016,Low
18989,8018,Low
18990,8017,High
18991,8020,Low
18992,8023,Low
18993,8021,Low
18994,8027,Low
18995,8025,Low
18996,8037,Medium
18997,8035,Low
18998,8038,Low
18999,8044,Low
19000,8043,High
19001,8041,Medium
19002,8051,Low
19003,8050,High
19004,8059,Low
19005,8054,Low
19006,8061,Medium
19007,8060,High
19008,8063,Low
19009,8062,Low
19010,8069,Low
19011,8067,High
19012,8072,Low
19013,8070,High
19014,8074,Low
19015,8073,Low
19016,8075,Low
19017,8080,Medium
19018,8079,Medium
19019,8077,High
19020,8086,Medium
19021,8084,Medium
19022,8088,Low
19023,8087,High
19024,8092,Medium
19025,8090,Low
19026,8089,Low
19027,8094,Low
19028,8093,Low
19029,8097,Low
19030,8096,High
19031,8100,Medium
19032,8105,Low
19033,8104,Low
19034,8110,Medium
19035,8108,Low
19036,8113,Low
19037,8112,High
19038,8116,Low
19039,8114,Low
19040,8119,Low
19041,8118,Low
19042,8125,Medium
19043,8124,High
19044,8128,Low
19045,8126,Medium
19046,8132,Low
19047,8129,Low
19048,8136,Low
19049,8135,Medium
19050,8139,High
19051,8143,Medium
19052,8142,Low
19053,8145,Medium
19054,8144,Low
19055,8152,Medium
19056,8149,Low
19057,8155,Medium
19058,8154,Medium
19059,8157,Medium
19060,8159,Medium
19061,8158,Medium
19062,8162,Medium
19063,8161,Medium
19064,8165,Medium
19065,8164,High
19066,8163,High
19067,8173,Medium
19068,8167,Medium
19069,8166,Medium
19070,8174,High
19071,8176,High
19072,8175,High
19073,8178,Medium
19074,8177,Low
19075,8180,Low
19076,8179,Medium
19077,8184,Medium
19078,8183,Low
19079,8181,Low
19080,8187,Low
19081,8186,High
19082,8191,Medium
19083,8189,Low
19084,8193,Low
19085,8192,Medium
19086,8195,Low
19087,8194,Medium
19088,8202,Low
19089,8197,High
19090,8203,Medium
19091,8206,High
19092,8205,Low
19093,8212,Low
19094,8210,Low
19095,8216,Medium
19096,8215,High
19097,8220,Low
19098,8218,Low
19099,8224,Medium
19100,8222,High
19101,8226,Low
19102,8225,High
19103,8228,Low
19104,8227,Medium
19105,8230,Medium
19106,8229,Low
19107,8234,Low
19108,8233,Medium
19109,8231,High
19110,8236,Low
19111,8239,High
19112,8238,Low
19113,8242,High
19114,8241,High
19115,8240,High
19116,8249,Low
19117,8248,Medium
19118,8246,Medium
19119,8253,Low
19120,8252,Medium
19121,8255,Low
19122,8259,Medium
19123,8265,High
19124,8262,Low
19125,8273,Low
19126,8271,High
19127,8270,High
19128,8276,Medium
19129,8282,Low
19130,8280,Medium
19131,8290,Low
19132,8286,High
19133,8297,High
19134,8296,Low
19135,8294,Medium
19136,8301,Medium
19137,8304,Low
19138,8309,Low
19139,8308,Low
19140,8307,Medium
19141,8313,Low
19142,8312,High
19143,8311,High
19144,8314,Low
19145,8320,High
19146,8317,Low
19147,8327,High
19148,8322,Medium
19149,8333,High
19150,8332,Medium
19151,8330,Low
19152,8343,Medium
19153,8340,Low
19154,8346,Medium
19155,8344,Low
19156,8350,Low
19157,8348,Low
19158,8356,Low
19159,8353,Medium
19160,8351,High
19161,8357,Low
19162,8360,Medium
19163,8359,Medium
19164,8358,Low
19165,8373,High
19166,8369,High
19167,8376,Low
19168,8374,Low
19169,8385,Low
19170,8380,High
19171,8393,Medium
19172,8391,Low
19173,8401,Low
19174,8397,Medium
19175,8407,High
19176,8405,Low
19177,8403,Low
19178,8414,High
19179,8409,High
19180,8420,Medium
19181,8424,Low
19182,8423,Low
19183,8427,Low
19184,8432,Medium
19185,8430,Low
19186,8439,Medium
19187,8433,Low
19188,8440,Medium
19189,8443,Low
19190,8442,Low
19191,8449,Low
19192,8444,Low
19193,8453,Medium
19194,8452,Medium
19195,8459,Low
19196,8456,Medium
19197,8461,Low
19198,8460,Low
19199,8462,Low
19200,8469,Low
19201,8467,Low
19202,8464,Low
19203,8472,Low
19204,8475,Low
19205,8473,Low
19206,8483,Medium
19207,8477,Low
19208,8488,Low
19209,8485,High
19210,8484,Medium
19211,8491,Low
19212,8490,Low
19213,8496,Low
19214,8500,Low
19215,8498,Medium
19216,8506,Low
19217,8504,Medium
19218,8509,High
19219,8507,Low
19220,8511,Low
19221,8518,Low
19222,8517,Low
19223,8520,Low
19224,8519,High
19225,8522,Low
19226,8521,Low
19227,8523,Low
19228,8533,Low
19229,8532,High
19230,8535,Medium
19231,8534,Low
19232,8541,Medium
19233,8540,Medium
19234,8545,High
19235,8542,Low
19236,8547,Low
19237,8546,Low
19238,8549,Low
19239,8548,Medium
19240,8550,Low
19241,8552,Low
19242,8551,Low
19243,8554,High
19244,8553,Low
19245,8558,Low
19246,8557,High
19247,8560,Low
19248,8565,Medium
19249,8561,High
19250,8572,Medium
19251,8570,Low
19252,8575,Low
19253,8573,Low
19254,8580,High
19255,8579,Low
19256,8584,High
19257,8583,Medium
19258,8582,High
19259,14912,Low
19260,8586,High
19261,15051,Medium
19262,15024,Medium
19263,15075,Low
19264,15091,Low
19265,15083,Medium
19266,15103,Medium
19267,15101,Low
19268,15106,High
19269,15105,Medium
19270,15108,Low
19271,8589,High
19272,8593,Low
19273,8597,Medium
19274,8595,High
19275,8594,Medium
19276,8599,High
19277,8598,High
19278,8600,Medium
19279,8602,Low
19280,8601,Medium
19281,8604,Low
19282,8603,High
19283,8607,High
19284,8609,Medium
19285,8611,Medium
19286,8610,High
19287,8616,High
19288,8613,Medium
19289,8620,Low
19290,8618,Low
19291,8627,Low
19292,8635,Low
19293,8633,Medium
19294,8638,Medium
19295,8636,High
19296,8641,Medium
19297,8646,Low
19298,8645,Medium
19299,8648,Medium
19300,8647,High
19301,8649,Low
19302,8650,Low
19303,8653,Medium
19304,8651,High
19305,8655,Low
19306,8654,Low
19307,8658,Medium
19308,8656,Low
19309,8661,High
19310,8659,Low
19311,8662,Low
19312,8664,Low
19313,8663,Low
19314,8667,Low
19315,8666,Medium
19316,8665,Medium
19317,8670,High
19318,8668,High
19319,8674,Medium
19320,8673,Medium
19321,8677,High
19322,8676,High
19323,8681,Medium
19324,8678,Low
19325,8683,Medium
19326,8682,Low
19327,8685,High
19328,8684,Low
19329,8688,Medium
19330,8687,High
19331,8686,Low
19332,8690,Medium
19333,8689,High
19334,8692,Low
19335,8691,Medium
19336,8697,Medium
19337,8695,High
19338,8694,High
19339,8700,Medium
19340,8699,Medium
19341,8702,High
19342,8701,Low
19343,8704,Low
19344,8710,Low
19345,8707,Medium
19346,8714,High
19347,8711,Low
19348,8717,Low
19349,8716,Low
19350,8722,Medium
19351,8720,Low
19352,8726,Low
19353,8729,Low
19354,8728,Medium
19355,8727,Low
19356,8732,Low
19357,8731,Medium
19358,8737,High
19359,8735,High
19360,8739,Medium
19361,8738,Low
19362,8744,Medium
19363,8742,Low
19364,8741,High
19365,8749,High
19366,8745,High
19367,8755,Low
19368,8753,Low
19369,8763,Medium
19370,8760,Medium
19371,8766,Low
19372,8773,Low
19373,8772,High
19374,8769,Low
19375,8777,High
19376,8776,Medium
19377,8780,Low
19378,8779,Low
19379,8785,Low
19380,8784,Low
19381,8796,Low
19382,8787,Low
19383,8799,Low
19384,8797,Medium
19385,8803,Low
19386,8801,Medium
19387,8805,High
19388,8804,Low
19389,8817,Low
19390,8815,Low
19391,8808,High
19392,8819,Medium
19393,8818,Medium
19394,8821,Low
19395,8823,Medium
19396,8822,High
19397,8827,Medium
19398,8825,Medium
19399,8833,Low
19400,8832,Low
19401,8831,Medium
19402,8835,Low
19403,8834,Medium
19404,8840,High
19405,8837,Medium
19406,8849,Medium
19407,8848,Medium
19408,8850,High
19409,8857,High
19410,8852,Low
19411,8858,Low
19412,8864,Medium
19413,8862,Low
19414,8868,Low
19415,8865,High
19416,8872,Low
19417,8877,Low
19418,8874,Medium
19419,8878,Low
19420,8880,Low
19421,8879,Low
19422,8888,Medium
19423,8887,Low
19424,8891,High
19425,8890,Low
19426,8899,High
19427,8901,Low
19428,8906,Medium
19429,8904,Medium
19430,8902,Low
19431,8912,Low
19432,8910,Medium
19433,8915,High
19434,8914,Low
19435,8913,Low
19436,8919,Medium
19437,8916,Medium
19438,8922,High
19439,8920,Medium
19440,8925,Medium
19441,8924,Medium
19442,8927,Medium
19443,8926,Medium
19444,8928,Low
19445,8937,High
19446,8931,Low
19447,8938,Medium
19448,8941,Medium
19449,8940,Medium
19450,8939,High
19451,8944,Low
19452,8943,High
19453,8952,Low
19454,8947,Low
19455,8953,Low
19456,8956,Medium
19457,8954,Medium
19458,8965,Medium
19459,8961,Medium
19460,8959,Medium
19461,8968,Medium
19462,8967,Medium
19463,8969,Medium
19464,8970,Low
19465,8972,Low
19466,8971,Medium
19467,8974,High
19468,8973,Low
19469,8976,Low
19470,8975,Low
19471,8977,Low
19472,8979,Low
19473,8978,High
19474,8981,Medium
19475,8980,Low
19476,8984,Low
19477,8986,High
19478,8992,Low
19479,8990,Medium
19480,8987,Medium
19481,8995,High
19482,8993,Low
19483,8996,Low
19484,9001,Medium
19485,9003,Low
19486,9002,High
19487,9006,Medium
19488,9004,Medium
19489,9016,Medium
19490,9014,Low
19491,9007,Medium
19492,9018,Low
19493,9017,Low
19494,9019,Medium
19495,9024,Low
19496,9022,Low
19497,9020,Low
19498,9025,Low
19499,9028,Medium
19500,9026,Low
19501,9030,Low
19502,9029,High
19503,9036,Medium
19504,9034,Low
19505,9031,Low
19506,9039,Medium
19507,9038,Low
19508,9043,Low
19509,9040,Medium
19510,9047,Low
19511,9046,Low
19512,9058,High
19513,9055,Medium
19514,9051,Medium
19515,9060,High
19516,9059,Low
19517,9062,Low
19518,9061,Medium
19519,9064,Medium
19520,9063,Medium
19521,9069,Low
19522,9066,High
19523,9072,Low
19524,9070,High
19525,9075,High
19526,9073,Low
19527,9081,Medium
19528,9076,High
19529,9083,Medium
19530,9082,Medium
19531,9087,High
19532,9085,High
19533,9084,Low
19534,9088,Low
19535,9091,Low
19536,9089,Low
19537,9093,High
19538,9092,Medium
19539,9098,Medium
19540,9097,High
19541,9094,Medium
19542,9101,Low
19543,9106,Medium
19544,9104,Low
19545,9110,Medium
19546,9109,Low
19547,9112,Low
19548,9111,Low
19549,9116,Low
19550,9115,Medium
19551,9121,High
19552,9117,High
19553,9125,High
19554,9124,Medium
19555,9128,High
19556,9131,Medium
19557,9129,Medium
19558,9134,High
19559,9133,Medium
19560,9138,Low
19561,9136,Medium
19562,9140,Medium
19563,9147,Medium
19564,9146,Low
19565,9148,Low
19566,9151,Medium
19567,9150,Low
19568,9152,Low
19569,9153,High
19570,9168,Medium
19571,9165,High
19572,9162,High
19573,9172,Low
19574,9178,Low
19575,9174,Low
19576,9181,Low
19577,9183,Low
19578,9182,Medium
19579,9189,Medium
19580,9184,Medium
19581,9193,Medium
19582,9192,Medium
19583,9200,Low
19584,9199,Low
19585,9201,Low
19586,9204,High
19587,9202,Medium
19588,9207,Medium
19589,9206,Low
19590,9210,High
19591,9209,High
19592,9213,Medium
19593,9212,Low
19594,9216,Medium
19595,9214,Low
19596,9221,High
19597,9226,High
19598,9225,Medium
19599,9223,Medium
19600,9229,High
19601,9228,High
19602,9227,High
19603,9231,Low
19604,9230,High
19605,9234,Medium
19606,9232,Medium
19607,9245,Medium
19608,9239,Low
19609,9236,Medium
19610,9248,Low
19611,9246,Medium
19612,9250,High
19613,9258,Medium
19614,9255,High
19615,9262,Low
19616,9261,High
19617,9260,Medium
19618,9266,High
19619,9265,Medium
19620,9268,Low
19621,9272,Medium
19622,9270,Low
19623,9269,High
19624,9273,Low
19625,9275,Low
19626,9278,Low
19627,9277,High
19628,9282,High
19629,9280,Medium
19630,9285,Medium
19631,9283,Medium
19632,9288,Low
19633,9286,High
19634,9291,Low
19635,9290,High
19636,9296,Low
19637,9294,Medium
19638,9299,Medium
19639,9297,Medium
19640,9301,Medium
19641,9300,High
19642,9305,High
19643,9308,Low
19644,9307,High
19645,9310,High
19646,9309,High
19647,9314,Low
19648,9312,Low
19649,9318,High
19650,9315,High
19651,9321,Low
19652,9319,High
19653,9326,Medium
19654,9324,Low
19655,9322,Low
19656,9328,High
19657,9327,High
19658,9331,High
19659,9330,Low
19660,9333,Medium
19661,9332,Medium
19662,9335,Medium
19663,9334,High
19664,9336,High
19665,9338,Low
19666,9337,High
19667,9343,Low
19668,9342,Low
19669,9345,High
19670,9344,High
19671,9347,Low
19672,9349,High
19673,9348,Low
19674,9350,Low
19675,9354,Low
19676,9353,High
19677,9358,Low
19678,9357,Low
19679,9363,Low
19680,9359,Low
19681,9364,Low
19682,9365,High
19683,9367,Medium
19684,9370,High
19685,9369,High
19686,9372,Medium
19687,9371,Medium
19688,9377,Low
19689,9376,High
19690,9373,Medium
19691,9379,High
19692,9378,Medium
19693,9382,Medium
19694,9385,Low
19695,9384,High
19696,9386,High
19697,9389,Medium
19698,9392,Low
19699,9395,Low
19700,9394,High
19701,9399,Low
19702,9408,High
19703,9407,High
19704,9403,Low
19705,9409,High
19706,9410,Low
19707,9413,High
19708,9411,Medium
19709,9421,Medium
19710,9415,Medium
19711,9422,High
19712,9424,Medium
19713,9423,High
19714,9425,High
19715,9427,High
19716,9426,High
19717,9428,High
19718,9431,High
19719,9430,Low
19720,9433,Low
19721,9435,High
19722,9436,Low
19723,9439,Low
19724,9437,Medium
19725,9441,Low
19726,9440,High
19727,9443,High
19728,9445,Low
19729,9444,High
19730,9446,Medium
19731,9451,Low
19732,9450,High
19733,9452,Low
19734,9453,Low
19735,9454,Low
19736,9458,High
19737,9460,High
19738,9464,Low
19739,9461,High
19740,9465,High
19741,9467,High
19742,9466,High
19743,9468,Low
19744,9471,High
19745,9470,Medium
19746,9472,High
19747,9476,Medium
19748,9473,High
19749,9477,Low
19750,9480,Medium
19751,9479,High
19752,9482,High
19753,9483,High
19754,9484,Low
19755,9488,Medium
19756,9489,High
19757,9491,Medium
19758,9490,Medium
19759,9492,High
19760,9495,Medium
19761,9494,Medium
19762,9496,Medium
19763,9498,Low
19764,9497,Medium
19765,9499,High
19766,9500,High
19767,9502,High
19768,9501,Low
19769,9504,Low
19770,9503,Medium
19771,9512,High
19772,9506,Low
19773,9514,High
19774,9517,High
19775,9515,Low
19776,9518,Low
19777,9521,Low
19778,9523,Medium
19779,9522,Medium
19780,9527,Low
19781,9534,High
19782,9531,Medium
19783,9535,Medium
19784,9536,Medium
19785,9540,High
19786,9538,Medium
19787,9542,Medium
19788,9543,Medium
19789,9546,Low
19790,9545,High
19791,9547,Medium
19792,9549,Low
19793,9548,High
19794,9555,Medium
19795,9550,Low
19796,9557,Medium
19797,9559,High
19798,9558,Low
19799,9563,Low
19800,9561,High
19801,9565,Low
19802,9564,Medium
19803,9567,Low
19804,9571,Medium
19805,9576,Low
19806,9575,Low
19807,9579,Low
19808,9578,Medium
19809,9582,Medium
19810,9580,Low
19811,9586,High
19812,9584,Low
19813,9596,Low
19814,9591,Medium
19815,9603,High
19816,9597,Low
19817,9609,Low
19818,9605,Low
19819,9615,Low
19820,9610,Low
19821,9618,Medium
19822,9617,High
19823,9622,Low
19824,9620,High
19825,9629,Low
19826,9628,High
19827,9632,Medium
19828,9631,High
19829,9630,Low
19830,9634,Low
19831,9633,Low
19832,9638,Low
19833,9636,Medium
19834,9640,High
19835,9639,High
19836,9643,Low
19837,9642,Medium
19838,9647,Medium
19839,9645,Low
19840,9660,Medium
19841,9656,High
19842,9662,High
19843,9661,Medium
19844,9663,Medium
19845,9669,High
19846,9664,High
19847,9673,High
19848,9671,High
19849,9676,Low
19850,9674,Low
19851,9677,Low
19852,9678,Medium
19853,9683,Low
19854,9682,High
19855,9684,Low
19856,9686,Medium
19857,9685,High
19858,9690,High
19859,9689,High
19860,9694,High
19861,9692,Low
19862,9695,Low
19863,9702,Low
19864,9697,High
19865,9704,High
19866,9703,Low
19867,9709,High
19868,9711,Low
19869,9714,Low
19870,9712,Low
19871,9718,Medium
19872,9715,Low
19873,9722,High
19874,9721,Medium
19875,9727,Medium
19876,9726,Medium
19877,9724,High
19878,9731,High
19879,9728,Medium
19880,9733,Medium
19881,9732,Medium
19882,9736,Medium
19883,9735,Medium
19884,9738,Medium
19885,9737,Medium
19886,9739,High
19887,9743,Low
19888,9741,Medium
19889,9740,High
19890,9746,Low
19891,9745,Medium
19892,9747,Medium
19893,9751,Low
19894,9750,Low
19895,9752,Low
19896,9756,Medium
19897,9754,Medium
19898,9761,High
19899,9760,Medium
19900,9759,Medium
19901,9765,Low
19902,9763,Medium
19903,9766,Low
19904,9767,Medium
19905,9769,Medium
19906,9768,Medium
19907,9772,Low
19908,9770,Low
19909,9776,High
19910,9775,Medium
19911,9778,Medium
19912,9777,Low
19913,9781,Medium
19914,9779,Medium
19915,9784,Low
19916,9782,High
19917,9785,High
19918,9787,Low
19919,9786,Low
19920,9801,High
19921,9791,Medium
19922,9803,Low
19923,9806,High
19924,9805,Medium
19925,9811,Medium
19926,9809,Low
19927,9814,High
19928,9813,High
19929,9816,Medium
19930,9815,Medium
19931,9818,Medium
19932,9822,Low
19933,9821,Low
19934,9826,Low
19935,9824,High
19936,9829,Medium
19937,9827,Medium
19938,9830,Low
19939,9834,Medium
19940,9836,Low
19941,9835,Medium
19942,9837,High
19943,9843,Low
19944,9842,Low
19945,9846,Medium
19946,9849,High
19947,9847,High
19948,9854,High
19949,9853,High
19950,9858,Medium
19951,9856,Medium
19952,9862,Low
19953,9860,Low
19954,9864,Low
19955,9863,High
19956,9865,Medium
19957,9869,Low
19958,9868,Medium
19959,9866,High
19960,9870,Low
19961,9871,Medium
19962,9878,Medium
19963,9876,Medium
19964,9879,Low
19965,9883,Low
19966,9882,High
19967,9887,High
19968,9886,High
19969,9893,Low
19970,9897,Medium
19971,9896,High
19972,9901,Low
19973,9900,High
19974,9902,Medium
19975,9907,High
19976,9903,Low
19977,9909,Medium
19978,9908,Low
19979,9913,Medium
19980,9919,Low
19981,9917,High
19982,9921,High
19983,9920,Medium
19984,9924,Medium
19985,9922,High
19986,9926,Medium
19987,9928,Medium
19988,9927,Low
19989,9932,Low
19990,9929,High
19991,9933,Medium
19992,9935,Low
19993,9946,Low
19994,9943,High
19995,9939,Low
19996,9947,Low
19997,9950,High
19998,9948,Medium
19999,9960,Low
20000,9953,Low
20001,9967,Low
20002,9966,High
20003,9968,Low
20004,9970,Medium
20005,9969,High
20006,9974,Low
20007,9972,Medium
20008,9980,Low
20009,9978,High
20010,9977,Low
20011,9983,High
20012,9981,Medium
20013,9987,Medium
20014,9986,Low
20015,9990,Medium
20016,9988,Medium
20017,9992,Low
20018,9991,Medium
20019,9994,High
20020,9996,Medium
20021,9995,Medium
20022,10001,Medium
20023,9999,Medium
20024,9998,High
20025,10010,Low
20026,10003,High
20027,10015,Medium
20028,10014,Low
20029,10011,Medium
20030,10019,Medium
20031,10018,Medium
20032,10023,Low
20033,10021,Low
20034,10024,Low
20035,10026,Medium
20036,10025,Medium
20037,10029,Low
20038,10028,Low
20039,10031,Low
20040,10030,Low
20041,10036,Medium
20042,10033,High
20043,10040,Medium
20044,10044,Low
20045,10048,High
20046,10046,High
20047,10052,Low
20048,10049,Low
20049,10058,Medium
20050,10056,High
20051,10054,Medium
20052,10059,Medium
20053,10064,Low
20054,10063,Low
20055,10060,Medium
20056,10066,Low
20057,10070,Medium
20058,10068,Medium
20059,10078,Low
20060,10074,Medium
20061,10082,Medium
20062,10080,High
20063,10087,Medium
20064,10089,Low
20065,10088,Low
20066,10090,Medium
20067,10094,Low
20068,10096,Low
20069,10095,High
20070,10100,Low
20071,10099,High
20072,10104,Low
20073,10103,Medium
20074,10107,High
20075,10109,Medium
20076,10108,Medium
20077,10116,High
20078,10115,Low
20079,10119,Medium
20080,10120,Low
20081,10123,High
20082,10122,High
20083,10128,Low
20084,10127,Medium
20085,10132,Medium
20086,10129,Low
20087,10134,Low
20088,10133,Medium
20089,10139,Low
20090,10140,Medium
20091,10142,Low
20092,10141,High
20093,10144,Medium
20094,10143,High
20095,10145,High
20096,10149,Medium
20097,10146,Low
20098,10151,Low
20099,10152,Medium
20100,10163,High
20101,10162,Low
20102,10158,Medium
20103,10165,Medium
20104,10164,Medium
20105,10167,High
20106,10166,Medium
20107,10168,Medium
20108,10177,Medium
20109,10173,Medium
20110,10181,High
20111,10190,Medium
20112,10188,Medium
20113,10183,High
20114,10194,Low
20115,10193,Low
20116,10199,High
20117,10198,High
20118,10201,Low
20119,10202,Low
20120,10206,Medium
20121,10208,Low
20122,10209,Low
20123,10211,Medium
20124,10217,Medium
20125,10212,Medium
20126,10223,Medium
20127,10220,Low
20128,10224,High
20129,10228,Medium
20130,10230,Low
20131,10235,Low
20132,10237,Medium
20133,10236,Low
20134,10245,Low
20135,10240,Medium
20136,10246,Medium
20137,10249,Low
20138,10248,Low
20139,10254,Medium
20140,10253,Medium
20141,10256,Low
20142,10266,Low
20143,10258,Medium
20144,10269,Low
20145,10273,Low
20146,10279,Low
20147,10274,Low
20148,10282,Medium
20149,10281,Medium
20150,10283,Low
20151,10285,High
20152,10284,Medium
20153,10288,Low
20154,10290,Low
20155,10294,Medium
20156,10295,Medium
20157,10300,Medium
20158,10298,High
20159,10311,Medium
20160,10310,High
20161,10307,Medium
20162,10312,Low
20163,10316,High
20164,10313,Medium
20165,10322,Low
20166,10326,Medium
20167,10331,Low
20168,10329,High
20169,10328,High
20170,10332,Medium
20171,10336,Low
20172,10333,Medium
20173,10341,Medium
20174,10340,High
20175,10344,Medium
20176,10342,Medium
20177,10348,High
20178,10346,Low
20179,10352,Low
20180,10350,High
20181,10353,Medium
20182,10359,Medium
20183,10355,Medium
20184,10361,Medium
20185,10360,Low
20186,10362,High
20187,10369,Medium
20188,10364,Medium
20189,10372,Low
20190,10371,Low
20191,10373,Medium
20192,10375,Low
20193,10374,Low
20194,10377,Low
20195,10376,Low
20196,10381,Low
20197,10380,Low
20198,10383,High
20199,10382,Low
20200,10385,High
20201,10384,Low
20202,10388,Low
20203,10387,High
20204,10394,Low
20205,10391,High
20206,10400,High
20207,10396,High
20208,10404,Low
20209,10403,Medium
20210,10401,Low
20211,10412,Low
20212,10415,High
20213,10414,Low
20214,10417,Low
20215,10422,Medium
20216,10418,High
20217,10426,Low
20218,10425,Medium
20219,10439,Medium
20220,10438,Medium
20221,10431,High
20222,10443,Low
20223,10440,Medium
20224,10445,High
20225,10454,Low
20226,10453,Medium
20227,10458,Low
20228,10455,Medium
20229,10461,High
20230,10466,High
20231,10464,Medium
20232,10462,High
20233,10473,Low
20234,10475,High
20235,10474,High
20236,10481,High
20237,10477,Medium
20238,10476,Medium
20239,10485,High
20240,10482,Medium
20241,10494,Low
20242,10488,Low
20243,10487,High
20244,10499,Medium
20245,10498,Medium
20246,10505,Medium
20247,10503,Medium
20248,10502,Medium
20249,10509,High
20250,10508,Medium
20251,10506,Low
20252,10511,Medium
20253,10518,Low
20254,10515,Low
20255,10512,Medium
20256,10523,Low
20257,10519,High
20258,10530,High
20259,10525,Low
20260,10532,Low
20261,10533,Low
20262,10535,Medium
20263,10534,High
20264,10537,Low
20265,10536,High
20266,10540,High
20267,10539,Low
20268,10542,Medium
20269,10541,High
20270,10546,High
20271,10545,Low
20272,10544,Low
20273,10550,Low
20274,10549,Medium
20275,10556,Low
20276,10552,High
20277,10551,High
20278,10557,Medium
20279,10561,High
20280,10560,Medium
20281,10562,Low
20282,10567,Medium
20283,10564,Medium
20284,10569,Low
20285,10578,Medium
20286,10570,Medium
20287,10581,High
20288,10580,High
20289,10579,Low
20290,10585,Low
20291,10582,Low
20292,10588,Medium
20293,10586,Medium
20294,10592,Medium
20295,10591,Low
20296,10594,Medium
20297,10593,Low
20298,10598,Low
20299,10599,Medium
20300,10600,Low
20301,10602,Low
20302,10601,High
20303,10612,Low
20304,10608,Medium
20305,10615,High
20306,10613,Low
20307,10618,Low
20308,10616,High
20309,10622,Low
20310,10624,Medium
20311,10623,Low
20312,10627,Low
20313,10625,Low
20314,10630,Medium
20315,10629,Low
20316,10634,High
20317,10633,Medium
20318,10631,Medium
20319,10638,Medium
20320,10640,Medium
20321,10639,Medium
20322,10647,Medium
20323,10645,High
20324,10644,Medium
20325,10650,Low
20326,10649,Low
20327,10652,Medium
20328,10666,Low
20329,10662,Low
20330,10653,High
20331,10670,Medium
20332,10668,Low
20333,10673,Low
20334,10672,Medium
20335,10677,Medium
20336,10674,Medium
20337,10683,Low
20338,10686,High
20339,10689,High
20340,10688,Medium
20341,10687,Medium
20342,10693,Medium
20343,10692,Low
20344,10694,Medium
20345,10699,Low
20346,10698,Medium
20347,10695,High
20348,10701,High
20349,10700,Medium
20350,10702,High
20351,10709,Medium
20352,10705,High
20353,10715,Low
20354,10713,Medium
20355,10717,High
20356,10716,High
20357,10722,Low
20358,10720,High
20359,10719,Medium
20360,10728,Low
20361,10727,Medium
20362,10730,Low
20363,10732,High
20364,10731,Low
20365,10737,Medium
20366,10734,Low
20367,10741,Medium
20368,10740,High
20369,10743,High
20370,10742,Low
20371,10745,Medium
20372,10744,Low
20373,10757,Low
20374,10759,High
20375,10762,Low
20376,10760,High
20377,10767,Medium
20378,10766,High
20379,10771,Medium
20380,10770,Low
20381,10778,Medium
20382,10773,Low
20383,10779,High
20384,10781,Low
20385,10780,Low
20386,10782,High
20387,10785,Low
20388,10784,Medium
20389,10787,Medium
20390,10793,Low
20391,10791,High
20392,10795,Low
20393,10794,High
20394,10797,Low
20395,10799,Low
20396,10801,Medium
20397,10800,High
20398,10805,Low
20399,10807,Low
20400,10806,Medium
20401,10808,Medium
20402,10810,Medium
20403,10809,High
20404,10814,Low
20405,10819,Low
20406,10817,Low
20407,10824,Medium
20408,10826,Medium
20409,10825,Medium
20410,10831,Medium
20411,10830,High
20412,10829,High
20413,10834,High
20414,10833,Low
20415,10832,Medium
20416,10836,Low
20417,10835,Low
20418,10838,Low
20419,10840,Medium
20420,10839,Medium
20421,10843,Medium
20422,10842,High
20423,10841,High
20424,10845,High
20425,10847,Low
20426,10850,Low
20427,10848,Medium
20428,10851,Low
20429,10852,Medium
20430,10855,Medium
20431,10854,Medium
20432,10853,Medium
20433,10857,Low
20434,10859,High
20435,10858,Medium
20436,10868,Low
20437,10869,Low
20438,10873,Medium
20439,10871,High
20440,10875,Low
20441,10874,Medium
20442,10883,Low
20443,10881,High
20444,10886,Medium
20445,10885,Medium
20446,10889,Low
20447,10891,High
20448,10890,Medium
20449,10894,Medium
20450,10892,Low
20451,10895,Low
20452,10911,High
20453,10910,Medium
20454,10897,Medium
20455,10912,Medium
20456,10921,Medium
20457,10920,Medium
20458,10922,Medium
20459,10927,Low
20460,10926,Medium
20461,10923,Medium
20462,10928,Medium
20463,10931,Medium
20464,10930,Low
20465,10940,Medium
20466,10939,Low
20467,10938,Low
20468,10942,Medium
20469,10944,Low
20470,10950,Low
20471,10945,High
20472,10957,Medium
20473,10956,Medium
20474,10959,High
20475,10958,High
20476,10961,Low
20477,10964,Low
20478,10969,Medium
20479,10968,High
20480,10965,High
20481,10971,Medium
20482,10970,High
20483,10976,High
20484,10982,Low
20485,10979,Medium
20486,10983,Medium
20487,10987,Low
20488,10986,High
20489,10994,Medium
20490,10988,High
20491,10998,Low
20492,10997,Medium
20493,11005,Medium
20494,11004,High
20495,11012,Medium
20496,11011,Medium
20497,11015,Low
20498,11013,Low
20499,11016,Low
20500,11020,Low
20501,11018,Medium
20502,11023,Medium
20503,11022,High
20504,11025,Low
20505,11024,High
20506,11028,Low
20507,11027,Low
20508,11026,Medium
20509,11032,Low
20510,11029,High
20511,11038,Medium
20512,11036,Low
20513,11034,Low
20514,11039,Medium
20515,11042,Low
20516,11041,Medium
20517,11040,Medium
20518,11046,High
20519,11044,Low
20520,11050,Medium
20521,11048,Low
20522,11059,High
20523,11058,Medium
20524,11066,Medium
20525,11065,Medium
20526,11061,High
20527,11071,Low
20528,11069,High
20529,11075,Low
20530,11074,Medium
20531,11081,High
20532,11079,Low
20533,11085,Medium
20534,11084,High
20535,11089,High
20536,11086,Low
20537,11091,Medium
20538,11090,Medium
20539,11094,High
20540,11092,Medium
20541,11098,Low
20542,11096,High
20543,11101,Low
20544,11099,Medium
20545,11103,Low
20546,11102,High
20547,11104,Low
20548,11106,High
20549,11105,High
20550,11111,Medium
20551,11108,Medium
20552,11107,Low
20553,11114,Low
20554,11112,High
20555,11119,Medium
20556,11116,Low
20557,11126,High
20558,11122,Medium
20559,11120,Medium
20560,11128,Low
20561,11127,Low
20562,11130,Medium
20563,11140,Low
20564,11139,Medium
20565,11132,High
20566,11141,Medium
20567,11143,Low
20568,11142,Low
20569,11147,Medium
20570,11150,Medium
20571,11148,Medium
20572,11152,Medium
20573,11151,Medium
20574,11154,Medium
20575,11157,Low
20576,11156,Medium
20577,11159,Medium
20578,11158,Low
20579,11162,Low
20580,11167,Low
20581,11163,Low
20582,11168,High
20583,11175,Medium
20584,11173,Medium
20585,11176,Medium
20586,11180,Medium
20587,11182,Medium
20588,11190,Low
20589,11191,Low
20590,11194,Low
20591,11193,High
20592,11200,High
20593,11202,Low
20594,11205,Medium
20595,11203,Medium
20596,11210,Low
20597,11207,Low
20598,11213,High
20599,11212,Low
20600,11215,Medium
20601,11214,Medium
20602,11217,Low
20603,11219,Medium
20604,11218,Low
20605,11221,Low
20606,11220,Medium
20607,11223,Medium
20608,11228,Low
20609,11227,Low
20610,11232,Low
20611,11237,High
20612,11238,Medium
20613,11239,Medium
20614,11242,High
20615,11244,Medium
20616,11243,Low
20617,11255,Medium
20618,11245,High
20619,11258,Medium
20620,11261,Low
20621,11266,High
20622,11265,Low
20623,11267,Medium
20624,11272,Medium
20625,11273,Medium
20626,11278,Low
20627,11281,High
20628,11279,Medium
20629,11283,Medium
20630,11284,High
20631,11285,Low
20632,11286,High
20633,11287,Low
20634,11290,Low
20635,11291,Medium
20636,11297,Low
20637,11295,High
20638,11299,Medium
20639,11302,Medium
20640,11301,Medium
20641,11303,High
20642,11307,Medium
20643,11305,High
20644,11309,High
20645,11308,Medium
20646,11310,Medium
20647,11317,High
20648,11312,Low
20649,11319,Medium
20650,11320,High
20651,11325,Low
20652,11324,Medium
20653,11323,High
20654,11328,Low
20655,11330,Medium
20656,11334,High
20657,11331,Medium
20658,11335,Medium
20659,11340,Medium
20660,11338,Medium
20661,11336,Low
20662,11344,Low
20663,11347,Medium
20664,11346,Low
20665,11354,Medium
20666,11363,Low
20667,11361,Medium
20668,11377,Medium
20669,11369,Medium
20670,11379,High
20671,11378,Low
20672,11382,Low
20673,11381,Low
20674,11384,High
20675,11383,High
20676,11386,High
20677,11385,Medium
20678,11389,High
20679,11388,Medium
20680,11393,Low
20681,11392,Medium
20682,11396,High
20683,11399,Low
20684,11405,Low
20685,11409,Low
20686,11407,Low
20687,11410,Low
20688,11412,Low
20689,11411,Low
20690,11415,Low
20691,11423,High
20692,11419,Medium
20693,11430,Medium
20694,11435,High
20695,11434,Medium
20696,11440,Low
20697,11437,Medium
20698,11436,High
20699,11447,Low
20700,11441,Medium
20701,11449,Medium
20702,11448,High
20703,11452,High
20704,11450,High
20705,11455,Medium
20706,11454,Medium
20707,11457,Low
20708,11456,High
20709,11460,Medium
20710,11458,Low
20711,11467,High
20712,11463,Medium
20713,11476,Low
20714,11472,Low
20715,11477,Low
20716,11480,Low
20717,11479,Medium
20718,11482,Low
20719,11485,High
20720,11484,Medium
20721,11483,Low
20722,11488,Low
20723,11486,High
20724,11492,High
20725,11490,Medium
20726,11498,Low
20727,11496,Medium
20728,11500,Low
20729,11501,High
20730,11508,Low
20731,11503,Low
20732,11513,Medium
20733,11512,Medium
20734,11509,Medium
20735,11523,Low
20736,11524,Medium
20737,11527,Medium
20738,11525,Low
20739,11528,Low
20740,11532,Low
20741,11531,Low
20742,11534,Medium
20743,11538,Low
20744,11536,Low
20745,11535,Low
20746,11540,Low
20747,11544,High
20748,11552,Low
20749,11549,Medium
20750,11555,Medium
20751,11563,Medium
20752,11562,Medium
20753,11566,Low
20754,11568,High
20755,11569,Medium
20756,11572,High
20757,11571,Low
20758,11579,Medium
20759,11577,Medium
20760,11580,Medium
20761,11585,Low
20762,11586,Low
20763,11592,Medium
20764,11603,Medium
20765,11599,Medium
20766,11607,Medium
20767,11612,High
20768,11611,Low
20769,11617,Low
20770,11619,High
20771,11618,Medium
20772,11633,High
20773,11630,Medium
20774,11636,Medium
20775,11639,High
20776,11640,High
20777,11644,Medium
20778,11642,Medium
20779,11648,Medium
20780,11652,Medium
20781,11649,Low
20782,11654,Medium
20783,11666,Medium
20784,11661,Low
20785,11668,Medium
20786,11673,Medium
20787,11672,Low
20788,11675,Medium
20789,11683,Medium
20790,11679,Medium
20791,11685,Medium
20792,11684,Low
20793,11691,Low
20794,11696,Low
20795,11692,Low
20796,11701,Low
20797,11699,Medium
20798,11714,Low
20799,11704,Medium
20800,11718,Low
20801,11724,Medium
20802,11721,High
20803,11726,High
20804,11725,Low
20805,11727,Low
20806,11728,High
20807,11731,Low
20808,11729,Medium
20809,11732,Medium
20810,11734,Low
20811,11733,Medium
20812,11739,Low
20813,11737,Medium
20814,11740,Low
20815,11745,Medium
20816,11742,High
20817,11748,Low
20818,11747,High
20819,11751,Medium
20820,11755,Low
20821,11753,Low
20822,11758,Low
20823,11762,Medium
20824,11759,Medium
20825,11768,Medium
20826,11771,Medium
20827,11773,Low
20828,11772,Low
20829,11780,High
20830,11778,Medium
20831,11776,Medium
20832,11782,Low
20833,11781,High
20834,11789,High
20835,11786,Medium
20836,11784,Low
20837,11801,Low
20838,11800,Low
20839,11811,Medium
20840,11809,High
20841,11820,Medium
20842,11814,Medium
20843,11812,High
20844,11824,Medium
20845,11822,Low
20846,11826,Medium
20847,11825,Low
20848,11833,Low
20849,11829,Low
20850,11836,Medium
20851,11838,Medium
20852,11837,High
20853,11843,High
20854,11840,Low
20855,11844,Medium
20856,11853,Low
20857,11852,Medium
20858,11861,High
20859,11860,Medium
20860,11855,Medium
20861,11864,High
20862,11862,Medium
20863,11870,Medium
20864,11869,Low
20865,11866,Low
20866,11874,Low
20867,11873,Medium
20868,11883,Medium
20869,11891,Low
20870,11885,Medium
20871,11903,Medium
20872,11900,Low
20873,11911,Medium
20874,11905,Medium
20875,11916,Low
20876,11912,Low
20877,11922,Medium
20878,11921,Medium
20879,11920,Medium
20880,11923,Low
20881,11926,Medium
20882,11925,High
20883,11924,Low
20884,11931,Medium
20885,11941,Medium
20886,11937,Medium
20887,11934,Medium
20888,11944,Medium
20889,11943,Medium
20890,11950,Low
20891,11949,Medium
20892,11948,Medium
20893,11956,Low
20894,11951,Low
20895,11966,Low
20896,11965,Medium
20897,11971,Low
20898,11967,Medium
20899,11977,Medium
20900,11976,Low
20901,11975,Medium
20902,11979,Medium
20903,11978,High
20904,11984,Low
20905,11990,Medium
20906,11987,Medium
20907,11998,High
20908,11996,Low
20909,12003,Low
20910,12002,Medium
20911,12008,Medium
20912,12007,Medium
20913,12006,High
20914,12017,Medium
20915,12013,Medium
20916,12021,Low
20917,12019,Low
20918,12024,Medium
20919,12023,Medium
20920,12022,Medium
20921,12026,Low
20922,12025,Low
20923,12029,Low
20924,12028,High
20925,12037,Low
20926,12030,High
20927,12039,Medium
20928,12038,Medium
20929,12042,High
20930,12046,Low
20931,12045,High
20932,12044,Medium
20933,12050,Medium
20934,12049,Low
20935,12052,High
20936,12051,Medium
20937,12055,Medium
20938,12054,Medium
20939,12058,Low
20940,12056,Low
20941,12062,Low
20942,12061,Medium
20943,12069,High
20944,12067,Medium
20945,12065,Medium
20946,12074,Medium
20947,12071,Medium
20948,12075,Medium
20949,12080,Low
20950,12078,Low
20951,12084,High
20952,12082,Low
20953,12092,Low
20954,12091,High
20955,12094,High
20956,12093,Medium
20957,12098,Low
20958,12097,Medium
20959,12104,Low
20960,12100,Low
20961,12108,Medium
20962,12107,Medium
20963,12113,High
20964,12109,High
20965,12117,Medium
20966,12116,Medium
20967,12114,Medium
20968,12122,Medium
20969,12121,Medium
20970,12125,Low
20971,12124,Medium
20972,12131,Medium
20973,12130,Medium
20974,12136,Low
20975,12133,Medium
20976,12132,Medium
20977,12143,Medium
20978,12139,High
20979,12146,Medium
20980,12151,Medium
20981,12149,High
20982,12148,High
20983,12161,Medium
20984,12171,Low
20985,12169,Low
20986,12168,Low
20987,12178,High
20988,12172,High
20989,12183,High
20990,12182,Low
20991,12181,Low
20992,12191,Medium
20993,12190,Medium
20994,12186,Low
20995,12195,High
20996,12194,Medium
20997,12204,Medium
20998,12200,Medium
20999,12215,Medium
21000,12214,Low
21001,12226,High
21002,12225,Low
21003,12236,Medium
21004,12229,Medium
21005,12241,Low
21006,12238,Medium
21007,12248,Medium
21008,12252,Low
21009,12250,High
21010,12256,Medium
21011,12254,Medium
21012,12259,Low
21013,12258,Medium
21014,12265,Low
21015,12263,Medium
21016,12274,Medium
21017,12271,Medium
21018,12285,Medium
21019,12284,High
21020,12288,High
21021,12287,High
21022,12286,High
21023,12293,Medium
21024,12290,Low
21025,12300,Low
21026,12299,Medium
21027,12304,Low
21028,12302,Low
21029,12307,Low
21030,12311,High
21031,12310,Low
21032,12319,Low
21033,12317,Medium
21034,12325,Medium
21035,12324,High
21036,12320,Low
21037,12331,Low
21038,12326,Medium
21039,12334,Medium
21040,12333,Low
21041,12340,High
21042,12336,Medium
21043,12347,Low
21044,12345,High
21045,12342,Low
21046,12351,Low
21047,12350,Low
21048,12353,Low
21049,12352,Medium
21050,12358,Medium
21051,12356,Medium
21052,12368,Low
21053,12361,High
21054,12377,Medium
21055,12370,Medium
21056,12386,Medium
21057,12379,High
21058,12390,Medium
21059,12388,Low
21060,12393,Medium
21061,12392,Medium
21062,12397,Low
21063,12395,Medium
21064,12404,High
21065,12399,Medium
21066,12407,Medium
21067,12406,Medium
21068,12413,Medium
21069,12411,Medium
21070,12409,High
21071,12415,Low
21072,12414,Medium
21073,12417,High
21074,12416,Medium
21075,12419,Medium
21076,12424,High
21077,12430,Medium
21078,12428,Medium
21079,12427,Medium
21080,12432,Low
21081,12431,Low
21082,12437,Medium
21083,12433,Medium
21084,12444,High
21085,12439,Medium
21086,12454,High
21087,12452,Medium
21088,12449,Medium
21089,12458,High
21090,12456,Medium
21091,12463,Medium
21092,12461,High
21093,12460,Medium
21094,12466,Medium
21095,12465,Medium
21096,12464,High
21097,12468,Low
21098,12467,Medium
21099,12471,Medium
21100,12470,High
21101,12477,Low
21102,12476,Low
21103,12474,Medium
21104,12481,Medium
21105,12478,Low
21106,12491,Low
21107,12490,Medium
21108,12486,Medium
21109,12495,Low
21110,12494,Low
21111,12498,Medium
21112,12497,Medium
21113,12504,Low
21114,12503,High
21115,12501,Medium
21116,12510,High
21117,12507,Medium
21118,12518,High
21119,12516,Medium
21120,12514,Medium
21121,12522,Medium
21122,12531,High
21123,12527,Low
21124,12536,Medium
21125,12532,Low
21126,12540,Low
21127,12539,Low
21128,12542,High
21129,12541,Medium
21130,12544,Medium
21131,12546,Medium
21132,12545,High
21133,12555,High
21134,12553,Medium
21135,12551,Medium
21136,12558,Medium
21137,12557,Medium
21138,12561,Low
21139,12559,Medium
21140,12563,Low
21141,12562,Low
21142,12573,Medium
21143,12570,Medium
21144,12580,High
21145,12577,Medium
21146,12574,Medium
21147,12582,Low
21148,12581,High
21149,12586,Medium
21150,12589,Medium
21151,12588,Medium
21152,12596,High
21153,12592,Medium
21154,12600,Medium
21155,12598,High
21156,12604,Low
21157,12601,Medium
21158,12609,Low
21159,12608,Low
21160,12607,Low
21161,12613,Medium
21162,12612,Medium
21163,12619,Medium
21164,12617,Medium
21165,12614,Medium
21166,12627,Medium
21167,12623,High
21168,12632,Medium
21169,12630,Medium
21170,12633,Medium
21171,12643,Medium
21172,12638,Medium
21173,12651,Medium
21174,12646,Low
21175,12653,Medium
21176,12652,Medium
21177,12658,Low
21178,12655,Medium
21179,12654,Medium
21180,12663,Low
21181,12661,Low
21182,12667,Low
21183,12664,High
21184,12680,Medium
21185,12671,Low
21186,12669,Medium
21187,12685,High
21188,12684,Medium
21189,12687,Medium
21190,12686,Low
21191,12700,Medium
21192,12695,High
21193,12704,Low
21194,12702,Medium
21195,12709,Medium
21196,12707,High
21197,12712,Medium
21198,12711,High
21199,12710,Medium
21200,12720,Low
21201,12719,High
21202,12715,Medium
21203,12721,Low
21204,12726,Medium
21205,12725,High
21206,12723,Medium
21207,12730,Medium
21208,12727,High
21209,12734,High
21210,12732,Medium
21211,12739,Low
21212,12738,Medium
21213,12737,Medium
21214,12746,High
21215,12742,Low
21216,12749,High
21217,12747,High
21218,12754,High
21219,12750,Medium
21220,12761,Low
21221,12757,High
21222,12756,High
21223,12765,Medium
21224,12764,Medium
21225,12772,High
21226,12771,Medium
21227,12768,Medium
21228,12778,High
21229,12777,High
21230,12781,Medium
21231,12779,Medium
21232,12783,Medium
21233,12785,High
21234,12788,Medium
21235,12787,Medium
21236,12794,High
21237,12791,High
21238,12790,Medium
21239,12796,High
21240,12795,Medium
21241,12804,Medium
21242,12801,Medium
21243,12806,Low
21244,12805,Medium
21245,12813,Low
21246,12809,Medium
21247,12827,Medium
21248,12825,Low
21249,12815,Medium
21250,12832,High
21251,12829,Medium
21252,12836,Medium
21253,12834,Medium
21254,12849,High
21255,12848,Medium
21256,12853,Medium
21257,12852,Medium
21258,12858,Medium
21259,12857,Low
21260,12870,Medium
21261,12864,Low
21262,12874,Medium
21263,12871,Low
21264,12877,Low
21265,12876,Medium
21266,12883,Low
21267,12880,Medium
21268,12888,Medium
21269,12887,Medium
21270,12896,Low
21271,12891,Medium
21272,12890,Medium
21273,12902,Low
21274,12897,Medium
21275,12913,Medium
21276,12912,Low
21277,12925,High
21278,12918,High
21279,12914,High
21280,12928,Low
21281,12926,Medium
21282,12934,Low
21283,12933,Medium
21284,12931,Medium
21285,12941,High
21286,12937,Low
21287,12946,Medium
21288,12942,Low
21289,12949,High
21290,12947,Low
21291,12957,Medium
21292,12955,Medium
21293,12952,High
21294,12966,Low
21295,12961,Medium
21296,12969,Medium
21297,12968,Medium
21298,12976,High
21299,12975,Medium
21300,12970,Medium
21301,12978,Medium
21302,12977,Medium
21303,12980,Low
21304,12979,Medium
21305,12989,Low
21306,12986,Medium
21307,12985,Medium
21308,12991,Medium
21309,12990,Medium
21310,13006,Low
21311,12993,Medium
21312,13011,High
21313,13010,High
21314,13015,Low
21315,13013,Medium
21316,13017,Low
21317,13016,Medium
21318,13019,High
21319,13018,Medium
21320,13021,Low
21321,13020,Low
21322,13023,Medium
21323,13022,Low
21324,13026,Medium
21325,13024,Low
21326,13029,Medium
21327,13027,High
21328,13037,High
21329,13033,Medium
21330,13031,Medium
21331,13041,Medium
21332,13039,Low
21333,13038,Low
21334,13044,High
21335,13042,Medium
21336,13047,Medium
21337,13046,Low
21338,13045,High
21339,13054,Low
21340,13051,High
21341,13055,High
21342,13057,High
21343,13063,Low
21344,13058,Low
21345,13070,Medium
21346,13067,High
21347,13077,Low
21348,13072,Medium
21349,13071,Low
21350,13080,Low
21351,13078,High
21352,13082,Medium
21353,13089,Low
21354,13088,Medium
21355,13086,Medium
21356,13090,Low
21357,13101,High
21358,13097,Low
21359,13108,Low
21360,13107,Low
21361,13106,Medium
21362,13112,Medium
21363,13110,Low
21364,13119,Medium
21365,13115,Medium
21366,13113,Low
21367,13123,Medium
21368,13120,Low
21369,13130,Medium
21370,13127,Low
21371,13133,Medium
21372,13136,Medium
21373,13134,Low
21374,18448,Low
21375,13147,Low
21376,13144,Low
21377,13139,Medium
21378,13150,Low
21379,13148,High
21380,13153,Low
21381,13151,Low
21382,13157,High
21383,13154,High
21384,13162,Medium
21385,13161,Medium
21386,13159,Medium
21387,13170,Medium
21388,13163,Medium
21389,13176,High
21390,13175,Low
21391,13171,Low
21392,13181,Medium
21393,13179,Low
21394,13193,Medium
21395,13192,Low
21396,13191,High
21397,13197,Medium
21398,13195,High
21399,13202,High
21400,13200,Medium
21401,13206,Medium
21402,13205,Medium
21403,13204,Low
21404,13210,Low
21405,13208,Medium
21406,13214,Medium
21407,13213,Medium
21408,13218,High
21409,13216,Medium
21410,13215,Low
21411,13221,High
21412,13224,Medium
21413,13223,Medium
21414,13230,Medium
21415,13229,Medium
21416,13232,Medium
21417,13245,Low
21418,13238,Medium
21419,13249,High
21420,13246,Low
21421,13253,Low
21422,13252,Medium
21423,13256,Medium
21424,13254,High
21425,13259,Low
21426,13258,High
21427,13257,Low
21428,13265,Medium
21429,13262,Low
21430,13267,High
21431,13275,Medium
21432,13268,High
21433,13283,High
21434,13287,Low
21435,13286,Medium
21436,13291,High
21437,13293,Medium
21438,13292,Medium
21439,13299,High
21440,13297,Medium
21441,13295,Medium
21442,13307,High
21443,13305,Medium
21444,13309,High
21445,13308,Medium
21446,13315,Medium
21447,13311,High
21448,13310,High
21449,13317,Medium
21450,13316,High
21451,13330,Low
21452,13324,High
21453,13337,Medium
21454,13336,Medium
21455,13334,High
21456,13341,Medium
21457,13338,Medium
21458,13344,Medium
21459,13343,High
21460,13350,High
21461,13346,Low
21462,13345,Low
21463,13361,Medium
21464,13353,High
21465,13363,Low
21466,13367,Medium
21467,13366,Medium
21468,13372,Medium
21469,13370,High
21470,13378,Medium
21471,13377,Medium
21472,13380,Medium
21473,13379,High
21474,13383,Medium
21475,13381,High
21476,13390,Medium
21477,13387,Low
21478,13384,Low
21479,13392,Low
21480,13391,Low
21481,13406,Low
21482,13403,Medium
21483,13414,Low
21484,13420,Medium
21485,13416,Medium
21486,13424,High
21487,13423,Medium
21488,13428,Medium
21489,13427,Medium
21490,13436,High
21491,13437,Medium
21492,13447,Medium
21493,13444,High
21494,13441,Medium
21495,13450,Medium
21496,13448,Low
21497,13453,Medium
21498,13452,High
21499,13458,Medium
21500,13457,Low
21501,13462,Medium
21502,13460,Low
21503,13468,Medium
21504,13467,Medium
21505,13465,Low
21506,13469,Medium
21507,13490,Medium
21508,13494,Medium
21509,13493,Medium
21510,13500,Medium
21511,13499,Medium
21512,13502,Medium
21513,13501,High
21514,13516,Medium
21515,13507,High
21516,13506,Low
21517,13520,Medium
21518,13519,High
21519,13526,Medium
21520,13522,Medium
21521,13528,High
21522,13527,High
21523,13537,Medium
21524,13536,Medium
21525,13534,Medium
21526,13553,High
21527,13545,Low
21528,13559,Low
21529,13558,Low
21530,13564,Medium
21531,13560,Medium
21532,13570,Medium
21533,13567,High
21534,13578,Low
21535,13575,High
21536,13581,Medium
21537,13580,High
21538,13597,Low
21539,13587,Medium
21540,13603,Medium
21541,13602,Low
21542,13609,High
21543,13607,Low
21544,13618,High
21545,13614,High
21546,13620,Medium
21547,13625,Medium
21548,13631,Medium
21549,13627,High
21550,13633,Medium
21551,13632,Low
21552,13637,Medium
21553,13636,Medium
21554,13634,Medium
21555,13639,Medium
21556,13647,High
21557,13643,Medium
21558,13653,Low
21559,13649,Low
21560,13648,High
21561,13655,Low
21562,13654,Medium
21563,13658,Low
21564,13657,Low
21565,13660,Medium
21566,13659,Medium
21567,13671,Low
21568,13667,Medium
21569,13661,Medium
21570,13674,Medium
21571,13673,Medium
21572,13678,Medium
21573,13675,Medium
21574,13683,Low
21575,13686,Medium
21576,13691,Low
21577,13688,Medium
21578,13692,Low
21579,13698,Medium
21580,13696,Medium
21581,13695,Medium
21582,13706,Low
21583,13703,Medium
21584,13714,Medium
21585,13720,Medium
21586,13716,Medium
21587,13723,Low
21588,13722,High
21589,13729,Medium
21590,13728,Medium
21591,13726,Medium
21592,13751,Low
21593,13743,Low
21594,13752,Medium
21595,13759,High
21596,13756,Low
21597,13760,Low
21598,13768,Medium
21599,13772,Medium
21600,13784,High
21601,13778,Low
21602,13796,Medium
21603,13791,Medium
21604,13802,Medium
21605,13799,Low
21606,13810,High
21607,13804,Medium
21608,13814,High
21609,13812,Medium
21610,13816,Low
21611,13815,Medium
21612,13822,Medium
21613,13821,Medium
21614,13830,Low
21615,13827,Medium
21616,13836,Medium
21617,13842,Medium
21618,13841,Low
21619,13838,Medium
21620,13853,High
21621,13849,High
21622,13863,High
21623,13872,Medium
21624,13865,Low
21625,13864,Medium
21626,13886,High
21627,13874,Low
21628,13897,Low
21629,13894,Low
21630,13887,Medium
21631,13900,High
21632,13898,Medium
21633,13905,Medium
21634,13904,High
21635,13909,Medium
21636,13906,Medium
21637,13913,Medium
21638,13910,Medium
21639,13919,High
21640,13917,Medium
21641,13914,Medium
21642,13929,Medium
21643,13926,Medium
21644,13921,Low
21645,13932,Medium
21646,13931,Medium
21647,13934,High
21648,13939,Low
21649,13941,Medium
21650,13954,Medium
21651,13951,Low
21652,13959,High
21653,13958,Medium
21654,13955,Low
21655,13963,Medium
21656,13960,High
21657,13965,Low
21658,13964,Medium
21659,13968,Medium
21660,13967,Medium
21661,13970,Medium
21662,13969,Medium
21663,13972,Medium
21664,13971,Medium
21665,13979,Medium
21666,13976,High
21667,13975,Low
21668,13984,Low
21669,13995,Medium
21670,13990,Medium
21671,13988,Medium
21672,14002,High
21673,14006,Medium
21674,14004,Low
21675,14009,Low
21676,14017,Medium
21677,14016,Medium
21678,14026,Medium
21679,14021,Medium
21680,14018,Medium
21681,14029,Medium
21682,14032,Low
21683,14031,Low
21684,14034,Medium
21685,14033,Low
21686,14039,High
21687,14037,Low
21688,14046,Medium
21689,14043,High
21690,14041,Medium
21691,14060,High
21692,14053,Medium
21693,14052,Low
21694,14069,High
21695,14062,Medium
21696,14070,High
21697,14076,Low
21698,14075,Medium
21699,14078,Medium
21700,14077,High
21701,14091,Low
21702,14087,High
21703,14095,Medium
21704,14107,Medium
21705,14098,Medium
21706,14096,Medium
21707,14110,Medium
21708,14109,Low
21709,14119,Medium
21710,14115,High
21711,14125,Low
21712,14121,Medium
21713,14120,Medium
21714,14129,Low
21715,14128,Medium
21716,14137,Medium
21717,14135,Medium
21718,14149,Low
21719,14146,Medium
21720,14144,Low
21721,14151,Medium
21722,14153,High
21723,14152,Medium
21724,14156,High
21725,14154,Low
21726,14159,Low
21727,14158,Low
21728,14167,Medium
21729,14166,Medium
21730,14174,Medium
21731,14170,High
21732,14181,Medium
21733,14178,Low
21734,14175,High
21735,14182,Medium
21736,14185,Medium
21737,14184,Medium
21738,14183,Medium
21739,14187,Medium
21740,14186,Low
21741,14191,Medium
21742,14188,Low
21743,14197,Medium
21744,14192,High
21745,14199,Low
21746,14198,Low
21747,14203,Medium
21748,14202,Medium
21749,14201,Low
21750,14207,Medium
21751,14205,Medium
21752,14217,Low
21753,14214,Medium
21754,14220,Low
21755,14218,Medium
21756,14223,High
21757,14222,Medium
21758,14221,Low
21759,14226,Medium
21760,14225,High
21761,14230,Medium
21762,14228,High
21763,14227,Medium
21764,14235,Medium
21765,14234,Low
21766,14237,Medium
21767,14236,Medium
21768,14241,Medium
21769,14239,High
21770,14243,Medium
21771,14242,Medium
21772,14248,Medium
21773,14247,Low
21774,14246,High
21775,14252,Medium
21776,14250,Medium
21777,14257,Medium
21778,14256,Medium
21779,14253,Low
21780,14269,Medium
21781,14266,Medium
21782,14272,Medium
21783,14275,Low
21784,14274,Medium
21785,14276,Medium
21786,14282,Medium
21787,14280,Low
21788,14285,Medium
21789,14283,Medium
21790,14297,Medium
21791,14287,Low
21792,14299,Medium
21793,14298,Medium
21794,14305,Low
21795,14303,Medium
21796,14302,High
21797,14308,Medium
21798,14306,Medium
21799,14313,High
21800,14311,Medium
21801,14309,Medium
21802,14319,Medium
21803,14314,High
21804,14323,Medium
21805,14321,Medium
21806,14327,Medium
21807,14329,Medium
21808,14328,High
21809,14333,Medium
21810,14340,High
21811,14338,Medium
21812,14337,Medium
21813,14344,Medium
21814,14341,High
21815,14348,High
21816,14346,Medium
21817,14353,Low
21818,14351,Medium
21819,14360,Medium
21820,14356,High
21821,14364,Low
21822,14362,Medium
21823,14361,Low
21824,14366,High
21825,14365,Medium
21826,14373,High
21827,14372,Medium
21828,14369,Medium
21829,14376,High
21830,14381,High
21831,14380,Medium
21832,14384,Medium
21833,14383,Medium
21834,14387,Medium
21835,14386,High
21836,14391,Low
21837,14390,Medium
21838,14395,Medium
21839,14399,Medium
21840,14396,Low
21841,14407,High
21842,14404,Medium
21843,14409,High
21844,14415,Low
21845,14410,Low
21846,14417,Medium
21847,14421,Medium
21848,14418,Medium
21849,14426,Medium
21850,14424,Medium
21851,14427,Medium
21852,14438,High
21853,14430,High
21854,14441,Low
21855,14440,Low
21856,14444,Medium
21857,14448,Low
21858,14452,Low
21859,14451,Medium
21860,14456,High
21861,14454,Medium
21862,14460,Medium
21863,14457,Medium
21864,14463,Medium
21865,14461,High
21866,14467,High
21867,14466,Medium
21868,14465,High
21869,14471,High
21870,14468,Low
21871,14474,Medium
21872,14472,High
21873,14478,Medium
21874,14476,High
21875,14481,Low
21876,14480,High
21877,14479,Medium
21878,14483,Low
21879,14482,High
21880,14489,Medium
21881,14485,Low
21882,14484,Medium
21883,14492,High
21884,14491,Low
21885,14496,Medium
21886,14493,Medium
21887,14500,Low
21888,14497,Medium
21889,14503,Medium
21890,14509,Medium
21891,14508,Medium
21892,14512,Low
21893,14510,Medium
21894,14515,Medium
21895,14513,Low
21896,14519,Medium
21897,14516,Medium
21898,14530,High
21899,14529,Medium
21900,14526,Low
21901,14532,Medium
21902,14531,Low
21903,14536,Low
21904,14539,Medium
21905,14538,High
21906,14544,Medium
21907,14541,Medium
21908,14547,Medium
21909,14546,Medium
21910,14545,Medium
21911,14553,Medium
21912,14549,Low
21913,14558,High
21914,14555,Low
21915,14564,High
21916,14561,Medium
21917,14566,High
21918,14565,Medium
21919,14575,Medium
21920,14573,Medium
21921,14582,Low
21922,14576,Low
21923,14588,High
21924,14583,Medium
21925,14590,Low
21926,14592,Medium
21927,14591,Medium
21928,14596,Low
21929,14595,Medium
21930,14598,Medium
21931,14601,Low
21932,14604,Low
21933,14603,Low
21934,14608,Medium
21935,14605,Medium
21936,14619,Low
21937,14612,Low
21938,14610,High
21939,14621,Medium
21940,14620,Medium
21941,14627,Medium
21942,14622,Medium
21943,14634,Low
21944,14633,Low
21945,14643,Medium
21946,14636,High
21947,14648,Medium
21948,14647,High
21949,14644,Medium
21950,14655,Medium
21951,14657,Medium
21952,14656,Low
21953,14659,Medium
21954,14670,Low
21955,14662,Medium
21956,14661,Low
21957,14677,Low
21958,14674,Low
21959,14681,High
21960,14683,High
21961,14689,High
21962,14687,Medium
21963,14686,Low
21964,14692,High
21965,14706,Low
21966,14705,Low
21967,14702,High
21968,14713,High
21969,14709,Medium
21970,14718,Medium
21971,14727,High
21972,14726,Low
21973,14733,Low
21974,14732,Low
21975,14736,Medium
21976,14740,Low
21977,14739,Low
21978,14742,Low
21979,14741,Low
21980,14746,Low
21981,14752,Medium
21982,14750,Medium
21983,14756,Low
21984,14755,Medium
21985,14759,Medium
21986,14758,Low
21987,14763,High
21988,14770,Medium
21989,14769,Medium
21990,14768,Medium
21991,14776,High
21992,14771,Medium
21993,14784,Medium
21994,14777,Low
21995,14793,High
21996,14785,Low
21997,14802,Low
21998,14796,Low
21999,14794,Medium
22000,14804,Medium
22001,14816,Low
22002,14819,Low
22003,14817,Medium
22004,14824,Low
22005,14821,Medium
22006,14820,Medium
22007,14828,Medium
22008,14825,Medium
22009,14836,Medium
22010,14833,Medium
22011,14829,Medium
22012,14841,Low
22013,14837,Low
22014,14843,High
22015,14857,Low
22016,14855,Low
22017,14850,Low
22018,14859,Low
22019,14858,High
22020,14866,High
22021,14861,High
22022,14874,Medium
22023,14872,High
22024,14871,High
22025,14878,High
22026,14882,Low
22027,14879,Medium
22028,14893,Low
22029,14890,Medium
22030,14889,Low
22031,14910,Medium
22032,14909,Low
22033,14896,Medium
22034,14915,High
22035,14911,Medium
22036,14919,Medium
22037,14917,Medium
22038,14916,Medium
22039,14921,High
22040,14920,Low
22041,14924,High
22042,14923,Medium
22043,14928,Medium
22044,14926,Medium
22045,14925,Low
22046,14932,Medium
22047,14929,Medium
22048,14938,Medium
22049,14935,Low
22050,14933,Low
22051,14939,Medium
22052,14944,Low
22053,14942,Medium
22054,14941,Medium
22055,14960,Medium
22056,14954,Medium
22057,14965,Low
22058,14961,High
22059,14971,Medium
22060,14970,Low
22061,14969,Low
22062,14975,Medium
22063,14974,Medium
22064,14986,Medium
22065,14985,Medium
22066,14977,Low
22067,14995,High
22068,14994,Medium
22069,15000,High
22070,14999,Medium
22071,15001,Medium
22072,15011,Medium
22073,15010,High
22074,15027,Medium
22075,15026,Low
22076,15034,Medium
22077,15030,Medium
22078,15039,Low
22079,15036,Medium
22080,15049,Low
22081,15040,Low
22082,15057,Medium
22083,15055,Low
22084,15052,Medium
22085,15078,Medium
22086,15076,Low
22087,15082,Medium
22088,15079,Medium
22089,16594,Low
22090,18738,High
22091,19763,High
22092,19506,Low
22093,19940,High
22094,19933,Low
22095,19967,Low
22096,20018,High
22097,19996,Medium
22098,20019,Medium
22099,20020,Medium
22100,20021,Medium
22101,20023,Medium
22102,20022,Medium
22103,20024,Medium
22104,20028,Medium
22105,20029,Medium
22106,20032,Medium
22107,20031,High
22108,20033,Medium
22109,20035,Medium
22110,20037,High
22111,20041,High
22112,20039,High
22113,20043,High
22114,20042,High
22115,20045,Medium
22116,20047,Medium
22117,20048,Medium
22118,20049,Medium
22119,20050,Medium
22120,20052,Medium
22121,20053,Medium
22122,20056,High
22123,20055,Medium
22124,20057,Medium
22125,20059,Medium
22126,20062,Medium
22127,20064,Medium
22128,20066,Medium
22129,20065,Medium
22130,20067,Medium
22131,20069,Medium
22132,20070,Medium
22133,20073,Medium
22134,20072,High
22135,20077,Medium
22136,20074,High
22137,20081,High
22138,20089,Medium
22139,20086,High
22140,20091,Medium
22141,20092,Medium
22142,20093,Medium
22143,20098,Medium
22144,20096,Medium
22145,20103,Medium
22146,20105,Medium
22147,20108,Medium
22148,20110,Medium
22149,20117,Medium
22150,20113,Medium
22151,20118,Medium
22152,20121,Medium
22153,20124,Medium
22154,20126,Medium
22155,20128,Medium
22156,20130,Medium
22157,20129,Medium
22158,20132,Medium
22159,20136,Medium
22160,20133,High
22161,20138,Medium
22162,20139,Medium
22163,20140,Medium
22164,19019,Medium
22165,20015,High
22166,19827,High
22167,20204,High
22168,20188,High
22169,20146,High
22170,16670,Low
22171,16247,Low
22172,16695,Low
22173,17989,Low
22174,17044,Low
22175,18117,Low
22176,18159,Low
22177,18222,Low
22178,18286,Low
22179,18271,Low
22180,18334,Low
22181,18365,Low
22182,18438,Low
22183,18402,Low
22184,18464,Low
22185,18478,Low
22186,18537,Low
22187,18577,Low
22188,18808,Low
22189,18670,Low
22190,18833,Medium
22191,18920,Low
22192,18990,Low
22193,19084,Medium
22194,19061,Medium
22195,19206,High
22196,19327,Medium
22197,19475,Medium
22198,19500,Low
22199,19487,High
22200,19707,Medium
22201,19908,Medium
22202,19988,High
22203,19994,High
22204,19989,Medium
22205,20008,Medium
22206,20034,Medium
22207,20036,Medium
22208,20038,High
22209,20046,High
22210,20044,Medium
22211,20058,Medium
22212,20063,Medium
22213,20078,High
22214,20071,Medium
22215,20084,High
22216,20090,High
22217,20095,Medium
22218,20094,Medium
22219,20099,Medium
22220,20100,Medium
22221,20104,Medium
22222,20134,Medium
22223,20106,Medium
22224,20137,Medium
22225,20141,Medium
22226,20144,Medium
22227,20148,Medium
22228,20145,High
22229,20156,Medium
22230,20158,Medium
22231,20159,Medium
22232,20161,High
22233,20160,Medium
22234,20163,Medium
22235,20165,Medium
22236,20166,Medium
22237,20168,Medium
22238,20172,High
22239,20170,Medium
22240,20175,Medium
22241,20176,Medium
22242,20179,High
22243,20177,Medium
22244,20181,High
22245,20183,Medium
22246,20184,Medium
22247,20186,Medium
22248,20185,Medium
22249,20190,Medium
22250,20191,Medium
22251,20193,Medium
22252,20192,Medium
22253,20195,Medium
22254,20196,Medium
22255,20202,Medium
22256,20197,Medium
22257,20205,Medium
22258,20210,Medium
22259,20209,High
22260,20213,High
22261,20215,Medium
22262,20216,Medium
22263,20218,Medium
22264,20217,Medium
22265,20221,Medium
22266,20223,Medium
22267,20228,Medium
22268,20231,Medium
22269,20238,Medium
22270,20243,Medium
22271,20240,High
22272,20244,Medium
22273,20245,High
22274,20246,Medium
22275,20248,Medium
22276,20251,High
22277,20250,Medium
22278,20252,Medium
22279,20265,Medium
22280,20266,Medium
22281,20268,Medium
22282,20267,Medium
22283,20269,Medium
22284,20270,Medium
22285,20271,Medium
22286,20273,High
22287,20274,High
22288,20275,Medium
22289,20277,Medium
22290,20279,Medium
22291,20280,Medium
22292,11858,Low
22293,17546,Low
22294,18077,Low
22295,14798,Low
22296,14216,Low
22297,17127,Medium
22298,16795,Low
22299,16708,Low
22300,17344,Low
22301,17337,Low
22302,17308,Low
22303,18057,Low
22304,18035,Medium
22305,18028,Medium
22306,18400,Low
22307,18330,Low
22308,18121,High
22309,16200,Low
22310,14645,Low
22311,15356,Low
22312,14749,Low
22313,14086,Medium
22314,17406,Medium
22315,16902,Low
22316,18713,Low
22317,18750,Medium
22318,16646,Low
22319,15918,Low
22320,15767,Low
22321,17140,Low
22322,16848,Low
22323,16744,Low
22324,18178,Medium
22325,18116,Medium
22326,17430,Low
22327,18198,Low
22328,10032,Low
22329,17120,Low
22330,18043,Medium
22331,18042,Medium
22332,17879,Low
22333,18052,Low
22334,16117,Low
22335,10367,Low
22336,17029,Low
22337,15835,Low
22338,19318,High
22339,17007,Low
22340,16576,Medium
22341,16426,Medium
22342,16355,Low
22343,16035,Low
22344,17724,Low
22345,17466,Medium
22346,17429,Medium
22347,17477,Medium
22348,17442,Low
22349,17439,Medium
22350,17412,Low
22351,17411,Medium
22352,15943,Low
22353,16820,Medium
22354,15939,Low
22355,17153,High
22356,15961,Low
22357,15450,Low
22358,17188,Low
22359,16914,Low
22360,14623,Low
22361,17095,Low
22362,16685,Medium
22363,16676,Low
22364,16182,Low
22365,15436,Low
22366,17098,Low
22367,16736,Medium
22368,17468,High
22369,15901,Low
22370,17139,Low
22371,14312,Low
22372,16780,Medium
22373,14193,Low
22374,17169,Low
22375,16360,Low
22376,16447,High
22377,15927,Low
22378,16446,Low
22379,15933,Low
22380,17218,Low
22381,16177,Low
22382,14240,Low
22383,14189,Low
22384,13855,Medium
22385,14434,Low
22386,13733,Low
22387,17215,Low
22388,17173,Medium
22389,17196,Low
22390,17137,High
22391,16269,Low
22392,14113,Low
22393,14056,Low
22394,15949,Low
22395,14097,Low
22396,16833,Medium
22397,16819,Low
22398,16775,Medium
22399,16721,Low
22400,16771,Low
22401,16729,Medium
22402,16716,Low
22403,16728,Medium
22404,16700,Low
22405,16672,Low
22406,16656,Low
22407,16335,Low
22408,16320,Low
22409,16289,Low
22410,16224,Low
22411,15921,Low
22412,16178,Low
22413,15873,Medium
22414,15790,Low
22415,15785,Low
22416,16875,Medium
22417,15528,Low
22418,15492,Low
22419,17068,Medium
22420,16911,Medium
22421,16406,Low
22422,16475,Medium
22423,16420,Low
22424,16174,Low
22425,16374,Medium
22426,16183,Low
22427,16314,Medium
22428,16218,Low
22429,16188,Low
22430,16166,Low
22431,15540,Low
22432,15332,High
22433,15483,Low
22434,15418,Low
22435,15526,Low
22436,15366,Low
22437,16898,Medium
22438,16870,Medium
22439,14594,Low
22440,16884,Low
22441,16787,Medium
22442,16849,Medium
22443,16782,Medium
22444,16767,Low
22445,16765,Low
22446,16749,Low
22447,16737,Low
22448,16753,Medium
22449,16727,Low
22450,16713,Low
22451,16696,Medium
22452,16644,Medium
22453,16652,Medium
22454,16449,Low
22455,16411,Low
22456,16169,Low
22457,16165,Low
22458,15928,Low
22459,15890,Low
22460,15818,Medium
22461,15433,Low
22462,15346,Low
22463,14654,Low
22464,13775,Low
22465,17206,Medium
22466,17202,Medium
22467,17143,Low
22468,17151,Medium
22469,16474,Low
22470,16470,High
22471,16467,Medium
22472,16343,Medium
22473,16284,Medium
22474,16413,Low
22475,16304,Medium
22476,16219,Low
22477,16341,Medium
22478,16234,Low
22479,15889,Low
22480,15878,Low
22481,15816,Low
22482,15768,Low
22483,15765,Medium
22484,15791,Low
22485,15772,Low
22486,15530,Low
22487,15555,Low
22488,15523,Low
22489,15417,Low
22490,15484,Medium
22491,15471,Low
22492,15441,Low
22493,17208,High
22494,17092,Low
22495,17060,Medium
22496,17054,Medium
22497,17135,Medium
22498,16887,Low
22499,16789,Medium
22500,16797,Medium
22501,16734,Medium
22502,16763,Medium
22503,16720,Low
22504,16660,Medium
22505,16710,Low
22506,16704,Low
22507,16661,Low
22508,16651,Medium
22509,16469,Low
22510,16654,Medium
22511,15875,High
22512,15987,Low
22513,15937,Low
22514,15883,Low
22515,15938,Low
22516,15893,Low
22517,15868,Low
22518,15926,Medium
22519,15906,Low
22520,15805,Low
22521,15801,Low
22522,15480,Low
22523,15930,Low
22524,14326,High
22525,15469,Low
22526,17051,Low
22527,13925,Medium
22528,16689,High
22529,13765,High
22530,17222,Low
22531,17238,Medium
22532,17236,High
22533,17246,Medium
22534,17245,Low
22535,17252,Low
22536,17250,Medium
22537,17248,Low
22538,17259,Low
22539,17255,Medium
22540,17261,Low
22541,17260,Low
22542,17264,Medium
22543,17265,Medium
22544,17292,High
22545,17277,Low
22546,17299,Medium
22547,17294,Low
22548,17316,Medium
22549,17301,Low
22550,17342,Low
22551,17341,Low
22552,17340,Low
22553,17381,Medium
22554,17402,Low
22555,16927,Medium
22556,16923,Low
22557,16929,Low
22558,16928,Low
22559,16940,Medium
22560,16932,Low
22561,16954,Low
22562,16947,Medium
22563,16962,Medium
22564,16961,Low
22565,16967,Medium
22566,16963,Medium
22567,16985,High
22568,16975,Low
22569,16988,Low
22570,16991,Medium
22571,16990,Medium
22572,17003,Medium
22573,16996,High
22574,17013,Medium
22575,17008,Medium
22576,17016,Low
22577,17024,Medium
22578,17031,Low
22579,17030,Low
22580,17033,Low
22581,17035,Low
22582,17034,Medium
22583,16481,Medium
22584,16485,Low
22585,16491,Medium
22586,16492,Low
22587,16511,Medium
22588,16494,Low
22589,16517,Medium
22590,16518,Low
22591,16528,Low
22592,16527,Low
22593,16529,Low
22594,16531,Medium
22595,16540,Low
22596,16543,Low
22597,16565,Medium
22598,16574,Medium
22599,16593,Low
22600,16584,Medium
22601,16597,Low
22602,16610,Medium
22603,16615,Low
22604,16616,Medium
22605,16623,Medium
22606,16620,Low
22607,16624,Medium
22608,16628,Medium
22609,16633,Medium
22610,16629,Medium
22611,15559,Low
22612,15591,Medium
22613,15590,Low
22614,15606,Medium
22615,15594,Low
22616,15593,Low
22617,15621,Low
22618,15620,Low
22619,15637,Low
22620,15634,Low
22621,15628,Medium
22622,15645,Medium
22623,15639,Low
22624,15663,Low
22625,15646,Medium
22626,15673,Medium
22627,15665,Low
22628,15678,Low
22629,15677,Low
22630,15675,Low
22631,15684,Low
22632,15681,Low
22633,15694,Low
22634,15693,Medium
22635,15698,Low
22636,15696,Low
22637,15695,Medium
22638,15730,Low
22639,15729,Low
22640,15735,Low
22641,15998,Medium
22642,16005,Medium
22643,16003,Medium
22644,16027,Medium
22645,16015,Low
22646,16012,Low
22647,16033,Low
22648,16031,Medium
22649,16068,Low
22650,16065,Low
22651,16087,Low
22652,16084,Medium
22653,16072,Low
22654,16098,Low
22655,16090,High
22656,16118,Low
22657,16113,Low
22658,16103,Low
22659,16122,Medium
22660,16121,Medium
22661,16125,Medium
22662,16124,Low
22663,16133,Low
22664,16129,Low
22665,16128,Medium
22666,16158,Low
22667,16144,Low
22668,16162,Low
22669,16159,Medium
22670,14671,Low
22671,14717,Low
22672,14712,Medium
22673,14774,Low
22674,14735,Low
22675,14854,Medium
22676,14852,Low
22677,14790,Low
22678,14869,Low
22679,14865,Low
22680,14976,Low
22681,14972,Low
22682,14952,Low
22683,14979,Low
22684,15041,Low
22685,15025,Low
22686,14981,Medium
22687,15070,Low
22688,15069,Low
22689,15171,Low
22690,15148,Low
22691,15088,Low
22692,15197,Low
22693,15195,Medium
22694,15214,Low
22695,15211,Low
22696,15207,Low
22697,15289,Low
22698,15226,Low
22699,15313,Low
22700,12223,High
22701,12246,Low
22702,12885,High
22703,12731,Low
22704,12666,Low
22705,13114,Low
22706,12895,Low
22707,13160,Low
22708,13126,Low
22709,13225,Low
22710,13207,Low
22711,13164,Low
22712,13364,Medium
22713,13332,Low
22714,13483,Low
22715,13481,Medium
22716,13455,Low
22717,13595,Low
22718,13530,Low
22719,13684,Low
22720,13612,Low
22721,13600,Low
22722,13701,Low
22723,11694,Low
22724,11813,Medium
22725,11764,Low
22726,12077,Low
22727,11834,Low
22728,4940,Low
22729,4841,Low
22730,3303,Low
22731,7221,Low
22732,6692,Low
22733,5399,Low
22734,8562,Low
22735,8436,Low
22736,8855,Low
22737,8624,Medium
22738,9749,Low
22739,9700,Low
22740,9581,High
22741,10553,Low
22742,10020,Low
22743,9958,Low
22744,10822,Low
22745,10614,Low
22746,11206,Low
22747,11053,Low
22748,11439,Low
22749,11293,Low
22750,11257,Low
22751,17511,Medium
22752,17568,Medium
22753,17556,High
22754,17524,Medium
22755,17629,Low
22756,17606,Medium
22757,17602,Low
22758,17647,Low
22759,17645,High
22760,17644,Medium
22761,17664,Low
22762,17661,Medium
22763,17657,Medium
22764,17665,Medium
22765,17683,Medium
22766,17673,Medium
22767,17667,Low
22768,17717,Medium
22769,17714,Low
22770,17696,High
22771,17723,Low
22772,17719,Medium
22773,17729,Low
22774,17726,Medium
22775,17743,High
22776,17734,Medium
22777,17755,Low
22778,17750,Low
22779,17744,Low
22780,17168,Low
22781,17334,Low
22782,17241,Low
22783,17357,Low
22784,17354,Low
22785,17336,Low
22786,19135,Medium
