,issue_id,Importance Type
0,20290,Medium
1,20285,Medium
2,20266,Medium
3,20225,High
4,20214,High
5,20230,Medium
6,7349,Low
7,20265,Medium
8,16864,Low
9,19757,Low
10,20236,High
11,17399,Low
12,20280,Medium
13,20067,Medium
14,20276,Medium
15,9076,Medium
16,20186,High
17,19736,Medium
18,19737,Medium
19,19657,Medium
20,20243,Medium
21,17274,Low
22,20281,Medium
23,20073,Medium
24,19590,Low
25,7573,Low
26,18295,Low
27,19897,Low
28,19927,Low
29,20271,Medium
30,7526,Low
31,20267,Medium
32,20258,Medium
33,20255,High
34,20234,Medium
35,19343,High
36,20259,High
37,20233,High
38,20060,High
39,19695,Low
40,17390,Low
41,17156,Low
42,11786,Low
43,10743,Medium
44,19134,Low
45,16905,Medium
46,19524,Low
47,17017,Low
48,20239,High
49,8789,Low
50,20180,Medium
51,20232,Medium
52,20254,Medium
53,20246,Medium
54,20168,Medium
55,3812,Low
56,20157,Medium
57,20242,High
58,19081,Low
59,18978,Medium
60,20101,Low
61,20238,Medium
62,20237,Medium
63,20095,Medium
64,20222,High
65,20211,Medium
66,17662,Medium
67,20229,Medium
68,20228,Medium
69,3837,Low
70,20216,High
71,20219,Medium
72,20221,Medium
73,20215,Medium
74,18563,Low
75,20077,High
76,20169,Medium
77,20068,Low
78,20212,Medium
79,17697,Low
80,15873,Low
81,20200,High
82,20134,Medium
83,20189,High
84,20129,Medium
85,20208,Medium
86,9199,Low
87,12218,Low
88,20163,Medium
89,20198,Medium
90,20204,Medium
91,20190,High
92,20187,Medium
93,20182,Medium
94,20160,Medium
95,20159,Medium
96,20119,Medium
97,20106,High
98,20087,High
99,19955,High
100,19352,Medium
101,20176,Medium
102,20115,Medium
103,19871,High
104,19928,Low
105,20171,Medium
106,6347,Low
107,20120,Medium
108,20188,Medium
109,20185,Medium
110,20197,Medium
111,7364,Low
112,20184,Medium
113,20183,Medium
114,20172,High
115,20174,Medium
116,20139,Medium
117,20153,Medium
118,20049,Medium
119,20140,Medium
120,20167,Medium
121,20165,Medium
122,20164,Medium
123,20155,Medium
124,20156,Medium
125,20148,Medium
126,20152,High
127,20098,High
128,20011,High
129,19985,High
130,19316,Medium
131,19279,Medium
132,19116,Medium
133,18982,Medium
134,18727,Low
135,18055,Low
136,17202,Low
137,16904,Medium
138,16817,Medium
139,16368,Low
140,7051,Low
141,19998,Medium
142,19997,Medium
143,19616,Medium
144,19607,Low
145,18772,High
146,18511,Medium
147,17807,Medium
148,20151,Medium
149,20142,Medium
150,20143,Medium
151,18596,Medium
152,10893,Low
153,20141,Medium
154,17013,Low
155,20144,Medium
156,17829,Low
157,14626,Medium
158,20124,High
159,20038,Medium
160,20111,High
161,18763,Low
162,20125,Medium
163,19904,Medium
164,19687,Low
165,20128,Medium
166,9619,Low
167,19636,Low
168,20109,High
169,20116,Medium
170,20122,Medium
171,19933,Medium
172,18898,Low
173,20030,Medium
174,20103,Medium
175,5125,Low
176,19019,Low
177,20021,High
178,20093,High
179,20092,Medium
180,17747,Low
181,20089,Medium
182,17253,Low
183,19879,Low
184,18460,Low
185,19358,Low
186,15425,Low
187,16109,Low
188,19864,Medium
189,19806,Medium
190,18765,Low
191,20079,High
192,20045,High
193,18681,Low
194,20032,Medium
195,20075,Medium
196,20071,Medium
197,18375,Low
198,20020,Medium
199,20065,Medium
200,20069,Medium
201,20059,Medium
202,16624,Medium
203,20062,Medium
204,20053,Medium
205,20054,Medium
206,20057,High
207,19893,Medium
208,20058,Medium
209,19960,High
210,19941,High
211,19857,Medium
212,20043,Medium
213,18962,Low
214,19885,Medium
215,20052,Medium
216,20055,Medium
217,5101,Low
218,18682,Low
219,12562,Low
220,12264,Low
221,20042,High
222,20035,Medium
223,20039,Medium
224,20036,High
225,20041,Medium
226,19973,Medium
227,19919,Medium
228,19887,High
229,19846,Medium
230,19626,Low
231,17371,Low
232,19862,Low
233,20003,Medium
234,19981,Medium
235,19968,Medium
236,19898,High
237,19889,Medium
238,19872,Medium
239,19807,Medium
240,19773,Medium
241,17551,Low
242,12808,Low
243,8495,Low
244,19903,Medium
245,19914,Medium
246,19899,Medium
247,19888,Medium
248,19867,High
249,18550,Medium
250,9969,Low
251,20000,High
252,19964,Medium
253,19937,Medium
254,19913,Medium
255,20037,Medium
256,19675,Low
257,20024,Medium
258,20031,Medium
259,19965,Medium
260,10791,Low
261,20026,Medium
262,20023,Medium
263,20014,High
264,19939,Medium
265,19782,Medium
266,20018,Medium
267,20002,Medium
268,20006,High
269,12972,Low
270,12725,Medium
271,13157,Medium
272,18041,Medium
273,17572,High
274,12881,Low
275,18872,High
276,19133,Medium
277,10133,Low
278,17482,Low
279,19940,Medium
280,20005,Medium
281,18919,Medium
282,12535,Low
283,18573,Medium
284,18202,Medium
285,18570,High
286,13019,Low
287,13118,Low
288,13302,Medium
289,13367,Low
290,17232,Low
291,17429,Low
292,17707,Low
293,18471,Low
294,19049,High
295,19153,Medium
296,19284,Medium
297,19742,Medium
298,19230,Medium
299,18191,Medium
300,19993,Medium
301,17990,Medium
302,12758,Medium
303,19781,Medium
304,19977,Medium
305,18544,High
306,18175,Low
307,19339,Medium
308,19800,Medium
309,19318,High
310,19544,Low
311,19709,High
312,17652,Medium
313,18851,High
314,19176,Medium
315,19220,Medium
316,19221,Medium
317,19129,Low
318,18950,Medium
319,19300,Low
320,18863,Medium
321,18918,Medium
322,18879,Medium
323,19222,Medium
324,19211,Low
325,12623,Low
326,12709,Low
327,12564,Low
328,12516,Low
329,19954,Medium
330,19962,Medium
331,19465,Low
332,19976,Medium
333,17024,Low
334,19340,Low
335,19359,Medium
336,19460,High
337,19963,Medium
338,19515,Low
339,19911,Medium
340,19900,Medium
341,19967,Medium
342,6497,Low
343,19969,Medium
344,19665,Medium
345,19966,Medium
346,10584,Medium
347,19498,Low
348,19852,High
349,13070,Low
350,13666,Low
351,19930,Medium
352,18530,Low
353,19671,Medium
354,19799,Low
355,18312,Low
356,19783,Low
357,19848,High
358,18182,Low
359,16584,Medium
360,17589,High
361,14392,Low
362,14462,Low
363,19921,High
364,19924,Medium
365,19929,Medium
366,19920,Medium
367,19772,High
368,5045,Low
369,19747,Medium
370,15515,Low
371,15198,Medium
372,6844,Low
373,5386,Low
374,19351,Medium
375,11720,Low
376,14556,Low
377,11938,Medium
378,19652,Medium
379,11785,Medium
380,9956,Low
381,9319,Medium
382,19912,High
383,19908,Medium
384,19907,Medium
385,19894,Medium
386,19892,Medium
387,11887,Low
388,11793,Medium
389,15959,Low
390,19149,Low
391,14129,Low
392,7130,Low
393,19769,Medium
394,19693,Low
395,19901,Medium
396,19023,Low
397,13905,Low
398,19886,High
399,5287,Low
400,19896,Medium
401,15715,Low
402,9938,Low
403,10257,Low
404,19832,High
405,18963,Low
406,19841,Medium
407,19817,Medium
408,19833,Medium
409,19819,High
410,9182,Low
411,19851,Medium
412,19866,Medium
413,6362,Low
414,19868,Medium
415,19865,Medium
416,16142,Low
417,18942,Medium
418,6774,Low
419,19729,High
420,19850,Medium
421,19837,Medium
422,19849,Medium
423,16484,Low
424,19854,Medium
425,18505,Low
426,19840,Medium
427,19411,Medium
428,17926,Low
429,19505,Medium
430,19839,Medium
431,17452,Low
432,19831,Medium
433,19826,High
434,19836,Medium
435,17784,Low
436,19768,High
437,19735,Medium
438,15930,Low
439,19780,Medium
440,19355,Medium
441,15843,Low
442,19759,Low
443,19770,Medium
444,19811,Medium
445,19801,Low
446,19761,Low
447,19804,Medium
448,19810,Medium
449,19744,Low
450,18378,Low
451,19786,Medium
452,19625,High
453,19791,Medium
454,19790,Medium
455,19785,Medium
456,19778,Medium
457,16267,Medium
458,5246,Low
459,19613,High
460,19605,Medium
461,19589,Medium
462,19533,High
463,19526,Medium
464,19523,Medium
465,19458,High
466,19386,Medium
467,19267,Low
468,18068,Medium
469,12200,Low
470,10553,Low
471,9719,Low
472,19638,High
473,19615,Medium
474,19521,Medium
475,19488,Medium
476,19393,Medium
477,19354,Medium
478,19346,Medium
479,19323,High
480,19319,Medium
481,19169,Medium
482,18612,High
483,12024,Low
484,8496,Medium
485,15287,Low
486,19553,Medium
487,19509,High
488,19462,High
489,19419,Medium
490,19331,High
491,19303,High
492,19254,Medium
493,18750,Medium
494,9302,Medium
495,15167,Low
496,12348,Low
497,19481,Medium
498,19485,Medium
499,18937,High
500,18781,Low
501,18766,Low
502,15924,Low
503,7582,Low
504,15262,Low
505,7063,Low
506,2439,Low
507,19653,Medium
508,19767,Medium
509,19779,Medium
510,18448,Medium
511,16495,Low
512,19750,Medium
513,19753,Medium
514,19775,Medium
515,19774,Medium
516,19771,Medium
517,19266,Medium
518,16271,Low
519,19758,High
520,19635,Medium
521,19755,High
522,19752,Medium
523,19723,Medium
524,18864,Low
525,13321,Low
526,19663,Medium
527,16150,Low
528,18310,Medium
529,19722,High
530,19748,Medium
531,5096,Low
532,19725,Medium
533,19198,Low
534,19739,Medium
535,19733,Medium
536,19291,Low
537,19642,High
538,19734,Medium
539,19726,Medium
540,19728,Medium
541,18813,Low
542,7550,Low
543,19721,Medium
544,19719,Medium
545,19714,High
546,19713,High
547,15511,Low
548,19697,Medium
549,19708,High
550,19706,Medium
551,19700,High
552,19705,Medium
553,16363,Low
554,18607,Low
555,19701,High
556,19704,Medium
557,19371,Low
558,7650,Low
559,19679,Medium
560,11796,Low
561,19692,Medium
562,19667,Medium
563,19666,Medium
564,19672,High
565,19058,Medium
566,19678,Medium
567,19689,Medium
568,19688,Medium
569,19674,High
570,19669,Medium
571,19676,Medium
572,19677,Medium
573,19608,Medium
574,7607,Low
575,19668,Medium
576,19656,Medium
577,19664,Medium
578,19661,Medium
579,19655,Medium
580,19658,Medium
581,19654,Medium
582,19633,High
583,19306,Medium
584,9411,Low
585,12420,Low
586,19639,Medium
587,14533,Low
588,19637,Medium
589,19617,Medium
590,15349,Low
591,17050,Low
592,19634,Medium
593,19028,Medium
594,19474,Low
595,18735,Medium
596,2030,Low
597,5703,Low
598,19602,High
599,19592,Medium
600,15878,Medium
601,19272,Medium
602,19609,Medium
603,19562,Low
604,19439,Medium
605,19603,Medium
606,19546,High
607,10110,Low
608,19601,Medium
609,19596,High
610,19519,Medium
611,10716,Low
612,17272,Low
613,19581,Medium
614,19501,High
615,15438,Low
616,19565,Medium
617,19389,High
618,19557,Medium
619,19551,Medium
620,19554,Medium
621,6209,Low
622,19511,Medium
623,19541,High
624,19539,High
625,19233,High
626,19538,Medium
627,18301,Low
628,19489,Medium
629,16812,Low
630,17595,Low
631,19531,Medium
632,19534,Medium
633,19413,High
634,11131,Low
635,19440,Medium
636,19520,Medium
637,19518,Medium
638,19093,Low
639,2029,Low
640,19503,Medium
641,18726,Low
642,19500,High
643,19463,Medium
644,19473,Medium
645,7544,Medium
646,16933,Low
647,16437,Medium
648,8120,Low
649,10728,Low
650,6029,Low
651,14570,High
652,3914,Low
653,16125,Low
654,19237,High
655,19487,High
656,19243,High
657,19224,Medium
658,19158,Medium
659,18752,Low
660,11046,Medium
661,19278,High
662,18745,Low
663,18692,Medium
664,19275,Medium
665,19252,High
666,19251,Medium
667,19244,Medium
668,19225,Medium
669,19209,High
670,18856,Low
671,18809,High
672,19206,Medium
673,19484,Medium
674,14891,Low
675,7727,Low
676,15597,Low
677,16033,Low
678,19480,High
679,18907,Medium
680,19461,Medium
681,19443,Medium
682,19464,Medium
683,500,Low
684,2390,Low
685,6094,Low
686,16367,Medium
687,19384,Medium
688,14762,Low
689,17875,Low
690,18132,Medium
691,19424,Medium
692,15040,Low
693,15739,Low
694,19397,Medium
695,19298,Medium
696,18096,Medium
697,19329,High
698,18649,Medium
699,19370,Medium
700,19365,Medium
701,17310,Low
702,4387,Low
703,321,Low
704,11266,Low
705,18459,Low
706,19336,High
707,5727,Low
708,19345,Medium
709,19337,Medium
710,19320,Medium
711,17159,Low
712,11794,Medium
713,15820,Low
714,10474,Medium
715,10419,Low
716,14871,Low
717,19317,Medium
718,9959,Low
719,19274,Medium
720,16563,Medium
721,18826,Low
722,18689,High
723,18801,Medium
724,18784,High
725,18904,Medium
726,19189,Medium
727,19203,Medium
728,19235,Medium
729,19290,Medium
730,19313,Medium
731,19301,High
732,19218,High
733,15226,Low
734,11319,Low
735,19304,Medium
736,13703,Low
737,19253,Low
738,14974,Medium
739,19263,Medium
740,19297,Medium
741,11047,Low
742,11929,Low
743,19283,Medium
744,19277,Medium
745,18546,Low
746,18858,Low
747,19231,High
748,8359,Low
749,19249,Medium
750,9198,Low
751,10606,Medium
752,10602,Medium
753,10562,Medium
754,9972,Medium
755,19242,Medium
756,19197,Medium
757,19147,Medium
758,19219,High
759,19229,Medium
760,19151,Medium
761,19210,High
762,17614,Medium
763,17988,Low
764,19016,Medium
765,6964,Low
766,19164,High
767,17643,Medium
768,19205,Medium
769,19208,High
770,19217,Medium
771,19207,High
772,17088,Low
773,19124,Medium
774,19001,Low
775,17323,Low
776,18762,Low
777,9549,Low
778,19204,Medium
779,13829,Low
780,14776,High
781,19183,Medium
782,19090,Medium
783,19127,Medium
784,19097,High
785,18967,Medium
786,18947,Medium
787,18128,Low
788,19125,Medium
789,19109,High
790,19089,Medium
791,18724,High
792,18884,High
793,18810,Medium
794,19188,Medium
795,19181,Medium
796,19173,High
797,19174,High
798,19178,Medium
799,19166,Medium
800,19167,Medium
801,19168,High
802,12390,Low
803,18690,High
804,19162,Medium
805,19159,Medium
806,19122,Medium
807,19115,Medium
808,19144,Medium
809,19152,Medium
810,19092,High
811,17498,Low
812,18082,Medium
813,19067,High
814,19142,Medium
815,19132,Medium
816,18684,Medium
817,17094,Low
818,14879,Low
819,19034,Medium
820,19084,Medium
821,19091,Medium
822,18178,Medium
823,19140,High
824,18941,High
825,19069,High
826,16767,Low
827,19060,Medium
828,19114,Medium
829,19099,High
830,19120,Medium
831,15060,Low
832,18803,Medium
833,18960,Medium
834,19086,Medium
835,19087,Medium
836,17686,Medium
837,19077,Medium
838,18845,High
839,18878,Medium
840,18840,Medium
841,19059,Medium
842,19080,High
843,19047,High
844,18746,Medium
845,18435,Medium
846,19072,Medium
847,19061,Medium
848,19074,Medium
849,18812,High
850,7533,Low
851,12165,Low
852,18987,High
853,18920,Medium
854,19006,Medium
855,18910,Medium
856,18885,Medium
857,18768,Medium
858,18054,High
859,18833,High
860,18598,Medium
861,18992,Medium
862,18873,Medium
863,18618,Medium
864,6624,Low
865,18916,High
866,18869,High
867,18806,Medium
868,18773,High
869,19073,Medium
870,19055,High
871,18721,High
872,19009,High
873,18915,Medium
874,19053,Medium
875,18924,Medium
876,16791,Low
877,19036,High
878,19025,High
879,17738,Medium
880,18945,High
881,19015,High
882,18951,High
883,6032,Low
884,18291,Low
885,18991,Medium
886,18281,Medium
887,17474,Low
888,18983,Medium
889,18889,Medium
890,18976,High
891,18979,Medium
892,18839,Medium
893,18969,High
894,18957,High
895,14588,Low
896,5938,Low
897,18933,High
898,18934,Medium
899,18954,Medium
900,16025,Low
901,10188,Low
902,15164,Low
903,7076,Low
904,18370,Medium
905,7423,Low
906,18821,Medium
907,18906,High
908,18902,Medium
909,16144,High
910,18909,Medium
911,15608,Low
912,18899,Medium
913,18802,High
914,10539,Low
915,18890,High
916,18823,High
917,4969,Low
918,18850,Medium
919,15849,Low
920,18828,Medium
921,18859,High
922,18066,Low
923,14799,Low
924,18855,Medium
925,18783,High
926,18699,Medium
927,17352,Low
928,18764,Medium
929,10453,Low
930,18829,Medium
931,18795,Medium
932,18794,Medium
933,18785,Medium
934,18720,High
935,18719,High
936,18711,Medium
937,18639,High
938,18709,Medium
939,18609,High
940,18819,High
941,18714,Medium
942,18700,Medium
943,18410,Low
944,16166,Medium
945,18814,High
946,18815,High
947,18816,High
948,14241,Low
949,18486,Medium
950,4468,Low
951,18771,High
952,17720,Low
953,15852,Low
954,15451,Low
955,18524,Medium
956,18755,Medium
957,17123,Medium
958,18756,Medium
959,15259,Low
960,8498,Low
961,10185,Low
962,12444,High
963,16036,Low
964,18740,Medium
965,17862,Low
966,18694,Medium
967,18730,Medium
968,17945,Low
969,18736,Medium
970,18725,High
971,6398,Medium
972,18485,Low
973,18722,Medium
974,18662,Medium
975,18603,Medium
976,18476,High
977,13589,Low
978,18578,Medium
979,18490,Medium
980,18344,High
981,17012,Medium
982,15689,High
983,18481,High
984,18608,High
985,18468,High
986,18465,High
987,18537,High
988,18088,High
989,18394,High
990,2012,Low
991,17054,Medium
992,18675,Medium
993,18009,Low
994,18693,Medium
995,18207,Low
996,18534,High
997,18625,High
998,18499,High
999,13818,Low
1000,18663,High
1001,16156,Low
1002,18678,Medium
1003,18677,Medium
1004,18650,High
1005,17146,Low
1006,16152,Low
1007,18641,Medium
1008,18658,Medium
1009,18595,Medium
1010,18657,Medium
1011,18652,Medium
1012,18186,Low
1013,18631,Medium
1014,18605,Medium
1015,17794,Low
1016,5202,Low
1017,11899,Medium
1018,17145,Low
1019,18617,Medium
1020,17055,Low
1021,14619,Low
1022,14715,Low
1023,15235,Low
1024,15412,Low
1025,17499,Low
1026,18283,Medium
1027,18571,Medium
1028,18567,High
1029,18565,High
1030,18561,Medium
1031,7308,Low
1032,4302,Low
1033,18539,Medium
1034,17714,Medium
1035,18426,High
1036,18470,Medium
1037,17344,High
1038,18512,Medium
1039,17973,Low
1040,18495,High
1041,16361,Low
1042,17815,Low
1043,18494,Medium
1044,18484,High
1045,18489,High
1046,14782,Low
1047,12956,Low
1048,17147,Low
1049,18418,High
1050,18436,High
1051,18456,Medium
1052,13837,Low
1053,18454,Medium
1054,18303,High
1055,18373,Medium
1056,18374,Medium
1057,18415,Medium
1058,18411,Medium
1059,18360,Medium
1060,17182,Low
1061,18261,Medium
1062,14583,Medium
1063,18409,Medium
1064,18412,Medium
1065,18107,Medium
1066,18162,Medium
1067,13204,Low
1068,17976,Medium
1069,17388,Medium
1070,18400,High
1071,18187,Medium
1072,18036,High
1073,17631,Low
1074,18231,Medium
1075,18019,High
1076,16067,Low
1077,14192,Low
1078,11175,Low
1079,17786,Medium
1080,17602,Medium
1081,18172,Medium
1082,18058,Medium
1083,17919,High
1084,16607,Medium
1085,18117,Medium
1086,5312,Low
1087,18244,Medium
1088,10291,Low
1089,6784,Low
1090,18270,High
1091,18006,High
1092,18025,Medium
1093,18361,Medium
1094,18353,High
1095,17944,Medium
1096,17053,Low
1097,18216,Low
1098,15620,Low
1099,18327,High
1100,18338,Medium
1101,18347,Medium
1102,18339,Medium
1103,18324,High
1104,14935,Low
1105,18318,High
1106,8444,Low
1107,18306,Medium
1108,18251,High
1109,17843,Medium
1110,18232,Medium
1111,18305,Medium
1112,15208,Low
1113,14484,Low
1114,18282,Medium
1115,18276,Medium
1116,16434,Low
1117,18275,Medium
1118,14695,Low
1119,18268,Medium
1120,18256,High
1121,3883,Low
1122,18264,Medium
1123,11735,Low
1124,18258,High
1125,3513,Low
1126,9554,Medium
1127,18249,Low
1128,2933,Medium
1129,18248,Medium
1130,18161,High
1131,3385,Low
1132,17856,Medium
1133,18090,High
1134,18210,Medium
1135,18209,Medium
1136,18056,Medium
1137,18203,Medium
1138,18189,High
1139,6105,Low
1140,17941,High
1141,18038,Medium
1142,18196,High
1143,16219,Low
1144,18192,Medium
1145,18089,High
1146,18190,Medium
1147,18180,Medium
1148,18159,High
1149,18098,Medium
1150,18067,Medium
1151,18173,Medium
1152,18108,High
1153,16153,Low
1154,18154,Medium
1155,18129,Medium
1156,18133,Medium
1157,17607,Low
1158,18119,Medium
1159,18118,Medium
1160,17002,Low
1161,17774,Medium
1162,18044,Medium
1163,17010,Low
1164,18039,Medium
1165,16604,Low
1166,16529,High
1167,18012,High
1168,17577,Medium
1169,15335,Low
1170,17871,Medium
1171,17816,High
1172,16955,Low
1173,16706,High
1174,17883,Medium
1175,17787,Medium
1176,17721,High
1177,15322,Medium
1178,16576,Low
1179,2672,High
1180,9473,Medium
1181,17872,High
1182,17853,Medium
1183,17732,High
1184,17870,Medium
1185,11627,Low
1186,3371,Low
1187,7488,Medium
1188,18069,Medium
1189,10550,Low
1190,17881,Medium
1191,16459,Low
1192,16834,Medium
1193,18049,High
1194,17907,High
1195,18048,Medium
1196,15507,Low
1197,14719,Low
1198,7115,Low
1199,17995,High
1200,17965,Medium
1201,15278,High
1202,15892,Low
1203,18004,Medium
1204,9761,Medium
1205,9850,Low
1206,10059,Medium
1207,14166,Medium
1208,16339,Medium
1209,17122,High
1210,18003,High
1211,17975,Medium
1212,17190,Medium
1213,17797,High
1214,17762,High
1215,17701,Medium
1216,17651,Medium
1217,17647,Medium
1218,17613,High
1219,17580,Medium
1220,17534,Medium
1221,17434,Low
1222,17431,High
1223,17428,High
1224,17248,Medium
1225,17980,High
1226,17984,High
1227,17978,High
1228,16342,Low
1229,17925,Medium
1230,17609,Low
1231,13126,Low
1232,17968,Medium
1233,16962,Low
1234,15135,High
1235,17741,Medium
1236,15740,Low
1237,17947,Medium
1238,17341,Medium
1239,13627,Low
1240,17932,Medium
1241,17091,Low
1242,15036,Medium
1243,17585,Medium
1244,17471,Medium
1245,17335,High
1246,17209,Medium
1247,17129,Medium
1248,17106,Medium
1249,17104,Medium
1250,17086,Medium
1251,17070,Medium
1252,17035,Medium
1253,16922,Low
1254,16847,High
1255,8425,Low
1256,17591,Medium
1257,17281,Medium
1258,17068,Low
1259,15501,Low
1260,15281,Low
1261,15099,Low
1262,14986,Medium
1263,14971,Low
1264,6488,Medium
1265,14965,Low
1266,17909,High
1267,17912,Medium
1268,4576,Low
1269,17911,Medium
1270,17897,Medium
1271,13180,Low
1272,9852,Low
1273,17902,Medium
1274,9766,Medium
1275,17763,Low
1276,16151,Medium
1277,17640,High
1278,17511,Low
1279,17866,Medium
1280,14190,Low
1281,13374,Low
1282,17844,Medium
1283,17603,High
1284,14375,Low
1285,17847,Medium
1286,17858,Medium
1287,17833,Medium
1288,17859,High
1289,16942,Low
1290,5372,Low
1291,17850,Medium
1292,17834,Medium
1293,17838,Medium
1294,14770,Low
1295,17750,High
1296,17819,High
1297,17814,Medium
1298,16613,Low
1299,17646,High
1300,10202,Low
1301,13872,Low
1302,14647,Low
1303,16273,Medium
1304,16985,Medium
1305,17582,Medium
1306,17821,Medium
1307,12819,Low
1308,17780,High
1309,9400,Low
1310,15751,Low
1311,17799,High
1312,17804,Medium
1313,12586,Low
1314,17318,High
1315,17782,Medium
1316,17454,High
1317,17001,Medium
1318,16672,Low
1319,15610,Low
1320,15575,Low
1321,17755,Medium
1322,17679,Medium
1323,17625,Medium
1324,17417,High
1325,17590,Medium
1326,6415,Low
1327,12686,High
1328,14701,Medium
1329,15393,Medium
1330,15418,Medium
1331,14564,Medium
1332,17796,High
1333,17761,High
1334,17441,Medium
1335,11367,Low
1336,17791,Medium
1337,17759,High
1338,17776,Medium
1339,17770,Medium
1340,17775,Medium
1341,15176,Low
1342,17766,High
1343,17781,Medium
1344,17760,Medium
1345,17756,Medium
1346,16352,Medium
1347,17748,Medium
1348,17397,Low
1349,17751,High
1350,8513,Low
1351,17739,Medium
1352,17733,Medium
1353,14874,Low
1354,17710,Medium
1355,17719,Medium
1356,12965,Low
1357,17722,Medium
1358,17723,Medium
1359,12217,Low
1360,17717,Medium
1361,14523,Low
1362,17708,High
1363,17628,Medium
1364,17699,Medium
1365,8534,High
1366,3287,Low
1367,11488,Low
1368,1198,Low
1369,17571,High
1370,17691,High
1371,17672,Medium
1372,17615,High
1373,7767,Low
1374,16022,Medium
1375,17658,Medium
1376,17641,Medium
1377,17650,Medium
1378,17565,Medium
1379,13820,Low
1380,17638,Medium
1381,10739,Low
1382,13654,Low
1383,17626,Medium
1384,17627,Medium
1385,17507,High
1386,15780,Low
1387,14977,Low
1388,17621,High
1389,17622,High
1390,17619,Medium
1391,16776,Medium
1392,16374,Medium
1393,13976,Low
1394,17601,High
1395,15130,Low
1396,17616,Medium
1397,17608,Medium
1398,6212,Low
1399,17583,High
1400,17597,Medium
1401,17567,Medium
1402,17596,High
1403,17584,Medium
1404,17600,Medium
1405,16865,High
1406,17599,Medium
1407,17578,Medium
1408,17592,Medium
1409,17509,High
1410,16803,Low
1411,17586,Medium
1412,17581,Medium
1413,17138,High
1414,17575,Medium
1415,17559,High
1416,17362,Medium
1417,17317,High
1418,8126,Low
1419,17556,Medium
1420,7654,Low
1421,9855,Low
1422,8127,Medium
1423,11817,Low
1424,17411,High
1425,17561,High
1426,17563,Medium
1427,17502,High
1428,17497,High
1429,11287,Low
1430,17550,Medium
1431,17541,Medium
1432,17336,High
1433,16842,High
1434,8401,Low
1435,17516,Medium
1436,17510,Medium
1437,17420,High
1438,17468,Medium
1439,17501,Medium
1440,10123,Medium
1441,17385,Medium
1442,17476,Medium
1443,17484,High
1444,17451,High
1445,17486,High
1446,12251,Low
1447,17493,High
1448,17353,Medium
1449,16939,Medium
1450,15021,High
1451,17301,High
1452,13130,Medium
1453,4481,Low
1454,14065,Low
1455,17463,Medium
1456,16147,Low
1457,16510,Low
1458,17259,High
1459,17299,High
1460,17450,Medium
1461,17422,Medium
1462,13819,Low
1463,17162,Low
1464,5056,Low
1465,5831,Low
1466,16790,High
1467,16980,Medium
1468,17423,High
1469,15149,Low
1470,16332,Low
1471,16320,Medium
1472,12240,Medium
1473,12239,Medium
1474,17415,Medium
1475,8424,High
1476,16177,Low
1477,16642,Low
1478,16787,Medium
1479,9665,Low
1480,17378,Medium
1481,17393,Medium
1482,17392,Medium
1483,17376,High
1484,17373,Medium
1485,17374,High
1486,17160,High
1487,17381,Medium
1488,17375,Medium
1489,10471,Low
1490,11743,Low
1491,15203,Low
1492,17355,Medium
1493,7054,Low
1494,9397,Medium
1495,14904,Medium
1496,17356,Medium
1497,8996,Low
1498,8125,Low
1499,17350,High
1500,17346,Medium
1501,16990,Low
1502,2592,Low
1503,17330,Medium
1504,10578,Low
1505,17290,High
1506,17080,Low
1507,17092,Medium
1508,17329,High
1509,17286,High
1510,11221,Low
1511,17237,Medium
1512,17316,Medium
1513,17242,High
1514,16018,Medium
1515,17308,High
1516,17298,High
1517,17309,Medium
1518,17307,Medium
1519,17287,High
1520,17291,Medium
1521,17267,Medium
1522,16637,Medium
1523,17245,High
1524,17191,High
1525,17284,Medium
1526,7066,Low
1527,17279,High
1528,12636,Low
1529,17257,High
1530,17282,Medium
1531,16868,Low
1532,11670,Low
1533,15579,Medium
1534,17270,Medium
1535,17263,Medium
1536,16949,Medium
1537,17247,Medium
1538,13124,Low
1539,9947,Low
1540,17079,Medium
1541,14123,Medium
1542,17102,Medium
1543,17096,Medium
1544,13690,Medium
1545,5206,Low
1546,9355,Medium
1547,12547,High
1548,11962,Low
1549,11606,Low
1550,17235,Medium
1551,15220,Low
1552,13533,Medium
1553,17204,High
1554,15363,Low
1555,17046,Low
1556,10518,Low
1557,17223,Medium
1558,17219,Medium
1559,17212,Medium
1560,17210,High
1561,9738,Low
1562,11540,Medium
1563,17181,High
1564,17211,Medium
1565,17185,High
1566,13716,High
1567,17208,Medium
1568,17207,Medium
1569,10881,Low
1570,13756,Low
1571,14104,Low
1572,17183,Medium
1573,12418,Low
1574,17165,Low
1575,17167,Medium
1576,17201,Medium
1577,17193,Medium
1578,4797,Low
1579,17195,Medium
1580,17200,Medium
1581,17196,Medium
1582,17184,Medium
1583,17188,Medium
1584,13717,Low
1585,17186,Medium
1586,17178,High
1587,17176,High
1588,15625,Low
1589,17179,Medium
1590,17175,High
1591,17177,Medium
1592,13800,High
1593,17171,High
1594,17174,Medium
1595,17169,Medium
1596,16546,High
1597,17164,Medium
1598,17170,Medium
1599,17049,High
1600,17069,Medium
1601,9982,Medium
1602,17161,Medium
1603,17157,High
1604,17154,Medium
1605,17077,Medium
1606,17095,Medium
1607,16993,Medium
1608,17149,High
1609,17150,Medium
1610,17136,Medium
1611,17099,Medium
1612,10789,Low
1613,17140,Medium
1614,17141,Medium
1615,17142,Medium
1616,15432,Low
1617,17098,High
1618,17135,Medium
1619,16149,Medium
1620,17128,High
1621,17126,High
1622,10246,Low
1623,17125,Medium
1624,17124,High
1625,17119,Medium
1626,16789,High
1627,17120,Medium
1628,17113,Medium
1629,16918,Medium
1630,17087,High
1631,17109,High
1632,14395,Low
1633,17023,High
1634,16999,High
1635,14662,Low
1636,16931,Medium
1637,16802,Medium
1638,17047,Medium
1639,16998,Medium
1640,14186,High
1641,17089,Medium
1642,17078,High
1643,17090,Medium
1644,16617,Low
1645,17071,High
1646,17083,Medium
1647,17074,Medium
1648,17026,High
1649,16719,Medium
1650,17030,Medium
1651,17067,Medium
1652,17056,Medium
1653,16938,High
1654,17057,Medium
1655,17066,Medium
1656,12909,Low
1657,17019,High
1658,17052,Medium
1659,16394,High
1660,16391,Low
1661,17051,Medium
1662,17042,Medium
1663,17048,Medium
1664,17044,High
1665,16371,High
1666,17015,High
1667,9152,Low
1668,6433,Low
1669,16927,Medium
1670,17037,High
1671,15238,High
1672,16742,High
1673,16965,Medium
1674,17032,Medium
1675,17031,Medium
1676,17027,Medium
1677,17028,Medium
1678,15352,Low
1679,17018,High
1680,17020,Medium
1681,11806,Low
1682,16884,High
1683,16794,Medium
1684,17007,Medium
1685,16982,High
1686,16898,High
1687,16935,High
1688,17000,Medium
1689,14163,Low
1690,16359,Low
1691,16981,Medium
1692,14390,Medium
1693,16984,Medium
1694,16978,Medium
1695,16879,Medium
1696,13000,Low
1697,16801,Medium
1698,16712,High
1699,16832,Medium
1700,16866,High
1701,11062,Low
1702,15890,Medium
1703,16963,Medium
1704,16964,High
1705,16959,Medium
1706,16924,High
1707,16961,Medium
1708,16937,High
1709,16956,High
1710,16929,Medium
1711,16948,Medium
1712,2817,Low
1713,16427,Low
1714,16944,High
1715,16945,Medium
1716,16233,Low
1717,16863,High
1718,16082,Low
1719,16907,High
1720,16857,High
1721,15850,Low
1722,16919,Medium
1723,16873,High
1724,16928,Medium
1725,14518,Low
1726,16914,Medium
1727,16915,Medium
1728,16906,Medium
1729,16867,High
1730,16889,Medium
1731,7006,Low
1732,9616,Medium
1733,9601,Medium
1734,16885,High
1735,16891,Medium
1736,16888,High
1737,16855,Medium
1738,9456,Low
1739,16659,Low
1740,16876,Medium
1741,16877,High
1742,16874,Medium
1743,16862,Medium
1744,16856,High
1745,4315,Low
1746,16854,High
1747,16861,Medium
1748,16853,High
1749,13878,Low
1750,16850,Medium
1751,16848,Medium
1752,15593,High
1753,16810,High
1754,8404,Low
1755,14535,High
1756,14984,Low
1757,16824,High
1758,16833,Medium
1759,16827,Medium
1760,14651,Low
1761,16811,Medium
1762,8742,Medium
1763,16825,Medium
1764,16818,Medium
1765,14601,High
1766,8701,Medium
1767,16798,Medium
1768,16804,High
1769,9184,Medium
1770,9380,Medium
1771,14958,Medium
1772,16551,Medium
1773,12812,Low
1774,13424,Low
1775,16786,High
1776,16778,Medium
1777,7295,Medium
1778,14275,Medium
1779,16741,High
1780,16525,Medium
1781,16307,High
1782,16396,High
1783,16644,High
1784,16647,Medium
1785,16574,High
1786,15229,High
1787,16689,High
1788,16501,High
1789,16370,Medium
1790,16369,Medium
1791,16349,Medium
1792,16707,High
1793,14791,Low
1794,11615,Low
1795,16761,Medium
1796,16757,Medium
1797,12305,Medium
1798,16743,Medium
1799,16517,High
1800,16161,Low
1801,16729,Medium
1802,16618,High
1803,16726,Medium
1804,16732,Medium
1805,16722,Medium
1806,16714,High
1807,9839,Low
1808,6559,Low
1809,16703,Medium
1810,16693,High
1811,16700,Medium
1812,16682,Medium
1813,16669,Medium
1814,15920,Medium
1815,14238,Low
1816,15435,Low
1817,9939,High
1818,16444,High
1819,16679,Medium
1820,13023,Low
1821,14097,Low
1822,16327,Low
1823,16657,High
1824,16379,Medium
1825,16666,High
1826,6210,Low
1827,16596,High
1828,10225,Low
1829,10736,High
1830,16623,Medium
1831,9770,Low
1832,16648,Medium
1833,2764,Low
1834,16635,Medium
1835,16643,Medium
1836,12519,Low
1837,16259,Medium
1838,12352,High
1839,16619,High
1840,16554,High
1841,16594,Medium
1842,15485,Low
1843,16258,Medium
1844,9539,High
1845,15050,Low
1846,9626,Medium
1847,16587,Medium
1848,16586,Medium
1849,16456,Medium
1850,16569,Medium
1851,16572,High
1852,16530,Medium
1853,13462,Low
1854,16436,Medium
1855,11556,Medium
1856,16575,Medium
1857,8225,Low
1858,16560,Medium
1859,16573,Medium
1860,16568,Medium
1861,16567,Medium
1862,16183,Low
1863,16483,Medium
1864,16553,Medium
1865,12639,Medium
1866,16545,Medium
1867,4977,Low
1868,16515,High
1869,16524,High
1870,16522,Medium
1871,16508,Medium
1872,16497,Low
1873,16519,Medium
1874,16488,Medium
1875,16518,Medium
1876,16505,High
1877,15628,Low
1878,16499,High
1879,16076,Medium
1880,16462,High
1881,16464,High
1882,14905,Low
1883,16168,Medium
1884,16441,High
1885,16477,Medium
1886,15274,High
1887,16291,High
1888,16265,Medium
1889,15865,High
1890,16261,High
1891,15729,Medium
1892,15612,Low
1893,15313,Low
1894,15194,Medium
1895,15132,Low
1896,14554,Low
1897,13056,Low
1898,13042,Low
1899,6093,Low
1900,15344,High
1901,13471,Medium
1902,12767,Low
1903,15179,Medium
1904,15923,High
1905,15527,High
1906,15681,Medium
1907,14978,Medium
1908,14934,High
1909,13582,Medium
1910,13417,Medium
1911,12227,Low
1912,12108,Medium
1913,13613,Low
1914,13611,Low
1915,12832,Low
1916,12067,Low
1917,14841,Medium
1918,15961,High
1919,15469,High
1920,8518,Low
1921,15847,Low
1922,8567,Medium
1923,16031,Medium
1924,15974,Medium
1925,15127,Medium
1926,14549,Medium
1927,13398,Medium
1928,8100,Low
1929,5341,Low
1930,1931,Low
1931,13754,Low
1932,11572,Low
1933,15771,High
1934,15725,Medium
1935,8246,Low
1936,16119,High
1937,16288,High
1938,15743,High
1939,13681,Low
1940,13202,Medium
1941,8790,Low
1942,9785,Low
1943,15647,Medium
1944,11159,Low
1945,4171,Low
1946,15831,High
1947,16238,Medium
1948,8566,Low
1949,11755,Low
1950,16474,High
1951,16165,Medium
1952,14938,Low
1953,9834,Low
1954,16470,Medium
1955,15440,Low
1956,16392,Medium
1957,15385,Medium
1958,2593,Low
1959,16454,Medium
1960,16051,Low
1961,16430,Medium
1962,16452,Medium
1963,16397,Medium
1964,16409,High
1965,9528,Low
1966,16438,Medium
1967,8556,Low
1968,16435,Medium
1969,16421,Medium
1970,16404,High
1971,16424,Medium
1972,15697,Medium
1973,16417,High
1974,15498,Medium
1975,16196,Medium
1976,16249,Medium
1977,5907,Low
1978,15340,High
1979,15778,High
1980,15549,Medium
1981,15027,Low
1982,14755,Medium
1983,14308,High
1984,14258,Low
1985,14178,Medium
1986,11112,Low
1987,15969,Low
1988,16380,Medium
1989,6183,Medium
1990,6173,High
1991,3404,Medium
1992,16375,Medium
1993,6653,Low
1994,11009,Low
1995,6505,Low
1996,15433,Medium
1997,15434,Medium
1998,13467,Low
1999,16356,Medium
2000,11761,Low
2001,16358,Medium
2002,16289,High
2003,16338,Medium
2004,16334,Medium
2005,14207,Low
2006,16335,Medium
2007,16260,Medium
2008,16329,Medium
2009,16324,High
2010,16321,High
2011,16285,High
2012,16293,High
2013,16252,High
2014,16286,High
2015,16300,Medium
2016,16297,Medium
2017,16280,Medium
2018,16283,Medium
2019,16262,High
2020,16211,High
2021,16277,Medium
2022,16274,Medium
2023,16279,Medium
2024,16133,Low
2025,16272,Medium
2026,1975,Low
2027,16269,Medium
2028,16268,Medium
2029,16266,Medium
2030,5257,Low
2031,8497,Low
2032,11974,Low
2033,16255,Medium
2034,16248,Medium
2035,16246,High
2036,16239,Medium
2037,11524,Low
2038,16140,Low
2039,16231,High
2040,10486,Low
2041,15845,High
2042,9711,Low
2043,16223,Medium
2044,16230,High
2045,15792,Low
2046,16225,Medium
2047,16171,Medium
2048,16021,Medium
2049,16072,Medium
2050,16204,High
2051,16198,Medium
2052,5959,Low
2053,15948,Medium
2054,6172,Low
2055,13785,Low
2056,16193,Medium
2057,16189,Medium
2058,16055,Medium
2059,16116,Medium
2060,14644,Low
2061,16191,Medium
2062,16175,Medium
2063,16179,Medium
2064,16180,Medium
2065,11071,Low
2066,13246,High
2067,16102,Low
2068,16167,Medium
2069,13283,Low
2070,16162,High
2071,16159,Medium
2072,16158,Medium
2073,16157,High
2074,16146,High
2075,16145,Medium
2076,16143,Low
2077,16138,Medium
2078,16135,Medium
2079,13256,Medium
2080,16129,High
2081,15392,Medium
2082,16126,Medium
2083,12961,Low
2084,14094,Low
2085,5113,Low
2086,16032,Medium
2087,16107,High
2088,16094,Medium
2089,16099,Medium
2090,16097,Medium
2091,16078,High
2092,10595,Low
2093,11068,Low
2094,8415,Medium
2095,16043,High
2096,16083,High
2097,16081,High
2098,16071,Medium
2099,15182,Low
2100,15513,Medium
2101,16062,Medium
2102,16009,Medium
2103,10894,Low
2104,11027,Low
2105,11257,Low
2106,11206,Low
2107,11191,Low
2108,12777,High
2109,16056,Medium
2110,16050,Medium
2111,16037,High
2112,16048,Medium
2113,16008,Medium
2114,13030,Low
2115,12035,Low
2116,16027,High
2117,16026,Medium
2118,6548,Low
2119,15988,Medium
2120,7498,Low
2121,13783,Low
2122,12685,Low
2123,13151,Low
2124,15911,Medium
2125,13662,Low
2126,15644,High
2127,13165,High
2128,12457,Medium
2129,13655,Low
2130,16014,Medium
2131,12575,Low
2132,16013,Medium
2133,16011,Medium
2134,16005,High
2135,7855,Low
2136,10190,Low
2137,11563,Low
2138,15510,Low
2139,6615,Low
2140,15995,Medium
2141,15981,High
2142,15978,High
2143,15984,Medium
2144,12677,High
2145,15971,Medium
2146,14579,Low
2147,13587,Medium
2148,12454,Medium
2149,12510,Low
2150,12539,Medium
2151,12548,Low
2152,12549,Medium
2153,12566,Medium
2154,12573,Low
2155,12580,Medium
2156,12647,Medium
2157,12670,Medium
2158,12679,Medium
2159,12682,Medium
2160,12732,Low
2161,12738,Medium
2162,12743,Medium
2163,12747,Low
2164,12749,Low
2165,12751,Low
2166,12845,Low
2167,12847,Medium
2168,12848,Low
2169,12849,High
2170,12869,Medium
2171,12899,Low
2172,12917,Low
2173,12932,Medium
2174,13007,Medium
2175,13008,Medium
2176,13052,Medium
2177,13073,Low
2178,13074,Medium
2179,13080,Medium
2180,13091,Low
2181,13117,Medium
2182,13119,Medium
2183,13134,Low
2184,13140,Low
2185,13164,Medium
2186,13195,Medium
2187,13233,Medium
2188,13241,Low
2189,13244,Low
2190,13255,Medium
2191,13263,Medium
2192,13273,Low
2193,13294,Medium
2194,13457,Low
2195,13336,Low
2196,13389,Medium
2197,13468,Low
2198,13490,Low
2199,13550,Low
2200,13672,Low
2201,13704,Medium
2202,13733,Medium
2203,13840,High
2204,14285,Low
2205,14366,Low
2206,15085,Medium
2207,15157,Low
2208,15175,Medium
2209,15908,Medium
2210,15949,High
2211,15885,Medium
2212,15964,High
2213,15967,Medium
2214,6465,Low
2215,4513,Low
2216,15862,Medium
2217,10378,Low
2218,11843,Low
2219,12437,Medium
2220,14485,Medium
2221,9140,Low
2222,15941,Medium
2223,15947,High
2224,12811,High
2225,15478,Medium
2226,12737,Low
2227,6341,High
2228,15943,Medium
2229,15944,High
2230,15902,High
2231,15936,Medium
2232,15937,Medium
2233,15900,Medium
2234,15925,Medium
2235,9634,High
2236,15928,Medium
2237,15926,High
2238,15896,Medium
2239,9661,Medium
2240,15921,Medium
2241,15922,Medium
2242,15117,High
2243,15909,High
2244,15918,Medium
2245,15875,High
2246,14746,Medium
2247,15912,Medium
2248,9920,Medium
2249,15913,High
2250,11813,Medium
2251,15906,Medium
2252,15903,Medium
2253,13993,Low
2254,7669,Low
2255,15899,Medium
2256,15898,Medium
2257,15897,Medium
2258,13327,High
2259,13325,Medium
2260,15884,High
2261,15881,High
2262,15880,Medium
2263,15870,Medium
2264,8172,Medium
2265,10733,Low
2266,9053,Low
2267,15876,Medium
2268,15111,Low
2269,15791,Medium
2270,15790,High
2271,15638,Medium
2272,15861,High
2273,9253,Low
2274,15859,Medium
2275,15731,Medium
2276,15829,High
2277,14313,Low
2278,15837,High
2279,6535,High
2280,6063,Low
2281,12533,Medium
2282,15789,High
2283,15295,Medium
2284,15563,Medium
2285,15640,Medium
2286,15645,Medium
2287,15726,High
2288,15830,Medium
2289,15817,High
2290,1086,Medium
2291,15827,Medium
2292,15803,Medium
2293,3417,Medium
2294,12232,High
2295,14342,Low
2296,10222,Low
2297,12124,Low
2298,15807,High
2299,15802,Medium
2300,15806,Medium
2301,15799,Medium
2302,15794,Medium
2303,15793,Medium
2304,12860,Low
2305,15768,High
2306,15427,Medium
2307,15787,Medium
2308,15788,Medium
2309,15781,Medium
2310,9334,Low
2311,15782,Medium
2312,4722,Low
2313,15748,Medium
2314,15763,Medium
2315,15766,Medium
2316,15764,Medium
2317,15756,Medium
2318,15545,High
2319,15738,High
2320,15747,High
2321,15754,Medium
2322,15192,Medium
2323,14763,Medium
2324,15733,High
2325,15741,Medium
2326,15699,Medium
2327,15727,Medium
2328,15734,Medium
2329,10422,Low
2330,9963,Low
2331,15709,Medium
2332,15214,Low
2333,14819,Low
2334,15717,High
2335,15722,High
2336,15588,High
2337,15657,High
2338,15653,High
2339,15641,High
2340,15685,Medium
2341,15718,Medium
2342,15721,High
2343,13547,Low
2344,15698,Medium
2345,15708,High
2346,15711,High
2347,15702,High
2348,15710,Medium
2349,15589,High
2350,15700,Medium
2351,15661,High
2352,14764,Medium
2353,15672,High
2354,15623,Medium
2355,14379,Low
2356,15646,Medium
2357,15637,High
2358,12007,Low
2359,4902,Low
2360,12072,Medium
2361,9094,Low
2362,15679,Medium
2363,15659,High
2364,15680,High
2365,471,Low
2366,15678,High
2367,3846,Low
2368,15629,Medium
2369,15651,High
2370,15675,Medium
2371,15550,Medium
2372,14694,Low
2373,15658,Medium
2374,11261,Low
2375,7519,Low
2376,15635,Medium
2377,15631,High
2378,13957,Low
2379,14362,Low
2380,15574,High
2381,12337,Medium
2382,15193,Medium
2383,13843,Medium
2384,15613,Medium
2385,15526,Medium
2386,9666,Low
2387,13691,High
2388,13937,Medium
2389,14160,Medium
2390,15257,Medium
2391,15599,Medium
2392,15553,High
2393,15596,Medium
2394,15594,Medium
2395,13357,Medium
2396,12301,Low
2397,13811,Medium
2398,11260,Low
2399,3747,Low
2400,4069,Low
2401,7067,Low
2402,7225,Medium
2403,9240,Medium
2404,13021,Low
2405,9807,Medium
2406,11768,Low
2407,11901,Low
2408,12577,Low
2409,12667,Medium
2410,13060,Low
2411,13199,Medium
2412,15562,High
2413,15565,Medium
2414,14954,Low
2415,15559,Medium
2416,15546,Medium
2417,6177,Low
2418,9303,Low
2419,12739,Low
2420,7881,Low
2421,9033,Medium
2422,15540,Medium
2423,11088,Low
2424,15547,Medium
2425,15534,Medium
2426,15474,Medium
2427,15532,Medium
2428,15456,Medium
2429,15529,Medium
2430,15524,High
2431,15484,Medium
2432,15242,High
2433,15046,Medium
2434,14301,Low
2435,15317,Medium
2436,5975,Medium
2437,15528,Medium
2438,15307,High
2439,15519,High
2440,6265,Low
2441,15523,Medium
2442,15500,Medium
2443,15458,High
2444,4182,Medium
2445,15479,Medium
2446,15509,High
2447,15514,Medium
2448,15431,Medium
2449,15494,Low
2450,13950,Medium
2451,13528,Low
2452,15497,Medium
2453,14553,Low
2454,15237,Medium
2455,14411,Low
2456,14510,Low
2457,9753,High
2458,15416,High
2459,11776,Low
2460,15073,Low
2461,10268,Low
2462,15414,High
2463,15477,Medium
2464,15470,High
2465,15475,High
2466,13989,Medium
2467,15476,Medium
2468,15468,Medium
2469,15454,Medium
2470,15455,High
2471,15420,Medium
2472,15115,Low
2473,15120,Medium
2474,15404,High
2475,15359,High
2476,15430,High
2477,6608,Low
2478,13399,Low
2479,9898,Medium
2480,14256,Medium
2481,15308,High
2482,15421,High
2483,15137,Medium
2484,15211,Low
2485,15343,Medium
2486,15341,Medium
2487,15293,High
2488,11647,Low
2489,15436,Medium
2490,11067,Low
2491,14515,Medium
2492,15243,Medium
2493,13948,Medium
2494,14699,High
2495,13952,High
2496,13974,Medium
2497,14012,High
2498,14032,Low
2499,14040,Medium
2500,14046,Medium
2501,14055,High
2502,14074,Low
2503,14117,Medium
2504,14122,Medium
2505,14125,Low
2506,14141,Low
2507,13516,Medium
2508,14172,Low
2509,14177,Medium
2510,14237,Low
2511,14269,Low
2512,14270,Medium
2513,14277,Medium
2514,14297,Low
2515,14311,Medium
2516,14345,Low
2517,14428,High
2518,14478,Medium
2519,14525,Low
2520,14597,Medium
2521,14711,Medium
2522,14739,Low
2523,14749,Medium
2524,14911,Medium
2525,14973,Medium
2526,15018,High
2527,15023,Medium
2528,15039,Medium
2529,15083,Medium
2530,15108,Low
2531,15123,Medium
2532,15133,High
2533,15160,Medium
2534,15174,Medium
2535,15207,Medium
2536,15236,Medium
2537,15239,Medium
2538,15261,Medium
2539,15342,Medium
2540,15355,Medium
2541,15290,Medium
2542,15369,Medium
2543,15156,Medium
2544,15415,Medium
2545,14710,Low
2546,15411,Medium
2547,15402,High
2548,15403,High
2549,14593,Medium
2550,14119,Low
2551,15234,High
2552,15299,Medium
2553,15379,High
2554,15360,Medium
2555,12211,Low
2556,10351,Low
2557,15375,Medium
2558,7823,Low
2559,15378,Medium
2560,4577,Low
2561,12266,Low
2562,7893,Low
2563,13710,Low
2564,9457,Low
2565,14353,Low
2566,13548,Medium
2567,15356,High
2568,15200,Medium
2569,13387,Medium
2570,15338,Medium
2571,15205,High
2572,15316,Medium
2573,15345,High
2574,15347,Medium
2575,15346,Medium
2576,14540,Low
2577,13926,Low
2578,15339,High
2579,15320,High
2580,15332,Medium
2581,15321,Medium
2582,12904,Low
2583,13210,Low
2584,15288,High
2585,15291,High
2586,15318,Medium
2587,15170,High
2588,4968,Low
2589,13306,Medium
2590,14385,Low
2591,8927,Low
2592,15310,Medium
2593,1910,Low
2594,15246,Medium
2595,15306,High
2596,15301,Medium
2597,15302,Medium
2598,15284,High
2599,15292,High
2600,15210,High
2601,15280,High
2602,15163,High
2603,539,Medium
2604,14725,Low
2605,15273,High
2606,15266,High
2607,7828,Low
2608,15267,Medium
2609,7691,Low
2610,15244,High
2611,983,Low
2612,15209,Medium
2613,15254,Medium
2614,15206,High
2615,8020,Low
2616,9340,Medium
2617,13347,Low
2618,15232,Medium
2619,15240,High
2620,10387,Low
2621,15118,Medium
2622,15215,High
2623,15000,Medium
2624,15230,Medium
2625,15201,Medium
2626,15161,High
2627,8489,Low
2628,15091,Medium
2629,14544,Medium
2630,6180,Low
2631,8800,Low
2632,15165,Medium
2633,8613,Low
2634,9194,Low
2635,15113,High
2636,15188,Medium
2637,10439,Low
2638,15181,Medium
2639,14324,Low
2640,14821,Medium
2641,15173,High
2642,9748,Low
2643,15086,High
2644,15169,Medium
2645,14835,Medium
2646,4519,Low
2647,12327,Medium
2648,15159,Medium
2649,13755,Low
2650,15121,High
2651,6450,Low
2652,11900,Low
2653,15155,Medium
2654,6826,Low
2655,15084,Medium
2656,15145,High
2657,15136,Medium
2658,14714,Medium
2659,10373,Low
2660,14064,Low
2661,15126,Medium
2662,15119,Medium
2663,15049,High
2664,15063,Medium
2665,15101,Medium
2666,15087,High
2667,15104,Medium
2668,15100,High
2669,14623,Low
2670,12574,Medium
2671,15054,Medium
2672,15092,Medium
2673,14330,Low
2674,14940,Medium
2675,14250,Low
2676,10765,Low
2677,15078,Medium
2678,7157,Low
2679,15081,High
2680,12908,Low
2681,15072,Medium
2682,15053,High
2683,15067,High
2684,15065,Medium
2685,14785,Medium
2686,13370,Low
2687,13111,Low
2688,9796,Low
2689,9189,Low
2690,11992,Low
2691,14883,Medium
2692,14878,Medium
2693,14872,Medium
2694,14864,Medium
2695,14862,Medium
2696,14849,High
2697,14842,Medium
2698,14836,High
2699,14813,Medium
2700,14806,Medium
2701,14805,Medium
2702,14804,Medium
2703,14796,Medium
2704,14793,Medium
2705,14784,Medium
2706,14780,Medium
2707,14773,Medium
2708,14769,Medium
2709,14768,Medium
2710,15061,Medium
2711,15051,Medium
2712,15043,Medium
2713,15033,High
2714,15013,Medium
2715,15008,Medium
2716,14987,Medium
2717,14967,High
2718,14966,High
2719,14957,Medium
2720,14956,High
2721,14953,Medium
2722,14939,High
2723,14922,Medium
2724,14919,High
2725,14915,Medium
2726,14909,Medium
2727,14903,Medium
2728,14902,Medium
2729,14894,Medium
2730,14893,High
2731,14744,Medium
2732,6095,Low
2733,11507,Low
2734,14740,Medium
2735,14733,Medium
2736,13673,Low
2737,14837,Medium
2738,14800,Low
2739,14730,Medium
2740,14677,High
2741,14586,Medium
2742,14530,Medium
2743,14498,Low
2744,14333,Medium
2745,14126,High
2746,14118,Medium
2747,13460,Low
2748,7732,Low
2749,14944,High
2750,8867,Low
2751,9954,Low
2752,7246,Low
2753,9405,Medium
2754,9423,Low
2755,14402,Low
2756,12557,Medium
2757,13065,High
2758,12215,Low
2759,11977,Low
2760,6946,Medium
2761,14664,Medium
2762,5309,Low
2763,8920,Medium
2764,9009,Medium
2765,7889,Medium
2766,7633,Low
2767,7569,Medium
2768,7210,Medium
2769,13482,Medium
2770,3185,Low
2771,7170,Low
2772,6600,Low
2773,7543,Low
2774,6731,Low
2775,10885,Medium
2776,14513,Medium
2777,13553,Low
2778,11310,High
2779,9533,Medium
2780,10521,Medium
2781,8169,Low
2782,8833,Medium
2783,6504,Low
2784,14998,High
2785,14210,Low
2786,2922,Low
2787,15012,Medium
2788,13861,Medium
2789,14881,Medium
2790,12492,Low
2791,12426,Low
2792,10112,Low
2793,14972,Medium
2794,14314,High
2795,3250,Low
2796,13044,Medium
2797,9902,Low
2798,13400,Low
2799,13879,Low
2800,13588,Low
2801,14918,Medium
2802,11311,Low
2803,14706,High
2804,14927,Medium
2805,12126,Low
2806,2692,Medium
2807,5810,High
2808,7716,Low
2809,5711,Low
2810,14066,Low
2811,7810,Low
2812,10914,Low
2813,12963,Low
2814,14457,Low
2815,14646,Medium
2816,13037,Medium
2817,14732,Medium
2818,14795,High
2819,2860,Low
2820,9492,Low
2821,14882,High
2822,13459,Low
2823,14820,Medium
2824,7323,Low
2825,7978,Low
2826,6225,Low
2827,14500,Low
2828,14572,High
2829,12691,Low
2830,14312,Low
2831,14812,Medium
2832,14839,Medium
2833,14815,High
2834,12934,Low
2835,12630,High
2836,14585,Medium
2837,13812,Low
2838,11058,Low
2839,12680,Low
2840,12244,Low
2841,14792,High
2842,14790,Medium
2843,8382,Low
2844,10234,Low
2845,13178,Medium
2846,14679,High
2847,13189,Medium
2848,12388,Low
2849,14477,Low
2850,14758,Medium
2851,4905,Low
2852,7215,Low
2853,5927,Medium
2854,14748,Medium
2855,13128,Low
2856,12498,Low
2857,14306,Medium
2858,14743,Medium
2859,4158,Low
2860,10217,Medium
2861,14702,Medium
2862,5413,Low
2863,13876,Low
2864,14735,Medium
2865,6936,Low
2866,13979,Low
2867,14716,High
2868,14085,Low
2869,14723,Medium
2870,14648,High
2871,14720,Medium
2872,14713,Medium
2873,14487,Medium
2874,14447,Low
2875,14709,Medium
2876,14691,High
2877,14705,Medium
2878,14704,High
2879,14698,High
2880,14697,Medium
2881,14693,High
2882,7106,Low
2883,3680,Low
2884,14339,Medium
2885,14563,Medium
2886,14607,Medium
2887,7554,Low
2888,14610,Medium
2889,14577,Medium
2890,13577,Low
2891,10348,Low
2892,14344,Low
2893,14621,Medium
2894,14670,High
2895,14673,Medium
2896,14653,High
2897,14667,High
2898,14159,Low
2899,12340,Low
2900,14446,High
2901,14604,Medium
2902,10109,Medium
2903,4178,Low
2904,14519,Medium
2905,14153,Low
2906,14658,Medium
2907,14652,Medium
2908,14645,Medium
2909,14475,High
2910,14654,Medium
2911,14650,Medium
2912,14452,High
2913,7152,Medium
2914,6434,Low
2915,4827,Low
2916,13706,Low
2917,9317,Low
2918,3166,Low
2919,8918,Low
2920,14534,Medium
2921,14517,Medium
2922,12438,Low
2923,12509,Low
2924,7269,Low
2925,8161,Low
2926,14615,Medium
2927,14611,Medium
2928,14499,Medium
2929,14614,Medium
2930,6973,Low
2931,12770,Low
2932,14595,Medium
2933,3531,Low
2934,14603,Medium
2935,14602,Medium
2936,13361,Low
2937,8200,Low
2938,6147,Low
2939,6678,Medium
2940,8939,Low
2941,11829,Low
2942,6780,Low
2943,5801,Low
2944,3750,Low
2945,12368,Low
2946,5334,Medium
2947,13730,Medium
2948,9138,Low
2949,12926,Low
2950,14555,Medium
2951,14496,High
2952,14463,Medium
2953,14434,Medium
2954,14303,Medium
2955,14299,High
2956,14289,Medium
2957,14286,Medium
2958,14262,High
2959,14254,Medium
2960,14189,High
2961,13988,High
2962,13742,Low
2963,13062,Medium
2964,12736,Low
2965,12664,Medium
2966,11426,Medium
2967,14401,High
2968,14251,Medium
2969,14225,Medium
2970,14124,Medium
2971,14267,High
2972,14302,Medium
2973,12894,Low
2974,14071,Low
2975,14307,High
2976,14420,High
2977,14445,High
2978,14393,High
2979,14056,High
2980,9987,Low
2981,8358,Low
2982,7622,Low
2983,13581,Low
2984,12540,Low
2985,8786,Medium
2986,14587,Medium
2987,1542,Low
2988,14582,Medium
2989,5815,Medium
2990,14575,Medium
2991,12391,Medium
2992,14573,Medium
2993,6528,Low
2994,14552,Medium
2995,14547,Medium
2996,10950,Low
2997,14331,Low
2998,13234,Medium
2999,11767,Low
3000,11709,Medium
3001,11799,High
3002,12467,Low
3003,12613,Medium
3004,14247,Medium
3005,13054,Medium
3006,13055,Low
3007,13816,Medium
3008,13225,Low
3009,13474,Low
3010,12906,Low
3011,13061,Low
3012,12084,Low
3013,12634,Medium
3014,13381,Medium
3015,11909,Medium
3016,13740,Low
3017,14522,Medium
3018,6717,Low
3019,4944,Low
3020,11534,Low
3021,14346,Medium
3022,12001,Low
3023,14516,Medium
3024,9522,Low
3025,14514,Medium
3026,14512,Medium
3027,14509,Medium
3028,11562,Low
3029,14391,High
3030,11322,Low
3031,14493,Medium
3032,14490,Medium
3033,14455,Medium
3034,14182,Medium
3035,14130,Low
3036,13966,Medium
3037,13749,Medium
3038,12721,Low
3039,9981,Low
3040,6772,High
3041,14195,High
3042,14208,Medium
3043,14472,High
3044,14470,High
3045,10534,Low
3046,14468,Medium
3047,14334,High
3048,14464,High
3049,9716,Low
3050,13628,Low
3051,11029,Low
3052,14451,Medium
3053,14167,High
3054,7328,Low
3055,13752,Medium
3056,9200,Low
3057,14440,Medium
3058,14404,High
3059,14364,Medium
3060,14435,Medium
3061,12278,Low
3062,12006,Low
3063,9265,Low
3064,14426,High
3065,14418,Medium
3066,3717,Low
3067,14268,Low
3068,14413,Medium
3069,13841,Medium
3070,14408,Medium
3071,14409,Medium
3072,14376,Medium
3073,14359,High
3074,7316,Low
3075,14396,Medium
3076,11136,Low
3077,14367,High
3078,14381,Medium
3079,14382,High
3080,14389,Medium
3081,14388,Medium
3082,14384,Medium
3083,14377,Medium
3084,14371,Medium
3085,7970,Low
3086,13150,Low
3087,13882,High
3088,7059,High
3089,5963,Low
3090,1879,Low
3091,7868,Low
3092,9127,Low
3093,13609,Medium
3094,14223,Low
3095,14341,Medium
3096,14335,Medium
3097,14336,Medium
3098,14328,Medium
3099,14329,Medium
3100,14327,High
3101,14279,Medium
3102,14323,Medium
3103,14325,Medium
3104,13359,Medium
3105,5224,Low
3106,12522,Low
3107,13341,Low
3108,13657,Low
3109,14305,High
3110,12300,Low
3111,14230,Medium
3112,14300,Medium
3113,14287,Low
3114,14292,High
3115,14290,High
3116,14291,High
3117,14280,Medium
3118,14278,High
3119,14264,Medium
3120,14191,Medium
3121,14276,Medium
3122,14272,High
3123,14271,Medium
3124,14235,High
3125,14255,High
3126,3921,Low
3127,14261,High
3128,12605,Low
3129,14227,High
3130,588,Low
3131,14244,Medium
3132,14233,High
3133,11132,Low
3134,14249,Medium
3135,14248,Medium
3136,14243,Medium
3137,14245,Medium
3138,14229,High
3139,14226,High
3140,14242,Medium
3141,13739,High
3142,13637,Low
3143,14209,High
3144,14099,High
3145,14234,Medium
3146,14219,High
3147,14232,Medium
3148,3804,Low
3149,10386,Medium
3150,10749,Low
3151,14218,Medium
3152,11006,Low
3153,14198,Medium
3154,14180,Medium
3155,4046,Low
3156,13753,Low
3157,9292,Low
3158,14008,High
3159,13992,Medium
3160,13770,Medium
3161,14162,Medium
3162,14132,Medium
3163,14128,Medium
3164,14108,Medium
3165,14075,High
3166,13466,Medium
3167,14217,Medium
3168,4458,Low
3169,11078,Low
3170,13355,Low
3171,14205,Medium
3172,11854,Low
3173,14194,High
3174,14181,High
3175,14169,High
3176,11936,Low
3177,14168,Medium
3178,10488,Low
3179,9229,Medium
3180,14156,High
3181,14150,Medium
3182,11189,High
3183,14139,Medium
3184,14140,Medium
3185,14138,Medium
3186,10747,Medium
3187,8734,Low
3188,10079,Low
3189,7782,Low
3190,3530,High
3191,6171,Medium
3192,14105,High
3193,12304,Medium
3194,13183,Low
3195,8616,High
3196,14109,Medium
3197,14106,Medium
3198,14102,Medium
3199,13426,Low
3200,7998,Low
3201,2888,Low
3202,3934,Low
3203,7177,Low
3204,13332,Medium
3205,13839,Medium
3206,14035,Medium
3207,14053,High
3208,14060,Low
3209,14067,Medium
3210,13047,Medium
3211,14054,Medium
3212,14027,High
3213,10460,Low
3214,13985,High
3215,14048,High
3216,14044,Medium
3217,14047,Medium
3218,13418,Medium
3219,13626,Medium
3220,14039,Medium
3221,14038,High
3222,14036,Medium
3223,12754,Medium
3224,13991,High
3225,14031,Medium
3226,14025,Medium
3227,5276,Low
3228,13836,High
3229,14010,Medium
3230,14020,Medium
3231,14009,High
3232,13897,Medium
3233,13344,Medium
3234,13998,Medium
3235,13984,High
3236,13990,Medium
3237,13645,Medium
3238,13701,Medium
3239,13160,Low
3240,13059,Low
3241,9916,Low
3242,7212,Low
3243,5214,Medium
3244,3528,Low
3245,4018,Medium
3246,6715,Medium
3247,4337,Low
3248,3689,Medium
3249,13170,Low
3250,13945,Medium
3251,13744,Medium
3252,2305,Medium
3253,4775,Low
3254,11514,Low
3255,1834,Low
3256,12206,Low
3257,13396,Medium
3258,9544,Low
3259,13947,Medium
3260,13940,Medium
3261,13946,Medium
3262,13944,High
3263,13941,Medium
3264,11405,Low
3265,11810,Low
3266,13226,Low
3267,13378,Medium
3268,4473,Low
3269,13251,High
3270,11028,High
3271,13005,Low
3272,13774,High
3273,13896,High
3274,4770,Medium
3275,3893,Medium
3276,3889,Medium
3277,3802,Low
3278,3366,Low
3279,3308,Low
3280,3284,Low
3281,2974,Low
3282,2857,Low
3283,2814,Low
3284,7719,Medium
3285,10055,Low
3286,10054,Low
3287,7052,Low
3288,8758,Low
3289,13194,Medium
3290,13828,Medium
3291,13795,High
3292,13413,Medium
3293,13898,Medium
3294,4447,Low
3295,13880,High
3296,13899,Medium
3297,13794,High
3298,5234,Medium
3299,4070,Low
3300,3601,Low
3301,13862,Medium
3302,13883,High
3303,13826,High
3304,13887,Medium
3305,13881,Medium
3306,8689,High
3307,13852,High
3308,13877,High
3309,13847,High
3310,11545,Low
3311,13870,Medium
3312,13854,High
3313,5267,Low
3314,13863,High
3315,13834,High
3316,10685,Low
3317,13833,High
3318,12810,Medium
3319,13827,Medium
3320,12865,Medium
3321,13806,High
3322,13817,Medium
3323,7414,Medium
3324,13814,Medium
3325,13772,High
3326,12163,High
3327,13809,Medium
3328,13810,Medium
3329,13807,Medium
3330,13527,Medium
3331,12922,Medium
3332,6641,Low
3333,13328,Low
3334,13116,Medium
3335,13272,Medium
3336,13804,Medium
3337,13805,Medium
3338,1550,Low
3339,8436,Low
3340,11204,Low
3341,13495,High
3342,12170,Low
3343,13797,Medium
3344,13619,High
3345,13781,High
3346,12284,Medium
3347,13750,Medium
3348,13786,High
3349,13721,Medium
3350,13784,High
3351,13738,Medium
3352,6994,Low
3353,13782,High
3354,2932,Low
3355,2956,Low
3356,13775,Medium
3357,12785,Low
3358,13567,Medium
3359,10706,Low
3360,6082,Low
3361,13771,High
3362,13539,Medium
3363,13679,High
3364,12795,High
3365,1781,Medium
3366,13685,High
3367,4301,Low
3368,955,Low
3369,13329,High
3370,13419,High
3371,13736,Medium
3372,6552,Low
3373,13305,Medium
3374,13648,High
3375,11645,Medium
3376,10056,Low
3377,13678,High
3378,13726,High
3379,5966,Low
3380,12784,Low
3381,13600,High
3382,13723,Medium
3383,11327,Low
3384,13718,Medium
3385,13719,Medium
3386,13610,Medium
3387,13702,Medium
3388,13705,Medium
3389,13707,Medium
3390,13636,Low
3391,13644,Low
3392,13668,Medium
3393,3807,Low
3394,13682,Medium
3395,11017,Low
3396,13671,High
3397,13661,Medium
3398,13659,Medium
3399,13322,Medium
3400,13656,Medium
3401,13365,Low
3402,8160,Low
3403,13565,High
3404,13369,High
3405,13485,Medium
3406,7724,Low
3407,13557,Medium
3408,13452,Medium
3409,13394,Medium
3410,13372,High
3411,13366,Medium
3412,12346,Medium
3413,13148,Medium
3414,12888,Low
3415,13224,Medium
3416,12202,Medium
3417,12075,Medium
3418,12049,Low
3419,11967,Medium
3420,12213,Medium
3421,13461,Medium
3422,13254,Medium
3423,12690,Low
3424,7892,Low
3425,1907,Medium
3426,13364,Medium
3427,13162,Medium
3428,10314,Medium
3429,6613,Low
3430,13623,Medium
3431,13617,Medium
3432,13618,Medium
3433,13598,High
3434,13614,High
3435,13602,Medium
3436,10586,Medium
3437,13375,Medium
3438,13599,Medium
3439,13520,High
3440,13531,Medium
3441,11985,Medium
3442,13590,Medium
3443,12954,Low
3444,13492,Medium
3445,13085,High
3446,11054,Low
3447,13406,High
3448,13507,High
3449,906,Low
3450,5250,Low
3451,10165,Low
3452,13098,Low
3453,13097,Low
3454,5561,Low
3455,13395,Medium
3456,2121,Low
3457,13453,Medium
3458,13524,Medium
3459,13525,Medium
3460,13521,High
3461,13499,Medium
3462,13505,Medium
3463,13383,Medium
3464,2019,Low
3465,13458,High
3466,13484,Medium
3467,12837,Medium
3468,13478,Medium
3469,9396,Low
3470,6040,Medium
3471,10147,Low
3472,3785,Low
3473,12188,Low
3474,9197,Medium
3475,8761,Low
3476,8903,Low
3477,8733,Low
3478,8911,Medium
3479,10712,Medium
3480,6161,Low
3481,9507,Low
3482,12250,Low
3483,13438,Medium
3484,13465,Medium
3485,13455,Medium
3486,13297,Medium
3487,13050,Low
3488,13258,Medium
3489,7396,Low
3490,13393,Medium
3491,4237,Low
3492,13432,Medium
3493,10416,Low
3494,7275,Low
3495,10364,Low
3496,10345,Low
3497,10340,Medium
3498,10223,Medium
3499,10157,Medium
3500,9859,Medium
3501,9832,Medium
3502,9769,Medium
3503,9758,Medium
3504,9754,Medium
3505,9751,High
3506,9692,High
3507,9651,High
3508,9633,Medium
3509,9499,Medium
3510,9433,Medium
3511,9286,Medium
3512,9285,Medium
3513,9256,Medium
3514,9232,High
3515,9216,Medium
3516,9211,High
3517,9170,High
3518,9168,High
3519,9165,Low
3520,9134,Medium
3521,9133,Medium
3522,9110,High
3523,9104,Medium
3524,9048,High
3525,9031,High
3526,9023,High
3527,8980,Medium
3528,8914,Medium
3529,8881,Medium
3530,8796,High
3531,8731,Low
3532,8643,Low
3533,8641,Medium
3534,8527,Medium
3535,8522,Low
3536,8493,Medium
3537,8485,Medium
3538,8308,High
3539,8295,High
3540,8148,High
3541,8091,Medium
3542,8079,Medium
3543,8074,Medium
3544,8005,Medium
3545,7974,High
3546,7959,Medium
3547,7935,Low
3548,7911,Medium
3549,7864,Medium
3550,7824,High
3551,7809,Low
3552,7784,Medium
3553,7714,Low
3554,7659,Medium
3555,7656,Low
3556,7617,Low
3557,7608,High
3558,7566,High
3559,7558,Medium
3560,7557,Medium
3561,7532,Low
3562,7483,Medium
3563,7477,Low
3564,7439,Low
3565,7428,Low
3566,7427,High
3567,7367,Medium
3568,7331,High
3569,7285,Medium
3570,7270,Medium
3571,7267,High
3572,7241,Medium
3573,7240,Medium
3574,7233,Medium
3575,7211,Medium
3576,7191,Medium
3577,7160,Low
3578,7159,High
3579,7134,Medium
3580,7070,High
3581,7060,Low
3582,6974,Medium
3583,6877,Medium
3584,6869,Low
3585,6864,Medium
3586,6854,Low
3587,6822,Medium
3588,6781,Low
3589,6771,Medium
3590,6768,Medium
3591,6745,High
3592,6744,Medium
3593,6743,High
3594,6739,Medium
3595,6729,Medium
3596,6716,Low
3597,6707,High
3598,6660,Low
3599,6633,Medium
3600,6619,Medium
3601,6616,High
3602,6592,Low
3603,6576,High
3604,6575,Medium
3605,6564,Low
3606,6558,High
3607,6536,Medium
3608,6526,Medium
3609,6507,Medium
3610,6492,Medium
3611,6443,Medium
3612,6442,High
3613,6439,Medium
3614,6426,Low
3615,6408,Medium
3616,6402,Medium
3617,6349,High
3618,6339,Medium
3619,6329,Medium
3620,6312,Medium
3621,6308,Low
3622,6306,High
3623,6302,Medium
3624,6299,Medium
3625,6283,Medium
3626,6272,Medium
3627,6270,Medium
3628,6269,Medium
3629,6268,Low
3630,6267,Medium
3631,6266,Medium
3632,6247,Medium
3633,6236,Medium
3634,6170,Medium
3635,6139,Low
3636,6126,Low
3637,6062,High
3638,6037,Low
3639,6033,Medium
3640,6017,Medium
3641,6001,Medium
3642,5992,High
3643,5968,Medium
3644,5915,Medium
3645,5908,Medium
3646,5906,Medium
3647,5865,Low
3648,5855,Low
3649,5839,Medium
3650,5499,Low
3651,5475,Medium
3652,5402,Medium
3653,5350,Medium
3654,5328,Medium
3655,5318,Medium
3656,5298,Medium
3657,5231,Medium
3658,5216,Medium
3659,5205,Medium
3660,5186,High
3661,5173,Medium
3662,5165,Medium
3663,5124,Low
3664,5108,Medium
3665,5048,Medium
3666,5024,Low
3667,5003,Medium
3668,4998,Medium
3669,4983,Medium
3670,4954,Medium
3671,4952,Medium
3672,4933,Medium
3673,4920,Low
3674,4880,Medium
3675,4852,High
3676,4847,Medium
3677,4785,Medium
3678,4760,Medium
3679,4750,Low
3680,4740,Medium
3681,4698,Low
3682,4665,Low
3683,4663,Low
3684,4634,Medium
3685,4586,Low
3686,4566,Medium
3687,4537,Medium
3688,4530,Medium
3689,4523,High
3690,4522,Medium
3691,4428,Medium
3692,4365,Medium
3693,4353,Medium
3694,4333,Medium
3695,4329,Medium
3696,4321,Low
3697,4228,Medium
3698,4172,Medium
3699,4139,Low
3700,4136,High
3701,4124,Low
3702,4033,Low
3703,4030,Medium
3704,4027,Medium
3705,4015,Low
3706,3969,Low
3707,3949,Medium
3708,3945,Medium
3709,3931,Medium
3710,3902,Medium
3711,3848,Medium
3712,3847,Medium
3713,3844,Medium
3714,3839,Medium
3715,3831,High
3716,3830,Medium
3717,3815,Low
3718,3798,Medium
3719,3797,Medium
3720,3796,Medium
3721,3794,High
3722,3793,High
3723,3792,Medium
3724,3780,Medium
3725,3729,Low
3726,3723,Low
3727,3661,Low
3728,3660,Medium
3729,3646,Medium
3730,3620,Medium
3731,3609,Low
3732,3589,Low
3733,3580,Medium
3734,3563,Low
3735,3536,Medium
3736,3506,Medium
3737,3493,Medium
3738,3412,Medium
3739,3401,Medium
3740,3399,Low
3741,3389,Low
3742,3374,Medium
3743,3350,Medium
3744,3211,Low
3745,3205,Low
3746,3165,Low
3747,3161,Medium
3748,3160,Medium
3749,3120,Medium
3750,3114,Low
3751,3110,Medium
3752,3099,Low
3753,3082,Low
3754,3051,Medium
3755,3032,Medium
3756,3014,Medium
3757,3013,High
3758,3001,Medium
3759,2966,Low
3760,2955,Medium
3761,2948,Low
3762,2930,Medium
3763,2890,Medium
3764,2829,Low
3765,2620,Low
3766,2611,Medium
3767,2467,Medium
3768,2294,Low
3769,2134,Low
3770,1926,Medium
3771,1678,Medium
3772,1633,Low
3773,1568,Low
3774,1491,Low
3775,1459,Low
3776,1380,Low
3777,1274,Low
3778,1058,Low
3779,1050,Low
3780,1040,Medium
3781,1024,Low
3782,729,Medium
3783,459,Low
3784,432,Low
3785,315,Low
3786,7293,Low
3787,13411,High
3788,9251,Low
3789,13409,Medium
3790,13410,Medium
3791,12184,Low
3792,13382,Medium
3793,11582,Low
3794,13384,Medium
3795,13392,Medium
3796,11065,Low
3797,12870,High
3798,12914,High
3799,3581,Low
3800,13303,Medium
3801,13380,High
3802,10854,Low
3803,13213,Medium
3804,12797,Low
3805,13318,Medium
3806,13143,High
3807,6324,Low
3808,13351,High
3809,13346,Medium
3810,13331,High
3811,13262,High
3812,13232,Medium
3813,13171,High
3814,13144,Medium
3815,13112,Medium
3816,13108,Low
3817,13079,Low
3818,13069,High
3819,13045,High
3820,12936,Medium
3821,12834,Medium
3822,12842,Medium
3823,12662,High
3824,12196,Medium
3825,11766,Medium
3826,13039,High
3827,11499,Low
3828,6704,Low
3829,12919,Medium
3830,11596,Medium
3831,12285,Low
3832,7214,Low
3833,12722,Medium
3834,12938,Medium
3835,12358,Medium
3836,11102,Low
3837,9706,Low
3838,338,Low
3839,12955,High
3840,12277,Low
3841,13339,Medium
3842,12436,Medium
3843,12068,Medium
3844,12225,Low
3845,12248,Medium
3846,12258,Medium
3847,12331,Medium
3848,12367,Medium
3849,13071,Medium
3850,13309,Medium
3851,13310,Medium
3852,13308,Medium
3853,12002,Low
3854,13290,Medium
3855,10973,Low
3856,13271,Medium
3857,13257,Medium
3858,12255,Low
3859,12256,High
3860,12392,Low
3861,13260,High
3862,13264,High
3863,4474,Low
3864,13247,Medium
3865,6187,Low
3866,11590,Low
3867,11772,Medium
3868,13084,High
3869,12907,Medium
3870,2197,Low
3871,13176,Medium
3872,13196,Medium
3873,13113,Medium
3874,13239,Medium
3875,12935,High
3876,12841,Medium
3877,13222,Medium
3878,13206,High
3879,13208,Medium
3880,13207,Medium
3881,12531,Low
3882,7279,Low
3883,12924,Medium
3884,13185,Medium
3885,6182,Low
3886,13191,Medium
3887,13190,Medium
3888,13188,Medium
3889,13184,Medium
3890,11467,Low
3891,13177,Medium
3892,13152,High
3893,13086,Medium
3894,10619,Low
3895,8209,Low
3896,13131,High
3897,13035,Medium
3898,12976,Medium
3899,13127,High
3900,12139,Low
3901,13121,High
3902,13106,High
3903,13107,High
3904,12312,Low
3905,12033,Low
3906,13017,Medium
3907,12162,Low
3908,13029,Medium
3909,13095,Medium
3910,12875,Low
3911,12314,Low
3912,10838,Low
3913,12999,Medium
3914,12681,Medium
3915,12946,Medium
3916,13058,High
3917,12964,High
3918,11677,Low
3919,11605,Low
3920,9532,Low
3921,13043,Medium
3922,12978,Medium
3923,13040,High
3924,10895,Low
3925,13014,Medium
3926,13006,High
3927,12988,Medium
3928,13018,High
3929,13016,Medium
3930,13002,Medium
3931,13013,High
3932,12990,Medium
3933,12724,High
3934,13003,Medium
3935,12998,Medium
3936,12887,High
3937,12989,High
3938,12960,Medium
3939,12876,High
3940,12921,Medium
3941,7513,Low
3942,8342,Low
3943,12981,Medium
3944,12750,High
3945,12962,Medium
3946,12867,Medium
3947,12864,Medium
3948,12949,Medium
3949,12871,High
3950,12933,Medium
3951,12923,Medium
3952,12927,Medium
3953,12905,Medium
3954,12920,Medium
3955,11049,Low
3956,12915,Medium
3957,12916,High
3958,11526,Low
3959,11588,Low
3960,5985,Low
3961,12893,High
3962,9046,Low
3963,12891,High
3964,11722,Low
3965,12185,Low
3966,541,Low
3967,12883,Medium
3968,12862,Medium
3969,7766,Low
3970,12868,High
3971,12866,Medium
3972,4487,Low
3973,8601,Low
3974,12781,Medium
3975,12768,High
3976,12762,High
3977,12694,High
3978,12666,Medium
3979,10816,Low
3980,9477,Low
3981,12655,High
3982,12836,Medium
3983,12853,Medium
3984,12839,High
3985,12846,High
3986,12826,Medium
3987,12835,Medium
3988,12813,Medium
3989,12815,High
3990,12683,Low
3991,12789,Medium
3992,12651,Medium
3993,12015,Low
3994,10801,Low
3995,10254,Low
3996,12411,Low
3997,12627,High
3998,12656,Low
3999,12804,Medium
4000,12734,Medium
4001,12676,Medium
4002,7366,Low
4003,12671,Medium
4004,12772,High
4005,12769,Medium
4006,12600,High
4007,12597,Medium
4008,12594,Medium
4009,12598,Medium
4010,12599,Medium
4011,12596,Medium
4012,12595,Medium
4013,12641,Low
4014,12765,High
4015,11778,High
4016,7039,Low
4017,12718,Medium
4018,12409,High
4019,12753,Medium
4020,12745,Medium
4021,12723,Medium
4022,10777,Low
4023,12712,High
4024,462,Low
4025,12713,Medium
4026,12715,Medium
4027,12353,Medium
4028,12701,High
4029,1680,Low
4030,12397,Low
4031,12399,Low
4032,12417,Medium
4033,12673,High
4034,12674,High
4035,11089,Low
4036,12665,Medium
4037,12601,Medium
4038,7556,Low
4039,12280,Low
4040,12168,High
4041,10757,Low
4042,12527,Medium
4043,12507,Medium
4044,12504,High
4045,10029,Medium
4046,12559,High
4047,9263,Low
4048,9056,Medium
4049,10129,Low
4050,6227,Low
4051,6609,Low
4052,12588,High
4053,11825,Low
4054,12369,Medium
4055,12643,High
4056,12625,High
4057,12590,High
4058,10652,High
4059,11660,Medium
4060,12637,Medium
4061,12451,High
4062,12373,Low
4063,12544,Medium
4064,12465,High
4065,12560,Medium
4066,12281,High
4067,11410,Low
4068,10605,High
4069,9162,Low
4070,6365,Medium
4071,6064,Low
4072,12359,Medium
4073,12344,High
4074,12334,High
4075,11986,Low
4076,9063,Low
4077,12101,High
4078,11999,High
4079,11710,Medium
4080,12579,Low
4081,12497,Medium
4082,11765,Medium
4083,11838,Low
4084,11993,Low
4085,9739,Low
4086,12612,Medium
4087,12302,Low
4088,12604,High
4089,9129,Low
4090,11959,Medium
4091,11669,Medium
4092,12567,High
4093,8119,Low
4094,12585,Medium
4095,12583,High
4096,9840,Low
4097,9783,Low
4098,12571,High
4099,12572,Medium
4100,12569,Medium
4101,12307,High
4102,12565,Medium
4103,12563,Medium
4104,12132,Low
4105,12554,Medium
4106,11960,High
4107,12322,Low
4108,5123,Medium
4109,12513,High
4110,12536,High
4111,12484,Medium
4112,12523,Medium
4113,10583,Low
4114,2543,Low
4115,12512,High
4116,12517,Medium
4117,12455,Medium
4118,12508,High
4119,6644,Low
4120,10137,Low
4121,4941,Low
4122,12474,Medium
4123,12439,Medium
4124,12456,High
4125,12471,Medium
4126,12477,Medium
4127,10102,Low
4128,2984,Low
4129,12452,High
4130,3464,Low
4131,10316,Low
4132,8554,Low
4133,12441,Medium
4134,12435,High
4135,12105,Low
4136,12371,Medium
4137,12362,High
4138,12429,High
4139,1984,Low
4140,12402,High
4141,4776,Low
4142,11818,Medium
4143,12384,Medium
4144,12382,Medium
4145,9745,Low
4146,12372,Medium
4147,9586,Low
4148,11996,Low
4149,8348,Low
4150,6000,Low
4151,12313,High
4152,7470,Low
4153,10186,Medium
4154,4446,Low
4155,4925,Medium
4156,12360,Medium
4157,12156,High
4158,9755,Low
4159,7652,Low
4160,5315,Medium
4161,7904,Low
4162,12351,High
4163,8716,Low
4164,10125,Low
4165,12341,Medium
4166,400,Low
4167,6090,Low
4168,11183,Low
4169,12335,High
4170,12296,Medium
4171,12318,Medium
4172,12317,Medium
4173,12261,High
4174,9927,Low
4175,12113,Medium
4176,12117,High
4177,5195,Low
4178,3702,Low
4179,12090,High
4180,7930,Medium
4181,7303,Low
4182,6121,Low
4183,3622,Low
4184,1670,Low
4185,10253,Low
4186,5229,Low
4187,6371,Medium
4188,10168,Low
4189,562,Low
4190,12290,High
4191,12306,Medium
4192,12315,Medium
4193,5230,Low
4194,9890,Medium
4195,2786,Low
4196,5109,Low
4197,8837,Medium
4198,12178,Medium
4199,11935,Medium
4200,7898,Low
4201,7165,Low
4202,12291,High
4203,12175,High
4204,6880,Low
4205,12201,High
4206,9944,Medium
4207,11866,Medium
4208,6330,Medium
4209,2466,Low
4210,12282,Medium
4211,8942,Low
4212,4381,Low
4213,4198,Medium
4214,3613,Low
4215,12193,High
4216,776,Low
4217,12273,Medium
4218,12030,Low
4219,11566,Low
4220,604,Low
4221,12037,Medium
4222,12260,Medium
4223,12142,Medium
4224,8747,Medium
4225,12228,Low
4226,11795,Low
4227,12027,Medium
4228,11758,Low
4229,12216,Medium
4230,12237,Medium
4231,10638,High
4232,12231,Medium
4233,12229,High
4234,3946,High
4235,6159,Low
4236,10723,Medium
4237,12155,High
4238,9108,High
4239,10487,Low
4240,12031,High
4241,12172,Medium
4242,12166,High
4243,12187,Medium
4244,12198,Medium
4245,12205,Medium
4246,12209,High
4247,8143,Low
4248,12143,Medium
4249,10298,Low
4250,12138,Medium
4251,12062,High
4252,11030,Medium
4253,10609,Medium
4254,10666,Medium
4255,8987,Low
4256,10612,Medium
4257,10325,Low
4258,11178,Low
4259,11945,Medium
4260,11865,Low
4261,11716,Low
4262,12147,High
4263,12134,Medium
4264,10814,Low
4265,12122,Medium
4266,12078,High
4267,12065,High
4268,12043,High
4269,12116,High
4270,12115,High
4271,12014,High
4272,12063,High
4273,12069,High
4274,12096,Medium
4275,11981,High
4276,12097,Medium
4277,12088,Medium
4278,11980,Low
4279,12089,Medium
4280,12082,Medium
4281,12086,High
4282,11713,Medium
4283,12064,High
4284,12050,Medium
4285,12041,Medium
4286,11538,Low
4287,11258,Medium
4288,12083,Medium
4289,4185,Low
4290,12079,Medium
4291,12080,Medium
4292,6640,Low
4293,11731,Medium
4294,11950,High
4295,12053,Medium
4296,12025,Medium
4297,12044,Medium
4298,10211,Medium
4299,11998,Medium
4300,11994,Medium
4301,5050,Low
4302,12005,Medium
4303,11952,Medium
4304,11939,Medium
4305,11944,Medium
4306,11947,Medium
4307,11951,Medium
4308,6770,Low
4309,12052,Medium
4310,11978,Medium
4311,12046,Medium
4312,3490,Low
4313,9109,Low
4314,12000,High
4315,12036,High
4316,5288,Low
4317,11363,Low
4318,12057,Medium
4319,12051,High
4320,9283,Low
4321,11884,High
4322,10177,Medium
4323,8912,Medium
4324,12034,High
4325,11754,Medium
4326,7386,Low
4327,12055,Medium
4328,12054,Medium
4329,12056,Medium
4330,9702,Low
4331,9707,Low
4332,10517,Medium
4333,10516,Low
4334,6416,Low
4335,6111,Low
4336,12028,High
4337,6006,Low
4338,12039,Medium
4339,12032,Medium
4340,12026,Medium
4341,11172,Low
4342,5978,Low
4343,11622,Medium
4344,11239,Medium
4345,7565,Medium
4346,9249,Medium
4347,10841,Low
4348,11520,Medium
4349,10614,Medium
4350,11726,Medium
4351,11815,High
4352,8491,Low
4353,9919,Medium
4354,9733,Medium
4355,11624,Medium
4356,11739,Medium
4357,9107,Low
4358,10790,Low
4359,11531,Medium
4360,11569,Low
4361,11570,Low
4362,11654,Medium
4363,11695,Medium
4364,11732,High
4365,11746,Medium
4366,11774,Medium
4367,11808,Medium
4368,11827,Low
4369,11845,High
4370,11860,Low
4371,11872,High
4372,11882,Medium
4373,11874,Medium
4374,11963,Medium
4375,11975,Medium
4376,11987,Medium
4377,10312,Low
4378,11176,Low
4379,11957,Medium
4380,11968,Medium
4381,11965,Low
4382,11707,Low
4383,8812,Low
4384,11589,Medium
4385,11835,Medium
4386,6797,Low
4387,11982,Medium
4388,11984,Medium
4389,11737,Low
4390,11964,Medium
4391,11971,Medium
4392,5392,Low
4393,11157,Low
4394,11955,Medium
4395,11956,Medium
4396,11954,Medium
4397,11859,Medium
4398,11948,High
4399,11946,Medium
4400,11940,High
4401,10105,Low
4402,11943,Medium
4403,11934,High
4404,11932,Medium
4405,11913,High
4406,11912,Medium
4407,11911,Medium
4408,11910,Medium
4409,10343,Low
4410,11822,Low
4411,11152,Low
4412,8673,Low
4413,11902,Medium
4414,11851,Medium
4415,11864,Medium
4416,11888,Medium
4417,11712,Medium
4418,11879,Medium
4419,11880,Medium
4420,9446,Medium
4421,11862,Medium
4422,11525,Low
4423,11869,High
4424,11863,Medium
4425,11861,Medium
4426,11856,Medium
4427,11403,Low
4428,11842,Medium
4429,11855,High
4430,6762,Low
4431,11847,High
4432,11846,High
4433,11840,Medium
4434,11824,Medium
4435,11821,Medium
4436,11832,Medium
4437,10221,Low
4438,11623,High
4439,11061,Medium
4440,11451,Medium
4441,11637,High
4442,9274,Low
4443,11706,Medium
4444,11809,Medium
4445,11688,High
4446,11798,High
4447,7791,Low
4448,3111,Low
4449,10275,Low
4450,11734,Medium
4451,11730,Low
4452,11016,Medium
4453,11723,Medium
4454,11640,Medium
4455,11591,Medium
4456,6448,Low
4457,11594,Low
4458,11495,Medium
4459,11568,High
4460,11728,High
4461,11108,Low
4462,5852,Low
4463,8337,Low
4464,4910,Low
4465,9077,Low
4466,9877,Low
4467,8713,Low
4468,9960,Medium
4469,9214,Medium
4470,5364,Low
4471,10134,Low
4472,9697,Low
4473,10377,Low
4474,6614,Low
4475,6069,Low
4476,5208,Low
4477,5347,Low
4478,8792,Medium
4479,10858,Low
4480,11550,Medium
4481,11791,Medium
4482,2541,Low
4483,10127,Low
4484,11777,Medium
4485,11546,High
4486,11764,Medium
4487,5367,Low
4488,11759,Medium
4489,11752,High
4490,9291,Medium
4491,11751,Medium
4492,11692,Medium
4493,9024,Low
4494,10703,Medium
4495,11705,High
4496,7242,Medium
4497,10645,Low
4498,11580,Medium
4499,11658,Medium
4500,11617,Medium
4501,11614,Medium
4502,11680,Medium
4503,7140,Low
4504,11626,Medium
4505,11620,Medium
4506,11549,Medium
4507,11074,Low
4508,11543,Medium
4509,4485,Low
4510,11666,Medium
4511,11648,Medium
4512,11641,Low
4513,11618,Medium
4514,11612,Medium
4515,11600,High
4516,11593,Low
4517,11587,Medium
4518,11575,High
4519,11573,Medium
4520,11565,Medium
4521,11564,Medium
4522,11560,Medium
4523,11552,Medium
4524,11523,Medium
4525,11522,Low
4526,11518,Low
4527,11673,Medium
4528,11671,Medium
4529,9842,Low
4530,11494,Medium
4531,11581,Medium
4532,11558,Medium
4533,7987,Low
4534,11446,High
4535,11459,Medium
4536,10625,Medium
4537,11667,Medium
4538,11664,Medium
4539,10730,Low
4540,10797,Low
4541,11039,Low
4542,11586,Medium
4543,11657,Medium
4544,11656,Medium
4545,11636,Medium
4546,11628,Medium
4547,11155,Medium
4548,11611,Medium
4549,9419,High
4550,9078,Low
4551,4111,Low
4552,11452,High
4553,11608,Medium
4554,11607,High
4555,11609,Medium
4556,11604,Medium
4557,11599,Medium
4558,11603,High
4559,11602,Medium
4560,11535,Medium
4561,11352,Medium
4562,2970,Low
4563,11592,Medium
4564,11595,Medium
4565,11431,Medium
4566,11583,Medium
4567,11574,Medium
4568,11527,High
4569,11464,High
4570,11486,High
4571,11493,Medium
4572,11450,Medium
4573,11460,Medium
4574,9191,Low
4575,11370,High
4576,9899,Low
4577,11116,Medium
4578,11576,Medium
4579,10596,Medium
4580,11436,Medium
4581,11419,Medium
4582,11567,Medium
4583,2683,High
4584,11554,Medium
4585,11519,Medium
4586,11458,High
4587,11508,High
4588,5193,Low
4589,3395,Low
4590,11323,High
4591,10949,Low
4592,11489,High
4593,11536,Medium
4594,11468,Medium
4595,6538,Medium
4596,11439,High
4597,11390,Medium
4598,11513,Medium
4599,11145,Medium
4600,11432,Medium
4601,11512,Medium
4602,5493,Low
4603,7545,Low
4604,7224,Low
4605,11441,Medium
4606,11509,Medium
4607,11515,Medium
4608,11371,Medium
4609,7218,Low
4610,11491,High
4611,11498,High
4612,11466,Medium
4613,11496,High
4614,11389,Medium
4615,11478,High
4616,11474,Medium
4617,11470,Medium
4618,11461,High
4619,11453,Medium
4620,11443,Medium
4621,11440,Medium
4622,11437,Medium
4623,11402,Medium
4624,11396,Low
4625,11394,Medium
4626,11393,Medium
4627,11391,Medium
4628,11388,Medium
4629,11329,Medium
4630,11492,Medium
4631,11490,Medium
4632,11282,Low
4633,2718,Low
4634,11479,Medium
4635,11480,Medium
4636,11477,Medium
4637,11187,Medium
4638,11462,High
4639,10963,Medium
4640,11438,High
4641,11457,Medium
4642,11165,High
4643,11066,Medium
4644,11447,High
4645,11442,Medium
4646,11167,Low
4647,11433,Medium
4648,5317,Medium
4649,9705,High
4650,9848,Low
4651,11238,Medium
4652,11109,Medium
4653,11299,Medium
4654,10753,Medium
4655,11207,Medium
4656,11111,Medium
4657,11034,Medium
4658,11340,High
4659,10485,Low
4660,11170,High
4661,11168,Medium
4662,11208,Medium
4663,11219,Medium
4664,11224,Medium
4665,4788,Low
4666,11254,Medium
4667,11255,Medium
4668,11286,Low
4669,11303,Low
4670,11424,Medium
4671,6080,Low
4672,11420,Medium
4673,11386,Medium
4674,11413,Medium
4675,10536,Low
4676,6550,Low
4677,7147,Low
4678,11364,High
4679,11416,Medium
4680,11417,High
4681,2211,Low
4682,11404,Medium
4683,11348,High
4684,10883,Medium
4685,11398,High
4686,11320,Medium
4687,11395,Medium
4688,2137,Low
4689,10167,Low
4690,11373,High
4691,11304,Medium
4692,11343,High
4693,11382,High
4694,11130,Medium
4695,11237,High
4696,11379,Medium
4697,11365,Medium
4698,11347,Medium
4699,11330,Medium
4700,10782,Low
4701,11318,Medium
4702,11314,High
4703,11312,High
4704,11281,Medium
4705,11280,Medium
4706,11143,Medium
4707,8683,Low
4708,8149,Medium
4709,11149,Low
4710,11104,Medium
4711,11151,Medium
4712,11160,Medium
4713,11173,High
4714,11177,High
4715,11185,Medium
4716,11188,Medium
4717,11194,Medium
4718,11222,High
4719,11244,Medium
4720,11321,Medium
4721,11141,Medium
4722,11060,High
4723,11056,Low
4724,11045,Medium
4725,11014,Medium
4726,11008,Low
4727,10952,Medium
4728,10957,Medium
4729,10998,Medium
4730,10919,Low
4731,10715,Low
4732,9989,High
4733,11265,Low
4734,11324,Medium
4735,10278,Low
4736,6061,Medium
4737,11335,High
4738,11361,High
4739,11213,High
4740,11353,High
4741,11268,Medium
4742,11309,Medium
4743,11223,Medium
4744,11140,Medium
4745,11306,Medium
4746,11179,Medium
4747,11264,Medium
4748,11225,Medium
4749,11226,Low
4750,11236,Medium
4751,11199,Low
4752,11186,Medium
4753,11133,Low
4754,11181,Low
4755,11184,Medium
4756,11171,Medium
4757,11166,Low
4758,7379,Low
4759,7378,Medium
4760,11044,Medium
4761,11346,High
4762,11349,Medium
4763,4231,Low
4764,10307,Medium
4765,11345,High
4766,8232,Low
4767,9803,Low
4768,7520,Medium
4769,8236,Low
4770,7598,Medium
4771,11256,High
4772,11326,Medium
4773,11325,High
4774,11313,Medium
4775,11300,Medium
4776,2750,Low
4777,11289,High
4778,11198,Medium
4779,9776,Medium
4780,8066,High
4781,7618,Medium
4782,3336,Low
4783,4589,Low
4784,8006,Medium
4785,8993,High
4786,8546,Low
4787,8288,High
4788,4966,Medium
4789,5697,Medium
4790,11197,High
4791,10629,Medium
4792,10582,Low
4793,9762,Low
4794,7065,Medium
4795,6088,Low
4796,11070,Medium
4797,2321,Low
4798,11150,Medium
4799,4167,Medium
4800,11192,High
4801,10143,Low
4802,11129,High
4803,11069,Medium
4804,11174,Medium
4805,2174,Low
4806,10700,Low
4807,11169,Medium
4808,8076,Medium
4809,11156,Medium
4810,11077,High
4811,11057,High
4812,9741,Low
4813,11147,High
4814,10446,Low
4815,10587,High
4816,11090,High
4817,11146,Medium
4818,11048,Medium
4819,11137,Medium
4820,11055,Medium
4821,5640,Low
4822,11059,High
4823,9250,Low
4824,11138,Medium
4825,11118,High
4826,11107,Medium
4827,9169,Low
4828,9649,High
4829,10145,Medium
4830,7376,Low
4831,7143,High
4832,8612,High
4833,6454,High
4834,4604,Medium
4835,6800,Low
4836,6848,Low
4837,6543,Low
4838,9321,Medium
4839,10006,High
4840,9683,Medium
4841,4531,Medium
4842,7400,High
4843,9638,High
4844,9808,Medium
4845,10151,Medium
4846,8278,Low
4847,10482,Medium
4848,8520,Low
4849,10869,High
4850,11119,Medium
4851,11110,Medium
4852,7667,Medium
4853,8428,Low
4854,11040,High
4855,5292,Low
4856,8932,Medium
4857,11105,High
4858,11075,High
4859,11051,High
4860,10878,High
4861,6602,Low
4862,11043,Medium
4863,10876,High
4864,10506,Medium
4865,11094,High
4866,11092,Medium
4867,10936,Medium
4868,11072,High
4869,7202,Low
4870,11073,Medium
4871,11064,Medium
4872,10684,Medium
4873,11053,High
4874,11041,Medium
4875,10851,Low
4876,10918,Medium
4877,1755,Low
4878,10941,High
4879,6207,Low
4880,3288,Low
4881,10912,Medium
4882,11018,High
4883,11012,Medium
4884,10376,Low
4885,10738,Low
4886,10971,Medium
4887,11010,Medium
4888,11007,Medium
4889,10972,Medium
4890,10880,Medium
4891,10877,Low
4892,2902,Low
4893,10932,Medium
4894,5728,Low
4895,3735,Medium
4896,2347,Low
4897,2070,Low
4898,460,Low
4899,7204,Low
4900,10920,High
4901,10975,Medium
4902,10626,Medium
4903,10964,Medium
4904,10934,Medium
4905,8854,Low
4906,10905,Medium
4907,10412,Medium
4908,10906,Medium
4909,10904,Medium
4910,10892,Medium
4911,10891,Medium
4912,10857,Medium
4913,2332,Low
4914,10882,Medium
4915,10865,Low
4916,10855,Medium
4917,10773,Medium
4918,10944,Medium
4919,10861,Medium
4920,10632,Low
4921,733,Low
4922,8810,Low
4923,6346,Low
4924,10608,Medium
4925,8970,Medium
4926,8327,Low
4927,6839,Low
4928,6248,Low
4929,5935,Low
4930,5265,Medium
4931,5187,Medium
4932,5182,Low
4933,4719,Low
4934,3725,Low
4935,5159,Medium
4936,9392,Low
4937,7299,Medium
4938,404,Low
4939,4625,Low
4940,6179,Medium
4941,8181,Medium
4942,9466,Medium
4943,10678,Low
4944,8560,Low
4945,10948,High
4946,10788,Low
4947,10913,Medium
4948,8224,Low
4949,9777,Medium
4950,10937,Medium
4951,10907,High
4952,10875,Medium
4953,9484,Medium
4954,10039,Medium
4955,10313,Low
4956,10656,Medium
4957,10890,Medium
4958,5993,Low
4959,10729,High
4960,9341,Low
4961,8619,Medium
4962,7551,Low
4963,9096,Low
4964,10884,High
4965,9213,Low
4966,9974,Low
4967,10831,High
4968,10821,High
4969,8614,Low
4970,10772,Medium
4971,10835,Medium
4972,10836,Medium
4973,10767,Medium
4974,10802,High
4975,10709,Medium
4976,7862,Low
4977,10714,Medium
4978,10726,Medium
4979,10699,High
4980,10702,Medium
4981,10673,High
4982,3042,Low
4983,10672,Medium
4984,10650,Medium
4985,10535,High
4986,10531,Medium
4987,10520,Medium
4988,10519,High
4989,10509,Low
4990,10505,Medium
4991,10616,Medium
4992,10624,High
4993,10592,Medium
4994,10473,Medium
4995,10770,Medium
4996,10787,Medium
4997,10803,Medium
4998,10795,High
4999,10840,High
5000,10748,Medium
5001,10746,Low
5002,10735,Medium
5003,10391,Low
5004,10421,Low
5005,10466,Medium
5006,10371,High
5007,10450,Medium
5008,10429,Medium
5009,10417,Medium
5010,10405,Medium
5011,10383,High
5012,10369,Medium
5013,10359,Low
5014,10350,Medium
5015,10347,Low
5016,10311,Low
5017,10329,Medium
5018,10332,Medium
5019,781,Low
5020,10547,Medium
5021,10848,Medium
5022,10849,High
5023,10796,Medium
5024,10839,High
5025,10832,High
5026,10826,Medium
5027,8521,Low
5028,10775,Medium
5029,10721,Medium
5030,10819,Medium
5031,10820,Medium
5032,10744,High
5033,4999,Low
5034,10731,Medium
5035,10813,Medium
5036,10805,Low
5037,10800,Medium
5038,10784,High
5039,10768,Medium
5040,8565,Low
5041,10447,Medium
5042,10667,Medium
5043,10695,High
5044,10683,Medium
5045,10693,Medium
5046,10780,Medium
5047,10774,High
5048,10776,Medium
5049,9458,Low
5050,10804,Medium
5051,10798,High
5052,10793,Medium
5053,6995,Low
5054,472,Low
5055,10794,Medium
5056,10541,Medium
5057,10671,High
5058,10679,High
5059,10686,Medium
5060,10724,Medium
5061,10734,Medium
5062,10036,High
5063,10786,Medium
5064,10779,Medium
5065,10781,High
5066,10778,Medium
5067,10755,Medium
5068,9114,Low
5069,10741,High
5070,10760,Medium
5071,10758,Medium
5072,10286,Medium
5073,8557,Low
5074,10754,Medium
5075,10126,Low
5076,5917,Low
5077,10689,High
5078,10707,High
5079,10705,Medium
5080,10674,Medium
5081,10342,Medium
5082,2846,Low
5083,7517,High
5084,6676,Low
5085,10563,Medium
5086,7346,Low
5087,8469,Medium
5088,7822,Low
5089,6764,Low
5090,6988,Medium
5091,7219,Medium
5092,7812,High
5093,4615,Medium
5094,7086,Medium
5095,7264,Medium
5096,7404,Medium
5097,9810,Medium
5098,10380,High
5099,6634,High
5100,6953,Low
5101,10479,High
5102,7891,Medium
5103,9266,Medium
5104,9373,Medium
5105,9148,High
5106,5099,High
5107,5389,Low
5108,6604,Medium
5109,7186,Low
5110,7284,Medium
5111,7747,Low
5112,8524,High
5113,9966,High
5114,8458,Medium
5115,5904,High
5116,6700,Medium
5117,6734,Medium
5118,6927,Medium
5119,6959,Low
5120,7084,Medium
5121,7505,Medium
5122,7770,High
5123,7941,High
5124,7968,Medium
5125,8033,Low
5126,8099,High
5127,9773,Medium
5128,9870,High
5129,10484,Medium
5130,9443,Low
5131,9082,High
5132,9782,Medium
5133,9717,High
5134,7390,High
5135,8211,Low
5136,6955,Medium
5137,7188,High
5138,7179,High
5139,7353,High
5140,8028,Medium
5141,8253,Low
5142,8280,High
5143,8407,Low
5144,8802,Medium
5145,9105,Low
5146,9126,Medium
5147,9269,High
5148,9297,Medium
5149,9791,Medium
5150,8771,Low
5151,8156,High
5152,6904,Low
5153,10530,Low
5154,1757,Low
5155,10639,Medium
5156,4415,Low
5157,6605,Low
5158,10658,Medium
5159,5845,Low
5160,10434,Medium
5161,10641,Medium
5162,10643,Medium
5163,10642,Medium
5164,10415,High
5165,10196,Medium
5166,10341,Medium
5167,10559,Medium
5168,10560,High
5169,10611,Medium
5170,10526,Medium
5171,10389,Medium
5172,10367,Medium
5173,9128,Low
5174,5395,Low
5175,6386,Medium
5176,10427,Medium
5177,10370,High
5178,10396,High
5179,10437,Medium
5180,10451,Medium
5181,10581,Medium
5182,6759,Low
5183,10363,Medium
5184,9273,Low
5185,10454,Medium
5186,10601,Medium
5187,10594,Medium
5188,10617,High
5189,10618,Medium
5190,10604,Medium
5191,10577,Medium
5192,10603,Medium
5193,10475,High
5194,9893,Low
5195,8121,Low
5196,10411,Medium
5197,10462,Medium
5198,10472,Medium
5199,7105,Low
5200,10476,Medium
5201,10477,Medium
5202,10495,Medium
5203,10504,Medium
5204,10507,Medium
5205,10372,High
5206,10508,Medium
5207,10549,High
5208,10515,Medium
5209,10540,Medium
5210,10538,Medium
5211,8836,Medium
5212,6693,Low
5213,4923,Low
5214,9735,Low
5215,3665,Low
5216,7726,Medium
5217,10529,Medium
5218,9231,Low
5219,7658,Low
5220,6580,Low
5221,10463,Medium
5222,5368,Low
5223,9913,Medium
5224,10470,High
5225,9276,Low
5226,8012,Low
5227,9564,Low
5228,6834,Low
5229,7834,Low
5230,8503,Low
5231,9100,Low
5232,9354,Low
5233,9431,Medium
5234,9565,Medium
5235,9806,Low
5236,10098,Low
5237,10173,Low
5238,6421,Low
5239,10295,Medium
5240,10308,Medium
5241,5921,Low
5242,6106,Medium
5243,10425,High
5244,10390,Medium
5245,10365,Medium
5246,10360,Medium
5247,10293,Medium
5248,10159,Low
5249,10131,Low
5250,10116,Medium
5251,10099,High
5252,10008,Low
5253,9971,Low
5254,9949,High
5255,9843,Low
5256,9819,Medium
5257,9790,Medium
5258,9788,High
5259,9710,High
5260,7506,Medium
5261,8535,Low
5262,10432,Medium
5263,10436,High
5264,10420,Medium
5265,10164,Medium
5266,10203,Low
5267,10237,Low
5268,10249,Medium
5269,10227,Medium
5270,10158,Low
5271,10194,Medium
5272,10375,High
5273,9391,Low
5274,4570,Low
5275,6150,Medium
5276,4245,Medium
5277,4494,Medium
5278,6076,Medium
5279,7196,Low
5280,10388,Medium
5281,2289,Low
5282,8422,Low
5283,10374,Medium
5284,10235,Medium
5285,10368,High
5286,10357,Medium
5287,6493,Low
5288,10058,Medium
5289,6253,Low
5290,10115,Medium
5291,7257,Low
5292,10214,High
5293,6726,Low
5294,9923,Medium
5295,10121,Medium
5296,10152,Medium
5297,10283,High
5298,10292,High
5299,10310,Medium
5300,9817,High
5301,10086,Medium
5302,9844,Medium
5303,10104,Medium
5304,10106,Medium
5305,10108,Medium
5306,4801,Low
5307,10315,Medium
5308,1586,Low
5309,1922,Low
5310,4593,High
5311,7445,High
5312,10323,High
5313,10154,Medium
5314,10326,Medium
5315,10320,High
5316,9660,Low
5317,6370,Low
5318,10128,Medium
5319,9952,Low
5320,10025,Low
5321,10182,Low
5322,8997,Low
5323,10276,Medium
5324,10230,Low
5325,10319,Medium
5326,9984,Medium
5327,9872,Low
5328,10075,Medium
5329,10248,Medium
5330,10255,High
5331,10259,High
5332,10282,High
5333,10299,Medium
5334,10301,Medium
5335,10231,Medium
5336,10226,Low
5337,10140,Medium
5338,10138,High
5339,10187,Medium
5340,10209,Medium
5341,10213,Medium
5342,4879,Low
5343,10067,High
5344,10065,High
5345,10048,Low
5346,10043,Medium
5347,10016,High
5348,10117,Medium
5349,9998,High
5350,9731,Medium
5351,10174,High
5352,9196,Low
5353,10269,High
5354,10041,Medium
5355,3416,Low
5356,10289,Medium
5357,10175,Medium
5358,10153,Medium
5359,3163,Medium
5360,10243,High
5361,10252,Medium
5362,10287,Medium
5363,10095,Low
5364,7418,Low
5365,10245,Medium
5366,9838,Medium
5367,4152,Low
5368,8991,Low
5369,3305,Medium
5370,5822,Medium
5371,6054,Medium
5372,6055,Medium
5373,6158,Medium
5374,6160,Low
5375,6350,Medium
5376,6428,Medium
5377,6473,Medium
5378,6754,Medium
5379,7126,High
5380,7289,Medium
5381,7776,Low
5382,8071,Low
5383,8097,Medium
5384,8852,Medium
5385,9061,Low
5386,10261,High
5387,10256,Medium
5388,10224,High
5389,10250,Low
5390,10198,Medium
5391,10215,Medium
5392,10238,Low
5393,10236,Low
5394,10229,Medium
5395,10232,Low
5396,10135,Medium
5397,10023,Low
5398,10212,Low
5399,10274,Medium
5400,10208,Medium
5401,9975,Medium
5402,8972,Low
5403,8715,High
5404,10244,Medium
5405,5414,Low
5406,10195,High
5407,10218,High
5408,10239,Medium
5409,10241,Medium
5410,2896,Low
5411,10142,Medium
5412,10130,High
5413,10219,High
5414,10220,High
5415,10216,Medium
5416,10206,Medium
5417,1497,Low
5418,9874,Low
5419,10197,Medium
5420,10162,High
5421,7785,Low
5422,10178,Medium
5423,9732,Medium
5424,9943,High
5425,10068,Medium
5426,10132,High
5427,9438,Low
5428,10035,Low
5429,8955,Low
5430,9003,Low
5431,8440,Low
5432,10084,Low
5433,10183,Medium
5434,10184,Medium
5435,9525,Medium
5436,10169,Medium
5437,10166,Medium
5438,9407,Low
5439,10066,High
5440,10149,Medium
5441,10144,Medium
5442,10139,Medium
5443,6403,Medium
5444,6357,High
5445,6259,Medium
5446,6252,High
5447,6251,Medium
5448,6782,Medium
5449,6643,High
5450,6229,Low
5451,6256,Low
5452,10119,Medium
5453,10124,Medium
5454,10122,Medium
5455,10118,Medium
5456,10096,Medium
5457,10113,High
5458,10088,Medium
5459,10111,Medium
5460,10107,High
5461,10062,High
5462,10103,Medium
5463,10097,High
5464,8574,Low
5465,9977,Medium
5466,10089,Medium
5467,8562,Medium
5468,7589,Medium
5469,10032,Medium
5470,10080,Medium
5471,9389,Low
5472,4410,Low
5473,10044,Medium
5474,10064,Medium
5475,10061,High
5476,10052,High
5477,10060,Medium
5478,9089,Low
5479,10053,Medium
5480,9945,Low
5481,9871,Low
5482,10037,Medium
5483,10042,Medium
5484,10031,High
5485,7986,Low
5486,9910,High
5487,9468,High
5488,7181,High
5489,9849,Medium
5490,10007,Medium
5491,9900,Medium
5492,9999,Medium
5493,9935,High
5494,10004,Medium
5495,6951,Low
5496,9990,Medium
5497,9936,High
5498,7453,Low
5499,7636,Medium
5500,9523,Medium
5501,9768,Medium
5502,9882,High
5503,9823,Medium
5504,9662,Medium
5505,9734,High
5506,9828,Medium
5507,9932,High
5508,9950,Medium
5509,9965,Medium
5510,7114,Low
5511,9763,High
5512,9822,Low
5513,7761,Low
5514,9909,Medium
5515,9865,High
5516,9789,Medium
5517,9868,High
5518,9930,Medium
5519,9912,Medium
5520,8195,Medium
5521,9833,Medium
5522,9931,High
5523,9924,High
5524,9970,Medium
5525,9841,Low
5526,9837,Medium
5527,9836,Medium
5528,9829,Medium
5529,9818,Medium
5530,9812,High
5531,9802,Medium
5532,9798,High
5533,9781,High
5534,9760,Medium
5535,9759,Medium
5536,9756,Low
5537,9746,Medium
5538,9708,High
5539,4406,Low
5540,9688,Medium
5541,9682,High
5542,9673,Medium
5543,9664,Medium
5544,9622,Low
5545,9620,Low
5546,9625,Medium
5547,9637,Medium
5548,9636,Medium
5549,9630,Medium
5550,9624,High
5551,9639,Medium
5552,9607,Low
5553,9608,Low
5554,9606,Medium
5555,9541,Medium
5556,9596,Medium
5557,9585,High
5558,9579,Medium
5559,9578,Medium
5560,9557,Medium
5561,9576,Low
5562,9553,Medium
5563,9545,Medium
5564,9540,High
5565,9509,Medium
5566,9506,Medium
5567,9505,Medium
5568,9496,Low
5569,9479,Medium
5570,9440,Medium
5571,9435,High
5572,9962,Medium
5573,9961,Medium
5574,9946,Medium
5575,9896,High
5576,9955,Medium
5577,9907,High
5578,9941,Medium
5579,6629,Low
5580,9940,Medium
5581,4629,Low
5582,9689,Medium
5583,9929,Medium
5584,9922,Medium
5585,9846,Medium
5586,9911,High
5587,9884,High
5588,9891,High
5589,4909,Low
5590,2508,Low
5591,9921,Medium
5592,8219,Low
5593,9906,Medium
5594,9881,High
5595,9371,Low
5596,8390,Low
5597,9723,Medium
5598,9908,Medium
5599,9901,High
5600,9897,Medium
5601,9743,High
5602,4507,Medium
5603,9467,High
5604,9299,High
5605,9885,Medium
5606,9861,High
5607,9854,Medium
5608,9875,Medium
5609,9862,Medium
5610,9856,Medium
5611,9853,Medium
5612,9851,High
5613,8417,Low
5614,9847,Medium
5615,9827,High
5616,9820,Medium
5617,9825,High
5618,9821,Medium
5619,9815,High
5620,9816,High
5621,9813,Medium
5622,3029,Low
5623,9795,High
5624,9627,Medium
5625,9804,Medium
5626,9799,Medium
5627,5853,Low
5628,9772,High
5629,9765,High
5630,9771,Medium
5631,9563,High
5632,9764,Medium
5633,9686,High
5634,9752,Medium
5635,9489,High
5636,9725,High
5637,9304,Medium
5638,9737,High
5639,9736,High
5640,3701,Low
5641,9536,High
5642,7585,Medium
5643,9722,Medium
5644,9727,Medium
5645,9724,High
5646,9714,Medium
5647,9715,Medium
5648,9704,High
5649,9709,Medium
5650,9703,Medium
5651,9718,High
5652,9609,Low
5653,9690,High
5654,9236,High
5655,9659,Medium
5656,9687,Medium
5657,9141,High
5658,9680,Medium
5659,9681,Medium
5660,9670,Medium
5661,2041,Low
5662,8826,Low
5663,9652,Medium
5664,7232,Low
5665,9583,Medium
5666,8834,High
5667,9580,High
5668,9088,High
5669,7411,Medium
5670,4114,Low
5671,9068,Medium
5672,8128,Low
5673,9504,High
5674,9422,Medium
5675,9357,Medium
5676,9130,Medium
5677,9131,Medium
5678,9055,Medium
5679,9052,Medium
5680,8855,Medium
5681,8813,Medium
5682,4571,Low
5683,9370,High
5684,9412,Medium
5685,9381,High
5686,9409,Medium
5687,9349,High
5688,9296,Medium
5689,9260,Medium
5690,9257,Medium
5691,6737,Low
5692,9203,Medium
5693,9186,High
5694,9156,Medium
5695,9147,High
5696,9085,High
5697,9022,Medium
5698,8978,High
5699,9653,Medium
5700,9647,Medium
5701,9646,Medium
5702,9610,High
5703,9645,Medium
5704,8695,Low
5705,9290,High
5706,9552,Medium
5707,9575,Medium
5708,3325,Low
5709,4460,Low
5710,9597,Medium
5711,6766,Low
5712,9623,High
5713,9308,High
5714,9631,Medium
5715,9635,Medium
5716,9258,Medium
5717,9582,High
5718,9592,Medium
5719,9584,High
5720,9372,Medium
5721,9590,Medium
5722,9567,High
5723,9393,High
5724,6464,Low
5725,7000,Low
5726,7001,Low
5727,7004,Low
5728,7005,Medium
5729,7007,Medium
5730,7008,Low
5731,8864,High
5732,9305,Medium
5733,9531,High
5734,8212,Low
5735,9475,Medium
5736,3771,Low
5737,9524,High
5738,9530,Medium
5739,9518,High
5740,9356,Medium
5741,9510,Medium
5742,9508,Medium
5743,9481,High
5744,9464,Medium
5745,9311,Medium
5746,9488,Medium
5747,9487,Medium
5748,9462,Medium
5749,9461,Medium
5750,8865,Medium
5751,9474,High
5752,9332,Low
5753,8596,Medium
5754,9445,High
5755,9444,Medium
5756,9442,Medium
5757,9441,Medium
5758,9336,Medium
5759,9360,Medium
5760,9293,Medium
5761,9313,High
5762,8975,Medium
5763,9113,Low
5764,9421,High
5765,9172,Low
5766,9176,Low
5767,9177,Medium
5768,9120,Low
5769,9111,Medium
5770,9081,Low
5771,9041,Medium
5772,9028,Medium
5773,8998,Medium
5774,8956,Medium
5775,8952,Medium
5776,8937,Low
5777,8916,Medium
5778,9436,Medium
5779,8869,Medium
5780,6841,Low
5781,6761,Medium
5782,9288,High
5783,4314,Low
5784,9361,High
5785,9402,High
5786,9404,High
5787,9410,Medium
5788,9401,Medium
5789,9403,Medium
5790,6642,Low
5791,9395,High
5792,6623,Low
5793,9335,High
5794,9366,High
5795,9365,High
5796,5397,High
5797,9367,Medium
5798,6870,Low
5799,9359,Medium
5800,9348,Medium
5801,9330,High
5802,9338,Medium
5803,6906,Low
5804,9339,High
5805,9316,Medium
5806,9161,High
5807,9025,Medium
5808,9246,High
5809,9026,Medium
5810,9239,Medium
5811,9145,Medium
5812,5363,Low
5813,9282,High
5814,4815,Low
5815,9284,Medium
5816,9289,Medium
5817,8908,High
5818,8846,Medium
5819,9287,Medium
5820,8814,Medium
5821,8634,Medium
5822,9233,High
5823,9072,High
5824,9123,High
5825,8909,Medium
5826,8898,Low
5827,8882,Medium
5828,8315,Medium
5829,9074,High
5830,9067,High
5831,9086,Low
5832,9042,High
5833,9066,Medium
5834,9158,Medium
5835,9121,Medium
5836,9132,Medium
5837,9135,Medium
5838,9204,Medium
5839,9159,Medium
5840,6305,Medium
5841,9179,Medium
5842,9183,Medium
5843,9264,High
5844,9225,High
5845,9223,Medium
5846,9207,Medium
5847,5922,Low
5848,7988,Low
5849,9201,Medium
5850,9270,High
5851,8710,Medium
5852,9255,Medium
5853,9261,Medium
5854,8764,Low
5855,5369,Low
5856,9254,High
5857,9245,High
5858,9242,High
5859,9192,Medium
5860,9073,High
5861,9238,Medium
5862,9247,Medium
5863,9243,Medium
5864,9195,Medium
5865,9215,High
5866,5223,Low
5867,9065,Medium
5868,8853,Medium
5869,8261,High
5870,9160,Medium
5871,9205,High
5872,9188,Medium
5873,7286,Low
5874,9125,Medium
5875,6703,Low
5876,9206,Medium
5877,9190,High
5878,3909,Low
5879,4932,Medium
5880,9180,High
5881,9178,Medium
5882,6074,Low
5883,8787,High
5884,9171,Medium
5885,9007,High
5886,9167,Medium
5887,9079,High
5888,9166,Medium
5889,9163,Medium
5890,9157,Medium
5891,8569,Medium
5892,9122,Medium
5893,9091,Low
5894,9097,High
5895,9150,Medium
5896,8721,High
5897,5290,Low
5898,8605,Low
5899,8030,Medium
5900,9136,Medium
5901,9087,High
5902,9103,High
5903,8822,High
5904,9116,Medium
5905,9090,Medium
5906,9115,Medium
5907,9027,High
5908,9102,Medium
5909,9080,High
5910,6741,Medium
5911,9092,Medium
5912,2391,Low
5913,9084,Medium
5914,7169,Low
5915,9051,High
5916,9044,Medium
5917,8965,High
5918,8700,High
5919,8687,High
5920,7778,Low
5921,9049,Medium
5922,9057,Medium
5923,9018,High
5924,9011,High
5925,8712,High
5926,9029,Medium
5927,9036,Medium
5928,9021,Medium
5929,8870,Low
5930,9030,High
5931,8239,High
5932,9005,High
5933,8995,High
5934,8999,High
5935,8323,Medium
5936,8413,Medium
5937,8519,High
5938,7239,High
5939,8578,High
5940,8755,High
5941,7883,Medium
5942,8461,High
5943,8624,Medium
5944,7837,Medium
5945,8776,High
5946,7913,Medium
5947,4103,Low
5948,8992,Medium
5949,8950,High
5950,8985,High
5951,8660,High
5952,7928,Medium
5953,8969,Medium
5954,5094,High
5955,8140,High
5956,8222,Medium
5957,7836,Medium
5958,8373,Low
5959,8427,High
5960,8508,High
5961,8617,Medium
5962,8630,High
5963,8631,High
5964,8893,Medium
5965,8784,High
5966,6773,High
5967,8828,High
5968,8839,Medium
5969,8899,Medium
5970,8954,Medium
5971,8438,Medium
5972,8092,Medium
5973,7948,Low
5974,7733,High
5975,8592,High
5976,8622,High
5977,8797,High
5978,7350,Medium
5979,5029,Low
5980,7953,Medium
5981,8808,High
5982,8555,High
5983,8548,High
5984,8858,Medium
5985,8650,High
5986,8356,Medium
5987,8632,Medium
5988,7718,Medium
5989,8611,Medium
5990,8693,Medium
5991,8850,High
5992,1254,Low
5993,8948,High
5994,8967,Medium
5995,8966,Medium
5996,8964,Medium
5997,8944,Medium
5998,8960,Medium
5999,8798,Low
6000,8399,Medium
6001,8923,Medium
6002,8053,Low
6003,8946,Medium
6004,8940,High
6005,8872,Medium
6006,7588,Low
6007,8917,High
6008,8551,Low
6009,8748,High
6010,8924,Medium
6011,5401,Medium
6012,8874,Medium
6013,3033,Low
6014,5178,Low
6015,8883,Medium
6016,8915,Medium
6017,8913,Medium
6018,6769,Low
6019,7745,Low
6020,7442,Low
6021,8727,Medium
6022,8579,High
6023,8541,High
6024,8821,Medium
6025,5960,Low
6026,8900,Medium
6027,8811,Medium
6028,5348,Low
6029,8549,High
6030,1656,High
6031,8863,Medium
6032,8824,High
6033,8879,Medium
6034,4026,Low
6035,7087,Medium
6036,8868,Medium
6037,8354,Low
6038,8682,Medium
6039,8816,High
6040,8185,High
6041,8063,Medium
6042,8043,Medium
6043,8034,Medium
6044,8000,Medium
6045,7860,Medium
6046,7712,Low
6047,7684,Medium
6048,7459,Medium
6049,7254,Medium
6050,6747,Medium
6051,6724,Medium
6052,6711,Medium
6053,6655,Low
6054,6650,Low
6055,6618,High
6056,8484,Medium
6057,8439,Medium
6058,8346,Medium
6059,8409,Medium
6060,8115,Low
6061,7572,Medium
6062,7401,Low
6063,8772,High
6064,8533,Medium
6065,8785,High
6066,6328,Low
6067,8198,Medium
6068,8679,High
6069,8780,High
6070,8507,Medium
6071,8794,High
6072,8791,Medium
6073,8717,High
6074,8678,Medium
6075,8671,Medium
6076,8581,Medium
6077,8657,Low
6078,8645,Medium
6079,8570,Medium
6080,8539,Medium
6081,8523,Medium
6082,8515,Medium
6083,8499,Low
6084,8416,Medium
6085,8471,Medium
6086,8445,Low
6087,8412,Medium
6088,8398,High
6089,8397,Medium
6090,8395,Medium
6091,8372,High
6092,8364,Medium
6093,8362,Low
6094,8360,Low
6095,1148,Low
6096,8799,Medium
6097,8763,High
6098,8450,High
6099,7304,Low
6100,7901,Medium
6101,6031,Medium
6102,8757,Medium
6103,8753,Medium
6104,8775,Medium
6105,8762,Medium
6106,8783,Medium
6107,8576,Medium
6108,8216,Medium
6109,6206,Low
6110,6593,Low
6111,7095,Medium
6112,4971,Low
6113,6530,Low
6114,7029,Medium
6115,7245,Low
6116,6189,Low
6117,7564,Low
6118,7555,Low
6119,7729,Medium
6120,8760,High
6121,7369,Low
6122,8750,Medium
6123,8722,High
6124,6041,Low
6125,8447,Medium
6126,8740,Medium
6127,8741,High
6128,8296,High
6129,8720,Medium
6130,8732,High
6131,7524,Medium
6132,8593,High
6133,2547,Low
6134,7985,High
6135,8672,Low
6136,8654,Medium
6137,8676,Medium
6138,8675,Medium
6139,8621,High
6140,8656,Medium
6141,8547,High
6142,8670,Medium
6143,8652,High
6144,8647,Medium
6145,8639,Medium
6146,8635,High
6147,8640,High
6148,8642,Medium
6149,8478,Medium
6150,8509,High
6151,8582,Medium
6152,7700,Low
6153,8141,Low
6154,7903,Low
6155,8600,High
6156,8597,High
6157,8609,Medium
6158,8366,Medium
6159,7861,Low
6160,4620,Medium
6161,7880,Medium
6162,8319,Medium
6163,8462,Medium
6164,4780,Medium
6165,8514,High
6166,8588,Medium
6167,7044,Low
6168,5366,Medium
6169,6701,Low
6170,8532,Medium
6171,8585,Medium
6172,3135,Low
6173,5131,Low
6174,8486,High
6175,7816,Medium
6176,8528,Medium
6177,8568,Medium
6178,8573,Medium
6179,8536,Medium
6180,8575,Medium
6181,8506,High
6182,8531,Medium
6183,7983,Low
6184,8202,Low
6185,7692,Medium
6186,7926,Low
6187,6144,Medium
6188,7071,Medium
6189,7363,Medium
6190,7571,Low
6191,7826,Medium
6192,8023,Medium
6193,8123,Low
6194,8193,Low
6195,1317,Low
6196,7698,Low
6197,6166,Low
6198,8494,High
6199,8487,Medium
6200,8146,High
6201,8490,Medium
6202,8419,Low
6203,8479,High
6204,8480,Medium
6205,8014,High
6206,7266,Low
6207,8304,High
6208,8252,High
6209,7929,Medium
6210,8039,Medium
6211,7840,High
6212,8302,High
6213,7835,Medium
6214,8369,High
6215,8441,High
6216,7850,High
6217,8286,Medium
6218,8285,Medium
6219,8420,Medium
6220,7670,High
6221,8370,High
6222,8423,High
6223,8421,Medium
6224,8316,High
6225,8414,Medium
6226,8391,Medium
6227,8363,High
6228,8396,High
6229,4934,Low
6230,8367,Medium
6231,8375,Medium
6232,8318,High
6233,8365,High
6234,8394,Medium
6235,8230,Medium
6236,8173,High
6237,8385,High
6238,8307,High
6239,8383,Medium
6240,8294,Medium
6241,8378,Medium
6242,8311,High
6243,8333,High
6244,7768,Medium
6245,8257,Medium
6246,8268,High
6247,8275,High
6248,5150,Low
6249,7460,Low
6250,8320,Medium
6251,8313,High
6252,8277,Medium
6253,8237,Medium
6254,8270,Medium
6255,8254,Low
6256,8240,Medium
6257,7867,Medium
6258,7811,Low
6259,7981,Low
6260,8187,High
6261,8130,High
6262,8147,Medium
6263,8341,High
6264,8011,Medium
6265,7973,Low
6266,7966,Low
6267,7919,Medium
6268,7906,Low
6269,7849,Medium
6270,7789,Medium
6271,7709,Medium
6272,7755,Low
6273,7743,Low
6274,7717,Medium
6275,7672,Low
6276,7662,Medium
6277,7651,Low
6278,8243,Medium
6279,8113,High
6280,8289,High
6281,8344,Medium
6282,8188,High
6283,8220,Medium
6284,8272,Medium
6285,8340,Medium
6286,7969,Low
6287,8244,High
6288,8312,Medium
6289,7382,Low
6290,8245,Medium
6291,8326,High
6292,8332,High
6293,8309,High
6294,8325,Medium
6295,8064,Medium
6296,8310,High
6297,7909,Medium
6298,4917,Low
6299,8300,Medium
6300,8306,Medium
6301,7801,High
6302,8297,Medium
6303,1938,Low
6304,8287,Medium
6305,8251,Low
6306,8264,Medium
6307,8112,Medium
6308,8271,High
6309,8284,Medium
6310,7298,Low
6311,7796,High
6312,8263,Medium
6313,8238,High
6314,8241,Medium
6315,8233,Medium
6316,8217,High
6317,3950,Low
6318,8218,Medium
6319,8151,High
6320,8215,Medium
6321,8084,Medium
6322,8210,High
6323,7674,High
6324,8170,High
6325,8157,High
6326,8144,High
6327,7690,Medium
6328,8040,High
6329,8051,Medium
6330,7774,Medium
6331,7798,High
6332,7879,Medium
6333,7600,Medium
6334,7842,Medium
6335,8038,Medium
6336,8044,High
6337,8129,Medium
6338,7975,High
6339,8108,High
6340,7982,Medium
6341,7962,Medium
6342,7546,Medium
6343,8175,Medium
6344,8087,Medium
6345,8060,High
6346,7945,High
6347,7736,Medium
6348,8134,Medium
6349,8061,High
6350,8118,Medium
6351,7090,Low
6352,8153,Medium
6353,8155,High
6354,7144,Low
6355,7580,Low
6356,8139,High
6357,6510,Low
6358,7584,High
6359,645,Medium
6360,7940,Medium
6361,8152,Medium
6362,8075,Medium
6363,8098,Medium
6364,4789,Medium
6365,7965,Medium
6366,8138,Medium
6367,8102,Medium
6368,8136,Medium
6369,8114,High
6370,583,Low
6371,5197,Medium
6372,7440,High
6373,8105,Medium
6374,8035,High
6375,7958,High
6376,7912,Medium
6377,8110,High
6378,7587,Medium
6379,7180,Low
6380,7900,High
6381,6785,Low
6382,8111,Medium
6383,8103,High
6384,4495,Low
6385,7624,High
6386,8089,Medium
6387,7280,Low
6388,8062,Medium
6389,8010,High
6390,8057,Medium
6391,8081,Medium
6392,8083,Medium
6393,5828,High
6394,7494,High
6395,7890,Medium
6396,7093,Medium
6397,8031,High
6398,7920,Medium
6399,8052,Medium
6400,7131,Medium
6401,7943,Medium
6402,8036,Medium
6403,6714,Medium
6404,8029,Medium
6405,514,Low
6406,8009,High
6407,8013,Medium
6408,8004,Medium
6409,7876,High
6410,8003,Medium
6411,7999,Medium
6412,6746,Low
6413,6244,Low
6414,7993,Medium
6415,7995,Medium
6416,7961,Medium
6417,7971,Medium
6418,7923,High
6419,7972,High
6420,7815,High
6421,7924,Medium
6422,5014,Low
6423,7952,Medium
6424,7916,High
6425,7938,Medium
6426,7586,Medium
6427,7857,Medium
6428,7601,Low
6429,7905,Medium
6430,5081,Low
6431,7514,Medium
6432,7914,Medium
6433,7925,Medium
6434,7899,Medium
6435,7910,Medium
6436,7830,High
6437,7921,Medium
6438,7897,Medium
6439,3799,Low
6440,7863,Medium
6441,7854,High
6442,2000,Low
6443,7882,High
6444,7873,Medium
6445,7865,Medium
6446,7851,Medium
6447,7839,High
6448,7827,Medium
6449,7794,Medium
6450,7797,Medium
6451,7808,High
6452,7752,High
6453,7779,Medium
6454,7474,High
6455,7701,High
6456,7829,High
6457,7838,High
6458,7678,Medium
6459,7831,Medium
6460,7730,Low
6461,7795,High
6462,7753,Medium
6463,1999,Low
6464,7454,Low
6465,7802,High
6466,7531,Medium
6467,7256,Medium
6468,6986,High
6469,7773,High
6470,7788,Medium
6471,7780,Medium
6472,7697,High
6473,7765,Medium
6474,5886,Medium
6475,7769,Medium
6476,7759,High
6477,7689,Medium
6478,7762,Medium
6479,7664,High
6480,6917,Medium
6481,7567,High
6482,7750,Medium
6483,7738,Medium
6484,7663,Medium
6485,7746,Medium
6486,3722,Low
6487,7640,High
6488,6809,Low
6489,7696,Medium
6490,7536,High
6491,7699,Medium
6492,7345,High
6493,7695,High
6494,7612,High
6495,4734,Low
6496,4326,Low
6497,7715,Medium
6498,6620,Low
6499,7632,High
6500,2473,Low
6501,7702,Medium
6502,7705,High
6503,7235,High
6504,7615,Medium
6505,4456,Low
6506,7614,High
6507,7694,Medium
6508,7449,Medium
6509,5878,High
6510,7620,High
6511,4476,Medium
6512,7450,High
6513,6325,Low
6514,3838,Medium
6515,7685,Medium
6516,7154,Low
6517,7647,Medium
6518,6205,Medium
6519,5009,Low
6520,7341,High
6521,7479,Low
6522,7653,Medium
6523,7642,Medium
6524,7655,Medium
6525,7626,High
6526,7444,Medium
6527,7611,High
6528,6430,Medium
6529,3146,Low
6530,3639,Low
6531,3863,Medium
6532,3929,Low
6533,6933,Low
6534,7561,Medium
6535,7576,High
6536,4250,Low
6537,6287,Medium
6538,6666,Low
6539,7314,High
6540,7645,Medium
6541,7343,Medium
6542,7273,Medium
6543,7604,Medium
6544,5873,Low
6545,7613,High
6546,7616,High
6547,7591,Medium
6548,7548,High
6549,7441,Low
6550,7421,Medium
6551,7315,High
6552,7291,Medium
6553,7370,Medium
6554,7354,Medium
6555,7288,Medium
6556,7282,Medium
6557,5903,Low
6558,311,Low
6559,6975,High
6560,4845,Low
6561,5954,Low
6562,6557,Low
6563,6333,Medium
6564,6585,Low
6565,7625,Medium
6566,6639,Medium
6567,6818,Medium
6568,7164,Medium
6569,7590,Medium
6570,7621,Medium
6571,7451,Low
6572,6441,High
6573,7446,Medium
6574,7603,High
6575,7605,High
6576,7227,Medium
6577,7458,Medium
6578,7599,Medium
6579,7592,Medium
6580,7523,High
6581,7492,Medium
6582,3611,Low
6583,7495,Medium
6584,7373,High
6585,7553,Medium
6586,4768,Low
6587,3484,Low
6588,7560,Medium
6589,7540,High
6590,6539,High
6591,7568,High
6592,7466,Medium
6593,7559,Medium
6594,7338,High
6595,7527,High
6596,7161,Low
6597,7436,Medium
6598,7547,Medium
6599,7535,Medium
6600,7448,High
6601,7413,High
6602,7522,High
6603,7398,High
6604,3963,Low
6605,7371,Medium
6606,7515,Medium
6607,7368,High
6608,4757,Low
6609,7437,High
6610,7351,High
6611,7493,Medium
6612,7497,Medium
6613,6846,Medium
6614,7223,Medium
6615,7473,Medium
6616,7456,Medium
6617,7163,High
6618,7457,Medium
6619,6932,High
6620,6544,High
6621,7276,Medium
6622,7416,High
6623,7447,Medium
6624,7431,Medium
6625,7417,Medium
6626,7426,Medium
6627,5989,Low
6628,5916,Medium
6629,6359,High
6630,7209,High
6631,7306,High
6632,6821,Medium
6633,6763,Medium
6634,7135,Medium
6635,7062,Medium
6636,6812,Medium
6637,6805,Low
6638,6699,Medium
6639,6501,Low
6640,6451,Low
6641,6405,Low
6642,6393,Low
6643,6286,Medium
6644,6241,Medium
6645,5885,Low
6646,5359,Medium
6647,5261,Medium
6648,5252,Low
6649,5161,Low
6650,5059,Medium
6651,5013,Low
6652,4980,Low
6653,4949,Medium
6654,4835,Low
6655,4619,Low
6656,4526,Low
6657,4472,Low
6658,4230,Low
6659,4062,Low
6660,3759,Low
6661,3757,Low
6662,3158,Low
6663,6916,High
6664,7394,Medium
6665,5098,Low
6666,7317,High
6667,7372,High
6668,7406,High
6669,6758,Low
6670,7356,High
6671,7395,Medium
6672,7120,Medium
6673,6638,Low
6674,7228,High
6675,7230,Medium
6676,7337,High
6677,7357,High
6678,7290,High
6679,5277,Low
6680,7359,Medium
6681,7322,High
6682,7020,Medium
6683,7340,Medium
6684,7274,High
6685,7248,High
6686,7207,Medium
6687,7205,Low
6688,7330,Medium
6689,7329,Medium
6690,7324,High
6691,7216,High
6692,6929,High
6693,7250,Medium
6694,7301,High
6695,7321,Medium
6696,7296,High
6697,7302,Medium
6698,7300,Medium
6699,6019,Medium
6700,7195,High
6701,7259,Medium
6702,7287,High
6703,7265,High
6704,7236,High
6705,7281,Medium
6706,7272,Medium
6707,7277,High
6708,7104,High
6709,7247,High
6710,6635,High
6711,2074,Low
6712,7261,Medium
6713,7136,Medium
6714,7027,High
6715,7185,Medium
6716,7121,Medium
6717,7249,Medium
6718,7122,High
6719,6956,Low
6720,6965,Low
6721,6977,Low
6722,6983,Medium
6723,7217,Medium
6724,6985,Medium
6725,7050,Low
6726,4700,Low
6727,7100,Medium
6728,5571,Low
6729,7178,Medium
6730,7234,Medium
6731,7056,High
6732,5248,Medium
6733,6702,Medium
6734,2624,Medium
6735,3379,Low
6736,3962,Medium
6737,7222,Medium
6738,6868,High
6739,7099,Medium
6740,6998,High
6741,6982,Medium
6742,6961,Medium
6743,6930,High
6744,6918,High
6745,4633,High
6746,6757,Medium
6747,3088,Low
6748,7208,Medium
6749,7203,High
6750,7194,Medium
6751,7198,Medium
6752,7206,Medium
6753,7111,Medium
6754,5233,Low
6755,7184,High
6756,7197,Medium
6757,5209,Low
6758,6705,High
6759,7151,High
6760,7153,Medium
6761,4518,Medium
6762,4123,Low
6763,7172,Medium
6764,7094,Medium
6765,7142,Medium
6766,4236,Low
6767,7109,Medium
6768,7074,Low
6769,6436,Medium
6770,6194,Medium
6771,6790,Medium
6772,6046,Low
6773,6718,Medium
6774,6811,Low
6775,5480,Low
6776,5832,Medium
6777,6997,Medium
6778,6832,Medium
6779,6984,High
6780,6947,Medium
6781,7108,Medium
6782,7116,Medium
6783,6952,Medium
6784,7103,High
6785,7098,Medium
6786,7079,Medium
6787,7075,High
6788,7083,Medium
6789,7064,Medium
6790,7073,High
6791,7031,High
6792,6938,Medium
6793,6878,High
6794,7069,Medium
6795,6022,Low
6796,7061,Medium
6797,6217,Medium
6798,7058,Medium
6799,7053,Medium
6800,6928,High
6801,7043,Medium
6802,7042,Medium
6803,6972,High
6804,7019,High
6805,7017,Medium
6806,7016,Medium
6807,6960,High
6808,5164,Low
6809,6968,High
6810,6979,Medium
6811,6966,High
6812,6915,High
6813,6801,High
6814,6971,Medium
6815,6923,High
6816,6919,Medium
6817,6943,Medium
6818,6925,Medium
6819,6942,Medium
6820,6941,High
6821,965,Low
6822,6808,Low
6823,6490,Medium
6824,6195,High
6825,6556,Medium
6826,6560,Medium
6827,6920,Medium
6828,6898,Medium
6829,6897,Low
6830,6896,Low
6831,6871,Medium
6832,4982,Low
6833,6412,Low
6834,4733,Low
6835,6542,Low
6836,1048,High
6837,6765,Medium
6838,6885,Medium
6839,6723,High
6840,6901,Medium
6841,6905,High
6842,6913,Medium
6843,6899,Medium
6844,6313,Medium
6845,6888,High
6846,6883,High
6847,6672,Medium
6848,6876,Medium
6849,6882,Medium
6850,5286,Medium
6851,6850,High
6852,458,Low
6853,4996,Medium
6854,2238,Low
6855,2273,Low
6856,5808,Medium
6857,6622,High
6858,6843,High
6859,6184,Medium
6860,6683,High
6861,6656,High
6862,5163,Low
6863,5200,Medium
6864,5203,Low
6865,4831,Low
6866,6837,High
6867,6103,High
6868,6569,Medium
6869,6503,Medium
6870,6516,Medium
6871,6630,High
6872,5947,Low
6873,6751,Medium
6874,5326,Low
6875,6710,Medium
6876,6708,High
6877,6792,Medium
6878,6865,Medium
6879,6637,High
6880,6859,Medium
6881,6075,High
6882,6860,Medium
6883,6849,High
6884,6855,Medium
6885,6829,Medium
6886,6529,Medium
6887,5894,Medium
6888,4390,Low
6889,6767,Medium
6890,5129,Low
6891,5980,Medium
6892,6840,Medium
6893,3414,Low
6894,6835,Medium
6895,6825,Medium
6896,6807,Medium
6897,5418,Low
6898,6388,Medium
6899,4707,Low
6900,6795,Medium
6901,6828,High
6902,6787,High
6903,6815,Medium
6904,6750,High
6905,6163,Medium
6906,6796,High
6907,6661,Medium
6908,6562,Low
6909,6819,Medium
6910,5063,Low
6911,4940,Medium
6912,6786,Medium
6913,4440,Medium
6914,6728,Medium
6915,6756,Medium
6916,6545,High
6917,6810,Medium
6918,6696,Medium
6919,6783,Medium
6920,6002,Low
6921,6788,High
6922,6712,High
6923,4512,Low
6924,6651,High
6925,6489,Medium
6926,6301,Low
6927,4391,Low
6928,2726,Low
6929,3604,Medium
6930,3260,Low
6931,6649,Medium
6932,4488,Medium
6933,6721,Medium
6934,6738,Low
6935,4024,Low
6936,4424,Low
6937,4454,Low
6938,4674,Medium
6939,4751,Medium
6940,4769,Low
6941,4779,Low
6942,4848,Low
6943,4937,Low
6944,4936,Medium
6945,4973,Low
6946,5023,Low
6947,5032,Low
6948,5044,Low
6949,5201,Medium
6950,5179,Low
6951,5210,Low
6952,5289,Low
6953,5304,Medium
6954,5310,Low
6955,5316,Low
6956,5335,Medium
6957,5353,Medium
6958,5805,Medium
6959,5888,Low
6960,5998,Low
6961,6222,Medium
6962,6354,Medium
6963,6389,Low
6964,6437,Medium
6965,6522,Low
6966,4861,Low
6967,5241,High
6968,5327,Medium
6969,6042,Low
6970,6104,Medium
6971,5052,High
6972,5365,Low
6973,6742,Medium
6974,6735,Medium
6975,6261,Medium
6976,6713,High
6977,3147,Low
6978,6697,Medium
6979,5554,Low
6980,6669,High
6981,3461,Low
6982,2889,Low
6983,6617,Medium
6984,6682,Medium
6985,6675,Medium
6986,6680,High
6987,5279,High
6988,5005,High
6989,6673,High
6990,6096,Medium
6991,5800,High
6992,6670,Medium
6993,6577,High
6994,6662,Medium
6995,6665,Medium
6996,6636,High
6997,6654,Medium
6998,6595,Medium
6999,4595,Low
7000,6485,High
7001,4558,Low
7002,6435,High
7003,6628,Medium
7004,6414,Medium
7005,5330,Low
7006,6334,Low
7007,6525,Medium
7008,5874,Medium
7009,6449,Medium
7010,6612,High
7011,4706,Medium
7012,6578,Medium
7013,6417,High
7014,6502,High
7015,6317,Medium
7016,6553,Medium
7017,1820,Medium
7018,6508,High
7019,5932,Low
7020,6582,High
7021,5374,High
7022,6546,Medium
7023,6568,Medium
7024,6413,High
7025,6009,Medium
7026,6511,Medium
7027,6563,Medium
7028,6506,High
7029,6527,High
7030,6551,Medium
7031,6429,High
7032,6533,High
7033,6484,Medium
7034,6524,Medium
7035,6518,Medium
7036,6519,High
7037,6220,Medium
7038,6353,High
7039,6509,Medium
7040,6513,High
7041,6496,High
7042,1419,Low
7043,6521,Medium
7044,6515,High
7045,6494,High
7046,6495,Medium
7047,6068,Low
7048,6500,Medium
7049,6487,High
7050,6499,Medium
7051,6498,Medium
7052,6491,High
7053,6319,High
7054,6481,High
7055,6469,High
7056,6479,Medium
7057,6462,High
7058,5417,Low
7059,6372,High
7060,6281,Medium
7061,6475,Medium
7062,6476,Medium
7063,6364,High
7064,6432,High
7065,6058,High
7066,6053,High
7067,6156,Medium
7068,6470,Medium
7069,6466,Medium
7070,6452,Medium
7071,3268,Low
7072,6419,High
7073,6425,High
7074,6447,High
7075,6123,High
7076,6356,High
7077,6115,High
7078,6367,High
7079,6318,Medium
7080,6291,Medium
7081,335,Medium
7082,3654,Low
7083,5889,Medium
7084,5940,High
7085,4528,Low
7086,6085,Medium
7087,6422,Medium
7088,4772,Low
7089,4514,Low
7090,5280,Low
7091,4224,Low
7092,4927,Low
7093,5221,Medium
7094,5226,Medium
7095,5869,Medium
7096,5930,Low
7097,5928,Medium
7098,3606,Medium
7099,3323,Medium
7100,2935,Low
7101,4087,High
7102,1673,Low
7103,4189,High
7104,6113,High
7105,6238,Medium
7106,4897,Medium
7107,4921,High
7108,5147,Medium
7109,4100,Low
7110,4855,Low
7111,6406,High
7112,6410,Medium
7113,4994,Medium
7114,6110,Medium
7115,6375,Medium
7116,6390,High
7117,6385,High
7118,6215,Low
7119,6101,Low
7120,4616,Low
7121,5300,Low
7122,6397,Medium
7123,6097,High
7124,6138,Medium
7125,6309,Medium
7126,6383,High
7127,6377,High
7128,6224,Medium
7129,6379,Medium
7130,6296,High
7131,6257,Medium
7132,6122,High
7133,6363,High
7134,5062,Low
7135,6368,Medium
7136,6336,High
7137,6360,Medium
7138,6361,Medium
7139,6358,Medium
7140,6355,Medium
7141,3124,Low
7142,6316,High
7143,6289,High
7144,6345,Medium
7145,6344,Medium
7146,6351,Medium
7147,6352,Medium
7148,6337,Medium
7149,6335,Medium
7150,6327,Medium
7151,6326,Medium
7152,6280,High
7153,10,Medium
7154,5,Low
7155,3,High
7156,2,Medium
7157,6204,High
7158,4987,High
7159,6307,Medium
7160,6297,Medium
7161,6285,Medium
7162,6134,High
7163,5983,Medium
7164,6279,Medium
7165,6288,Medium
7166,6293,Medium
7167,6290,High
7168,6130,High
7169,6056,Medium
7170,6278,Medium
7171,6149,High
7172,6124,Medium
7173,5972,High
7174,6078,Medium
7175,6231,Medium
7176,5933,Medium
7177,4080,Low
7178,342,Low
7179,341,High
7180,329,Medium
7181,327,High
7182,326,Medium
7183,309,Medium
7184,306,Medium
7185,6051,Medium
7186,6050,Medium
7187,6047,High
7188,6044,Medium
7189,6027,Medium
7190,6021,Medium
7191,6020,High
7192,5996,Medium
7193,5986,High
7194,5977,High
7195,5974,High
7196,5956,Medium
7197,5955,High
7198,5942,High
7199,5941,High
7200,5920,High
7201,5911,Medium
7202,5905,Medium
7203,5902,High
7204,5901,Medium
7205,5899,Medium
7206,5897,Medium
7207,5881,Medium
7208,5877,Medium
7209,5875,Medium
7210,5868,Low
7211,5862,Medium
7212,5856,Medium
7213,5848,High
7214,5844,High
7215,5840,Medium
7216,5837,Medium
7217,5834,Low
7218,5830,Medium
7219,5829,Medium
7220,5827,High
7221,5826,High
7222,5823,Medium
7223,5812,High
7224,5811,Medium
7225,5803,High
7226,5802,High
7227,343,Medium
7228,6246,Medium
7229,6234,Medium
7230,6232,Medium
7231,6226,Medium
7232,6219,High
7233,6216,Medium
7234,6202,Medium
7235,6200,Medium
7236,6198,High
7237,6186,Medium
7238,6178,Medium
7239,6165,Medium
7240,6164,Medium
7241,6142,Medium
7242,6135,High
7243,6128,Medium
7244,6127,High
7245,6118,Medium
7246,6100,Medium
7247,6099,Medium
7248,6081,Medium
7249,6077,Medium
7250,6073,High
7251,6057,Medium
7252,6245,High
7253,6120,High
7254,4404,Low
7255,6214,Medium
7256,6228,High
7257,6133,High
7258,5020,Low
7259,3860,Low
7260,5263,Medium
7261,6137,High
7262,6089,High
7263,5976,High
7264,5373,Low
7265,6181,High
7266,5923,Medium
7267,1915,Low
7268,1253,Low
7269,2159,Medium
7270,1700,Low
7271,1047,Low
7272,2232,High
7273,5477,Low
7274,5355,Medium
7275,6175,Medium
7276,3951,Low
7277,2772,Low
7278,5333,Medium
7279,4946,High
7280,4074,Low
7281,3776,Low
7282,6092,Medium
7283,6108,Medium
7284,6098,Medium
7285,6086,High
7286,5982,Medium
7287,5924,Medium
7288,6114,High
7289,3686,Low
7290,6102,Medium
7291,6045,Medium
7292,5030,Medium
7293,5338,Low
7294,1335,Low
7295,5087,Low
7296,6065,High
7297,6049,High
7298,6012,High
7299,5863,High
7300,5995,Medium
7301,6039,Medium
7302,5970,High
7303,6028,High
7304,6025,Medium
7305,5991,High
7306,690,Medium
7307,5990,Medium
7308,6014,Medium
7309,5994,High
7310,5949,High
7311,4888,Low
7312,5936,High
7313,5415,Low
7314,1848,Low
7315,5180,Low
7316,5950,High
7317,5820,Medium
7318,5969,Medium
7319,5151,Medium
7320,5919,High
7321,5951,Medium
7322,5943,Medium
7323,5896,Medium
7324,5937,High
7325,5399,Medium
7326,5406,Medium
7327,4392,Low
7328,5926,High
7329,313,High
7330,5213,Medium
7331,5404,Medium
7332,5890,High
7333,4270,Low
7334,5895,Medium
7335,5898,High
7336,5918,Medium
7337,5880,High
7338,5806,Medium
7339,3153,Low
7340,5407,High
7341,5900,Medium
7342,2035,Low
7343,5342,Low
7344,5067,Low
7345,5854,High
7346,5876,Medium
7347,5864,Medium
7348,5816,High
7349,5299,Medium
7350,2947,Low
7351,5851,High
7352,3556,Low
7353,5814,Medium
7354,5804,Medium
7355,5409,High
7356,5403,Medium
7357,5351,Medium
7358,5323,Medium
7359,5313,Low
7360,5242,Medium
7361,5190,Medium
7362,4455,Medium
7363,5819,Medium
7364,5419,High
7365,5416,Medium
7366,5412,Medium
7367,5411,Medium
7368,5410,Medium
7369,4611,High
7370,3126,Low
7371,5867,High
7372,5400,Medium
7373,5381,Medium
7374,5380,High
7375,5273,High
7376,5168,Medium
7377,455,Low
7378,5790,Medium
7379,5751,Medium
7380,5716,Low
7381,5712,Medium
7382,5471,Medium
7383,2537,Medium
7384,2333,Medium
7385,1723,Medium
7386,1475,Low
7387,1429,High
7388,1377,High
7389,1323,Medium
7390,1296,Medium
7391,1295,Low
7392,1223,Medium
7393,1211,Low
7394,1095,Medium
7395,1073,Low
7396,866,Medium
7397,853,Low
7398,753,Low
7399,547,Medium
7400,457,Medium
7401,1116,Low
7402,1112,Low
7403,1054,Low
7404,884,Low
7405,675,Medium
7406,638,Low
7407,598,Low
7408,558,Low
7409,2293,Medium
7410,2258,High
7411,1770,Medium
7412,1767,Medium
7413,1764,Medium
7414,1759,Medium
7415,1756,Medium
7416,1750,High
7417,1748,High
7418,1747,High
7419,1745,Medium
7420,1744,Medium
7421,1741,Medium
7422,1738,Medium
7423,1733,Low
7424,1592,Low
7425,1558,Low
7426,1462,Low
7427,1434,Low
7428,1187,Low
7429,1138,Low
7430,3344,Medium
7431,3343,Low
7432,3335,Medium
7433,3189,Low
7434,1994,Medium
7435,1992,Medium
7436,1989,Low
7437,1985,Low
7438,1978,Low
7439,1969,High
7440,1960,Medium
7441,1935,High
7442,1929,Low
7443,1925,High
7444,1921,Medium
7445,1894,Medium
7446,1867,Low
7447,1851,Medium
7448,1846,Medium
7449,1839,Low
7450,1824,Medium
7451,1819,Medium
7452,1818,High
7453,1815,Medium
7454,1810,High
7455,1801,High
7456,1797,High
7457,1790,Medium
7458,1771,Medium
7459,2206,Medium
7460,2204,Medium
7461,2199,Low
7462,2169,Medium
7463,2166,Medium
7464,2160,Medium
7465,2149,High
7466,2131,Medium
7467,2130,Medium
7468,2118,Medium
7469,2117,Medium
7470,2112,Medium
7471,2111,Medium
7472,2109,Medium
7473,2101,High
7474,2097,Low
7475,2077,High
7476,2073,Low
7477,2064,Medium
7478,2060,Medium
7479,2053,Medium
7480,2045,High
7481,2033,Medium
7482,2011,High
7483,2731,Low
7484,2404,High
7485,2402,High
7486,2396,Medium
7487,2388,Medium
7488,2377,High
7489,2371,Medium
7490,2366,High
7491,2355,High
7492,2343,Medium
7493,2339,Medium
7494,2331,Medium
7495,2278,Medium
7496,2277,Medium
7497,2272,Medium
7498,2254,High
7499,2245,Low
7500,2234,High
7501,2219,Medium
7502,2207,Low
7503,2634,Medium
7504,2630,Medium
7505,2627,Medium
7506,2623,High
7507,2618,Medium
7508,2617,High
7509,2614,Medium
7510,2605,Low
7511,2601,Medium
7512,2597,Medium
7513,2596,Low
7514,2542,Medium
7515,2524,High
7516,2516,High
7517,2510,Low
7518,2509,Medium
7519,2490,High
7520,2489,High
7521,2488,Medium
7522,2483,Medium
7523,2481,Medium
7524,2453,High
7525,2422,Medium
7526,2410,Medium
7527,2877,Medium
7528,2853,Medium
7529,2852,High
7530,2843,Medium
7531,2800,High
7532,2779,High
7533,2778,Medium
7534,2777,Medium
7535,2776,High
7536,2774,Medium
7537,2768,Medium
7538,2766,Medium
7539,2754,Low
7540,2749,Medium
7541,2737,Medium
7542,2734,Medium
7543,2732,Medium
7544,2720,Low
7545,2715,Medium
7546,2695,Low
7547,2690,Medium
7548,2687,Low
7549,3340,Medium
7550,3313,Low
7551,3283,Medium
7552,3238,Low
7553,3231,Medium
7554,3215,Low
7555,3214,High
7556,3212,Medium
7557,3191,High
7558,3107,Low
7559,3106,Medium
7560,3081,Medium
7561,3079,Low
7562,3078,Medium
7563,3076,Medium
7564,3072,Medium
7565,3069,Medium
7566,3037,Medium
7567,3008,Low
7568,2959,Medium
7569,2945,Medium
7570,2921,Low
7571,2919,Low
7572,2916,Medium
7573,3564,Medium
7574,3560,Low
7575,3558,Medium
7576,3552,Medium
7577,3526,High
7578,3512,Medium
7579,3508,Medium
7580,3504,Medium
7581,3500,High
7582,3495,Low
7583,3489,Medium
7584,3475,Medium
7585,3470,Low
7586,3462,Medium
7587,3456,Medium
7588,3447,Medium
7589,3442,Low
7590,3437,Medium
7591,3436,High
7592,3418,Low
7593,3409,High
7594,3394,Medium
7595,3376,Medium
7596,3373,Medium
7597,3360,Medium
7598,3351,High
7599,3880,Medium
7600,3879,High
7601,3876,Medium
7602,3867,Low
7603,3861,Low
7604,3855,Low
7605,3835,Low
7606,3795,High
7607,3762,High
7608,3720,Low
7609,3715,Low
7610,3703,Low
7611,3688,Medium
7612,3672,Medium
7613,3664,Medium
7614,3658,Low
7615,3650,Medium
7616,3648,Medium
7617,3638,High
7618,3602,Medium
7619,3597,Medium
7620,3595,Medium
7621,3588,Low
7622,3569,Low
7623,4066,Medium
7624,4058,Low
7625,4055,Medium
7626,4048,High
7627,4037,Medium
7628,4031,Medium
7629,4029,Medium
7630,4025,Medium
7631,4021,Medium
7632,4016,Medium
7633,4002,Low
7634,3968,Medium
7635,3955,Medium
7636,3947,High
7637,3939,Medium
7638,3936,Medium
7639,3923,Medium
7640,3916,Low
7641,3912,Medium
7642,3891,Medium
7643,3890,Medium
7644,3888,Medium
7645,4275,Medium
7646,4271,Medium
7647,4269,Medium
7648,4268,Medium
7649,4255,Medium
7650,4252,Low
7651,4251,Medium
7652,4232,Medium
7653,4211,High
7654,4210,Medium
7655,4207,Medium
7656,4176,Medium
7657,4174,High
7658,4147,Low
7659,4137,Medium
7660,4117,Low
7661,4115,Low
7662,4104,Medium
7663,4095,Medium
7664,4092,Low
7665,4091,Medium
7666,4090,High
7667,4075,Low
7668,4478,Medium
7669,4467,Medium
7670,4464,Medium
7671,4449,Medium
7672,4434,High
7673,4430,High
7674,4426,Medium
7675,4422,Medium
7676,4421,Low
7677,4405,Medium
7678,4400,High
7679,4396,Low
7680,4395,Medium
7681,4385,High
7682,4383,High
7683,4378,High
7684,4374,Medium
7685,4364,High
7686,4361,Medium
7687,4356,Medium
7688,4355,Medium
7689,4286,Medium
7690,4282,Medium
7691,4277,Medium
7692,4935,Medium
7693,4929,Medium
7694,4908,Medium
7695,4906,Medium
7696,4889,High
7697,4868,High
7698,4867,Medium
7699,4850,High
7700,4849,High
7701,4846,Medium
7702,4842,Medium
7703,4841,Medium
7704,4840,Medium
7705,4839,Medium
7706,4804,Medium
7707,4762,Medium
7708,4624,Medium
7709,4591,High
7710,4588,Medium
7711,4573,Medium
7712,4521,High
7713,4486,Medium
7714,5238,Medium
7715,5237,High
7716,5236,High
7717,5183,High
7718,5177,Medium
7719,5171,Medium
7720,5142,Medium
7721,5132,High
7722,5112,Medium
7723,5110,Medium
7724,5105,High
7725,5070,Medium
7726,5061,Medium
7727,5021,Medium
7728,5018,Medium
7729,5017,Medium
7730,5015,High
7731,5012,High
7732,5011,Medium
7733,4988,High
7734,4981,Medium
7735,4979,Medium
7736,4978,Medium
7737,4970,Medium
7738,4964,Medium
7739,5468,Low
7740,5408,Medium
7741,5390,Low
7742,5379,Medium
7743,5378,High
7744,5377,Medium
7745,5375,High
7746,5352,Medium
7747,5345,Medium
7748,5336,High
7749,5324,Medium
7750,5305,High
7751,5302,Medium
7752,5296,High
7753,5272,Medium
7754,5260,Medium
7755,5249,High
7756,5239,Medium
7757,412,Low
7758,392,Medium
7759,390,Medium
7760,386,Low
7761,384,Medium
7762,622,Medium
7763,611,Medium
7764,596,Medium
7765,595,Low
7766,565,Medium
7767,518,High
7768,511,Medium
7769,507,High
7770,503,Medium
7771,491,High
7772,480,Medium
7773,479,Medium
7774,478,Medium
7775,477,High
7776,468,Medium
7777,467,Medium
7778,465,Medium
7779,436,Medium
7780,433,High
7781,428,Medium
7782,417,Medium
7783,758,Medium
7784,750,Medium
7785,737,Medium
7786,724,Medium
7787,716,Medium
7788,713,Medium
7789,711,High
7790,704,Medium
7791,701,Low
7792,694,Medium
7793,685,High
7794,681,Medium
7795,679,Medium
7796,678,Medium
7797,676,Low
7798,673,High
7799,671,High
7800,665,Medium
7801,657,High
7802,650,High
7803,648,High
7804,637,High
7805,635,Medium
7806,634,High
7807,901,Medium
7808,891,Medium
7809,883,Medium
7810,874,High
7811,867,Medium
7812,854,High
7813,850,Medium
7814,847,High
7815,837,High
7816,836,High
7817,832,High
7818,813,High
7819,812,High
7820,800,High
7821,796,Medium
7822,780,High
7823,779,Low
7824,772,Low
7825,770,Medium
7826,769,Medium
7827,765,High
7828,763,High
7829,761,High
7830,1085,Medium
7831,1083,Medium
7832,1079,High
7833,1076,Medium
7834,1066,Medium
7835,1059,Medium
7836,1057,Medium
7837,1044,Low
7838,1035,Low
7839,1032,High
7840,1025,Medium
7841,1015,Medium
7842,1000,High
7843,993,Medium
7844,977,Medium
7845,976,Medium
7846,960,Medium
7847,952,Medium
7848,949,High
7849,943,Medium
7850,930,High
7851,928,Medium
7852,912,High
7853,1221,High
7854,1209,Medium
7855,1208,Medium
7856,1204,Medium
7857,1197,Medium
7858,1190,High
7859,1189,Medium
7860,1186,Medium
7861,1183,Medium
7862,1180,High
7863,1177,Medium
7864,1173,High
7865,1171,Medium
7866,1162,Low
7867,1161,Low
7868,1142,Medium
7869,1134,Medium
7870,1131,Medium
7871,1130,Medium
7872,1128,High
7873,1113,High
7874,1105,High
7875,1094,Medium
7876,5655,Low
7877,1396,Medium
7878,1379,Medium
7879,1356,Medium
7880,1341,Medium
7881,1339,High
7882,1334,Medium
7883,1318,High
7884,1316,Medium
7885,1314,Medium
7886,1311,Medium
7887,1305,Medium
7888,1290,Medium
7889,1288,Medium
7890,1272,Medium
7891,1271,Medium
7892,1270,Medium
7893,1266,Medium
7894,1265,High
7895,1263,High
7896,1252,Medium
7897,1240,Medium
7898,1234,Medium
7899,1233,Medium
7900,1231,Medium
7901,1654,Low
7902,1653,Medium
7903,1641,Medium
7904,1637,High
7905,1628,Medium
7906,1623,Medium
7907,1621,Medium
7908,1607,Medium
7909,1581,High
7910,1580,Medium
7911,1577,Medium
7912,1549,High
7913,1532,Low
7914,1518,High
7915,1513,Medium
7916,1505,Medium
7917,1504,Medium
7918,1492,Medium
7919,1488,Medium
7920,1477,Medium
7921,1476,Low
7922,1436,Medium
7923,1407,Medium
7924,1406,Medium
7925,1405,Medium
7926,1995,High
7927,1959,Low
7928,1954,High
7929,1952,High
7930,1944,Medium
7931,1943,Medium
7932,1941,High
7933,1924,Medium
7934,1883,Low
7935,1825,Medium
7936,1784,Medium
7937,1772,High
7938,1766,Medium
7939,1724,Medium
7940,1722,Low
7941,1720,High
7942,1715,Medium
7943,1701,Medium
7944,1693,Medium
7945,1691,Medium
7946,1689,Medium
7947,1674,Medium
7948,1667,Medium
7949,1660,Medium
7950,2612,High
7951,2599,Medium
7952,2566,Medium
7953,2546,Medium
7954,2545,Medium
7955,2544,Medium
7956,2532,Low
7957,2528,Medium
7958,2506,Medium
7959,2456,High
7960,2382,High
7961,2337,High
7962,2241,Medium
7963,2216,Medium
7964,2214,High
7965,2182,Medium
7966,2091,High
7967,2075,Medium
7968,2032,Medium
7969,2021,Medium
7970,2014,High
7971,2010,High
7972,3148,Medium
7973,3138,Medium
7974,3130,Medium
7975,3094,Medium
7976,3066,Medium
7977,3046,Medium
7978,2993,Medium
7979,2936,Medium
7980,2879,Medium
7981,2878,Medium
7982,2876,Medium
7983,2865,Low
7984,2863,Medium
7985,2820,Medium
7986,2803,Medium
7987,2799,Medium
7988,2713,Medium
7989,2705,Medium
7990,2691,Medium
7991,2673,Medium
7992,2658,Medium
7993,2643,Low
7994,2641,Medium
7995,2625,Medium
7996,3745,Medium
7997,3719,Medium
7998,3698,Medium
7999,3659,High
8000,3586,Medium
8001,3544,Medium
8002,3540,Medium
8003,3400,Medium
8004,3392,Medium
8005,3380,Medium
8006,3377,High
8007,3362,Medium
8008,3347,Low
8009,3302,Low
8010,3272,Medium
8011,3262,High
8012,3261,Medium
8013,3258,Medium
8014,3257,Medium
8015,3197,Medium
8016,3182,Medium
8017,3169,Medium
8018,3155,Medium
8019,3152,High
8020,5543,Medium
8021,5487,Medium
8022,5457,Medium
8023,5454,Medium
8024,5447,Low
8025,5431,Low
8026,5428,Medium
8027,4997,Medium
8028,4805,High
8029,4799,High
8030,4793,Medium
8031,4728,Medium
8032,4721,High
8033,4699,Medium
8034,4694,Medium
8035,4666,High
8036,4590,Medium
8037,4574,Medium
8038,4089,Medium
8039,3859,Low
8040,3854,Medium
8041,3816,Medium
8042,5681,Medium
8043,5680,High
8044,5679,Medium
8045,5677,Medium
8046,5675,Medium
8047,5673,Medium
8048,5667,Medium
8049,5661,Low
8050,5656,Medium
8051,5654,Medium
8052,5652,Medium
8053,5650,Medium
8054,5645,Medium
8055,5642,High
8056,5636,Medium
8057,5634,Medium
8058,5624,Medium
8059,5616,High
8060,5615,Medium
8061,5609,Low
8062,5595,Medium
8063,5591,Low
8064,5590,Medium
8065,5582,Low
8066,5574,Medium
8067,5798,Medium
8068,5789,Medium
8069,5788,Medium
8070,5783,Medium
8071,5776,Medium
8072,5772,Medium
8073,5768,Medium
8074,5761,Low
8075,5760,Low
8076,5758,Low
8077,5756,Medium
8078,5752,Medium
8079,5748,Medium
8080,5747,Medium
8081,5746,Low
8082,5735,Medium
8083,5723,Medium
8084,5719,Medium
8085,5713,Medium
8086,5705,Low
8087,5696,High
8088,4409,Medium
8089,5191,High
8090,4872,Medium
8091,4907,Medium
8092,4903,High
8093,4885,Low
8094,4884,Medium
8095,4877,High
8096,4873,Medium
8097,4869,Medium
8098,4853,Medium
8099,4843,High
8100,4795,Medium
8101,4749,Low
8102,4741,Low
8103,4703,High
8104,4702,Medium
8105,4692,Medium
8106,4690,Medium
8107,4655,High
8108,4631,High
8109,4613,Low
8110,4612,High
8111,4610,High
8112,4569,Medium
8113,4564,High
8114,4563,High
8115,4555,Low
8116,4541,High
8117,4540,High
8118,4389,Medium
8119,4572,Low
8120,5579,High
8121,5041,Medium
8122,3612,Low
8123,5491,Medium
8124,2788,Medium
8125,2706,High
8126,2704,High
8127,2670,Medium
8128,1721,High
8129,2414,High
8130,5799,Medium
8131,5797,Low
8132,5796,Medium
8133,5795,Low
8134,5794,Low
8135,766,Medium
8136,5793,Low
8137,5792,Medium
8138,5791,Low
8139,5787,Medium
8140,5786,Medium
8141,5785,Low
8142,653,Low
8143,5784,Medium
8144,5782,Medium
8145,5780,Medium
8146,5779,Medium
8147,5778,Low
8148,5777,Medium
8149,5775,Medium
8150,5502,Low
8151,661,Low
8152,549,Low
8153,5774,Medium
8154,5773,Medium
8155,5771,Medium
8156,5770,Medium
8157,5769,Medium
8158,5766,Low
8159,5765,Low
8160,5764,Medium
8161,5763,Medium
8162,5762,High
8163,857,High
8164,852,High
8165,5759,Medium
8166,5757,Medium
8167,5755,High
8168,5754,Medium
8169,5349,Medium
8170,5750,Low
8171,5749,Medium
8172,5745,Medium
8173,5744,Low
8174,5743,Medium
8175,5742,Low
8176,5741,Medium
8177,5740,Low
8178,5739,Low
8179,5738,High
8180,5737,Low
8181,5736,Medium
8182,5734,High
8183,5733,Low
8184,5732,Low
8185,5730,High
8186,692,Medium
8187,5729,Medium
8188,5726,Low
8189,5725,Low
8190,5722,Medium
8191,5721,Low
8192,5718,Medium
8193,5717,Medium
8194,5715,Medium
8195,5714,High
8196,1460,High
8197,572,Low
8198,2135,Low
8199,5710,Low
8200,5709,Medium
8201,5708,Low
8202,1235,High
8203,5707,High
8204,5704,Medium
8205,1126,Medium
8206,5702,Medium
8207,5701,Low
8208,5700,Low
8209,5699,Medium
8210,5698,Medium
8211,5695,Medium
8212,1713,Medium
8213,5694,Low
8214,5693,Medium
8215,5691,Medium
8216,5690,Medium
8217,5689,Medium
8218,5688,Medium
8219,5684,Low
8220,1514,High
8221,1258,Medium
8222,5683,Medium
8223,5682,Medium
8224,5678,Medium
8225,5676,Medium
8226,5674,High
8227,613,Low
8228,5672,Medium
8229,5671,Low
8230,5670,Medium
8231,5668,Medium
8232,5666,Medium
8233,5665,Medium
8234,5663,High
8235,5662,Medium
8236,5660,Medium
8237,5659,Low
8238,3011,High
8239,5657,Low
8240,5653,Medium
8241,5651,Medium
8242,5649,Low
8243,5648,Medium
8244,5647,Medium
8245,5646,Medium
8246,5644,Medium
8247,5643,Medium
8248,5641,Low
8249,1826,Medium
8250,5639,Low
8251,5638,High
8252,5637,High
8253,5635,High
8254,5633,Low
8255,5632,Medium
8256,5631,Medium
8257,5630,Medium
8258,5629,Medium
8259,5628,High
8260,5627,Medium
8261,5626,Medium
8262,5625,Medium
8263,5623,High
8264,5622,Low
8265,5621,Low
8266,5620,High
8267,5619,Low
8268,5617,Low
8269,5614,Low
8270,5613,Medium
8271,5612,Medium
8272,5611,Low
8273,5610,Medium
8274,5606,Medium
8275,5604,Medium
8276,5603,Medium
8277,5602,Medium
8278,5601,Medium
8279,5600,Low
8280,5599,Medium
8281,5598,Medium
8282,5597,Low
8283,4127,High
8284,4052,Medium
8285,3942,Medium
8286,1559,Low
8287,1527,Medium
8288,1385,Low
8289,5596,Medium
8290,5594,High
8291,1028,Low
8292,660,Low
8293,5593,Medium
8294,5592,Low
8295,2229,High
8296,1245,Medium
8297,1212,Medium
8298,5589,Medium
8299,5588,Medium
8300,5587,Medium
8301,5584,Medium
8302,5583,High
8303,5581,Low
8304,5580,Low
8305,5578,Medium
8306,1765,Medium
8307,5577,High
8308,5573,Medium
8309,5572,Low
8310,5570,High
8311,2714,High
8312,1664,Medium
8313,5568,Medium
8314,5567,Medium
8315,5566,High
8316,5565,Medium
8317,5563,Medium
8318,5562,Medium
8319,5560,High
8320,5558,Low
8321,5557,Low
8322,5556,Medium
8323,3134,High
8324,2152,Low
8325,735,Medium
8326,876,Medium
8327,762,Low
8328,5553,High
8329,5551,Low
8330,5550,Medium
8331,5549,Medium
8332,5548,Medium
8333,5547,Medium
8334,5546,Medium
8335,5544,Low
8336,5542,Medium
8337,5541,Medium
8338,5540,Medium
8339,5539,Medium
8340,5538,Medium
8341,5536,High
8342,5535,Low
8343,5534,Medium
8344,5533,Medium
8345,5532,Medium
8346,5531,Medium
8347,5530,High
8348,5528,Medium
8349,5527,Medium
8350,5526,High
8351,5525,High
8352,5524,Medium
8353,5523,Medium
8354,5522,Medium
8355,5521,Low
8356,5520,High
8357,5518,Medium
8358,5516,Medium
8359,5515,Medium
8360,5514,Medium
8361,5510,Low
8362,5509,Low
8363,5508,Medium
8364,5506,Medium
8365,5505,Medium
8366,5504,Low
8367,5503,Low
8368,791,Medium
8369,789,Low
8370,5501,Medium
8371,5498,Medium
8372,5496,Low
8373,5495,Medium
8374,5492,Low
8375,3118,Low
8376,3012,Low
8377,2828,Low
8378,2804,Low
8379,2708,Medium
8380,2318,High
8381,898,Medium
8382,389,Medium
8383,1509,Medium
8384,1490,Medium
8385,1485,High
8386,1411,High
8387,1184,High
8388,5490,Low
8389,5486,Medium
8390,5485,High
8391,1486,Low
8392,5484,Medium
8393,5483,Medium
8394,5482,High
8395,5481,Low
8396,5479,Low
8397,5478,Low
8398,774,Medium
8399,5476,Low
8400,5474,Low
8401,5473,Medium
8402,5472,Medium
8403,5470,Medium
8404,5469,Low
8405,2233,Low
8406,534,Low
8407,2992,High
8408,1562,High
8409,5467,Low
8410,5466,Low
8411,5465,Low
8412,703,High
8413,1823,Low
8414,5464,Medium
8415,1120,High
8416,1074,Medium
8417,5463,Low
8418,5462,Low
8419,840,Low
8420,838,Medium
8421,567,Low
8422,5461,Low
8423,5460,High
8424,5459,Medium
8425,1347,High
8426,1023,Medium
8427,554,Low
8428,519,Medium
8429,409,High
8430,5458,Low
8431,5456,Medium
8432,5453,Low
8433,5452,Medium
8434,5451,Medium
8435,5450,Medium
8436,5448,Medium
8437,5446,Low
8438,5445,Medium
8439,5444,Low
8440,5441,Medium
8441,5440,High
8442,5439,Medium
8443,5438,Medium
8444,5434,Medium
8445,5433,High
8446,5432,Medium
8447,5429,Low
8448,5427,Medium
8449,5425,Low
8450,2805,High
8451,2328,Low
8452,842,High
8453,5423,Low
8454,4363,Medium
8455,5405,Medium
8456,4691,High
8457,5396,High
8458,5394,Medium
8459,5393,High
8460,5391,Low
8461,5388,Medium
8462,5387,Medium
8463,5384,High
8464,5303,High
8465,5383,Medium
8466,5382,Medium
8467,5376,Medium
8468,5371,High
8469,5370,Medium
8470,5362,Medium
8471,5361,Medium
8472,5360,Medium
8473,5358,Medium
8474,5356,Medium
8475,5354,Medium
8476,5346,Medium
8477,5344,Medium
8478,5189,High
8479,5343,Medium
8480,5339,Medium
8481,5337,High
8482,2834,Low
8483,5332,Medium
8484,5331,Medium
8485,5329,Medium
8486,5325,Medium
8487,5301,High
8488,5192,High
8489,3692,Medium
8490,5322,High
8491,5321,Medium
8492,5320,High
8493,5314,Medium
8494,5311,Medium
8495,5306,High
8496,5122,Medium
8497,5297,High
8498,5295,Medium
8499,5291,High
8500,5282,Medium
8501,5281,Medium
8502,752,Low
8503,5275,Medium
8504,3770,Low
8505,5268,Medium
8506,5266,Medium
8507,5212,High
8508,4439,Medium
8509,5262,Medium
8510,5256,Medium
8511,5255,Medium
8512,5254,Medium
8513,5253,High
8514,5251,High
8515,5247,Medium
8516,5243,Medium
8517,5240,Medium
8518,5227,Medium
8519,5225,Medium
8520,5220,High
8521,5222,High
8522,5007,High
8523,5219,High
8524,5218,Medium
8525,5217,Medium
8526,5215,High
8527,5148,High
8528,5034,Medium
8529,4499,High
8530,5207,High
8531,4924,Medium
8532,5204,Medium
8533,5188,Medium
8534,5199,Medium
8535,5194,High
8536,5181,Medium
8537,5175,Medium
8538,5172,High
8539,5170,High
8540,5167,High
8541,5162,Medium
8542,5160,Medium
8543,5158,High
8544,5153,High
8545,4974,Medium
8546,4330,Medium
8547,4221,High
8548,3259,Low
8549,5152,Medium
8550,5145,Medium
8551,5144,Medium
8552,5135,Medium
8553,5102,High
8554,5134,High
8555,5127,High
8556,5126,High
8557,2981,Low
8558,5121,Medium
8559,5120,High
8560,5035,Medium
8561,5026,Medium
8562,4989,High
8563,4253,Medium
8564,5119,High
8565,5118,Medium
8566,5116,High
8567,5115,Medium
8568,5114,High
8569,5111,Medium
8570,5107,Medium
8571,5106,High
8572,5104,Medium
8573,5100,Medium
8574,5097,High
8575,5051,Medium
8576,2268,Low
8577,1816,Low
8578,5080,Medium
8579,5065,High
8580,5064,Medium
8581,5060,Medium
8582,5058,Medium
8583,5054,High
8584,5053,Low
8585,5049,High
8586,5047,High
8587,5043,High
8588,5042,Medium
8589,4985,High
8590,5040,High
8591,5039,Medium
8592,5038,Medium
8593,5037,High
8594,5036,Medium
8595,5033,Medium
8596,5031,High
8597,1833,Low
8598,5028,Medium
8599,5027,Medium
8600,5010,Medium
8601,5006,Medium
8602,5019,High
8603,5008,Medium
8604,5004,Medium
8605,4990,High
8606,5001,Medium
8607,5000,High
8608,4995,Medium
8609,3810,Low
8610,4992,Medium
8611,4991,Medium
8612,4986,Medium
8613,4984,Medium
8614,3093,Low
8615,4972,Low
8616,4967,High
8617,4965,Medium
8618,4963,Medium
8619,4962,Medium
8620,4961,High
8621,4960,High
8622,4959,Medium
8623,4958,Medium
8624,4957,Medium
8625,4956,High
8626,4955,Medium
8627,4951,High
8628,4948,Medium
8629,4942,Medium
8630,4939,High
8631,4938,Medium
8632,4931,Medium
8633,4886,Medium
8634,4928,Medium
8635,4926,Medium
8636,4919,Medium
8637,4918,Low
8638,4912,Medium
8639,4904,Medium
8640,4901,Medium
8641,4900,Medium
8642,4899,Medium
8643,4898,High
8644,4896,Medium
8645,4895,High
8646,4510,Medium
8647,4890,Medium
8648,4887,High
8649,4748,Medium
8650,4594,Medium
8651,4878,High
8652,4866,Medium
8653,4862,Medium
8654,4857,High
8655,4856,Medium
8656,4457,Medium
8657,4854,Medium
8658,4833,High
8659,4830,Medium
8660,4828,High
8661,4824,Medium
8662,4817,Medium
8663,4806,High
8664,4794,High
8665,4786,High
8666,4781,Medium
8667,4652,High
8668,4263,High
8669,4777,Medium
8670,4774,High
8671,4773,Medium
8672,4755,Medium
8673,4754,Medium
8674,4747,High
8675,4742,Medium
8676,4739,High
8677,4723,High
8678,4720,Medium
8679,4711,Medium
8680,4709,Low
8681,4701,High
8682,4001,Medium
8683,4697,Medium
8684,4696,Medium
8685,4687,High
8686,4684,Medium
8687,4683,Medium
8688,4682,High
8689,4681,Medium
8690,4679,Medium
8691,4678,Medium
8692,4675,Medium
8693,4673,High
8694,4670,High
8695,4669,Medium
8696,4668,High
8697,4661,High
8698,4659,Medium
8699,4654,Medium
8700,4653,Medium
8701,4646,Medium
8702,4642,Medium
8703,4638,High
8704,4632,High
8705,4503,High
8706,4628,Medium
8707,4626,Medium
8708,4623,Medium
8709,4618,Medium
8710,4617,Medium
8711,4614,Medium
8712,4609,High
8713,4607,Medium
8714,4603,High
8715,4600,Medium
8716,4599,Medium
8717,4598,Medium
8718,4597,Medium
8719,4592,Medium
8720,4587,Low
8721,4583,Medium
8722,4582,Medium
8723,4581,Medium
8724,2589,Low
8725,4580,Medium
8726,4578,High
8727,855,Low
8728,4568,Medium
8729,4567,Medium
8730,4565,High
8731,4562,Medium
8732,4561,Medium
8733,4560,Medium
8734,4559,Medium
8735,4520,Medium
8736,4556,High
8737,4545,Medium
8738,4542,High
8739,4097,Medium
8740,4539,High
8741,4538,High
8742,4536,High
8743,4533,High
8744,4532,High
8745,4529,Medium
8746,4527,Medium
8747,4525,Medium
8748,4517,Medium
8749,3433,Low
8750,4516,Medium
8751,4515,Medium
8752,4511,Medium
8753,4509,Low
8754,4508,High
8755,4506,High
8756,4505,Medium
8757,4504,Medium
8758,4386,Medium
8759,4502,High
8760,4497,High
8761,4496,High
8762,4493,High
8763,4491,Medium
8764,4490,High
8765,4489,Medium
8766,4484,Medium
8767,4483,Medium
8768,4482,Medium
8769,4183,High
8770,3486,Medium
8771,4480,Medium
8772,4479,Medium
8773,4477,Medium
8774,4475,Medium
8775,4471,Medium
8776,4470,Medium
8777,4466,Medium
8778,4465,Medium
8779,4423,Low
8780,4261,Low
8781,3089,Medium
8782,4461,High
8783,4459,High
8784,4453,Medium
8785,4452,Medium
8786,4451,Medium
8787,4450,Medium
8788,4448,Medium
8789,4445,Medium
8790,4443,High
8791,4442,Medium
8792,4441,Medium
8793,490,High
8794,4438,Medium
8795,4437,Low
8796,4436,Medium
8797,4435,Medium
8798,4433,Medium
8799,4432,High
8800,4431,Medium
8801,4429,Medium
8802,4427,Medium
8803,4425,Medium
8804,4420,Medium
8805,4419,Medium
8806,4418,Medium
8807,4417,High
8808,4416,High
8809,4414,Medium
8810,4412,High
8811,4411,Medium
8812,4408,High
8813,4407,Low
8814,4402,Medium
8815,4274,High
8816,4403,Medium
8817,4399,Medium
8818,4398,Medium
8819,4394,Medium
8820,4393,Medium
8821,4388,High
8822,4384,Low
8823,4382,Medium
8824,4380,High
8825,4377,Medium
8826,4375,Medium
8827,4373,Low
8828,1640,Low
8829,4371,Medium
8830,4370,Medium
8831,4369,Medium
8832,4368,Medium
8833,4367,High
8834,4366,Medium
8835,4362,High
8836,4360,Medium
8837,4359,Medium
8838,4358,High
8839,4357,High
8840,4354,Medium
8841,4335,High
8842,4352,High
8843,4349,Medium
8844,4348,Medium
8845,4344,Medium
8846,4343,High
8847,4342,Medium
8848,4341,Medium
8849,4340,Medium
8850,4338,High
8851,4298,Low
8852,4336,High
8853,4334,Medium
8854,4332,Medium
8855,4331,Medium
8856,4328,Low
8857,4327,High
8858,4325,Medium
8859,4322,High
8860,4320,Medium
8861,4319,Medium
8862,4318,Medium
8863,4317,High
8864,4316,Medium
8865,4309,Medium
8866,4313,Medium
8867,4312,Medium
8868,4310,High
8869,4300,High
8870,4233,High
8871,3405,Low
8872,2028,Low
8873,4299,Medium
8874,4296,High
8875,4295,High
8876,4293,Medium
8877,4292,High
8878,4289,Medium
8879,4288,High
8880,4287,Medium
8881,4244,High
8882,4281,Medium
8883,4280,High
8884,4278,High
8885,4266,Medium
8886,4276,High
8887,4273,High
8888,4272,High
8889,4267,Medium
8890,4265,Medium
8891,4264,Medium
8892,4200,High
8893,4199,High
8894,4134,High
8895,4122,Medium
8896,4121,High
8897,4053,High
8898,4260,Low
8899,4259,Medium
8900,517,Low
8901,4256,Medium
8902,4254,Medium
8903,4249,Low
8904,4248,Medium
8905,4247,Medium
8906,4246,Medium
8907,4243,Low
8908,4242,Medium
8909,4241,High
8910,4239,High
8911,4238,Medium
8912,4235,Medium
8913,4234,High
8914,3239,Low
8915,2699,Low
8916,4229,Medium
8917,4227,Medium
8918,4226,Medium
8919,4225,High
8920,4223,High
8921,4222,Medium
8922,4220,Medium
8923,4219,Medium
8924,4218,Low
8925,4217,Medium
8926,4216,Medium
8927,4214,Medium
8928,4125,High
8929,2885,Medium
8930,4213,High
8931,4212,Low
8932,4209,High
8933,4208,High
8934,4206,Medium
8935,4204,High
8936,4203,Medium
8937,4202,High
8938,4201,Medium
8939,4194,High
8940,4197,Medium
8941,4195,Medium
8942,4193,Medium
8943,4192,High
8944,4191,Medium
8945,4190,Low
8946,4188,Medium
8947,4187,Medium
8948,4186,Medium
8949,4181,High
8950,4180,Medium
8951,4179,High
8952,4177,Low
8953,4175,Low
8954,4168,Low
8955,4012,Low
8956,4164,Medium
8957,4163,Low
8958,4161,Medium
8959,4160,Medium
8960,4159,Medium
8961,4156,Medium
8962,4154,High
8963,4153,High
8964,4151,High
8965,4150,Medium
8966,4149,Medium
8967,4148,Medium
8968,4144,Medium
8969,4143,Medium
8970,4142,Medium
8971,4141,High
8972,4140,Medium
8973,4138,Medium
8974,4135,Medium
8975,4133,Medium
8976,4131,High
8977,4130,Medium
8978,4129,High
8979,4128,Medium
8980,4126,High
8981,4120,High
8982,4119,Medium
8983,4116,Low
8984,4113,High
8985,4107,Medium
8986,4101,Low
8987,3741,Low
8988,1900,High
8989,4099,Low
8990,4098,Low
8991,4077,High
8992,4041,High
8993,4094,Medium
8994,4093,High
8995,4086,High
8996,4084,Medium
8997,4082,Medium
8998,4081,Medium
8999,4079,Medium
9000,4076,Medium
9001,3317,Low
9002,4073,High
9003,4072,Medium
9004,4071,Medium
9005,4059,Medium
9006,2621,Low
9007,4065,Medium
9008,4063,Medium
9009,4061,Medium
9010,4060,Medium
9011,4054,Medium
9012,4049,High
9013,4047,High
9014,4045,Low
9015,4044,Medium
9016,1590,Low
9017,4040,High
9018,4036,Medium
9019,4035,Low
9020,4032,Low
9021,4028,Medium
9022,4022,Low
9023,4020,Medium
9024,4019,High
9025,4014,Medium
9026,3884,Medium
9027,1725,Medium
9028,4013,Medium
9029,4011,Medium
9030,4010,Medium
9031,4009,Low
9032,4007,High
9033,4006,Low
9034,4005,Low
9035,4004,Low
9036,4000,Medium
9037,3995,Medium
9038,3994,High
9039,3691,Low
9040,3975,Low
9041,3973,Medium
9042,3972,Medium
9043,3970,Low
9044,3967,Low
9045,3966,Medium
9046,3965,Low
9047,3961,Low
9048,3960,High
9049,3959,High
9050,3958,High
9051,3957,High
9052,3956,Medium
9053,3954,Medium
9054,3953,Medium
9055,3948,Medium
9056,3944,Low
9057,3943,Medium
9058,3887,High
9059,3941,Medium
9060,3940,High
9061,3937,High
9062,3935,High
9063,3933,Medium
9064,3932,Medium
9065,3930,Medium
9066,3928,Medium
9067,3927,Medium
9068,3926,Medium
9069,3925,Medium
9070,3924,Medium
9071,3922,High
9072,2584,Low
9073,3920,Medium
9074,3918,Medium
9075,3917,Medium
9076,3915,Low
9077,2701,Medium
9078,3913,High
9079,3908,Medium
9080,3907,Medium
9081,3906,High
9082,3905,Medium
9083,3904,Medium
9084,3903,Medium
9085,3901,Medium
9086,3900,Low
9087,3898,Medium
9088,3897,High
9089,3896,Medium
9090,3895,Medium
9091,3894,Medium
9092,3892,High
9093,3467,Medium
9094,3886,Medium
9095,3885,Medium
9096,3882,High
9097,3881,High
9098,3877,Medium
9099,3875,High
9100,3874,Low
9101,3873,Low
9102,3871,Medium
9103,3870,Medium
9104,3869,Medium
9105,3868,Medium
9106,3866,Low
9107,3864,Low
9108,3850,Medium
9109,2646,Medium
9110,3862,Medium
9111,3858,Medium
9112,3856,High
9113,3805,High
9114,3853,Low
9115,3852,High
9116,3851,Medium
9117,3845,Medium
9118,3843,High
9119,3842,Medium
9120,3841,Medium
9121,3840,Medium
9122,3836,Medium
9123,3834,Medium
9124,3833,Medium
9125,3832,Low
9126,3829,Low
9127,3828,High
9128,3827,High
9129,3826,Medium
9130,3824,Medium
9131,3822,Medium
9132,3821,Medium
9133,3820,High
9134,3706,High
9135,3819,Medium
9136,3818,Medium
9137,3817,Medium
9138,3814,Medium
9139,3813,High
9140,3570,Medium
9141,3811,Medium
9142,3809,High
9143,3808,Medium
9144,3806,Medium
9145,3803,Medium
9146,3801,High
9147,3800,Low
9148,3791,Low
9149,3790,Medium
9150,3465,Medium
9151,3789,Low
9152,3788,Low
9153,3787,Medium
9154,3786,Medium
9155,3784,Medium
9156,3783,Low
9157,3782,Low
9158,3781,Low
9159,3779,Low
9160,3074,Low
9161,2872,Low
9162,3778,Medium
9163,3777,Medium
9164,3775,High
9165,3774,Medium
9166,3773,Medium
9167,3772,Medium
9168,3312,Low
9169,1845,Low
9170,3769,Low
9171,3767,Medium
9172,3766,Medium
9173,3765,Low
9174,3763,Low
9175,3761,Medium
9176,3760,Medium
9177,3758,High
9178,2830,High
9179,3756,Medium
9180,3755,High
9181,3754,Medium
9182,3753,High
9183,3752,High
9184,3751,Medium
9185,3749,Low
9186,3746,Medium
9187,3744,Medium
9188,3743,Medium
9189,3742,Low
9190,3740,Medium
9191,3739,Low
9192,3738,Medium
9193,3737,Medium
9194,3736,High
9195,3734,High
9196,3733,Medium
9197,3732,Medium
9198,3731,High
9199,3730,Medium
9200,3728,Medium
9201,3727,High
9202,3718,High
9203,3726,High
9204,3724,Medium
9205,3568,Low
9206,3721,High
9207,3714,Medium
9208,3713,Medium
9209,3707,Medium
9210,3712,Medium
9211,3711,High
9212,3710,Low
9213,3709,Medium
9214,3708,Low
9215,3705,Medium
9216,3704,High
9217,3700,Medium
9218,3699,Medium
9219,3697,High
9220,3696,Medium
9221,3695,Low
9222,3694,Medium
9223,3693,High
9224,3619,High
9225,3690,Medium
9226,3687,Medium
9227,3685,High
9228,3684,Medium
9229,3683,Medium
9230,3682,Medium
9231,3681,Medium
9232,3678,High
9233,3677,Medium
9234,3676,Medium
9235,3675,Low
9236,3674,Medium
9237,3673,Medium
9238,3671,Medium
9239,3670,Medium
9240,3669,Medium
9241,3666,Medium
9242,1652,Medium
9243,3663,Low
9244,3662,Low
9245,3657,Medium
9246,3656,Medium
9247,3655,Medium
9248,3653,High
9249,3652,Low
9250,3649,Medium
9251,3632,Low
9252,2448,Low
9253,3645,Medium
9254,3644,High
9255,3643,Medium
9256,3642,High
9257,3641,Medium
9258,3640,Medium
9259,3637,Low
9260,3636,Low
9261,3635,Medium
9262,3634,Low
9263,3633,Medium
9264,3631,Low
9265,3630,Low
9266,3628,Medium
9267,3625,Medium
9268,3624,Medium
9269,3621,Medium
9270,3617,Medium
9271,3616,Medium
9272,3615,Medium
9273,2616,Low
9274,1899,High
9275,3614,Medium
9276,3599,Medium
9277,3213,Medium
9278,3157,Low
9279,3610,Medium
9280,3608,Medium
9281,3607,Medium
9282,3605,High
9283,3543,High
9284,2122,Low
9285,1470,High
9286,3598,Medium
9287,3557,High
9288,3515,Medium
9289,2628,Medium
9290,3596,Medium
9291,3592,Medium
9292,3590,High
9293,3585,Medium
9294,3584,Medium
9295,2645,Low
9296,3583,High
9297,3582,High
9298,3579,Low
9299,3578,High
9300,3577,Medium
9301,3576,Medium
9302,3575,Medium
9303,3574,Medium
9304,3573,Medium
9305,3572,Medium
9306,3571,Medium
9307,3229,Medium
9308,2465,Medium
9309,3567,Medium
9310,3566,Medium
9311,3565,Medium
9312,3562,Low
9313,3539,Medium
9314,3481,Medium
9315,3454,Medium
9316,3450,High
9317,3561,Low
9318,3559,Medium
9319,3555,Medium
9320,3553,High
9321,3551,High
9322,3550,High
9323,3549,Low
9324,3548,Medium
9325,3547,Medium
9326,3546,Medium
9327,3545,Medium
9328,3542,Medium
9329,3541,Medium
9330,2791,Low
9331,3535,Medium
9332,3534,Medium
9333,3533,Low
9334,3532,High
9335,3529,Low
9336,3527,Medium
9337,3525,High
9338,3524,Medium
9339,3523,High
9340,3522,Medium
9341,3521,Medium
9342,3520,Low
9343,3519,Medium
9344,3518,Medium
9345,3517,High
9346,3516,Medium
9347,3514,Medium
9348,3511,Medium
9349,3510,High
9350,3509,Medium
9351,3458,Low
9352,3507,Medium
9353,3503,Medium
9354,3502,Medium
9355,3492,High
9356,3497,High
9357,3496,Medium
9358,3359,High
9359,3491,Low
9360,3488,High
9361,3487,Medium
9362,3485,Medium
9363,734,Low
9364,3483,Low
9365,3482,Medium
9366,3478,Medium
9367,3080,Medium
9368,3477,High
9369,3476,Medium
9370,3474,Medium
9371,3473,Medium
9372,3472,Low
9373,3471,Medium
9374,3469,Medium
9375,3468,Medium
9376,3466,High
9377,3463,Medium
9378,3460,High
9379,3459,Medium
9380,3363,Medium
9381,3457,Medium
9382,3455,Medium
9383,1552,Low
9384,3453,High
9385,3452,Low
9386,3332,High
9387,3201,Medium
9388,3187,Medium
9389,3451,Medium
9390,3449,Medium
9391,3448,Medium
9392,3446,Medium
9393,3445,High
9394,3054,Medium
9395,3444,High
9396,3443,Medium
9397,3441,Medium
9398,3440,Medium
9399,3439,Medium
9400,3438,High
9401,3434,Low
9402,3432,Medium
9403,3431,Medium
9404,3430,High
9405,3429,High
9406,3428,Medium
9407,3427,Medium
9408,3426,Medium
9409,3423,Medium
9410,3420,High
9411,3419,Medium
9412,3415,Medium
9413,3413,Low
9414,3411,High
9415,3410,Low
9416,3408,High
9417,3407,Medium
9418,546,Low
9419,3403,Medium
9420,3402,Medium
9421,3396,Low
9422,2644,Low
9423,3393,Medium
9424,3388,Low
9425,3387,Medium
9426,2067,Medium
9427,3386,Medium
9428,3384,Low
9429,3383,Medium
9430,3382,Medium
9431,3381,Medium
9432,3378,Medium
9433,3372,Medium
9434,2997,Low
9435,3370,Medium
9436,3369,Medium
9437,3368,Medium
9438,3365,Low
9439,3364,Medium
9440,3361,Low
9441,3358,Medium
9442,3357,Low
9443,3265,Low
9444,3356,Medium
9445,3355,Medium
9446,3354,Medium
9447,3353,Low
9448,3352,Low
9449,3349,Low
9450,3348,Medium
9451,3346,Medium
9452,3345,Medium
9453,3342,Medium
9454,3341,Low
9455,3339,Low
9456,3338,Medium
9457,3337,Low
9458,3334,High
9459,3333,Medium
9460,3227,High
9461,3330,Low
9462,3232,Medium
9463,3331,Medium
9464,3328,Medium
9465,3327,Medium
9466,3326,Medium
9467,3324,Medium
9468,3322,High
9469,3321,Medium
9470,3320,Medium
9471,3319,Low
9472,3318,Low
9473,3316,Medium
9474,3314,High
9475,2501,Medium
9476,1358,Low
9477,3315,Low
9478,2962,Medium
9479,3311,Medium
9480,3310,High
9481,3309,High
9482,3307,Medium
9483,3303,Medium
9484,3301,Medium
9485,3300,High
9486,3299,Low
9487,3298,Low
9488,3296,High
9489,3295,High
9490,3294,Medium
9491,3293,High
9492,3292,Medium
9493,3291,Medium
9494,3290,High
9495,3177,High
9496,3289,Medium
9497,3286,Medium
9498,3285,High
9499,3282,Medium
9500,3281,High
9501,3280,Low
9502,3279,Medium
9503,3278,High
9504,3277,High
9505,3276,Medium
9506,3275,High
9507,3192,High
9508,3274,High
9509,3273,High
9510,3184,High
9511,3271,Medium
9512,3270,Medium
9513,3269,Medium
9514,3267,Medium
9515,3266,Medium
9516,3264,Low
9517,3263,Medium
9518,3207,High
9519,3256,Medium
9520,3181,Medium
9521,3255,Medium
9522,3254,High
9523,3253,Low
9524,3252,Medium
9525,3251,Medium
9526,3249,Medium
9527,3242,Low
9528,3237,Medium
9529,3236,Medium
9530,3235,Low
9531,3234,Medium
9532,3023,Low
9533,3233,Low
9534,3230,Medium
9535,3228,Medium
9536,3220,Low
9537,3180,Medium
9538,3226,Medium
9539,3225,Medium
9540,3224,Medium
9541,3223,Medium
9542,3222,Medium
9543,3221,Medium
9544,3183,Low
9545,3218,Medium
9546,3217,Low
9547,3216,Medium
9548,3210,High
9549,3209,Medium
9550,3208,Medium
9551,3203,Low
9552,3084,Low
9553,3206,Low
9554,3204,High
9555,3202,High
9556,3200,Medium
9557,3199,High
9558,3198,Medium
9559,3196,Medium
9560,3195,High
9561,3194,High
9562,3193,Medium
9563,3004,High
9564,3190,Medium
9565,3188,Medium
9566,3186,Medium
9567,2316,Medium
9568,3179,Medium
9569,3178,Medium
9570,3176,Medium
9571,3168,Medium
9572,3175,Low
9573,3174,Medium
9574,3173,Medium
9575,3172,Medium
9576,3171,Medium
9577,3170,Medium
9578,3167,High
9579,2461,High
9580,3164,Medium
9581,3162,Medium
9582,3159,Medium
9583,3154,Low
9584,3133,High
9585,3151,Medium
9586,3150,Medium
9587,2172,Medium
9588,3145,Medium
9589,3144,Low
9590,3143,Medium
9591,3142,Medium
9592,3141,High
9593,3140,High
9594,3139,Medium
9595,3137,High
9596,2987,Low
9597,1996,Low
9598,3136,Medium
9599,3132,Medium
9600,3131,Low
9601,2895,High
9602,3129,Low
9603,3128,Low
9604,3127,Medium
9605,3125,Medium
9606,3123,Low
9607,3065,Low
9608,3122,High
9609,3121,Medium
9610,3119,Medium
9611,3117,Medium
9612,2963,Medium
9613,3116,Low
9614,3115,Low
9615,3112,High
9616,3108,Medium
9617,3105,Low
9618,3104,Medium
9619,1718,Medium
9620,3103,High
9621,3102,High
9622,3101,Medium
9623,3098,Medium
9624,3097,Low
9625,3096,Medium
9626,3092,Medium
9627,3091,Low
9628,3085,Low
9629,3090,High
9630,3087,Medium
9631,2762,Medium
9632,3086,Medium
9633,3083,High
9634,3077,High
9635,3075,Medium
9636,3073,High
9637,2270,Low
9638,3071,Medium
9639,3070,High
9640,3068,Medium
9641,3067,Medium
9642,3021,High
9643,2954,High
9644,3064,Medium
9645,3063,Medium
9646,3062,Medium
9647,3061,Medium
9648,3060,High
9649,3057,Low
9650,3056,Low
9651,3055,Medium
9652,3053,Medium
9653,3052,Medium
9654,3050,Medium
9655,3049,High
9656,2985,Medium
9657,2765,Low
9658,3048,Low
9659,3047,Low
9660,3045,High
9661,3044,High
9662,3043,Medium
9663,3040,High
9664,3039,Low
9665,3036,Low
9666,3035,Medium
9667,2950,High
9668,3034,Low
9669,3030,High
9670,3028,Medium
9671,3027,Medium
9672,3026,Medium
9673,3024,Medium
9674,3022,Medium
9675,3019,Medium
9676,3018,Medium
9677,3017,Medium
9678,3016,Medium
9679,3006,Medium
9680,2600,Medium
9681,1331,Low
9682,1353,Low
9683,2979,Medium
9684,3010,Medium
9685,3009,High
9686,3007,Medium
9687,3005,Medium
9688,3003,Medium
9689,3002,High
9690,3000,Low
9691,2999,Low
9692,2998,Low
9693,2996,Medium
9694,2995,Medium
9695,2994,Medium
9696,2868,Medium
9697,2991,Medium
9698,2989,High
9699,2988,Medium
9700,2986,Medium
9701,2983,Low
9702,2982,Medium
9703,2980,High
9704,2978,Medium
9705,2977,Medium
9706,2976,Medium
9707,2975,Medium
9708,2973,Medium
9709,2972,Medium
9710,2971,Low
9711,2969,Medium
9712,2968,Medium
9713,2967,Medium
9714,2965,High
9715,2964,High
9716,2953,Medium
9717,2961,Medium
9718,2960,High
9719,1496,High
9720,2952,Medium
9721,2951,Medium
9722,2949,Medium
9723,2946,Medium
9724,2944,High
9725,2943,High
9726,2785,Medium
9727,2942,Medium
9728,2941,Medium
9729,2940,Medium
9730,2939,Medium
9731,2938,Low
9732,2937,Medium
9733,2934,Medium
9734,2931,Medium
9735,2929,High
9736,2928,High
9737,2927,High
9738,2925,Medium
9739,2924,Medium
9740,2923,Medium
9741,2920,High
9742,2918,Medium
9743,2915,Medium
9744,2914,Medium
9745,2913,Low
9746,2912,Medium
9747,2911,Medium
9748,2910,Medium
9749,2909,Medium
9750,2908,Low
9751,2397,Medium
9752,1465,Low
9753,2907,Medium
9754,2906,Medium
9755,2905,Low
9756,2904,Medium
9757,2903,Medium
9758,2095,Low
9759,2901,High
9760,2900,Low
9761,2899,Medium
9762,2898,Medium
9763,2897,High
9764,2824,High
9765,2761,Medium
9766,2755,Medium
9767,589,High
9768,2894,Medium
9769,2893,High
9770,2659,High
9771,2891,Medium
9772,2887,Low
9773,2886,Medium
9774,2794,Low
9775,1828,Low
9776,2884,Medium
9777,2882,Medium
9778,2881,Low
9779,2880,Medium
9780,2875,Medium
9781,2874,Medium
9782,2873,Medium
9783,2871,Medium
9784,2870,High
9785,2869,High
9786,2867,High
9787,2866,High
9788,2864,Medium
9789,2862,Medium
9790,2861,Medium
9791,2859,Medium
9792,2855,High
9793,1166,Low
9794,2854,Medium
9795,2849,Medium
9796,2848,Low
9797,2744,Medium
9798,2847,High
9799,2845,Medium
9800,2844,Low
9801,2327,High
9802,2840,Low
9803,2839,Medium
9804,2838,High
9805,2837,Medium
9806,2836,High
9807,2835,Medium
9808,2833,High
9809,2832,Medium
9810,2831,Medium
9811,2827,Medium
9812,2826,High
9813,2825,Medium
9814,2822,Medium
9815,2821,Medium
9816,2819,Medium
9817,2818,Medium
9818,2816,Medium
9819,2815,Low
9820,2813,Low
9821,2812,High
9822,2811,Medium
9823,2735,Medium
9824,2810,Low
9825,2809,High
9826,2808,Medium
9827,2806,High
9828,2802,Medium
9829,2801,Medium
9830,2797,Medium
9831,2796,Medium
9832,2795,Medium
9833,2793,High
9834,2792,Medium
9835,2790,High
9836,2789,Low
9837,2787,Low
9838,2784,Medium
9839,2783,Medium
9840,2782,High
9841,2781,Low
9842,2780,Medium
9843,2775,Low
9844,2773,Low
9845,2771,High
9846,2770,High
9847,2769,High
9848,2681,Medium
9849,2767,Medium
9850,2717,Low
9851,2419,Low
9852,2763,Low
9853,2758,Medium
9854,2757,Medium
9855,2756,Medium
9856,2753,Medium
9857,2752,Low
9858,2751,Medium
9859,2748,Low
9860,2747,Medium
9861,2745,Medium
9862,2743,Medium
9863,2742,Medium
9864,2741,Medium
9865,2740,Medium
9866,2739,Medium
9867,2738,High
9868,2736,Low
9869,2733,High
9870,2642,Medium
9871,2730,Medium
9872,2729,Medium
9873,2728,Medium
9874,2727,Medium
9875,2548,Medium
9876,2724,Low
9877,2722,Medium
9878,2721,High
9879,2719,Medium
9880,1474,Low
9881,2716,Medium
9882,1454,Medium
9883,2712,High
9884,2710,Medium
9885,2005,Medium
9886,2707,Medium
9887,2703,High
9888,2702,Medium
9889,2700,Medium
9890,2698,Medium
9891,2567,Medium
9892,2697,Low
9893,2696,Medium
9894,2694,Low
9895,2693,Medium
9896,2689,Medium
9897,2688,Medium
9898,2464,Low
9899,2686,Medium
9900,2684,High
9901,2682,Medium
9902,2680,Medium
9903,2679,High
9904,2678,Medium
9905,2677,Medium
9906,2676,Medium
9907,2675,Medium
9908,2674,Medium
9909,2375,Low
9910,2671,Medium
9911,2668,High
9912,2667,Medium
9913,2666,Medium
9914,2662,High
9915,2665,Medium
9916,2664,Medium
9917,2663,High
9918,2661,Medium
9919,2463,Low
9920,2660,Medium
9921,2655,Medium
9922,2653,Medium
9923,2652,Medium
9924,2651,Medium
9925,2650,High
9926,2649,Medium
9927,2648,Medium
9928,2647,Medium
9929,2633,High
9930,2569,Medium
9931,2407,High
9932,2640,Medium
9933,2639,Medium
9934,2638,Medium
9935,2636,Medium
9936,2635,Low
9937,2632,High
9938,2631,Medium
9939,2629,High
9940,2626,Medium
9941,2622,Low
9942,2468,Low
9943,2615,Low
9944,2613,Medium
9945,2610,Low
9946,2609,Low
9947,2608,Low
9948,2437,Medium
9949,2607,Medium
9950,2606,High
9951,2604,Medium
9952,2594,Medium
9953,2602,Medium
9954,2587,Medium
9955,2574,High
9956,987,Low
9957,2591,High
9958,2590,Medium
9959,2392,Medium
9960,1368,Medium
9961,2588,Medium
9962,2578,Medium
9963,2586,High
9964,2585,Medium
9965,2583,Medium
9966,2582,Low
9967,2581,Low
9968,2580,High
9969,2579,Medium
9970,1052,Low
9971,2577,Low
9972,2576,Medium
9973,2440,High
9974,2575,Medium
9975,2573,Medium
9976,2572,High
9977,2571,High
9978,2570,Medium
9979,2568,Medium
9980,2110,Medium
9981,885,High
9982,453,Low
9983,2565,Medium
9984,2564,Low
9985,2563,Medium
9986,2562,High
9987,2561,High
9988,2560,Low
9989,2559,Medium
9990,2558,Medium
9991,2557,Low
9992,2556,Low
9993,2552,Medium
9994,2551,Low
9995,2550,Medium
9996,2549,Medium
9997,2540,Medium
9998,2539,Medium
9999,2538,Medium
10000,2536,High
10001,2535,Low
10002,2534,High
10003,2533,Medium
10004,2257,Low
10005,2531,Medium
10006,2530,Medium
10007,2527,Medium
10008,2526,High
10009,2525,High
10010,2507,Medium
10011,2523,Medium
10012,2522,High
10013,2521,Medium
10014,2520,Medium
10015,2519,Medium
10016,2518,Medium
10017,2517,Low
10018,2515,Medium
10019,2514,Low
10020,2512,Medium
10021,2511,Medium
10022,2497,Medium
10023,2505,High
10024,2504,High
10025,2503,Low
10026,2502,Low
10027,2500,Medium
10028,2499,High
10029,2498,High
10030,2496,High
10031,2491,High
10032,2409,High
10033,2495,Medium
10034,2494,High
10035,2493,Low
10036,2492,Medium
10037,1279,Medium
10038,2487,Medium
10039,2486,Low
10040,2485,Low
10041,2484,High
10042,2482,Medium
10043,2480,Medium
10044,2479,High
10045,2478,Medium
10046,2477,Medium
10047,2476,Medium
10048,2475,Low
10049,2462,Low
10050,2460,Medium
10051,2459,Low
10052,2458,Medium
10053,2457,Medium
10054,2452,Medium
10055,2451,Medium
10056,2450,Medium
10057,2449,Medium
10058,1077,Low
10059,2447,Medium
10060,2446,High
10061,2444,High
10062,2031,Low
10063,2443,High
10064,2442,Medium
10065,2441,Medium
10066,1869,Medium
10067,2194,Low
10068,2438,Medium
10069,2436,Medium
10070,2435,Medium
10071,2239,Medium
10072,2434,Medium
10073,2433,Medium
10074,2432,High
10075,2431,High
10076,2430,Medium
10077,2429,High
10078,2428,Medium
10079,2427,High
10080,2426,Low
10081,2425,High
10082,2379,Low
10083,2424,Medium
10084,2423,Medium
10085,2417,Medium
10086,2416,High
10087,2415,High
10088,975,Low
10089,2413,High
10090,2412,Medium
10091,2411,Medium
10092,2408,Medium
10093,2406,Low
10094,2405,Medium
10095,1887,High
10096,502,Low
10097,2403,High
10098,2123,High
10099,2401,High
10100,2400,Medium
10101,2399,Medium
10102,2398,Medium
10103,2386,High
10104,2395,High
10105,2394,Medium
10106,2393,Low
10107,1601,Medium
10108,1877,Low
10109,2389,Medium
10110,2387,High
10111,756,Low
10112,2385,Medium
10113,2384,Medium
10114,2383,Medium
10115,2381,Medium
10116,2380,Medium
10117,2378,Medium
10118,2363,Medium
10119,2376,Medium
10120,2374,Medium
10121,2373,High
10122,2009,Medium
10123,2372,Medium
10124,2370,Medium
10125,2369,Medium
10126,2368,Medium
10127,2367,Low
10128,2341,Low
10129,2365,Medium
10130,2362,Medium
10131,2361,Medium
10132,2360,High
10133,2342,Medium
10134,1306,Low
10135,2359,High
10136,2358,Medium
10137,2357,High
10138,1560,Low
10139,2356,Medium
10140,2354,Medium
10141,2352,Medium
10142,2351,Medium
10143,2055,Medium
10144,1775,Low
10145,1111,Medium
10146,2349,High
10147,2348,Medium
10148,2346,Medium
10149,2345,Medium
10150,2344,High
10151,2340,Medium
10152,2338,Medium
10153,2336,Medium
10154,2335,Low
10155,2334,Medium
10156,2292,High
10157,2330,Medium
10158,2329,High
10159,2288,High
10160,2222,Low
10161,1042,High
10162,2326,Medium
10163,2325,Medium
10164,2324,Medium
10165,2323,Medium
10166,2322,Medium
10167,2320,High
10168,2319,High
10169,2304,High
10170,2284,High
10171,2283,Medium
10172,2317,Medium
10173,2315,High
10174,2314,Medium
10175,2312,Medium
10176,2311,Medium
10177,1679,Low
10178,2310,Medium
10179,2309,Medium
10180,2308,Medium
10181,2307,Medium
10182,2306,High
10183,2303,Medium
10184,2302,Medium
10185,2301,Medium
10186,2300,Medium
10187,2299,Low
10188,2298,Medium
10189,2297,Medium
10190,2296,High
10191,2295,High
10192,2291,High
10193,2290,Medium
10194,2287,Medium
10195,2286,Medium
10196,2285,High
10197,2168,High
10198,2282,Medium
10199,2281,Medium
10200,2279,Medium
10201,2276,Medium
10202,2275,High
10203,2274,High
10204,2271,Low
10205,2218,High
10206,2269,Medium
10207,2267,High
10208,2266,Medium
10209,2265,Medium
10210,2264,Medium
10211,2263,High
10212,2262,Medium
10213,2261,Medium
10214,2145,High
10215,2260,High
10216,2259,Medium
10217,2256,High
10218,2046,Medium
10219,1966,Medium
10220,2255,High
10221,2253,High
10222,2252,Medium
10223,2243,High
10224,2251,Medium
10225,2250,High
10226,2249,Medium
10227,2248,Medium
10228,2247,Medium
10229,2246,Medium
10230,2242,High
10231,896,Medium
10232,2240,Medium
10233,2237,Low
10234,2236,Medium
10235,2235,High
10236,2202,High
10237,2048,Low
10238,2231,Medium
10239,2230,High
10240,2228,Low
10241,2147,Low
10242,2226,Medium
10243,2225,Medium
10244,2224,Medium
10245,2223,High
10246,2221,Medium
10247,2220,High
10248,2133,High
10249,2217,Medium
10250,2215,Medium
10251,2213,Medium
10252,2210,High
10253,2209,Medium
10254,2208,High
10255,2205,High
10256,2203,Medium
10257,2201,Medium
10258,2200,High
10259,2198,High
10260,2125,High
10261,2196,High
10262,2195,High
10263,2193,Medium
10264,2192,Medium
10265,2191,Medium
10266,2190,Medium
10267,2189,Medium
10268,2188,High
10269,2187,Medium
10270,2186,Medium
10271,2185,High
10272,2181,Medium
10273,2180,Medium
10274,2179,Medium
10275,2178,Medium
10276,2177,High
10277,2176,High
10278,2175,High
10279,2163,High
10280,2173,Medium
10281,2171,Medium
10282,2170,High
10283,2155,Medium
10284,2167,High
10285,2165,High
10286,2164,Medium
10287,2162,High
10288,2161,Low
10289,2158,Medium
10290,2157,Medium
10291,2156,Medium
10292,2154,Medium
10293,2153,High
10294,2151,Medium
10295,2150,Medium
10296,2148,Medium
10297,585,Low
10298,2146,Medium
10299,2144,Low
10300,2138,Medium
10301,1706,Low
10302,1458,High
10303,2136,Medium
10304,2092,Medium
10305,2132,Medium
10306,1478,Medium
10307,1125,Medium
10308,2126,High
10309,2124,Medium
10310,1965,High
10311,1950,Medium
10312,2119,Medium
10313,1728,Medium
10314,2115,Medium
10315,804,Low
10316,2108,Medium
10317,2106,Medium
10318,2105,High
10319,2104,Medium
10320,2103,Medium
10321,2102,Medium
10322,2100,Medium
10323,2099,Medium
10324,2098,Medium
10325,2096,Medium
10326,2094,High
10327,2093,High
10328,1632,Low
10329,2078,High
10330,2076,High
10331,2054,Medium
10332,1947,High
10333,1873,High
10334,1064,Low
10335,2072,High
10336,2071,High
10337,2069,Medium
10338,2068,Medium
10339,2062,Medium
10340,2061,Medium
10341,2052,High
10342,2001,Medium
10343,1736,High
10344,2059,Medium
10345,2058,Medium
10346,2057,Low
10347,2056,Medium
10348,2051,High
10349,1685,Low
10350,2047,Medium
10351,2044,Medium
10352,2043,Low
10353,2042,Medium
10354,739,Medium
10355,2040,High
10356,2037,Medium
10357,2036,Medium
10358,2015,High
10359,1808,Medium
10360,584,High
10361,536,Low
10362,2027,Medium
10363,2026,Medium
10364,2025,Medium
10365,2024,Medium
10366,2023,Medium
10367,2022,Medium
10368,1979,Medium
10369,1762,Medium
10370,2020,Medium
10371,2018,Medium
10372,2017,Low
10373,2016,High
10374,2013,Medium
10375,2008,High
10376,2007,High
10377,1007,Medium
10378,2006,Medium
10379,2004,Medium
10380,2003,Medium
10381,2002,Medium
10382,1939,High
10383,1998,Medium
10384,1997,High
10385,1898,Medium
10386,1993,Medium
10387,1991,High
10388,1990,Medium
10389,1988,Medium
10390,1987,Medium
10391,1986,Medium
10392,1983,Medium
10393,1982,High
10394,1919,High
10395,1916,High
10396,1981,High
10397,1980,Medium
10398,1382,Low
10399,1977,Medium
10400,1976,High
10401,1714,Low
10402,1974,High
10403,1973,High
10404,1972,Medium
10405,1971,Medium
10406,1970,Medium
10407,1968,Medium
10408,1967,High
10409,1964,High
10410,1963,Medium
10411,1962,Medium
10412,1961,High
10413,875,Low
10414,1958,High
10415,1957,High
10416,1955,Medium
10417,1951,Medium
10418,1438,Low
10419,1949,Medium
10420,1948,Medium
10421,1946,Medium
10422,1945,High
10423,1897,High
10424,1662,Low
10425,1942,Low
10426,1940,High
10427,1937,Medium
10428,1936,Medium
10429,1698,Low
10430,1934,High
10431,1933,High
10432,1932,High
10433,1844,Medium
10434,1928,High
10435,1376,High
10436,1927,High
10437,1923,Medium
10438,1170,Low
10439,1920,Medium
10440,1918,Medium
10441,1903,Medium
10442,1108,Medium
10443,1914,High
10444,1913,Medium
10445,1912,Medium
10446,1911,Medium
10447,1909,Medium
10448,1908,Medium
10449,1904,High
10450,1902,Medium
10451,1901,Medium
10452,1896,Medium
10453,1895,Medium
10454,1780,Low
10455,1600,Medium
10456,1893,High
10457,1630,Medium
10458,1892,Medium
10459,1891,Low
10460,1769,Medium
10461,1890,Medium
10462,1889,High
10463,1888,Medium
10464,1886,Medium
10465,1885,High
10466,1884,High
10467,1882,High
10468,1847,Medium
10469,1881,Low
10470,1880,Low
10471,1878,Low
10472,1876,Medium
10473,1875,Medium
10474,1874,Medium
10475,1634,High
10476,1872,Low
10477,1832,Medium
10478,1868,Medium
10479,1866,Medium
10480,728,Low
10481,1855,Medium
10482,1850,Medium
10483,1849,Medium
10484,839,Medium
10485,1657,Low
10486,1843,Medium
10487,1842,High
10488,1841,Medium
10489,1840,Medium
10490,1838,Medium
10491,1837,Medium
10492,1836,High
10493,1835,High
10494,1831,Medium
10495,1830,High
10496,1829,Medium
10497,1827,Medium
10498,1822,High
10499,1796,Medium
10500,1158,High
10501,1821,Medium
10502,1817,Medium
10503,1814,Medium
10504,1813,High
10505,1812,Medium
10506,1811,Medium
10507,1809,High
10508,1807,Medium
10509,1806,Medium
10510,1805,Medium
10511,1804,Medium
10512,1803,Low
10513,1802,High
10514,1800,Medium
10515,1799,Medium
10516,1798,Low
10517,1795,Medium
10518,1794,Medium
10519,1793,High
10520,1792,Medium
10521,1791,Low
10522,1789,Medium
10523,1788,Medium
10524,1787,Medium
10525,1786,High
10526,1785,Medium
10527,1783,High
10528,1727,Medium
10529,1782,Medium
10530,1779,Low
10531,1778,Medium
10532,1777,Medium
10533,1776,High
10534,1774,High
10535,1773,High
10536,1768,High
10537,1375,Low
10538,1763,High
10539,1761,Medium
10540,1760,Medium
10541,1758,High
10542,1573,Medium
10543,1754,Medium
10544,1753,High
10545,1752,Medium
10546,1751,Medium
10547,1310,Low
10548,1749,Medium
10549,1677,Medium
10550,1746,Medium
10551,1743,Medium
10552,1742,Medium
10553,1740,Medium
10554,1739,Medium
10555,1370,High
10556,1735,High
10557,1734,Low
10558,1732,Medium
10559,1730,Medium
10560,1729,High
10561,1726,Medium
10562,1719,Medium
10563,1717,High
10564,1716,Low
10565,1712,Medium
10566,1553,Low
10567,1711,Medium
10568,1710,Medium
10569,1709,Low
10570,1707,Medium
10571,1705,Low
10572,1702,Medium
10573,1014,Medium
10574,1704,Medium
10575,1703,Medium
10576,1699,High
10577,1697,Medium
10578,1696,Medium
10579,1695,High
10580,1694,High
10581,1692,Medium
10582,1690,High
10583,1350,High
10584,1688,Medium
10585,1687,Low
10586,1686,Medium
10587,1684,Medium
10588,1683,High
10589,1564,Medium
10590,1682,High
10591,1681,Low
10592,1676,Medium
10593,1635,Medium
10594,1675,High
10595,1672,Medium
10596,1671,High
10597,1669,High
10598,1668,Medium
10599,1666,Medium
10600,1649,Medium
10601,1602,High
10602,1388,Low
10603,1106,Medium
10604,1665,Medium
10605,1663,Medium
10606,1661,Medium
10607,1659,Medium
10608,1655,Medium
10609,1650,High
10610,1648,Medium
10611,1647,Medium
10612,1646,High
10613,1645,Low
10614,1644,Low
10615,1643,High
10616,1642,Medium
10617,1639,Medium
10618,1638,Medium
10619,1636,Medium
10620,1585,High
10621,1631,Medium
10622,1629,Medium
10623,1627,Medium
10624,1563,Medium
10625,1626,Medium
10626,1625,High
10627,1624,Low
10628,1622,High
10629,1471,Medium
10630,1599,Medium
10631,1598,Medium
10632,1597,High
10633,1596,High
10634,1594,Medium
10635,1593,Low
10636,1591,High
10637,1544,Medium
10638,1442,High
10639,524,Low
10640,1589,High
10641,1588,Medium
10642,1587,Medium
10643,1584,Medium
10644,1582,High
10645,1579,High
10646,1578,Low
10647,1576,High
10648,1575,High
10649,1574,High
10650,1572,Medium
10651,956,Medium
10652,1571,Low
10653,1570,High
10654,1567,Medium
10655,809,High
10656,1566,Medium
10657,1565,High
10658,1537,Low
10659,1561,High
10660,1557,High
10661,1556,Low
10662,1555,High
10663,1554,Low
10664,1543,High
10665,1164,Medium
10666,1551,High
10667,1548,Low
10668,1547,Medium
10669,1546,High
10670,1199,Low
10671,1545,High
10672,1541,Medium
10673,1540,High
10674,1118,Medium
10675,1539,Medium
10676,1538,High
10677,1536,High
10678,1535,High
10679,1534,High
10680,1533,Low
10681,1531,Medium
10682,1530,Medium
10683,1529,High
10684,1153,Low
10685,1528,Medium
10686,1526,Medium
10687,1507,High
10688,1525,Medium
10689,1524,Medium
10690,1521,Medium
10691,1520,Medium
10692,1519,High
10693,1517,High
10694,1516,High
10695,1515,Medium
10696,806,Low
10697,1512,Medium
10698,1511,Medium
10699,1510,Medium
10700,1508,Medium
10701,1088,Medium
10702,1506,Medium
10703,1503,Medium
10704,1502,High
10705,1501,High
10706,1500,High
10707,1499,Medium
10708,1498,Medium
10709,1495,Medium
10710,1494,Medium
10711,1493,High
10712,1489,Medium
10713,1487,Medium
10714,1484,Medium
10715,1483,Medium
10716,1482,High
10717,1481,Medium
10718,1451,High
10719,1480,High
10720,1479,High
10721,1473,Medium
10722,1472,Medium
10723,1469,High
10724,1468,Medium
10725,1467,High
10726,1466,High
10727,818,High
10728,1464,High
10729,1463,Medium
10730,1461,Medium
10731,564,High
10732,1457,Medium
10733,1456,High
10734,998,Low
10735,1453,Medium
10736,1452,Medium
10737,1450,High
10738,1449,Medium
10739,1448,Medium
10740,1447,Medium
10741,1446,High
10742,1445,High
10743,1444,High
10744,1443,Medium
10745,557,Low
10746,1441,Medium
10747,1440,High
10748,1439,Medium
10749,1243,High
10750,1437,High
10751,1435,Medium
10752,1423,High
10753,1393,High
10754,1433,High
10755,1432,Medium
10756,1431,Medium
10757,1430,Medium
10758,1428,Medium
10759,1427,Medium
10760,1426,High
10761,1425,High
10762,1424,Low
10763,1422,Low
10764,1421,High
10765,1340,Low
10766,1420,High
10767,1418,Medium
10768,1417,Low
10769,1416,High
10770,1415,High
10771,1414,Medium
10772,1413,Medium
10773,1412,High
10774,642,High
10775,1410,Medium
10776,1409,Medium
10777,1408,High
10778,1404,Medium
10779,1403,High
10780,708,Low
10781,1402,Medium
10782,1401,High
10783,1154,High
10784,1400,High
10785,1389,Low
10786,1399,Medium
10787,1398,Medium
10788,1397,Medium
10789,1395,High
10790,1394,Medium
10791,1392,Medium
10792,1391,Medium
10793,1390,High
10794,1387,High
10795,1386,Medium
10796,1378,High
10797,668,High
10798,1384,Medium
10799,1383,Medium
10800,1381,Medium
10801,1374,High
10802,1319,High
10803,1373,Low
10804,1371,Medium
10805,1369,High
10806,1372,High
10807,1367,High
10808,1366,High
10809,1365,Medium
10810,1364,High
10811,1363,Low
10812,1362,Medium
10813,1361,High
10814,1360,Medium
10815,1359,Medium
10816,1357,Medium
10817,1355,Low
10818,1354,High
10819,556,Low
10820,1352,Medium
10821,1351,High
10822,1348,Medium
10823,1346,Medium
10824,1345,High
10825,1344,High
10826,1343,High
10827,1342,Low
10828,1215,High
10829,1338,High
10830,1337,High
10831,1336,Medium
10832,1333,Medium
10833,1332,Medium
10834,1330,Medium
10835,1329,Medium
10836,1328,High
10837,1327,Medium
10838,1326,High
10839,1325,Medium
10840,1324,Medium
10841,1322,High
10842,1030,Low
10843,1321,High
10844,1320,High
10845,1315,Low
10846,1313,Medium
10847,1312,High
10848,1309,Medium
10849,1308,Low
10850,1304,Medium
10851,803,High
10852,1303,High
10853,1302,Medium
10854,1260,Medium
10855,1300,Low
10856,1299,Medium
10857,1298,High
10858,1297,Medium
10859,1294,Medium
10860,950,Medium
10861,1293,Medium
10862,1292,Medium
10863,1291,Medium
10864,1289,Medium
10865,1287,Medium
10866,1286,Medium
10867,1285,High
10868,882,Low
10869,1284,Low
10870,1283,Medium
10871,1282,Medium
10872,1281,High
10873,1280,Medium
10874,426,Low
10875,1277,High
10876,1276,Medium
10877,1275,Medium
10878,1273,Medium
10879,1269,High
10880,1268,Medium
10881,1267,Low
10882,1262,Medium
10883,1261,High
10884,1259,Medium
10885,1257,Medium
10886,1256,Medium
10887,1255,Medium
10888,1251,Medium
10889,1250,High
10890,1249,Medium
10891,1248,Medium
10892,1247,High
10893,1246,High
10894,1244,Medium
10895,1242,Medium
10896,1241,Medium
10897,1239,Medium
10898,1238,Medium
10899,1237,Medium
10900,1236,Medium
10901,1062,Medium
10902,1232,Low
10903,1229,Medium
10904,1228,Medium
10905,1227,High
10906,1226,Medium
10907,495,High
10908,396,High
10909,1225,Medium
10910,1224,Medium
10911,1222,Medium
10912,1220,High
10913,1219,Medium
10914,1218,Medium
10915,802,High
10916,1217,Medium
10917,1216,Medium
10918,1214,Medium
10919,1213,Low
10920,1098,Medium
10921,927,Low
10922,910,Low
10923,431,Medium
10924,1210,Low
10925,1207,High
10926,1206,Medium
10927,1205,Medium
10928,1097,High
10929,1203,Medium
10930,1202,High
10931,1201,Low
10932,1200,Medium
10933,1196,Medium
10934,1195,Medium
10935,1194,Medium
10936,1193,High
10937,1192,Medium
10938,1191,Medium
10939,1188,Medium
10940,1185,High
10941,1182,Medium
10942,817,Low
10943,587,Low
10944,1181,Low
10945,1179,Medium
10946,1178,Medium
10947,1176,Medium
10948,1175,Medium
10949,1174,Medium
10950,1172,High
10951,1169,Low
10952,1168,High
10953,1167,High
10954,1165,High
10955,1163,Medium
10956,1160,High
10957,616,Low
10958,1159,High
10959,1157,Medium
10960,1156,Medium
10961,1155,Low
10962,1152,Medium
10963,1151,Medium
10964,1150,Medium
10965,1149,High
10966,1129,High
10967,526,Low
10968,401,Low
10969,1147,Medium
10970,1146,Medium
10971,1145,Medium
10972,1144,Low
10973,1143,Medium
10974,1141,Low
10975,1140,Low
10976,1139,Medium
10977,1137,High
10978,1136,Medium
10979,1135,Medium
10980,1133,High
10981,984,High
10982,1132,High
10983,1123,Medium
10984,1127,High
10985,1124,Low
10986,397,Medium
10987,1122,High
10988,1121,Medium
10989,1119,Medium
10990,1117,High
10991,1115,Medium
10992,1114,High
10993,1043,Low
10994,936,Low
10995,607,Low
10996,1110,High
10997,1109,Medium
10998,1107,Low
10999,1101,Medium
11000,1100,Medium
11001,1099,Low
11002,1096,Medium
11003,1093,Medium
11004,1092,Medium
11005,1091,High
11006,1090,Medium
11007,1089,Medium
11008,1087,Low
11009,1084,Medium
11010,1082,High
11011,1081,Medium
11012,1080,Medium
11013,1075,Low
11014,1072,Medium
11015,1071,Medium
11016,939,Medium
11017,1070,Medium
11018,1069,Medium
11019,1068,Low
11020,1067,Low
11021,1065,High
11022,1063,Medium
11023,1061,Medium
11024,1060,High
11025,1056,High
11026,1055,High
11027,1053,High
11028,1051,Medium
11029,1049,Medium
11030,944,Medium
11031,1046,Medium
11032,1045,High
11033,1041,Low
11034,1039,High
11035,1038,Medium
11036,991,Low
11037,1037,Medium
11038,1036,Medium
11039,1034,Medium
11040,1033,High
11041,1031,High
11042,1029,High
11043,1027,High
11044,1026,Low
11045,972,High
11046,970,High
11047,790,High
11048,674,High
11049,510,Medium
11050,1022,Medium
11051,1021,Medium
11052,1020,Medium
11053,1019,High
11054,1018,Medium
11055,1017,High
11056,1016,Low
11057,1010,High
11058,997,Medium
11059,986,Medium
11060,947,Low
11061,1013,Medium
11062,1012,Medium
11063,1011,Medium
11064,974,High
11065,1009,High
11066,1008,High
11067,1006,Medium
11068,995,Medium
11069,1005,High
11070,1004,Medium
11071,1003,High
11072,1002,Medium
11073,1001,Low
11074,999,High
11075,677,Low
11076,996,Medium
11077,994,Medium
11078,990,High
11079,989,Medium
11080,988,High
11081,985,Low
11082,982,High
11083,980,High
11084,904,High
11085,981,Medium
11086,979,Medium
11087,978,Medium
11088,966,High
11089,925,Medium
11090,973,Low
11091,971,Medium
11092,709,High
11093,969,Low
11094,968,Low
11095,967,Medium
11096,964,Medium
11097,963,High
11098,962,High
11099,961,Medium
11100,913,High
11101,849,High
11102,959,Medium
11103,958,High
11104,957,Medium
11105,954,High
11106,953,Medium
11107,918,High
11108,869,Medium
11109,951,Medium
11110,948,Low
11111,946,High
11112,945,Medium
11113,942,High
11114,905,Medium
11115,680,Low
11116,941,High
11117,940,High
11118,938,High
11119,937,Medium
11120,759,Medium
11121,935,Medium
11122,934,Medium
11123,931,Medium
11124,929,Medium
11125,926,High
11126,924,Medium
11127,923,Medium
11128,922,Medium
11129,921,Medium
11130,920,Low
11131,793,High
11132,395,Low
11133,919,Medium
11134,917,Medium
11135,916,High
11136,915,Medium
11137,889,Medium
11138,700,High
11139,615,Medium
11140,914,Medium
11141,911,Medium
11142,909,Medium
11143,666,Medium
11144,908,Low
11145,907,High
11146,903,Medium
11147,902,Medium
11148,425,Low
11149,900,Medium
11150,899,Medium
11151,897,High
11152,895,Medium
11153,894,High
11154,893,Medium
11155,892,High
11156,890,Medium
11157,522,Low
11158,888,Medium
11159,887,Medium
11160,886,High
11161,881,High
11162,828,High
11163,656,Medium
11164,880,Medium
11165,879,Medium
11166,825,High
11167,878,High
11168,877,High
11169,873,Medium
11170,871,Medium
11171,870,High
11172,868,Medium
11173,550,High
11174,865,High
11175,864,Medium
11176,863,Medium
11177,862,Medium
11178,861,Medium
11179,860,Medium
11180,859,Medium
11181,834,Low
11182,792,Low
11183,782,High
11184,764,Medium
11185,614,Medium
11186,858,High
11187,856,Medium
11188,744,Medium
11189,683,Medium
11190,851,Medium
11191,845,High
11192,848,Medium
11193,846,Medium
11194,497,Medium
11195,844,Medium
11196,843,Medium
11197,841,Medium
11198,835,Medium
11199,833,Medium
11200,831,Medium
11201,830,High
11202,829,Medium
11203,827,Medium
11204,826,Medium
11205,824,High
11206,823,Medium
11207,819,Medium
11208,822,Medium
11209,821,High
11210,820,Medium
11211,697,Low
11212,816,Medium
11213,815,Medium
11214,814,Medium
11215,811,High
11216,810,Medium
11217,808,Low
11218,807,Medium
11219,805,High
11220,651,High
11221,760,High
11222,801,Medium
11223,620,High
11224,799,Medium
11225,798,High
11226,797,Medium
11227,795,High
11228,794,Medium
11229,788,Medium
11230,787,High
11231,786,High
11232,785,High
11233,783,High
11234,784,Medium
11235,778,High
11236,777,High
11237,775,Medium
11238,773,Medium
11239,771,High
11240,768,High
11241,693,Medium
11242,757,Medium
11243,755,High
11244,754,Medium
11245,732,Low
11246,751,High
11247,749,Medium
11248,748,Medium
11249,747,Medium
11250,746,Medium
11251,745,Medium
11252,743,High
11253,742,High
11254,741,Medium
11255,740,High
11256,631,High
11257,738,High
11258,736,High
11259,731,Medium
11260,730,Medium
11261,476,Low
11262,727,High
11263,726,High
11264,725,Medium
11265,723,Medium
11266,722,Medium
11267,721,Medium
11268,717,High
11269,714,High
11270,720,Medium
11271,719,Medium
11272,718,Medium
11273,715,High
11274,710,Medium
11275,712,High
11276,706,Medium
11277,705,Medium
11278,530,Low
11279,702,High
11280,699,Medium
11281,698,Medium
11282,696,Low
11283,695,Medium
11284,691,Medium
11285,689,Medium
11286,688,Medium
11287,647,High
11288,590,High
11289,466,Medium
11290,687,High
11291,686,Medium
11292,684,Medium
11293,682,Medium
11294,672,Medium
11295,670,Medium
11296,669,Medium
11297,667,High
11298,664,Medium
11299,663,Medium
11300,662,Medium
11301,659,Low
11302,658,Medium
11303,655,Medium
11304,654,Medium
11305,652,High
11306,649,Low
11307,646,Medium
11308,644,High
11309,643,Medium
11310,641,High
11311,640,High
11312,639,Medium
11313,636,High
11314,633,Medium
11315,632,Low
11316,630,Medium
11317,629,Medium
11318,628,High
11319,627,Low
11320,626,Medium
11321,625,Medium
11322,624,Medium
11323,623,Medium
11324,621,Medium
11325,619,Medium
11326,618,High
11327,617,Low
11328,612,Medium
11329,610,Medium
11330,609,High
11331,606,Medium
11332,605,Medium
11333,603,Medium
11334,602,Medium
11335,601,High
11336,600,Medium
11337,599,High
11338,597,High
11339,594,Low
11340,593,Medium
11341,592,High
11342,591,Medium
11343,586,High
11344,582,Medium
11345,581,Medium
11346,580,Medium
11347,579,Medium
11348,578,Medium
11349,577,Medium
11350,566,High
11351,576,Medium
11352,575,High
11353,574,High
11354,573,Medium
11355,571,Low
11356,570,Medium
11357,569,High
11358,568,Medium
11359,563,Medium
11360,561,Medium
11361,560,Medium
11362,559,Medium
11363,555,Low
11364,553,High
11365,552,Medium
11366,551,Medium
11367,548,High
11368,544,Medium
11369,543,High
11370,542,Medium
11371,540,Medium
11372,538,Medium
11373,537,Medium
11374,535,Low
11375,508,High
11376,533,Medium
11377,532,Low
11378,531,Medium
11379,529,High
11380,528,Medium
11381,527,Medium
11382,525,Low
11383,523,Medium
11384,521,High
11385,520,Medium
11386,516,Medium
11387,515,Medium
11388,512,High
11389,509,Low
11390,506,Medium
11391,505,Medium
11392,504,High
11393,501,High
11394,499,Medium
11395,498,Medium
11396,496,Medium
11397,494,High
11398,493,High
11399,492,Medium
11400,489,Medium
11401,488,High
11402,487,Low
11403,486,Medium
11404,485,High
11405,484,Medium
11406,483,High
11407,482,Medium
11408,481,Low
11409,475,Low
11410,474,Medium
11411,473,High
11412,470,Medium
11413,469,Medium
11414,464,Medium
11415,463,Medium
11416,461,Medium
11417,456,Medium
11418,454,Low
11419,452,Low
11420,451,Medium
11421,449,Low
11422,448,Medium
11423,447,Low
11424,446,Medium
11425,445,Low
11426,444,Medium
11427,443,Medium
11428,442,Low
11429,441,Medium
11430,440,High
11431,439,Medium
11432,438,Medium
11433,437,Medium
11434,435,Low
11435,434,Medium
11436,430,Medium
11437,429,Medium
11438,427,Low
11439,424,High
11440,423,Medium
11441,422,High
11442,421,Medium
11443,420,Medium
11444,419,Medium
11445,418,Low
11446,416,Medium
11447,415,Medium
11448,414,Medium
11449,413,High
11450,411,Medium
11451,410,Medium
11452,408,Medium
11453,407,Medium
11454,406,Medium
11455,403,Medium
11456,394,Medium
11457,393,Medium
11458,391,Medium
11459,388,Medium
11460,387,Medium
11461,385,Medium
11462,383,High
11463,382,Medium
11464,381,Medium
11465,380,Medium
