Type,issue_id,State,pull_id,pull_link,merged,Created,changed_files
pull,20352,b'open',20354,https://api.github.com/repos/matomo-org/matomo/pulls/20354,,2023-02-13T17:04:51Z,9
pull,17202,b'closed',17765,https://api.github.com/repos/matomo-org/matomo/pulls/17765,2021-07-16T03:02:36Z,2021-07-13T20:15:45Z,7
pull,17202,b'closed',20341,https://api.github.com/repos/matomo-org/matomo/pulls/20341,2023-02-10T02:20:54Z,2023-02-09T03:24:46Z,3
pull,20011,b'closed',20331,https://api.github.com/repos/matomo-org/matomo/pulls/20331,2023-02-10T01:26:00Z,2023-02-07T16:53:18Z,10
pull,20098,b'closed',20346,https://api.github.com/repos/matomo-org/matomo/pulls/20346,2023-02-09T22:54:32Z,2023-02-09T16:34:06Z,1
pull,20333,b'closed',20335,https://api.github.com/repos/matomo-org/matomo/pulls/20335,2023-02-09T13:31:37Z,2023-02-08T00:58:19Z,1
pull,20339,b'closed',20342,https://api.github.com/repos/matomo-org/matomo/pulls/20342,2023-02-09T10:36:47Z,2023-02-09T10:03:54Z,1
pull,11929,b'open',11930,https://api.github.com/repos/matomo-org/matomo/pulls/11930,2017-09-12T21:20:39Z,2017-08-03T19:52:42Z,61
pull,11929,b'open',1,https://api.github.com/repos/matomo-org/matomo-map-generator/pulls/1,,2017-08-03T21:02:13Z,9
pull,19234,b'open',20351,https://api.github.com/repos/matomo-org/matomo/pulls/20351,,2023-02-13T03:48:02Z,15
pull,19985,b'closed',20330,https://api.github.com/repos/matomo-org/matomo/pulls/20330,2023-02-08T00:02:11Z,2023-02-07T15:02:01Z,6
pull,20166,b'closed',20322,https://api.github.com/repos/matomo-org/matomo/pulls/20322,2023-02-08T00:29:09Z,2023-02-06T13:57:32Z,27
pull,20312,b'closed',20319,https://api.github.com/repos/matomo-org/matomo/pulls/20319,2023-02-07T23:32:00Z,2023-02-03T10:49:33Z,15
pull,20306,b'closed',20318,https://api.github.com/repos/matomo-org/matomo/pulls/20318,2023-02-07T23:26:22Z,2023-02-03T10:36:55Z,3
pull,20050,b'closed',20051,https://api.github.com/repos/matomo-org/matomo/pulls/20051,2023-01-15T23:48:01Z,2022-11-24T22:38:55Z,1
pull,20050,b'closed',699,https://api.github.com/repos/matomo-org/developer-documentation/pulls/699,2023-02-03T09:05:21Z,2023-02-03T00:54:38Z,1
pull,20323,b'closed',20324,https://api.github.com/repos/matomo-org/matomo/pulls/20324,2023-02-07T07:28:53Z,2023-02-07T00:28:39Z,1
pull,20049,b'closed',20056,https://api.github.com/repos/matomo-org/matomo/pulls/20056,2023-01-15T23:51:11Z,2022-11-27T22:23:19Z,5
pull,20153,b'closed',20175,https://api.github.com/repos/matomo-org/matomo/pulls/20175,2023-01-16T17:40:40Z,2023-01-09T11:13:20Z,65
pull,20236,b'closed',20289,https://api.github.com/repos/matomo-org/matomo/pulls/20289,2023-01-30T11:57:21Z,2023-01-30T10:33:30Z,10
pull,19695,b'open',19749,https://api.github.com/repos/matomo-org/matomo/pulls/19749,2022-09-21T02:55:16Z,2022-09-20T00:49:28Z,3
pull,18055,b'closed',19813,https://api.github.com/repos/matomo-org/matomo/pulls/19813,2023-02-03T08:41:29Z,2022-10-04T22:14:43Z,8
pull,20307,b'closed',20308,https://api.github.com/repos/matomo-org/matomo/pulls/20308,2023-02-03T00:25:42Z,2023-02-02T13:36:48Z,1
pull,19116,b'open',19119,https://api.github.com/repos/matomo-org/matomo/pulls/19119,,2022-04-19T03:58:10Z,7
pull,16057,b'closed',16058,https://api.github.com/repos/matomo-org/matomo/pulls/16058,2020-06-24T20:59:15Z,2020-06-11T20:54:41Z,1
pull,18727,b'closed',19795,https://api.github.com/repos/matomo-org/matomo/pulls/19795,2022-10-28T12:57:17Z,2022-09-30T00:23:32Z,4
pull,18727,b'closed',668,https://api.github.com/repos/matomo-org/developer-documentation/pulls/668,,2022-10-04T21:22:27Z,1
pull,15440,b'closed',15824,https://api.github.com/repos/matomo-org/matomo/pulls/15824,2020-04-17T06:44:46Z,2020-04-17T01:06:38Z,18
pull,20179,b'closed',20292,https://api.github.com/repos/matomo-org/matomo/pulls/20292,2023-02-02T12:35:44Z,2023-01-31T15:13:03Z,42
pull,20276,b'closed',20277,https://api.github.com/repos/matomo-org/matomo/pulls/20277,2023-01-27T08:17:07Z,2023-01-27T08:16:50Z,1
pull,20285,b'closed',20291,https://api.github.com/repos/matomo-org/matomo/pulls/20291,2023-01-31T08:13:00Z,2023-01-31T05:57:27Z,10
pull,7349,b'open',71,https://api.github.com/repos/matomo-org/matomo-php-tracker/pulls/71,2020-07-16T00:57:57Z,2020-07-12T22:39:03Z,1
pull,20282,b'closed',20288,https://api.github.com/repos/matomo-org/matomo/pulls/20288,2023-01-30T10:39:44Z,2023-01-30T09:43:53Z,3
pull,20067,b'open',20336,https://api.github.com/repos/matomo-org/matomo/pulls/20336,,2023-02-08T04:24:35Z,6
pull,19343,b'closed',19344,https://api.github.com/repos/matomo-org/matomo/pulls/19344,2022-06-13T07:45:00Z,2022-06-12T15:49:29Z,1
pull,19343,b'closed',19690,https://api.github.com/repos/matomo-org/matomo/pulls/19690,2022-09-07T09:23:11Z,2022-08-29T12:47:47Z,4
pull,19343,b'closed',19918,https://api.github.com/repos/matomo-org/matomo/pulls/19918,2022-11-09T08:12:58Z,2022-10-27T07:51:13Z,4
pull,19343,b'closed',87,https://api.github.com/repos/szymach/c-pchart/pulls/87,2022-12-12T10:58:52Z,2022-12-10T22:42:19Z,1
pull,20233,b'closed',592,https://api.github.com/repos/matomo-org/tag-manager/pulls/592,2023-01-19T02:01:46Z,2023-01-18T13:52:57Z,1
pull,17017,b'closed',19835,https://api.github.com/repos/matomo-org/matomo/pulls/19835,2022-11-03T23:15:10Z,2022-10-10T00:21:54Z,4
pull,16028,b'closed',16029,https://api.github.com/repos/matomo-org/matomo/pulls/16029,2020-06-08T11:54:19Z,2020-06-07T21:41:55Z,3
pull,16028,b'closed',19621,https://api.github.com/repos/matomo-org/matomo/pulls/19621,2022-08-23T00:28:53Z,2022-08-12T12:32:47Z,3
pull,20180,b'closed',20252,https://api.github.com/repos/matomo-org/matomo/pulls/20252,2023-01-23T03:26:28Z,2023-01-20T11:26:35Z,1
pull,20232,b'closed',20250,https://api.github.com/repos/matomo-org/matomo/pulls/20250,2023-01-23T03:16:00Z,2023-01-20T09:07:17Z,2
pull,20209,b'closed',85,https://api.github.com/repos/matomo-org/searchengine-and-social-list/pulls/85,2023-01-20T11:12:22Z,2023-01-20T11:10:23Z,1
pull,19081,b'closed',19098,https://api.github.com/repos/matomo-org/matomo/pulls/19098,2022-05-17T22:12:21Z,2022-04-14T03:29:53Z,14
pull,19081,b'closed',19527,https://api.github.com/repos/matomo-org/matomo/pulls/19527,2022-07-25T00:07:27Z,2022-07-14T04:42:06Z,8
pull,19081,b'closed',19549,https://api.github.com/repos/matomo-org/matomo/pulls/19549,,2022-07-20T00:10:27Z,4
pull,20101,b'closed',20170,https://api.github.com/repos/matomo-org/matomo/pulls/20170,2023-01-19T16:11:42Z,2023-01-08T04:54:39Z,12
pull,20207,b'closed',20227,https://api.github.com/repos/matomo-org/matomo/pulls/20227,2023-01-19T08:26:41Z,2023-01-18T00:17:09Z,2
pull,20095,b'closed',20127,https://api.github.com/repos/matomo-org/matomo/pulls/20127,2023-01-18T14:50:14Z,2022-12-20T11:01:31Z,10
pull,20095,b'closed',708,https://api.github.com/repos/matomo-org/matomo-for-wordpress/pulls/708,2023-01-12T19:38:57Z,2023-01-12T14:32:26Z,1
pull,3837,b'open',3,https://api.github.com/repos/DevVault/matomo/pulls/3,,2022-04-23T17:51:23Z,2
pull,3837,b'open',4,https://api.github.com/repos/DevVault/matomo/pulls/4,,2022-04-23T17:51:33Z,2
pull,18563,b'closed',20046,https://api.github.com/repos/matomo-org/matomo/pulls/20046,2022-12-07T21:25:15Z,2022-11-24T00:16:26Z,3
pull,20077,b'closed',20078,https://api.github.com/repos/matomo-org/matomo/pulls/20078,2022-12-07T08:39:42Z,2022-12-05T23:51:33Z,1
pull,20072,b'closed',20076,https://api.github.com/repos/matomo-org/matomo/pulls/20076,2022-12-12T09:28:14Z,2022-12-05T10:00:26Z,1
pull,20169,b'closed',20173,https://api.github.com/repos/matomo-org/matomo/pulls/20173,2023-01-09T14:54:47Z,2023-01-08T23:53:34Z,6
pull,20134,b'closed',709,https://api.github.com/repos/matomo-org/matomo-for-wordpress/pulls/709,2023-01-13T02:12:04Z,2023-01-12T21:27:53Z,1
pull,20189,b'closed',20206,https://api.github.com/repos/matomo-org/matomo/pulls/20206,2023-01-13T01:55:46Z,2023-01-12T11:05:52Z,2
pull,20129,b'closed',20131,https://api.github.com/repos/matomo-org/matomo/pulls/20131,2023-01-13T01:45:30Z,2022-12-21T15:56:39Z,1
pull,20182,b'closed',20192,https://api.github.com/repos/matomo-org/matomo/pulls/20192,2023-01-11T00:22:27Z,2023-01-10T23:13:21Z,12
pull,19352,b'closed',615,https://api.github.com/repos/matomo-org/matomo-for-wordpress/pulls/615,2022-09-13T00:43:05Z,2022-06-14T01:40:44Z,1
pull,20176,b'closed',20177,https://api.github.com/repos/matomo-org/matomo/pulls/20177,2023-01-11T00:24:09Z,2023-01-09T14:12:44Z,5
pull,20066,b'closed',20090,https://api.github.com/repos/matomo-org/matomo/pulls/20090,2022-12-12T00:17:00Z,2022-12-10T23:03:20Z,7
pull,6347,b'closed',231,https://api.github.com/repos/matomo-org/matomo/pulls/231,,2014-02-25T13:53:07Z,1
pull,19316,b'open',19250,https://api.github.com/repos/matomo-org/matomo/pulls/19250,2022-06-09T13:01:24Z,2022-05-20T15:44:41Z,1
pull,18982,b'open',19514,https://api.github.com/repos/matomo-org/matomo/pulls/19514,,2022-07-12T05:04:16Z,77
pull,16368,b'open',19622,https://api.github.com/repos/matomo-org/matomo/pulls/19622,,2022-08-12T12:52:13Z,111
pull,7051,b'open',17535,https://api.github.com/repos/matomo-org/matomo/pulls/17535,,2021-05-09T14:59:27Z,3
pull,7051,b'open',19623,https://api.github.com/repos/matomo-org/matomo/pulls/19623,,2022-08-12T13:13:26Z,2
pull,17829,b'closed',17830,https://api.github.com/repos/matomo-org/matomo/pulls/17830,2021-07-29T23:41:52Z,2021-07-28T15:18:29Z,5
pull,14626,b'closed',14870,https://api.github.com/repos/matomo-org/matomo/pulls/14870,2019-09-18T22:00:10Z,2019-09-08T21:42:34Z,17
pull,19904,b'open',20130,https://api.github.com/repos/matomo-org/matomo/pulls/20130,,2022-12-21T02:15:17Z,2
pull,20030,b'closed',20034,https://api.github.com/repos/matomo-org/matomo/pulls/20034,2022-12-01T07:34:32Z,2022-11-21T12:48:22Z,3
pull,20103,b'closed',20104,https://api.github.com/repos/matomo-org/matomo/pulls/20104,2022-12-15T07:45:32Z,2022-12-13T23:21:50Z,1
pull,17253,b'closed',17254,https://api.github.com/repos/matomo-org/matomo/pulls/17254,2021-02-24T16:14:41Z,2021-02-23T17:10:51Z,1
pull,19879,b'closed',19915,https://api.github.com/repos/matomo-org/matomo/pulls/19915,2022-11-06T21:44:26Z,2022-10-27T03:33:14Z,1
pull,19358,b'closed',19471,https://api.github.com/repos/matomo-org/matomo/pulls/19471,2022-08-16T09:30:45Z,2022-07-06T03:13:48Z,4
pull,19984,b'closed',20016,https://api.github.com/repos/matomo-org/matomo/pulls/20016,2022-12-05T00:21:00Z,2022-11-15T12:48:20Z,8
pull,18375,b'closed',19959,https://api.github.com/repos/matomo-org/matomo/pulls/19959,2022-11-10T02:46:31Z,2022-11-07T01:04:52Z,3
pull,20020,b'closed',20033,https://api.github.com/repos/matomo-org/matomo/pulls/20033,2022-12-01T10:54:09Z,2022-11-21T11:51:30Z,7
pull,19857,b'closed',19861,https://api.github.com/repos/matomo-org/matomo/pulls/19861,2022-10-16T22:49:16Z,2022-10-14T08:52:47Z,1
pull,19857,b'closed',20048,https://api.github.com/repos/matomo-org/matomo/pulls/20048,2022-12-14T10:17:59Z,2022-11-24T14:30:30Z,23
pull,19512,b'closed',19972,https://api.github.com/repos/matomo-org/matomo/pulls/19972,2022-11-15T00:41:48Z,2022-11-08T21:43:15Z,10
pull,20043,b'closed',20044,https://api.github.com/repos/matomo-org/matomo/pulls/20044,2022-11-28T21:38:44Z,2022-11-23T20:38:51Z,1
pull,19919,b'closed',19936,https://api.github.com/repos/matomo-org/matomo/pulls/19936,2022-11-02T23:13:11Z,2022-11-02T14:55:00Z,3
pull,19846,b'closed',19934,https://api.github.com/repos/matomo-org/matomo/pulls/19934,2022-11-06T21:34:36Z,2022-11-02T09:15:20Z,2
pull,19626,b'closed',19190,https://api.github.com/repos/matomo-org/matomo/pulls/19190,2022-09-14T15:52:05Z,2022-05-06T16:16:45Z,35
pull,17371,b'closed',17372,https://api.github.com/repos/matomo-org/matomo/pulls/17372,2021-03-23T15:07:18Z,2021-03-22T12:47:01Z,4
pull,19862,b'closed',19983,https://api.github.com/repos/matomo-org/matomo/pulls/19983,2022-11-10T04:10:56Z,2022-11-10T00:46:20Z,5
pull,20003,b'closed',19972,https://api.github.com/repos/matomo-org/matomo/pulls/19972,2022-11-15T00:41:48Z,2022-11-08T21:43:15Z,10
pull,19981,b'closed',19990,https://api.github.com/repos/matomo-org/matomo/pulls/19990,2022-11-15T22:29:34Z,2022-11-11T09:51:52Z,17
pull,19968,b'closed',19971,https://api.github.com/repos/matomo-org/matomo/pulls/19971,2022-11-08T21:51:36Z,2022-11-08T14:45:18Z,1
pull,19872,b'closed',19873,https://api.github.com/repos/matomo-org/matomo/pulls/19873,2022-11-03T10:44:52Z,2022-10-17T23:16:07Z,8
pull,19807,b'closed',19808,https://api.github.com/repos/matomo-org/matomo/pulls/19808,2022-10-13T12:57:26Z,2022-10-03T21:14:30Z,1
pull,19807,b'closed',19809,https://api.github.com/repos/matomo-org/matomo/pulls/19809,2022-10-13T13:38:53Z,2022-10-03T21:26:35Z,1
pull,19773,b'closed',19958,https://api.github.com/repos/matomo-org/matomo/pulls/19958,2022-11-09T09:48:13Z,2022-11-07T00:23:31Z,2
pull,19903,b'closed',19938,https://api.github.com/repos/matomo-org/matomo/pulls/19938,2022-11-02T22:50:07Z,2022-11-02T15:42:54Z,4
pull,19914,b'closed',19926,https://api.github.com/repos/matomo-org/matomo/pulls/19926,2022-10-30T19:21:42Z,2022-10-28T08:04:10Z,1
pull,19899,b'closed',20,https://api.github.com/repos/matomo-org/component-ini/pulls/20,,2022-10-25T21:29:34Z,3
pull,19899,b'closed',21,https://api.github.com/repos/matomo-org/component-ini/pulls/21,2022-11-09T08:19:54Z,2022-10-26T14:59:59Z,4
pull,19899,b'closed',19978,https://api.github.com/repos/matomo-org/matomo/pulls/19978,2022-11-09T09:40:25Z,2022-11-09T08:31:05Z,2
pull,19888,b'closed',19915,https://api.github.com/repos/matomo-org/matomo/pulls/19915,2022-11-06T21:44:26Z,2022-10-27T03:33:14Z,1
pull,19867,b'closed',19881,https://api.github.com/repos/matomo-org/matomo/pulls/19881,2022-11-06T19:53:10Z,2022-10-18T23:14:07Z,5
pull,18550,b'closed',19994,https://api.github.com/repos/matomo-org/matomo/pulls/19994,2022-11-14T10:18:36Z,2022-11-11T17:19:45Z,1
pull,20000,b'closed',20008,https://api.github.com/repos/matomo-org/matomo/pulls/20008,2022-11-15T05:55:53Z,2022-11-14T23:07:21Z,3
pull,20014,b'closed',20017,https://api.github.com/repos/matomo-org/matomo/pulls/20017,2022-11-17T06:22:39Z,2022-11-15T13:48:50Z,1
pull,20018,b'open',20015,https://api.github.com/repos/matomo-org/matomo/pulls/20015,2022-11-15T21:26:19Z,2022-11-15T09:34:41Z,4
pull,17572,b'closed',16795,https://api.github.com/repos/matomo-org/matomo/pulls/16795,2020-11-30T02:33:21Z,2020-11-25T04:20:32Z,1
pull,18863,b'open',25,https://api.github.com/repos/davaxi/Sparkline/pulls/25,,2022-11-09T16:11:24Z,1
pull,12623,b'closed',16341,https://api.github.com/repos/matomo-org/matomo/pulls/16341,2020-08-25T10:55:41Z,2020-08-25T01:07:32Z,1
pull,19954,b'open',19970,https://api.github.com/repos/matomo-org/matomo/pulls/19970,2022-11-09T01:44:15Z,2022-11-08T13:47:30Z,1
pull,19340,b'closed',19612,https://api.github.com/repos/matomo-org/matomo/pulls/19612,,2022-08-09T09:28:04Z,1
pull,19515,b'closed',19522,https://api.github.com/repos/matomo-org/matomo/pulls/19522,2022-07-25T08:50:28Z,2022-07-13T03:15:19Z,52
pull,19515,b'closed',646,https://api.github.com/repos/matomo-org/developer-documentation/pulls/646,2022-07-28T21:09:25Z,2022-07-14T17:52:23Z,1
pull,19852,b'closed',19858,https://api.github.com/repos/matomo-org/matomo/pulls/19858,2022-10-14T08:18:02Z,2022-10-14T00:55:12Z,1
pull,13070,b'open',12208,https://api.github.com/repos/matomo-org/matomo/pulls/12208,2018-07-26T21:24:53Z,2017-10-18T22:16:34Z,33
pull,13070,b'open',14176,https://api.github.com/repos/matomo-org/matomo/pulls/14176,,2019-03-11T03:32:03Z,10
pull,13666,b'closed',14295,https://api.github.com/repos/matomo-org/matomo/pulls/14295,,2019-03-31T17:57:37Z,6
pull,19930,b'open',19931,https://api.github.com/repos/matomo-org/matomo/pulls/19931,,2022-10-31T03:06:03Z,8
pull,19909,b'closed',19922,https://api.github.com/repos/matomo-org/matomo/pulls/19922,2022-11-02T20:00:54Z,2022-10-28T01:05:31Z,8
pull,14462,b'closed',14712,https://api.github.com/repos/matomo-org/matomo/pulls/14712,2019-07-31T08:59:59Z,2019-07-30T12:39:59Z,8
pull,19693,b'closed',19694,https://api.github.com/repos/matomo-org/matomo/pulls/19694,2022-09-07T23:48:00Z,2022-08-31T03:34:44Z,26
pull,19818,b'closed',19820,https://api.github.com/repos/matomo-org/matomo/pulls/19820,2022-10-25T23:28:22Z,2022-10-05T20:33:10Z,6
pull,19905,b'closed',558,https://api.github.com/repos/matomo-org/tag-manager/pulls/558,2022-10-25T20:29:18Z,2022-10-24T21:44:14Z,1
pull,19905,b'closed',19906,https://api.github.com/repos/matomo-org/matomo/pulls/19906,2022-10-25T03:31:07Z,2022-10-24T21:48:04Z,2
pull,19841,b'closed',19845,https://api.github.com/repos/matomo-org/matomo/pulls/19845,2022-10-12T18:03:10Z,2022-10-11T07:27:11Z,1
pull,19817,b'closed',19823,https://api.github.com/repos/matomo-org/matomo/pulls/19823,2022-10-13T07:42:25Z,2022-10-06T05:27:20Z,4
pull,19833,b'closed',19834,https://api.github.com/repos/matomo-org/matomo/pulls/19834,2022-10-14T11:28:11Z,2022-10-09T21:48:50Z,3
pull,19819,b'closed',19822,https://api.github.com/repos/matomo-org/matomo/pulls/19822,2022-10-17T23:15:08Z,2022-10-06T04:33:16Z,1
pull,19849,b'closed',19855,https://api.github.com/repos/matomo-org/matomo/pulls/19855,2022-10-14T00:33:15Z,2022-10-13T07:32:34Z,1
pull,19840,b'closed',19847,https://api.github.com/repos/matomo-org/matomo/pulls/19847,2022-10-13T09:14:41Z,2022-10-11T11:45:56Z,4
pull,19411,b'open',19415,https://api.github.com/repos/matomo-org/matomo/pulls/19415,2022-06-28T07:57:37Z,2022-06-27T09:46:02Z,1
pull,17926,b'closed',17928,https://api.github.com/repos/matomo-org/matomo/pulls/17928,2021-09-06T15:20:30Z,2021-08-29T23:34:17Z,4
pull,19768,b'closed',47,https://api.github.com/repos/matomo-org/plugin-DeviceDetectorCache/pulls/47,2022-09-29T03:39:31Z,2022-09-29T00:24:52Z,2
pull,15930,b'closed',15963,https://api.github.com/repos/matomo-org/matomo/pulls/15963,2020-05-19T23:11:34Z,2020-05-18T23:28:05Z,1
pull,19648,b'open',20097,https://api.github.com/repos/matomo-org/matomo/pulls/20097,,2022-12-13T01:49:58Z,18
pull,19648,b'open',20112,https://api.github.com/repos/matomo-org/matomo/pulls/20112,,2022-12-16T01:29:02Z,18
pull,19643,b'open',19828,https://api.github.com/repos/matomo-org/matomo/pulls/19828,,2022-10-06T23:14:44Z,7
pull,19786,b'closed',19787,https://api.github.com/repos/matomo-org/matomo/pulls/19787,2022-09-29T03:20:30Z,2022-09-29T01:15:23Z,3
pull,19792,b'closed',19793,https://api.github.com/repos/matomo-org/matomo/pulls/19793,2022-09-30T00:42:20Z,2022-09-29T23:07:36Z,2
pull,18343,b'closed',19569,https://api.github.com/repos/matomo-org/matomo/pulls/19569,2022-08-08T15:16:18Z,2022-07-26T05:52:53Z,2
pull,19458,b'closed',83,https://api.github.com/repos/matomo-org/searchengine-and-social-list/pulls/83,2022-08-19T12:31:07Z,2022-08-19T08:16:27Z,1
pull,10553,b'closed',10623,https://api.github.com/repos/matomo-org/matomo/pulls/10623,,2016-10-01T16:34:48Z,1
pull,19638,b'closed',19641,https://api.github.com/repos/matomo-org/matomo/pulls/19641,2022-08-23T00:12:37Z,2022-08-18T07:32:16Z,2
pull,19615,b'closed',19618,https://api.github.com/repos/matomo-org/matomo/pulls/19618,2022-08-16T07:21:59Z,2022-08-11T03:47:51Z,5
pull,19573,b'closed',19576,https://api.github.com/repos/matomo-org/matomo/pulls/19576,2022-08-01T07:24:33Z,2022-07-27T21:56:50Z,2
pull,19556,b'closed',19561,https://api.github.com/repos/matomo-org/matomo/pulls/19561,2022-07-25T08:52:26Z,2022-07-22T10:01:48Z,3
pull,19555,b'closed',19561,https://api.github.com/repos/matomo-org/matomo/pulls/19561,2022-07-25T08:52:26Z,2022-07-22T10:01:48Z,3
pull,19488,b'closed',19491,https://api.github.com/repos/matomo-org/matomo/pulls/19491,2022-07-08T09:05:08Z,2022-07-07T14:36:21Z,4
pull,19393,b'closed',19395,https://api.github.com/repos/matomo-org/matomo/pulls/19395,2022-07-11T10:13:22Z,2022-06-23T12:14:42Z,1
pull,19354,b'closed',19357,https://api.github.com/repos/matomo-org/matomo/pulls/19357,2022-06-21T08:55:43Z,2022-06-14T23:34:01Z,4
pull,19346,b'closed',19347,https://api.github.com/repos/matomo-org/matomo/pulls/19347,2022-06-13T07:23:47Z,2022-06-13T05:06:27Z,18
pull,19323,b'closed',19327,https://api.github.com/repos/matomo-org/matomo/pulls/19327,2022-06-28T07:33:00Z,2022-06-09T12:59:41Z,4
pull,19319,b'closed',19325,https://api.github.com/repos/matomo-org/matomo/pulls/19325,2022-06-22T03:45:23Z,2022-06-09T09:33:40Z,1
pull,19169,b'closed',19525,https://api.github.com/repos/matomo-org/matomo/pulls/19525,2022-07-25T08:58:34Z,2022-07-13T16:53:54Z,45
pull,12024,b'closed',19595,https://api.github.com/repos/matomo-org/matomo/pulls/19595,2022-08-09T22:31:32Z,2022-08-03T14:44:51Z,1
pull,19571,b'closed',19584,https://api.github.com/repos/matomo-org/matomo/pulls/19584,2022-08-02T09:32:56Z,2022-07-29T09:24:35Z,4
pull,19553,b'closed',633,https://api.github.com/repos/matomo-org/developer-documentation/pulls/633,2022-10-19T20:32:55Z,2022-05-03T07:53:25Z,43
pull,19553,b'closed',19567,https://api.github.com/repos/matomo-org/matomo/pulls/19567,2022-07-27T05:40:14Z,2022-07-25T13:31:18Z,2
pull,19509,b'closed',19513,https://api.github.com/repos/matomo-org/matomo/pulls/19513,2022-07-21T08:45:09Z,2022-07-11T21:54:56Z,26
pull,19419,b'closed',19422,https://api.github.com/repos/matomo-org/matomo/pulls/19422,2022-06-29T13:29:57Z,2022-06-28T19:01:39Z,3
pull,19331,b'closed',19332,https://api.github.com/repos/matomo-org/matomo/pulls/19332,2022-06-15T15:55:32Z,2022-06-10T04:31:53Z,3
pull,19303,b'closed',19305,https://api.github.com/repos/matomo-org/matomo/pulls/19305,2022-06-02T06:40:13Z,2022-06-01T19:29:44Z,3
pull,19303,b'closed',19375,https://api.github.com/repos/matomo-org/matomo/pulls/19375,2022-06-23T07:38:37Z,2022-06-21T18:03:59Z,7
pull,19254,b'closed',19273,https://api.github.com/repos/matomo-org/matomo/pulls/19273,2022-06-09T00:58:24Z,2022-05-26T00:31:45Z,4
pull,18750,b'closed',19388,https://api.github.com/repos/matomo-org/matomo/pulls/19388,2022-07-20T08:30:42Z,2022-06-22T15:20:03Z,23
pull,19485,b'closed',19490,https://api.github.com/repos/matomo-org/matomo/pulls/19490,2022-07-14T07:40:11Z,2022-07-07T13:56:11Z,26
pull,19335,b'closed',19525,https://api.github.com/repos/matomo-org/matomo/pulls/19525,2022-07-25T08:58:34Z,2022-07-13T16:53:54Z,45
pull,18781,b'closed',19349,https://api.github.com/repos/matomo-org/matomo/pulls/19349,2022-06-15T05:58:52Z,2022-06-13T05:36:03Z,2
pull,18766,b'closed',19324,https://api.github.com/repos/matomo-org/matomo/pulls/19324,2022-06-14T03:03:29Z,2022-06-09T01:57:46Z,2
pull,15924,b'closed',19400,https://api.github.com/repos/matomo-org/matomo/pulls/19400,2022-06-28T05:39:12Z,2022-06-24T13:16:32Z,1
pull,19753,b'closed',19756,https://api.github.com/repos/matomo-org/matomo/pulls/19756,2022-09-27T01:31:49Z,2022-09-22T03:56:26Z,1
pull,13321,b'closed',18351,https://api.github.com/repos/matomo-org/matomo/pulls/18351,,2021-11-19T04:33:33Z,50
pull,18310,b'closed',19740,https://api.github.com/repos/matomo-org/matomo/pulls/19740,2022-09-21T05:54:25Z,2022-09-15T07:42:28Z,2
pull,19722,b'closed',19724,https://api.github.com/repos/matomo-org/matomo/pulls/19724,2022-09-20T23:03:59Z,2022-09-13T04:40:43Z,1
pull,19726,b'closed',19727,https://api.github.com/repos/matomo-org/matomo/pulls/19727,2022-09-14T08:35:03Z,2022-09-13T11:36:38Z,3
pull,19728,b'closed',19730,https://api.github.com/repos/matomo-org/matomo/pulls/19730,2022-09-14T08:34:42Z,2022-09-13T15:33:12Z,3
pull,7550,b'open',9280,https://api.github.com/repos/matomo-org/matomo/pulls/9280,2015-11-27T01:10:02Z,2015-11-26T03:10:25Z,2
pull,19717,b'closed',19718,https://api.github.com/repos/matomo-org/matomo/pulls/19718,2022-09-09T09:28:56Z,2022-09-09T07:41:10Z,5
pull,19697,b'closed',19699,https://api.github.com/repos/matomo-org/matomo/pulls/19699,2022-09-07T09:20:39Z,2022-09-01T10:08:29Z,2
pull,16363,b'open',16592,https://api.github.com/repos/matomo-org/matomo/pulls/16592,2020-10-27T15:19:46Z,2020-10-19T11:53:36Z,18
pull,16363,b'open',16773,https://api.github.com/repos/matomo-org/matomo/pulls/16773,,2020-11-23T07:00:44Z,378
pull,19679,b'closed',19680,https://api.github.com/repos/matomo-org/matomo/pulls/19680,2022-08-31T07:03:40Z,2022-08-26T01:15:33Z,4
pull,11796,b'open',12611,https://api.github.com/repos/matomo-org/matomo/pulls/12611,,2018-03-09T22:24:34Z,2
pull,11796,b'open',13141,https://api.github.com/repos/matomo-org/matomo/pulls/13141,,2018-07-05T20:59:13Z,1
pull,11796,b'open',18026,https://api.github.com/repos/matomo-org/matomo/pulls/18026,,2021-09-17T02:09:31Z,3
pull,19660,b'open',560,https://api.github.com/repos/matomo-org/developer-documentation/pulls/560,,2021-09-30T03:51:28Z,1
pull,9411,b'closed',3,https://api.github.com/repos/matomo-org/component-network/pulls/3,2016-07-18T03:17:12Z,2016-05-23T06:50:59Z,2
pull,12420,b'open',12416,https://api.github.com/repos/matomo-org/matomo/pulls/12416,2018-01-10T02:15:36Z,2018-01-09T22:37:01Z,3
pull,12420,b'open',12415,https://api.github.com/repos/matomo-org/matomo/pulls/12415,2018-01-10T18:45:21Z,2018-01-09T22:36:05Z,231
pull,12420,b'open',12421,https://api.github.com/repos/matomo-org/matomo/pulls/12421,2018-01-10T23:23:40Z,2018-01-10T22:50:19Z,1033
pull,12420,b'open',13192,https://api.github.com/repos/matomo-org/matomo/pulls/13192,2018-07-23T21:38:39Z,2018-07-22T19:31:19Z,12
pull,12420,b'open',15326,https://api.github.com/repos/matomo-org/matomo/pulls/15326,2020-01-13T22:12:10Z,2019-12-30T14:18:48Z,7
pull,12420,b'open',15503,https://api.github.com/repos/matomo-org/matomo/pulls/15503,2020-02-03T19:31:20Z,2020-02-03T08:50:35Z,7
pull,12420,b'open',15504,https://api.github.com/repos/matomo-org/matomo/pulls/15504,2020-02-04T07:32:17Z,2020-02-03T08:57:01Z,2
pull,12420,b'open',15811,https://api.github.com/repos/matomo-org/matomo/pulls/15811,2020-04-14T19:42:28Z,2020-04-14T07:43:12Z,6
pull,12420,b'open',15857,https://api.github.com/repos/matomo-org/matomo/pulls/15857,2020-04-24T14:59:06Z,2020-04-24T14:30:32Z,2496
pull,12420,b'open',15957,https://api.github.com/repos/matomo-org/matomo/pulls/15957,2020-05-19T23:11:47Z,2020-05-15T14:40:09Z,9
pull,12420,b'open',61,https://api.github.com/repos/matomo-org/tracker-proxy/pulls/61,2020-06-19T05:22:36Z,2020-06-05T03:30:37Z,12
pull,12420,b'open',16052,https://api.github.com/repos/matomo-org/matomo/pulls/16052,2020-06-12T02:25:36Z,2020-06-11T03:27:26Z,12
pull,12420,b'open',16053,https://api.github.com/repos/matomo-org/matomo/pulls/16053,2020-06-11T20:37:04Z,2020-06-11T03:49:13Z,6
pull,12420,b'open',16054,https://api.github.com/repos/matomo-org/matomo/pulls/16054,2020-06-11T20:35:18Z,2020-06-11T04:12:00Z,3
pull,15349,b'open',19057,https://api.github.com/repos/matomo-org/matomo/pulls/19057,2022-05-24T07:51:06Z,2022-04-06T07:27:25Z,46
pull,15349,b'open',19931,https://api.github.com/repos/matomo-org/matomo/pulls/19931,,2022-10-31T03:06:03Z,8
pull,19028,b'closed',583,https://api.github.com/repos/matomo-org/matomo-for-wordpress/pulls/583,2022-03-16T21:42:01Z,2022-03-16T21:41:32Z,1
pull,19028,b'closed',19401,https://api.github.com/repos/matomo-org/matomo/pulls/19401,2022-08-16T11:36:19Z,2022-06-24T15:13:45Z,5
pull,5703,b'open',8781,https://api.github.com/repos/matomo-org/matomo/pulls/8781,,2015-09-14T07:55:42Z,10
pull,5703,b'open',10201,https://api.github.com/repos/matomo-org/matomo/pulls/10201,,2016-05-31T18:44:07Z,6
pull,19602,b'closed',19614,https://api.github.com/repos/matomo-org/matomo/pulls/19614,2022-08-16T02:08:33Z,2022-08-10T07:36:53Z,1
pull,19592,b'open',19593,https://api.github.com/repos/matomo-org/matomo/pulls/19593,,2022-08-03T07:34:40Z,1
pull,19546,b'closed',19604,https://api.github.com/repos/matomo-org/matomo/pulls/19604,2022-08-07T23:57:03Z,2022-08-07T21:45:44Z,3
pull,10716,b'closed',19057,https://api.github.com/repos/matomo-org/matomo/pulls/19057,2022-05-24T07:51:06Z,2022-04-06T07:27:25Z,46
pull,19572,b'closed',19578,https://api.github.com/repos/matomo-org/matomo/pulls/19578,2022-08-02T09:43:27Z,2022-07-28T01:38:29Z,2
pull,19574,b'closed',19575,https://api.github.com/repos/matomo-org/matomo/pulls/19575,2022-07-28T08:41:23Z,2022-07-27T21:48:56Z,10
pull,19389,b'open',19414,https://api.github.com/repos/matomo-org/matomo/pulls/19414,2022-06-27T09:28:09Z,2022-06-27T08:32:47Z,1
pull,19557,b'closed',19561,https://api.github.com/repos/matomo-org/matomo/pulls/19561,2022-07-25T08:52:26Z,2022-07-22T10:01:48Z,3
pull,19551,b'closed',19552,https://api.github.com/repos/matomo-org/matomo/pulls/19552,2022-07-25T07:44:45Z,2022-07-21T12:55:41Z,2
pull,19530,b'closed',19532,https://api.github.com/repos/matomo-org/matomo/pulls/19532,2022-07-21T13:24:43Z,2022-07-14T13:03:43Z,4
pull,19539,b'open',19547,https://api.github.com/repos/matomo-org/matomo/pulls/19547,2022-07-20T12:38:49Z,2022-07-19T14:31:35Z,3
pull,19233,b'closed',19433,https://api.github.com/repos/matomo-org/matomo/pulls/19433,2022-07-20T00:40:38Z,2022-06-29T02:17:57Z,10
pull,19534,b'closed',19535,https://api.github.com/repos/matomo-org/matomo/pulls/19535,2022-07-18T08:35:17Z,2022-07-15T01:52:26Z,1
pull,11131,b'closed',12236,https://api.github.com/repos/matomo-org/matomo/pulls/12236,2017-12-01T02:42:35Z,2017-10-31T03:03:22Z,12
pull,19500,b'closed',19508,https://api.github.com/repos/matomo-org/matomo/pulls/19508,2022-07-11T07:25:33Z,2022-07-10T23:05:54Z,1
pull,19237,b'closed',19240,https://api.github.com/repos/matomo-org/matomo/pulls/19240,2022-05-21T06:26:14Z,2022-05-18T21:41:57Z,3
pull,19158,b'closed',19315,https://api.github.com/repos/matomo-org/matomo/pulls/19315,2022-06-07T02:27:01Z,2022-06-03T13:00:35Z,1
pull,19278,b'closed',19288,https://api.github.com/repos/matomo-org/matomo/pulls/19288,2022-05-30T09:43:39Z,2022-05-30T02:24:37Z,3
pull,18692,b'closed',18796,https://api.github.com/repos/matomo-org/matomo/pulls/18796,,2022-02-15T04:42:43Z,3
pull,19275,b'closed',19294,https://api.github.com/repos/matomo-org/matomo/pulls/19294,2022-05-31T06:34:42Z,2022-05-31T02:56:20Z,1
pull,19251,b'closed',19257,https://api.github.com/repos/matomo-org/matomo/pulls/19257,2022-05-25T00:34:58Z,2022-05-24T07:18:30Z,1
pull,19244,b'closed',19285,https://api.github.com/repos/matomo-org/matomo/pulls/19285,2022-05-30T22:58:38Z,2022-05-29T23:30:19Z,2
pull,19225,b'closed',19228,https://api.github.com/repos/matomo-org/matomo/pulls/19228,,2022-05-17T08:40:07Z,1
pull,19209,b'closed',19260,https://api.github.com/repos/matomo-org/matomo/pulls/19260,2022-05-25T00:39:57Z,2022-05-24T17:31:56Z,3
pull,18809,b'closed',19200,https://api.github.com/repos/matomo-org/matomo/pulls/19200,2022-05-30T16:21:57Z,2022-05-09T16:15:34Z,5
pull,19206,b'closed',19226,https://api.github.com/repos/matomo-org/matomo/pulls/19226,2022-05-17T08:43:10Z,2022-05-16T16:20:52Z,3
pull,17459,b'open',17457,https://api.github.com/repos/matomo-org/matomo/pulls/17457,2021-04-15T01:25:55Z,2021-04-14T05:36:19Z,4
pull,2390,b'open',8550,https://api.github.com/repos/matomo-org/matomo/pulls/8550,2015-08-13T16:09:38Z,2015-08-11T15:42:01Z,8
pull,17875,b'open',17817,https://api.github.com/repos/matomo-org/matomo/pulls/17817,2021-08-19T22:01:13Z,2021-07-27T00:08:35Z,55
pull,17159,b'closed',17180,https://api.github.com/repos/matomo-org/matomo/pulls/17180,2021-02-04T23:33:00Z,2021-02-02T14:51:34Z,7
pull,19011,b'closed',19126,https://api.github.com/repos/matomo-org/matomo/pulls/19126,2022-06-07T01:55:48Z,2022-04-21T04:15:09Z,9
pull,19263,b'closed',19295,https://api.github.com/repos/matomo-org/matomo/pulls/19295,2022-05-31T11:55:13Z,2022-05-31T04:17:28Z,5
pull,11047,b'closed',19261,https://api.github.com/repos/matomo-org/matomo/pulls/19261,2022-05-30T03:23:37Z,2022-05-24T19:01:03Z,6
pull,9972,b'open',9958,https://api.github.com/repos/matomo-org/matomo/pulls/9958,2016-03-29T21:04:57Z,2016-03-22T22:16:52Z,3
pull,6964,b'open',1,https://api.github.com/repos/DevVault/matomo/pulls/1,,2022-04-22T18:05:33Z,1
pull,6964,b'open',6,https://api.github.com/repos/DevVault/matomo/pulls/6,,2022-05-13T18:22:07Z,1
pull,6964,b'open',7,https://api.github.com/repos/DevVault/matomo/pulls/7,,2022-11-04T19:52:31Z,1
pull,6964,b'open',8,https://api.github.com/repos/DevVault/matomo/pulls/8,,2022-11-15T18:09:14Z,2
pull,19207,b'closed',598,https://api.github.com/repos/matomo-org/matomo-for-wordpress/pulls/598,,2022-04-21T08:45:49Z,5744
pull,19207,b'closed',19212,https://api.github.com/repos/matomo-org/matomo/pulls/19212,2022-05-12T22:52:52Z,2022-05-11T23:14:40Z,1
pull,19124,b'closed',19136,https://api.github.com/repos/matomo-org/matomo/pulls/19136,2022-04-25T13:20:11Z,2022-04-22T15:35:34Z,5
pull,13829,b'open',15886,https://api.github.com/repos/matomo-org/matomo/pulls/15886,2020-05-21T22:05:13Z,2020-04-29T21:41:04Z,8
pull,13829,b'open',19057,https://api.github.com/repos/matomo-org/matomo/pulls/19057,2022-05-24T07:51:06Z,2022-04-06T07:27:25Z,46
pull,14776,b'open',19974,https://api.github.com/repos/matomo-org/matomo/pulls/19974,2023-01-04T00:29:39Z,2022-11-08T22:46:56Z,56
pull,18967,b'closed',19031,https://api.github.com/repos/matomo-org/matomo/pulls/19031,2022-04-04T05:23:30Z,2022-03-31T01:37:26Z,1
pull,18967,b'closed',19137,https://api.github.com/repos/matomo-org/matomo/pulls/19137,2022-04-28T22:27:19Z,2022-04-23T22:45:44Z,1
pull,18947,b'closed',19150,https://api.github.com/repos/matomo-org/matomo/pulls/19150,2022-05-02T03:16:16Z,2022-04-28T07:20:37Z,1
pull,18128,b'closed',19051,https://api.github.com/repos/matomo-org/matomo/pulls/19051,2022-04-13T07:48:39Z,2022-04-05T09:33:31Z,2
pull,18128,b'closed',70,https://api.github.com/repos/matomo-org/matomo-nginx/pulls/70,2022-08-17T16:26:24Z,2022-08-16T20:10:48Z,1
pull,19125,b'closed',19155,https://api.github.com/repos/matomo-org/matomo/pulls/19155,2022-05-02T03:17:00Z,2022-04-28T14:17:56Z,1
pull,19109,b'closed',19110,https://api.github.com/repos/matomo-org/matomo/pulls/19110,2022-04-18T21:46:50Z,2022-04-15T14:17:34Z,3
pull,19089,b'closed',19094,https://api.github.com/repos/matomo-org/matomo/pulls/19094,2022-04-14T12:21:44Z,2022-04-13T14:19:19Z,6
pull,18884,b'closed',19078,https://api.github.com/repos/matomo-org/matomo/pulls/19078,2022-04-12T07:18:44Z,2022-04-11T16:49:48Z,6
pull,18810,b'closed',19041,https://api.github.com/repos/matomo-org/matomo/pulls/19041,2022-05-02T23:07:42Z,2022-04-03T23:49:19Z,6
pull,19181,b'closed',19182,https://api.github.com/repos/matomo-org/matomo/pulls/19182,2022-05-05T22:19:15Z,2022-05-05T14:23:10Z,4
pull,19166,b'closed',19171,https://api.github.com/repos/matomo-org/matomo/pulls/19171,2022-05-05T01:59:00Z,2022-05-04T08:23:35Z,14
pull,19168,b'closed',19170,https://api.github.com/repos/matomo-org/matomo/pulls/19170,2022-05-04T00:42:55Z,2022-05-03T13:39:20Z,3
pull,19076,b'closed',19157,https://api.github.com/repos/matomo-org/matomo/pulls/19157,2022-05-02T10:16:30Z,2022-04-28T21:29:12Z,6
pull,18082,b'closed',18748,https://api.github.com/repos/matomo-org/matomo/pulls/18748,2022-02-07T20:07:38Z,2022-02-07T14:14:29Z,7
pull,18178,b'closed',18181,https://api.github.com/repos/matomo-org/matomo/pulls/18181,2021-10-19T18:57:25Z,2021-10-19T09:51:11Z,3
pull,19069,b'closed',19070,https://api.github.com/repos/matomo-org/matomo/pulls/19070,,2022-04-08T15:33:18Z,1
pull,17686,b'closed',17687,https://api.github.com/repos/matomo-org/matomo/pulls/17687,2021-06-17T23:36:20Z,2021-06-17T22:01:25Z,2
pull,17686,b'closed',17688,https://api.github.com/repos/matomo-org/matomo/pulls/17688,2021-06-17T23:20:25Z,2021-06-17T22:18:13Z,1
pull,17686,b'closed',17689,https://api.github.com/repos/matomo-org/matomo/pulls/17689,2021-08-02T09:57:35Z,2021-06-17T22:31:07Z,1
pull,17686,b'closed',17693,https://api.github.com/repos/matomo-org/matomo/pulls/17693,2021-06-18T18:08:26Z,2021-06-18T08:23:43Z,2
pull,17686,b'closed',17813,https://api.github.com/repos/matomo-org/matomo/pulls/17813,,2021-07-25T21:35:41Z,1
pull,17686,b'closed',17869,https://api.github.com/repos/matomo-org/matomo/pulls/17869,2021-08-10T23:53:35Z,2021-08-10T08:15:59Z,5
pull,17686,b'closed',17929,https://api.github.com/repos/matomo-org/matomo/pulls/17929,2021-09-03T02:12:27Z,2021-08-30T05:03:14Z,6
pull,19047,b'closed',19062,https://api.github.com/repos/matomo-org/matomo/pulls/19062,2022-04-12T07:17:05Z,2022-04-07T13:50:31Z,2
pull,18435,b'open',18447,https://api.github.com/repos/matomo-org/matomo/pulls/18447,2021-12-05T21:43:41Z,2021-12-03T08:54:48Z,1
pull,19061,b'closed',19063,https://api.github.com/repos/matomo-org/matomo/pulls/19063,2022-04-08T12:36:18Z,2022-04-07T15:33:17Z,3
pull,18812,b'closed',19030,https://api.github.com/repos/matomo-org/matomo/pulls/19030,2022-04-11T13:10:53Z,2022-03-30T23:55:55Z,6
pull,19006,b'closed',19007,https://api.github.com/repos/matomo-org/matomo/pulls/19007,2022-03-30T01:44:57Z,2022-03-27T18:52:01Z,1
pull,18910,b'closed',18913,https://api.github.com/repos/matomo-org/matomo/pulls/18913,2022-03-17T10:59:33Z,2022-03-09T15:59:45Z,1
pull,18885,b'closed',18887,https://api.github.com/repos/matomo-org/matomo/pulls/18887,2022-03-07T01:18:47Z,2022-03-04T20:17:06Z,1
pull,18768,b'closed',18871,https://api.github.com/repos/matomo-org/matomo/pulls/18871,2022-03-09T00:47:04Z,2022-03-02T10:09:30Z,2
pull,18054,b'closed',18862,https://api.github.com/repos/matomo-org/matomo/pulls/18862,2022-03-17T01:40:18Z,2022-03-01T00:06:06Z,2
pull,18833,b'closed',18842,https://api.github.com/repos/matomo-org/matomo/pulls/18842,2022-03-14T20:36:04Z,2022-02-24T10:57:23Z,2
pull,18598,b'closed',18601,https://api.github.com/repos/matomo-org/matomo/pulls/18601,2022-03-07T22:38:58Z,2022-01-11T04:59:45Z,16
pull,18992,b'closed',18995,https://api.github.com/repos/matomo-org/matomo/pulls/18995,2022-03-28T06:26:32Z,2022-03-24T10:42:37Z,2
pull,18873,b'closed',18874,https://api.github.com/repos/matomo-org/matomo/pulls/18874,2022-03-04T01:08:27Z,2022-03-03T10:03:21Z,1
pull,18618,b'closed',19014,https://api.github.com/repos/matomo-org/matomo/pulls/19014,2022-03-29T08:18:52Z,2022-03-29T04:20:21Z,2
pull,18916,b'closed',18936,https://api.github.com/repos/matomo-org/matomo/pulls/18936,2022-03-17T09:14:22Z,2022-03-14T01:58:45Z,18
pull,18869,b'closed',18875,https://api.github.com/repos/matomo-org/matomo/pulls/18875,2022-03-04T09:48:42Z,2022-03-03T14:09:14Z,4
pull,18806,b'closed',18838,https://api.github.com/repos/matomo-org/matomo/pulls/18838,2022-03-07T13:49:49Z,2022-02-23T01:24:57Z,5
pull,18773,b'closed',18790,https://api.github.com/repos/matomo-org/matomo/pulls/18790,2022-03-08T20:21:06Z,2022-02-14T04:11:35Z,2
pull,17892,b'closed',17942,https://api.github.com/repos/matomo-org/matomo/pulls/17942,,2021-08-31T03:49:26Z,4
pull,17892,b'closed',18135,https://api.github.com/repos/matomo-org/matomo/pulls/18135,,2021-10-12T00:01:56Z,4
pull,17892,b'closed',18935,https://api.github.com/repos/matomo-org/matomo/pulls/18935,2022-03-24T10:53:44Z,2022-03-14T01:46:35Z,5
pull,15985,b'closed',18953,https://api.github.com/repos/matomo-org/matomo/pulls/18953,2022-03-26T18:11:32Z,2022-03-16T22:31:06Z,13
pull,18721,b'closed',18723,https://api.github.com/repos/matomo-org/matomo/pulls/18723,2022-02-02T21:38:31Z,2022-02-02T13:21:58Z,4
pull,19009,b'closed',19027,https://api.github.com/repos/matomo-org/matomo/pulls/19027,2022-04-01T07:56:34Z,2022-03-30T22:49:05Z,2
pull,17738,b'closed',17258,https://api.github.com/repos/matomo-org/matomo/pulls/17258,2021-03-28T19:06:59Z,2021-02-24T03:02:20Z,12
pull,17738,b'closed',17812,https://api.github.com/repos/matomo-org/matomo/pulls/17812,,2021-07-25T20:42:39Z,2
pull,17738,b'closed',17915,https://api.github.com/repos/matomo-org/matomo/pulls/17915,2021-09-14T08:36:22Z,2021-08-24T04:45:07Z,2
pull,18934,b'closed',18944,https://api.github.com/repos/matomo-org/matomo/pulls/18944,2022-03-17T02:40:53Z,2022-03-15T01:50:41Z,31
pull,18902,b'closed',18905,https://api.github.com/repos/matomo-org/matomo/pulls/18905,2022-03-10T09:45:00Z,2022-03-09T07:19:50Z,4
pull,18900,b'open',18852,https://api.github.com/repos/matomo-org/matomo/pulls/18852,2022-03-08T18:32:22Z,2022-02-25T22:10:17Z,7
pull,18802,b'closed',18832,https://api.github.com/repos/matomo-org/matomo/pulls/18832,2022-03-08T08:52:11Z,2022-02-21T13:06:54Z,6
pull,18787,b'closed',18861,https://api.github.com/repos/matomo-org/matomo/pulls/18861,2022-03-04T09:46:57Z,2022-02-28T22:59:40Z,3
pull,18066,b'closed',614,https://api.github.com/repos/matomo-org/developer-documentation/pulls/614,2022-03-01T23:05:08Z,2022-02-20T22:11:22Z,1
pull,18066,b'closed',18827,https://api.github.com/repos/matomo-org/matomo/pulls/18827,2022-03-01T21:19:53Z,2022-02-20T22:31:13Z,10
pull,18783,b'closed',18844,https://api.github.com/repos/matomo-org/matomo/pulls/18844,2022-02-24T20:01:55Z,2022-02-24T18:11:04Z,3
pull,18699,b'closed',18728,https://api.github.com/repos/matomo-org/matomo/pulls/18728,2022-02-23T21:35:04Z,2022-02-02T22:55:44Z,1
pull,18138,b'closed',18691,https://api.github.com/repos/matomo-org/matomo/pulls/18691,2022-02-23T20:58:18Z,2022-01-26T22:26:41Z,6
pull,17352,b'closed',17400,https://api.github.com/repos/matomo-org/matomo/pulls/17400,2021-04-13T22:17:51Z,2021-03-28T10:19:52Z,9
pull,18775,b'closed',18792,https://api.github.com/repos/matomo-org/matomo/pulls/18792,2022-02-14T14:26:47Z,2022-02-14T13:13:18Z,1
pull,18829,b'closed',18830,https://api.github.com/repos/matomo-org/matomo/pulls/18830,2022-02-21T22:08:13Z,2022-02-21T09:37:06Z,1
pull,18788,b'closed',18791,https://api.github.com/repos/matomo-org/matomo/pulls/18791,2022-02-15T13:56:51Z,2022-02-14T09:15:23Z,1
pull,18785,b'closed',18799,https://api.github.com/repos/matomo-org/matomo/pulls/18799,2022-02-15T23:45:52Z,2022-02-15T16:42:44Z,1
pull,18785,b'closed',159509,https://api.github.com/repos/NixOS/nixpkgs/pulls/159509,,2022-02-12T11:08:15Z,4
pull,18720,b'closed',18734,https://api.github.com/repos/matomo-org/matomo/pulls/18734,2022-02-03T20:32:27Z,2022-02-03T10:32:24Z,1
pull,18719,b'closed',611,https://api.github.com/repos/matomo-org/developer-documentation/pulls/611,2022-02-14T20:41:17Z,2022-02-10T10:11:36Z,3
pull,18711,b'closed',18716,https://api.github.com/repos/matomo-org/matomo/pulls/18716,2022-02-04T10:05:54Z,2022-02-01T13:35:47Z,1
pull,18702,b'closed',18704,https://api.github.com/repos/matomo-org/matomo/pulls/18704,2022-02-08T09:02:14Z,2022-01-31T09:36:54Z,1
pull,18639,b'closed',18653,https://api.github.com/repos/matomo-org/matomo/pulls/18653,2022-01-26T00:14:48Z,2022-01-19T03:35:03Z,4
pull,18639,b'closed',18686,https://api.github.com/repos/matomo-org/matomo/pulls/18686,2022-02-14T11:01:16Z,2022-01-26T00:22:22Z,4
pull,18538,b'closed',18569,https://api.github.com/repos/matomo-org/matomo/pulls/18569,,2022-01-04T23:03:30Z,2
pull,18538,b'closed',18648,https://api.github.com/repos/matomo-org/matomo/pulls/18648,2022-02-14T16:43:46Z,2022-01-18T16:17:23Z,7
pull,18479,b'closed',18527,https://api.github.com/repos/matomo-org/matomo/pulls/18527,2022-02-14T00:44:29Z,2021-12-21T03:54:06Z,12
pull,18709,b'closed',416,https://api.github.com/repos/matomo-org/tag-manager/pulls/416,2022-02-01T03:49:48Z,2022-01-31T02:40:34Z,4
pull,18709,b'closed',18717,https://api.github.com/repos/matomo-org/matomo/pulls/18717,2022-02-08T03:46:51Z,2022-02-01T14:50:56Z,4
pull,18609,b'closed',18687,https://api.github.com/repos/matomo-org/matomo/pulls/18687,2022-02-10T10:40:39Z,2022-01-26T01:00:07Z,1
pull,18819,b'closed',18820,https://api.github.com/repos/matomo-org/matomo/pulls/18820,2022-02-20T21:31:27Z,2022-02-18T09:45:32Z,1
pull,18714,b'closed',18715,https://api.github.com/repos/matomo-org/matomo/pulls/18715,2022-02-02T10:55:37Z,2022-02-01T06:25:13Z,3
pull,18700,b'closed',18729,https://api.github.com/repos/matomo-org/matomo/pulls/18729,2022-02-07T21:03:10Z,2022-02-02T23:05:25Z,4
pull,16166,b'closed',373,https://api.github.com/repos/matomo-org/developer-documentation/pulls/373,2020-08-17T23:49:45Z,2020-08-17T02:19:46Z,1
pull,18757,b'closed',18759,https://api.github.com/repos/matomo-org/matomo/pulls/18759,2022-02-09T02:52:46Z,2022-02-08T09:20:38Z,4
pull,8498,b'closed',8935,https://api.github.com/repos/matomo-org/matomo/pulls/8935,,2015-10-07T12:42:54Z,1
pull,10185,b'closed',10201,https://api.github.com/repos/matomo-org/matomo/pulls/10201,,2016-05-31T18:44:07Z,6
pull,17945,b'closed',18345,https://api.github.com/repos/matomo-org/matomo/pulls/18345,2021-11-19T11:04:42Z,2021-11-18T06:07:48Z,2
pull,18662,b'closed',18665,https://api.github.com/repos/matomo-org/matomo/pulls/18665,,2022-01-20T10:58:40Z,3
pull,17938,b'closed',18335,https://api.github.com/repos/matomo-org/matomo/pulls/18335,2022-02-01T23:19:23Z,2021-11-17T03:45:35Z,8
pull,18701,b'closed',18706,https://api.github.com/repos/matomo-org/matomo/pulls/18706,2022-02-01T08:08:31Z,2022-01-31T10:41:26Z,5
pull,18640,b'closed',18643,https://api.github.com/repos/matomo-org/matomo/pulls/18643,2022-01-20T00:46:07Z,2022-01-18T03:23:29Z,7
pull,18603,b'closed',18604,https://api.github.com/repos/matomo-org/matomo/pulls/18604,2022-01-11T22:45:37Z,2022-01-11T11:18:24Z,1
pull,18476,b'closed',18478,https://api.github.com/repos/matomo-org/matomo/pulls/18478,,2021-12-09T22:33:11Z,4
pull,13589,b'closed',18398,https://api.github.com/repos/matomo-org/matomo/pulls/18398,2021-12-14T22:26:23Z,2021-11-29T00:49:09Z,5
pull,18344,b'closed',18523,https://api.github.com/repos/matomo-org/matomo/pulls/18523,2022-01-12T16:30:28Z,2021-12-19T23:21:49Z,2
pull,17012,b'closed',18526,https://api.github.com/repos/matomo-org/matomo/pulls/18526,2022-01-07T15:35:18Z,2021-12-20T02:35:45Z,2
pull,15689,b'closed',14,https://api.github.com/repos/matomo-org/component-ini/pulls/14,2020-03-24T23:03:51Z,2020-03-24T22:43:30Z,1
pull,15689,b'closed',18518,https://api.github.com/repos/matomo-org/matomo/pulls/18518,2021-12-21T08:26:17Z,2021-12-17T08:56:02Z,3
pull,18481,b'closed',18491,https://api.github.com/repos/matomo-org/matomo/pulls/18491,2021-12-14T01:05:16Z,2021-12-11T14:05:31Z,1
pull,18608,b'closed',18614,https://api.github.com/repos/matomo-org/matomo/pulls/18614,2022-01-16T21:06:57Z,2022-01-13T17:00:38Z,5
pull,18468,b'closed',18500,https://api.github.com/repos/matomo-org/matomo/pulls/18500,2021-12-15T14:28:21Z,2021-12-14T03:49:44Z,1
pull,18468,b'closed',18600,https://api.github.com/repos/matomo-org/matomo/pulls/18600,2022-01-11T08:59:51Z,2022-01-11T02:05:26Z,1
pull,18465,b'closed',18577,https://api.github.com/repos/matomo-org/matomo/pulls/18577,2022-01-11T00:07:47Z,2022-01-06T03:31:18Z,1
pull,18537,b'closed',18547,https://api.github.com/repos/matomo-org/matomo/pulls/18547,2022-01-06T05:14:53Z,2021-12-28T22:51:27Z,5
pull,18402,b'closed',18525,https://api.github.com/repos/matomo-org/matomo/pulls/18525,2022-01-06T23:18:01Z,2021-12-20T00:36:44Z,7
pull,18088,b'closed',18243,https://api.github.com/repos/matomo-org/matomo/pulls/18243,2021-11-15T03:31:39Z,2021-10-29T12:17:00Z,5
pull,18088,b'closed',18255,https://api.github.com/repos/matomo-org/matomo/pulls/18255,2021-11-09T01:25:57Z,2021-11-02T02:30:30Z,7
pull,18394,b'closed',18405,https://api.github.com/repos/matomo-org/matomo/pulls/18405,2021-12-06T13:36:20Z,2021-11-30T03:14:53Z,64
pull,17054,b'closed',18594,https://api.github.com/repos/matomo-org/matomo/pulls/18594,2022-01-31T09:47:11Z,2022-01-10T01:45:18Z,5
pull,18534,b'closed',18535,https://api.github.com/repos/matomo-org/matomo/pulls/18535,2022-01-07T11:04:25Z,2021-12-23T17:14:26Z,1
pull,18534,b'closed',18588,https://api.github.com/repos/matomo-org/matomo/pulls/18588,2022-01-10T12:17:04Z,2022-01-07T09:51:37Z,1
pull,18534,b'closed',18696,https://api.github.com/repos/matomo-org/matomo/pulls/18696,2022-01-28T01:29:19Z,2022-01-27T23:41:01Z,1
pull,18534,b'closed',18703,https://api.github.com/repos/matomo-org/matomo/pulls/18703,2022-01-31T04:41:10Z,2022-01-31T04:04:07Z,1
pull,18625,b'closed',18634,https://api.github.com/repos/matomo-org/matomo/pulls/18634,2022-01-26T19:50:48Z,2022-01-17T12:15:51Z,18
pull,13818,b'closed',16830,https://api.github.com/repos/matomo-org/matomo/pulls/16830,2020-12-10T02:18:08Z,2020-11-27T16:00:44Z,16
pull,16152,b'closed',18383,https://api.github.com/repos/matomo-org/matomo/pulls/18383,2022-01-21T14:45:12Z,2021-11-26T03:17:19Z,2
pull,18652,b'closed',18655,https://api.github.com/repos/matomo-org/matomo/pulls/18655,2022-01-19T09:31:31Z,2022-01-19T09:13:02Z,1
pull,18186,b'closed',18280,https://api.github.com/repos/matomo-org/matomo/pulls/18280,2021-11-15T22:49:33Z,2021-11-08T04:18:06Z,32
pull,18637,b'closed',18638,https://api.github.com/repos/matomo-org/matomo/pulls/18638,2022-01-18T06:19:05Z,2022-01-17T21:56:26Z,3
pull,18605,b'closed',18635,https://api.github.com/repos/matomo-org/matomo/pulls/18635,2022-01-17T18:47:30Z,2022-01-17T12:27:54Z,1
pull,14619,b'open',104,https://api.github.com/repos/matomo-org/plugin-QueuedTracking/pulls/104,2019-08-26T01:33:30Z,2019-04-26T19:41:15Z,2
pull,14715,b'open',16628,https://api.github.com/repos/matomo-org/matomo/pulls/16628,,2020-10-29T08:42:55Z,5
pull,18560,b'closed',18575,https://api.github.com/repos/matomo-org/matomo/pulls/18575,2022-01-12T01:23:20Z,2022-01-06T00:39:54Z,2
pull,18283,b'closed',18354,https://api.github.com/repos/matomo-org/matomo/pulls/18354,2022-01-11T20:12:38Z,2021-11-19T09:15:30Z,30
pull,18362,b'closed',18403,https://api.github.com/repos/matomo-org/matomo/pulls/18403,2022-01-07T12:20:44Z,2021-11-29T23:09:34Z,3
pull,18539,b'closed',18542,https://api.github.com/repos/matomo-org/matomo/pulls/18542,2021-12-30T04:33:46Z,2021-12-24T02:34:55Z,5
pull,16805,b'closed',18065,https://api.github.com/repos/matomo-org/matomo/pulls/18065,2021-12-22T20:26:51Z,2021-09-27T01:25:55Z,47
pull,16805,b'closed',18532,https://api.github.com/repos/matomo-org/matomo/pulls/18532,2022-01-05T01:33:52Z,2021-12-22T23:54:27Z,1
pull,18521,b'closed',18522,https://api.github.com/repos/matomo-org/matomo/pulls/18522,2021-12-20T13:02:43Z,2021-12-19T23:10:23Z,2
pull,17344,b'open',17354,https://api.github.com/repos/matomo-org/matomo/pulls/17354,2021-03-18T19:56:56Z,2021-03-17T22:05:00Z,2
pull,17344,b'open',17404,https://api.github.com/repos/matomo-org/matomo/pulls/17404,2021-04-16T03:44:56Z,2021-03-29T02:29:26Z,3
pull,17973,b'closed',18103,https://api.github.com/repos/matomo-org/matomo/pulls/18103,,2021-10-06T21:27:26Z,2
pull,17973,b'closed',134,https://api.github.com/repos/matomo-org/matomo-package/pulls/134,2021-10-13T18:47:47Z,2021-10-07T00:17:04Z,1
pull,17973,b'closed',18148,https://api.github.com/repos/matomo-org/matomo/pulls/18148,2021-10-14T03:43:46Z,2021-10-13T21:21:19Z,5
pull,18496,b'closed',18497,https://api.github.com/repos/matomo-org/matomo/pulls/18497,2021-12-14T15:19:46Z,2021-12-13T20:23:22Z,3
pull,17815,b'closed',18035,https://api.github.com/repos/matomo-org/matomo/pulls/18035,2021-10-05T00:40:10Z,2021-09-21T00:16:57Z,9
pull,14782,b'closed',18469,https://api.github.com/repos/matomo-org/matomo/pulls/18469,2021-12-09T22:00:53Z,2021-12-09T03:11:43Z,2
pull,18472,b'closed',18473,https://api.github.com/repos/matomo-org/matomo/pulls/18473,2021-12-09T17:48:16Z,2021-12-09T09:06:13Z,2
pull,18458,b'closed',18462,https://api.github.com/repos/matomo-org/matomo/pulls/18462,2021-12-08T00:11:42Z,2021-12-07T10:19:43Z,10
pull,18134,b'closed',18279,https://api.github.com/repos/matomo-org/matomo/pulls/18279,2021-12-07T23:28:29Z,2021-11-08T01:52:38Z,15
pull,18441,b'closed',18444,https://api.github.com/repos/matomo-org/matomo/pulls/18444,2021-12-07T11:42:31Z,2021-12-03T08:06:58Z,1
pull,18451,b'closed',18455,https://api.github.com/repos/matomo-org/matomo/pulls/18455,2021-12-07T20:00:50Z,2021-12-06T07:52:36Z,1
pull,18456,b'closed',18461,https://api.github.com/repos/matomo-org/matomo/pulls/18461,2021-12-07T19:44:01Z,2021-12-07T09:23:38Z,3
pull,13837,b'closed',18404,https://api.github.com/repos/matomo-org/matomo/pulls/18404,2021-12-06T20:01:12Z,2021-11-29T23:59:07Z,6
pull,18373,b'closed',18386,https://api.github.com/repos/matomo-org/matomo/pulls/18386,2021-12-03T09:38:01Z,2021-11-26T10:14:16Z,9
pull,18374,b'closed',18384,https://api.github.com/repos/matomo-org/matomo/pulls/18384,2021-12-02T20:21:03Z,2021-11-26T08:35:35Z,2
pull,18434,b'open',18551,https://api.github.com/repos/matomo-org/matomo/pulls/18551,,2021-12-29T22:38:52Z,11
pull,18360,b'open',18371,https://api.github.com/repos/matomo-org/matomo/pulls/18371,,2021-11-24T14:27:34Z,9
pull,18332,b'closed',18366,https://api.github.com/repos/matomo-org/matomo/pulls/18366,2021-12-01T02:27:48Z,2021-11-23T04:17:05Z,11
pull,18261,b'closed',18355,https://api.github.com/repos/matomo-org/matomo/pulls/18355,2021-11-30T21:26:34Z,2021-11-19T10:11:38Z,1
pull,18393,b'closed',18395,https://api.github.com/repos/matomo-org/matomo/pulls/18395,2021-11-30T21:12:35Z,2021-11-28T20:54:59Z,1
pull,18393,b'closed',18396,https://api.github.com/repos/matomo-org/matomo/pulls/18396,,2021-11-28T20:59:03Z,2
pull,18107,b'closed',18113,https://api.github.com/repos/matomo-org/matomo/pulls/18113,2021-10-11T00:43:52Z,2021-10-08T02:26:15Z,3
pull,18162,b'closed',18304,https://api.github.com/repos/matomo-org/matomo/pulls/18304,2021-11-14T20:30:40Z,2021-11-14T18:55:22Z,1
pull,13204,b'closed',12780,https://api.github.com/repos/matomo-org/matomo/pulls/12780,2018-07-25T19:47:31Z,2018-04-28T14:32:10Z,126
pull,13204,b'closed',13479,https://api.github.com/repos/matomo-org/matomo/pulls/13479,2018-09-25T20:37:00Z,2018-09-25T12:00:58Z,1
pull,13204,b'closed',14482,https://api.github.com/repos/matomo-org/matomo/pulls/14482,2019-07-14T20:08:41Z,2019-05-25T09:47:22Z,1
pull,17976,b'closed',18101,https://api.github.com/repos/matomo-org/matomo/pulls/18101,2021-10-08T00:50:21Z,2021-10-06T04:46:01Z,4
pull,17976,b'closed',16,https://api.github.com/repos/Romain/Matomo-IP-to-Company/pulls/16,2022-05-17T10:29:42Z,2022-03-10T08:43:16Z,2
pull,18187,b'closed',18188,https://api.github.com/repos/matomo-org/matomo/pulls/18188,2021-10-22T07:48:50Z,2021-10-20T07:51:05Z,1
pull,18036,b'closed',18097,https://api.github.com/repos/matomo-org/matomo/pulls/18097,2021-10-11T03:20:44Z,2021-10-05T00:45:40Z,48
pull,18231,b'closed',18236,https://api.github.com/repos/matomo-org/matomo/pulls/18236,2021-10-29T15:10:25Z,2021-10-28T11:48:01Z,5
pull,18130,b'closed',18131,https://api.github.com/repos/matomo-org/matomo/pulls/18131,2021-10-13T03:50:23Z,2021-10-11T06:36:23Z,4
pull,17939,b'closed',18143,https://api.github.com/repos/matomo-org/matomo/pulls/18143,2021-10-20T07:00:22Z,2021-10-13T00:44:29Z,5
pull,11175,b'closed',18077,https://api.github.com/repos/matomo-org/matomo/pulls/18077,2021-10-05T09:08:11Z,2021-09-29T03:04:11Z,3
pull,17786,b'closed',18165,https://api.github.com/repos/matomo-org/matomo/pulls/18165,2021-10-18T08:50:22Z,2021-10-15T14:36:22Z,1
pull,17602,b'closed',18052,https://api.github.com/repos/matomo-org/matomo/pulls/18052,2021-10-07T22:58:27Z,2021-09-23T04:47:00Z,8
pull,18172,b'closed',18174,https://api.github.com/repos/matomo-org/matomo/pulls/18174,2021-10-18T19:52:07Z,2021-10-18T09:07:43Z,1
pull,18070,b'closed',18071,https://api.github.com/repos/matomo-org/matomo/pulls/18071,2021-10-13T19:58:48Z,2021-09-28T14:48:52Z,1
pull,18058,b'closed',18060,https://api.github.com/repos/matomo-org/matomo/pulls/18060,2021-10-05T03:27:47Z,2021-09-24T03:49:15Z,5
pull,17919,b'closed',17993,https://api.github.com/repos/matomo-org/matomo/pulls/17993,2021-09-15T22:06:46Z,2021-09-14T04:52:21Z,1
pull,17785,b'closed',18164,https://api.github.com/repos/matomo-org/matomo/pulls/18164,2021-10-28T13:01:13Z,2021-10-15T14:09:14Z,1
pull,16607,b'closed',18051,https://api.github.com/repos/matomo-org/matomo/pulls/18051,2021-10-13T00:54:31Z,2021-09-23T04:25:54Z,4
pull,18117,b'closed',18309,https://api.github.com/repos/matomo-org/matomo/pulls/18309,2021-11-15T23:02:33Z,2021-11-14T21:25:17Z,5
pull,18244,b'closed',18285,https://api.github.com/repos/matomo-org/matomo/pulls/18285,2021-11-10T19:14:21Z,2021-11-09T19:21:34Z,2
pull,10291,b'closed',18086,https://api.github.com/repos/matomo-org/matomo/pulls/18086,2021-10-14T03:49:22Z,2021-09-30T22:59:13Z,12
pull,6784,b'closed',18099,https://api.github.com/repos/matomo-org/matomo/pulls/18099,2021-11-15T20:08:08Z,2021-10-05T21:41:42Z,43
pull,18270,b'closed',18294,https://api.github.com/repos/matomo-org/matomo/pulls/18294,2021-11-26T14:35:42Z,2021-11-11T14:01:40Z,51
pull,18006,b'closed',18029,https://api.github.com/repos/matomo-org/matomo/pulls/18029,2021-11-24T20:27:30Z,2021-09-17T21:22:44Z,2
pull,18025,b'closed',18357,https://api.github.com/repos/matomo-org/matomo/pulls/18357,2021-11-23T13:28:07Z,2021-11-22T01:01:51Z,1
pull,17944,b'closed',18333,https://api.github.com/repos/matomo-org/matomo/pulls/18333,2021-11-22T18:05:04Z,2021-11-16T23:32:57Z,2
pull,17053,b'closed',18358,https://api.github.com/repos/matomo-org/matomo/pulls/18358,2021-11-22T08:30:40Z,2021-11-22T02:47:44Z,1
pull,18313,b'closed',18319,https://api.github.com/repos/matomo-org/matomo/pulls/18319,2021-11-16T01:21:11Z,2021-11-15T22:30:09Z,3
pull,15620,b'closed',18321,https://api.github.com/repos/matomo-org/matomo/pulls/18321,2021-11-19T10:39:19Z,2021-11-16T03:43:48Z,10
pull,18346,b'closed',18348,https://api.github.com/repos/matomo-org/matomo/pulls/18348,2021-11-18T19:13:07Z,2021-11-18T12:26:18Z,2
pull,18322,b'closed',18323,https://api.github.com/repos/matomo-org/matomo/pulls/18323,2021-11-16T20:04:44Z,2021-11-16T04:33:26Z,3
pull,18338,b'closed',18340,https://api.github.com/repos/matomo-org/matomo/pulls/18340,2021-11-18T12:54:15Z,2021-11-17T14:15:03Z,1
pull,8444,b'closed',10704,https://api.github.com/repos/matomo-org/matomo/pulls/10704,,2016-10-06T12:34:11Z,1
pull,8444,b'closed',15272,https://api.github.com/repos/matomo-org/matomo/pulls/15272,2019-12-24T11:24:44Z,2019-12-15T11:34:34Z,15
pull,8444,b'closed',18590,https://api.github.com/repos/matomo-org/matomo/pulls/18590,2022-01-13T12:53:28Z,2022-01-07T13:41:25Z,1
pull,18251,b'closed',18262,https://api.github.com/repos/matomo-org/matomo/pulls/18262,2021-11-12T23:49:09Z,2021-11-03T01:58:43Z,71
pull,18232,b'closed',18277,https://api.github.com/repos/matomo-org/matomo/pulls/18277,,2021-11-07T05:02:42Z,34
pull,18232,b'closed',18262,https://api.github.com/repos/matomo-org/matomo/pulls/18262,2021-11-12T23:49:09Z,2021-11-03T01:58:43Z,71
pull,18250,b'closed',18253,https://api.github.com/repos/matomo-org/matomo/pulls/18253,,2021-11-01T22:51:03Z,15
pull,18250,b'closed',18262,https://api.github.com/repos/matomo-org/matomo/pulls/18262,2021-11-12T23:49:09Z,2021-11-03T01:58:43Z,71
pull,18234,b'closed',18235,https://api.github.com/repos/matomo-org/matomo/pulls/18235,2021-11-09T03:02:54Z,2021-10-28T08:38:18Z,1
pull,18011,b'closed',18199,https://api.github.com/repos/matomo-org/matomo/pulls/18199,2021-11-08T21:23:21Z,2021-10-21T22:50:26Z,22
pull,18282,b'closed',137,https://api.github.com/repos/matomo-org/matomo-package/pulls/137,2021-11-09T09:08:40Z,2021-11-08T13:41:27Z,1
pull,14695,b'closed',18170,https://api.github.com/repos/matomo-org/matomo/pulls/18170,2021-11-05T14:45:18Z,2021-10-18T04:03:21Z,20
pull,3513,b'closed',18124,https://api.github.com/repos/matomo-org/matomo/pulls/18124,2021-11-02T10:57:19Z,2021-10-11T01:02:42Z,10
pull,18238,b'closed',18242,https://api.github.com/repos/matomo-org/matomo/pulls/18242,2021-10-30T03:03:37Z,2021-10-29T05:22:18Z,4
pull,17856,b'closed',18144,https://api.github.com/repos/matomo-org/matomo/pulls/18144,,2021-10-13T00:48:10Z,3
pull,17856,b'closed',18151,https://api.github.com/repos/matomo-org/matomo/pulls/18151,2021-10-28T09:27:33Z,2021-10-14T03:42:31Z,4
pull,15429,b'closed',18218,https://api.github.com/repos/matomo-org/matomo/pulls/18218,2021-10-28T06:26:26Z,2021-10-25T22:42:56Z,4
pull,14370,b'closed',18212,https://api.github.com/repos/matomo-org/matomo/pulls/18212,2021-10-26T12:27:05Z,2021-10-24T23:33:02Z,3
pull,17923,b'closed',18197,https://api.github.com/repos/matomo-org/matomo/pulls/18197,2021-10-26T02:43:00Z,2021-10-21T22:30:43Z,3
pull,17923,b'closed',18198,https://api.github.com/repos/matomo-org/matomo/pulls/18198,2021-10-26T02:43:38Z,2021-10-21T22:48:22Z,1
pull,17923,b'closed',18215,https://api.github.com/repos/matomo-org/matomo/pulls/18215,2021-10-27T19:30:01Z,2021-10-25T10:15:39Z,3
pull,18089,b'closed',18095,https://api.github.com/repos/matomo-org/matomo/pulls/18095,2021-10-03T20:39:51Z,2021-10-03T19:05:26Z,1
pull,18190,b'closed',18170,https://api.github.com/repos/matomo-org/matomo/pulls/18170,2021-11-05T14:45:18Z,2021-10-18T04:03:21Z,20
pull,18098,b'closed',18111,https://api.github.com/repos/matomo-org/matomo/pulls/18111,2021-10-18T19:13:08Z,2021-10-08T01:47:17Z,18
pull,16153,b'closed',18158,https://api.github.com/repos/matomo-org/matomo/pulls/18158,2021-10-15T03:57:37Z,2021-10-15T01:28:25Z,2
pull,18133,b'closed',18136,https://api.github.com/repos/matomo-org/matomo/pulls/18136,2021-10-12T22:12:41Z,2021-10-12T00:13:01Z,2
pull,18133,b'closed',1240,https://api.github.com/repos/GEWIS/gewisweb/pulls/1240,2021-12-03T22:38:52Z,2021-10-12T12:27:47Z,9
pull,18139,b'closed',18140,https://api.github.com/repos/matomo-org/matomo/pulls/18140,2021-10-12T19:11:09Z,2021-10-12T04:53:55Z,1
pull,18115,b'closed',18116,https://api.github.com/repos/matomo-org/matomo/pulls/18116,2021-10-08T19:35:28Z,2021-10-08T08:49:36Z,1
pull,17774,b'closed',17937,https://api.github.com/repos/matomo-org/matomo/pulls/17937,2021-08-30T21:58:17Z,2021-08-30T20:05:46Z,1
pull,18044,b'closed',586,https://api.github.com/repos/matomo-org/developer-documentation/pulls/586,2021-11-17T02:24:35Z,2021-11-16T20:10:07Z,1
pull,16529,b'closed',17962,https://api.github.com/repos/matomo-org/matomo/pulls/17962,,2021-09-03T04:23:49Z,3
pull,16529,b'closed',17964,https://api.github.com/repos/matomo-org/matomo/pulls/17964,2021-09-13T04:42:28Z,2021-09-04T04:34:22Z,4
pull,18012,b'closed',18037,https://api.github.com/repos/matomo-org/matomo/pulls/18037,2021-09-21T21:43:38Z,2021-09-21T03:17:07Z,3
pull,17577,b'closed',17604,https://api.github.com/repos/matomo-org/matomo/pulls/17604,,2021-05-21T02:12:19Z,16
pull,17577,b'closed',17606,https://api.github.com/repos/matomo-org/matomo/pulls/17606,2021-05-23T20:41:11Z,2021-05-21T02:38:01Z,4
pull,15335,b'closed',17808,https://api.github.com/repos/matomo-org/matomo/pulls/17808,2021-08-02T09:56:58Z,2021-07-23T07:43:57Z,2
pull,17871,b'closed',17852,https://api.github.com/repos/matomo-org/matomo/pulls/17852,2021-08-10T12:50:30Z,2021-08-03T06:18:04Z,19
pull,17871,b'closed',17893,https://api.github.com/repos/matomo-org/matomo/pulls/17893,2021-08-16T14:28:56Z,2021-08-16T13:50:24Z,1
pull,17871,b'closed',18018,https://api.github.com/repos/matomo-org/matomo/pulls/18018,2021-09-17T02:31:11Z,2021-09-16T05:01:48Z,2
pull,16955,b'closed',17005,https://api.github.com/repos/matomo-org/matomo/pulls/17005,2021-02-04T22:22:12Z,2020-12-23T06:16:12Z,17
pull,17883,b'closed',17886,https://api.github.com/repos/matomo-org/matomo/pulls/17886,2021-08-16T16:14:02Z,2021-08-13T08:16:10Z,2
pull,17787,b'closed',17888,https://api.github.com/repos/matomo-org/matomo/pulls/17888,2021-08-16T10:12:38Z,2021-08-14T09:56:54Z,2
pull,17721,b'closed',17793,https://api.github.com/repos/matomo-org/matomo/pulls/17793,2021-07-19T17:09:06Z,2021-07-19T13:22:26Z,1
pull,15322,b'closed',17882,https://api.github.com/repos/matomo-org/matomo/pulls/17882,2021-08-26T07:20:09Z,2021-08-13T00:06:19Z,6
pull,15322,b'closed',17895,https://api.github.com/repos/matomo-org/matomo/pulls/17895,2021-08-22T20:21:59Z,2021-08-16T23:07:32Z,2
pull,16859,b'closed',16860,https://api.github.com/repos/matomo-org/matomo/pulls/16860,2020-12-02T03:55:53Z,2020-12-02T02:48:56Z,6
pull,16859,b'closed',17901,https://api.github.com/repos/matomo-org/matomo/pulls/17901,2021-09-15T23:17:09Z,2021-08-18T05:04:40Z,5
pull,16576,b'closed',17956,https://api.github.com/repos/matomo-org/matomo/pulls/17956,2021-09-15T13:27:37Z,2021-09-03T00:46:03Z,5
pull,2672,b'closed',17879,https://api.github.com/repos/matomo-org/matomo/pulls/17879,2021-09-03T09:41:12Z,2021-08-12T04:09:29Z,3
pull,9473,b'closed',9535,https://api.github.com/repos/matomo-org/matomo/pulls/9535,2016-01-17T20:04:17Z,2016-01-16T13:31:34Z,1
pull,9473,b'closed',18030,https://api.github.com/repos/matomo-org/matomo/pulls/18030,2021-09-19T22:20:21Z,2021-09-19T20:32:30Z,2
pull,17872,b'closed',17874,https://api.github.com/repos/matomo-org/matomo/pulls/17874,2021-08-12T16:41:12Z,2021-08-10T23:36:29Z,7
pull,17853,b'closed',17854,https://api.github.com/repos/matomo-org/matomo/pulls/17854,2021-08-03T20:13:22Z,2021-08-03T08:39:33Z,1
pull,17732,b'closed',17736,https://api.github.com/repos/matomo-org/matomo/pulls/17736,2021-08-12T07:13:00Z,2021-07-05T03:08:09Z,11
pull,17870,b'closed',17873,https://api.github.com/repos/matomo-org/matomo/pulls/17873,2021-08-10T23:40:24Z,2021-08-10T21:10:38Z,1
pull,11627,b'closed',17887,https://api.github.com/repos/matomo-org/matomo/pulls/17887,,2021-08-14T01:50:47Z,9
pull,11627,b'closed',18031,https://api.github.com/repos/matomo-org/matomo/pulls/18031,2021-10-04T04:01:05Z,2021-09-19T21:58:12Z,66
pull,18094,b'closed',18095,https://api.github.com/repos/matomo-org/matomo/pulls/18095,2021-10-03T20:39:51Z,2021-10-03T19:05:26Z,1
pull,18081,b'open',541,https://api.github.com/repos/matomo-org/developer-documentation/pulls/541,2021-09-30T06:20:01Z,2021-08-31T03:02:06Z,5
pull,17907,b'closed',17927,https://api.github.com/repos/matomo-org/matomo/pulls/17927,2021-09-01T08:00:26Z,2021-08-27T19:19:22Z,35
pull,17907,b'closed',35,https://api.github.com/repos/matomo-org/plugin-Bandwidth/pulls/35,2021-08-30T13:20:16Z,2021-08-30T13:20:00Z,1
pull,17907,b'closed',347,https://api.github.com/repos/matomo-org/tag-manager/pulls/347,2021-08-30T13:27:23Z,2021-08-30T13:27:18Z,1
pull,17907,b'closed',95,https://api.github.com/repos/matomo-org/plugin-CustomAlerts/pulls/95,2021-08-30T13:27:52Z,2021-08-30T13:27:48Z,1
pull,17907,b'closed',199,https://api.github.com/repos/matomo-org/plugin-GoogleAnalyticsImporter/pulls/199,2021-08-30T13:28:31Z,2021-08-30T13:28:26Z,1
pull,17907,b'closed',54,https://api.github.com/repos/matomo-org/plugin-SecurityInfo/pulls/54,2021-08-30T13:29:00Z,2021-08-30T13:28:56Z,1
pull,17907,b'closed',17,https://api.github.com/repos/matomo-org/plugin-CustomVariables/pulls/17,2021-08-30T13:29:31Z,2021-08-30T13:29:24Z,1
pull,17907,b'closed',35,https://api.github.com/repos/matomo-org/plugin-LogViewer/pulls/35,2021-08-30T13:30:14Z,2021-08-30T13:30:09Z,1
pull,17907,b'closed',25,https://api.github.com/repos/matomo-org/plugin-TrackingSpamPrevention/pulls/25,2021-08-30T13:30:40Z,2021-08-30T13:30:36Z,1
pull,17907,b'closed',76,https://api.github.com/repos/matomo-org/plugin-VisitorGenerator/pulls/76,2021-08-30T13:31:06Z,2021-08-30T13:31:00Z,1
pull,17907,b'closed',25,https://api.github.com/repos/matomo-org/plugin-TasksTimetable/pulls/25,2021-08-30T13:31:30Z,2021-08-30T13:31:27Z,1
pull,17907,b'closed',240,https://api.github.com/repos/matomo-org/plugin-LoginLdap/pulls/240,2021-08-30T13:31:59Z,2021-08-30T13:31:55Z,1
pull,17907,b'closed',156,https://api.github.com/repos/matomo-org/plugin-QueuedTracking/pulls/156,2021-08-30T13:32:28Z,2021-08-30T13:32:22Z,1
pull,17907,b'closed',15,https://api.github.com/repos/matomo-org/plugin-Provider/pulls/15,2021-08-30T13:32:53Z,2021-08-30T13:32:49Z,1
pull,15507,b'open',16620,https://api.github.com/repos/matomo-org/matomo/pulls/16620,,2020-10-28T02:04:29Z,7
pull,14719,b'closed',18032,https://api.github.com/repos/matomo-org/matomo/pulls/18032,2021-09-21T01:17:09Z,2021-09-20T01:03:51Z,1
pull,7115,b'open',7117,https://api.github.com/repos/matomo-org/matomo/pulls/7117,2015-02-11T04:51:57Z,2015-02-01T23:22:06Z,2
pull,17965,b'closed',17987,https://api.github.com/repos/matomo-org/matomo/pulls/17987,2021-09-15T03:20:37Z,2021-09-10T02:15:47Z,3
pull,17965,b'closed',18017,https://api.github.com/repos/matomo-org/matomo/pulls/18017,2021-09-17T03:52:54Z,2021-09-16T04:22:19Z,2
pull,15278,b'open',17960,https://api.github.com/repos/matomo-org/matomo/pulls/17960,,2021-09-03T02:43:52Z,5
pull,15278,b'open',17961,https://api.github.com/repos/matomo-org/matomo/pulls/17961,2021-09-08T01:16:12Z,2021-09-03T03:49:09Z,2
pull,15278,b'open',18022,https://api.github.com/repos/matomo-org/matomo/pulls/18022,,2021-09-16T17:41:12Z,1
pull,15892,b'closed',18016,https://api.github.com/repos/matomo-org/matomo/pulls/18016,2021-09-16T15:38:11Z,2021-09-16T02:35:12Z,4
pull,16339,b'open',16351,https://api.github.com/repos/matomo-org/matomo/pulls/16351,,2020-08-28T05:08:12Z,1
pull,17975,b'closed',17979,https://api.github.com/repos/matomo-org/matomo/pulls/17979,2021-09-13T21:55:11Z,2021-09-08T04:50:22Z,12
pull,17762,b'closed',17771,https://api.github.com/repos/matomo-org/matomo/pulls/17771,2021-07-15T08:16:30Z,2021-07-14T20:06:15Z,3
pull,17428,b'closed',17425,https://api.github.com/repos/matomo-org/matomo/pulls/17425,,2021-04-06T00:59:00Z,1
pull,17428,b'closed',2,https://api.github.com/repos/nelhefni/matomo/pulls/2,,2021-04-07T06:41:51Z,3
pull,17428,b'closed',17437,https://api.github.com/repos/matomo-org/matomo/pulls/17437,2021-04-11T22:46:16Z,2021-04-09T00:57:05Z,2
pull,17428,b'closed',17439,https://api.github.com/repos/matomo-org/matomo/pulls/17439,2021-04-12T04:30:17Z,2021-04-09T05:33:23Z,13
pull,17248,b'closed',17249,https://api.github.com/repos/matomo-org/matomo/pulls/17249,2021-02-23T17:22:26Z,2021-02-22T22:16:55Z,1
pull,16342,b'open',16840,https://api.github.com/repos/matomo-org/matomo/pulls/16840,2020-12-17T03:36:45Z,2020-11-30T12:57:17Z,16
pull,17925,b'closed',17974,https://api.github.com/repos/matomo-org/matomo/pulls/17974,2021-09-07T20:41:27Z,2021-09-07T13:47:53Z,1
pull,17966,b'closed',17967,https://api.github.com/repos/matomo-org/matomo/pulls/17967,2021-09-06T21:31:35Z,2021-09-06T03:32:12Z,1
pull,15135,b'closed',17900,https://api.github.com/repos/matomo-org/matomo/pulls/17900,2021-09-04T07:20:25Z,2021-08-18T02:59:27Z,10
pull,15740,b'closed',15784,https://api.github.com/repos/matomo-org/matomo/pulls/15784,2020-04-08T15:17:44Z,2020-04-06T21:38:44Z,5
pull,17752,b'closed',17918,https://api.github.com/repos/matomo-org/matomo/pulls/17918,2021-08-29T21:55:34Z,2021-08-25T01:24:53Z,2
pull,17091,b'closed',17896,https://api.github.com/repos/matomo-org/matomo/pulls/17896,,2021-08-17T03:41:57Z,1
pull,15036,b'closed',17882,https://api.github.com/repos/matomo-org/matomo/pulls/17882,2021-08-26T07:20:09Z,2021-08-13T00:06:19Z,6
pull,17479,b'closed',17698,https://api.github.com/repos/matomo-org/matomo/pulls/17698,2021-06-27T20:41:12Z,2021-06-21T21:17:16Z,4
pull,17335,b'closed',17520,https://api.github.com/repos/matomo-org/matomo/pulls/17520,2021-05-11T03:15:41Z,2021-05-04T04:07:14Z,2
pull,17209,b'closed',17276,https://api.github.com/repos/matomo-org/matomo/pulls/17276,2021-03-01T16:03:14Z,2021-02-25T22:59:23Z,1
pull,17163,b'closed',17288,https://api.github.com/repos/matomo-org/matomo/pulls/17288,2021-03-28T22:26:45Z,2021-03-02T00:22:51Z,6
pull,17129,b'closed',17277,https://api.github.com/repos/matomo-org/matomo/pulls/17277,2021-02-28T18:09:31Z,2021-02-26T01:00:03Z,11
pull,17104,b'closed',17292,https://api.github.com/repos/matomo-org/matomo/pulls/17292,2021-03-14T20:50:11Z,2021-03-02T21:45:40Z,2
pull,17086,b'closed',17293,https://api.github.com/repos/matomo-org/matomo/pulls/17293,2021-03-08T16:50:48Z,2021-03-02T22:07:20Z,3
pull,17070,b'closed',17296,https://api.github.com/repos/matomo-org/matomo/pulls/17296,2021-03-16T13:29:23Z,2021-03-03T03:09:17Z,3
pull,17035,b'closed',17574,https://api.github.com/repos/matomo-org/matomo/pulls/17574,2021-05-21T02:23:29Z,2021-05-17T13:42:31Z,2
pull,16922,b'closed',17300,https://api.github.com/repos/matomo-org/matomo/pulls/17300,2021-03-17T20:12:22Z,2021-03-03T22:25:35Z,7
pull,16847,b'closed',16849,https://api.github.com/repos/matomo-org/matomo/pulls/16849,2021-01-01T00:30:50Z,2020-12-01T15:08:06Z,8
pull,16331,b'closed',16333,https://api.github.com/repos/matomo-org/matomo/pulls/16333,2020-09-10T23:02:00Z,2020-08-21T09:36:59Z,1
pull,13953,b'closed',16687,https://api.github.com/repos/matomo-org/matomo/pulls/16687,2020-11-10T19:26:24Z,2020-11-09T10:33:00Z,1
pull,8425,b'closed',17251,https://api.github.com/repos/matomo-org/matomo/pulls/17251,2021-02-24T03:13:18Z,2021-02-23T11:00:34Z,2
pull,17773,b'closed',17798,https://api.github.com/repos/matomo-org/matomo/pulls/17798,2021-08-12T12:35:14Z,2021-07-20T03:26:02Z,6
pull,16667,b'closed',17682,https://api.github.com/repos/matomo-org/matomo/pulls/17682,2021-06-16T22:05:36Z,2021-06-16T21:52:31Z,1
pull,15501,b'closed',17266,https://api.github.com/repos/matomo-org/matomo/pulls/17266,2021-03-15T09:45:45Z,2021-02-25T06:29:43Z,1
pull,17876,b'open',516,https://api.github.com/repos/matomo-org/developer-documentation/pulls/516,2021-08-30T01:26:42Z,2021-08-16T03:49:36Z,2
pull,14190,b'closed',17703,https://api.github.com/repos/matomo-org/matomo/pulls/17703,2021-06-25T08:26:05Z,2021-06-23T04:59:16Z,1
pull,13374,b'closed',17861,https://api.github.com/repos/matomo-org/matomo/pulls/17861,,2021-08-06T06:00:24Z,2
pull,16942,b'closed',17655,https://api.github.com/repos/matomo-org/matomo/pulls/17655,2021-06-09T22:59:08Z,2021-06-08T20:26:53Z,1
pull,17838,b'closed',17840,https://api.github.com/repos/matomo-org/matomo/pulls/17840,2021-07-30T02:40:16Z,2021-07-29T23:59:26Z,1
pull,17750,b'closed',17827,https://api.github.com/repos/matomo-org/matomo/pulls/17827,,2021-07-28T04:39:45Z,2
pull,17582,b'open',20100,https://api.github.com/repos/matomo-org/matomo/pulls/20100,2022-12-20T18:54:37Z,2022-12-13T18:18:15Z,9
pull,9400,b'closed',17745,https://api.github.com/repos/matomo-org/matomo/pulls/17745,2021-07-11T20:17:53Z,2021-07-08T23:12:07Z,1
pull,9400,b'closed',17746,https://api.github.com/repos/matomo-org/matomo/pulls/17746,,2021-07-08T23:14:57Z,1
pull,9400,b'closed',17764,https://api.github.com/repos/matomo-org/matomo/pulls/17764,2021-07-18T20:36:10Z,2021-07-13T20:12:10Z,3
pull,12586,b'closed',17151,https://api.github.com/repos/matomo-org/matomo/pulls/17151,2021-03-11T17:06:24Z,2021-01-27T12:39:19Z,10
pull,17318,b'closed',17354,https://api.github.com/repos/matomo-org/matomo/pulls/17354,2021-03-18T19:56:56Z,2021-03-17T22:05:00Z,2
pull,17782,b'closed',17788,https://api.github.com/repos/matomo-org/matomo/pulls/17788,2021-07-19T07:56:33Z,2021-07-18T20:17:21Z,1
pull,17001,b'closed',17725,https://api.github.com/repos/matomo-org/matomo/pulls/17725,2021-06-30T05:34:47Z,2021-06-29T21:56:08Z,2
pull,16672,b'closed',16880,https://api.github.com/repos/matomo-org/matomo/pulls/16880,2021-05-27T04:54:35Z,2020-12-03T21:15:49Z,1
pull,15575,b'closed',17518,https://api.github.com/repos/matomo-org/matomo/pulls/17518,2021-05-12T20:19:14Z,2021-05-04T02:32:52Z,9
pull,17755,b'closed',17757,https://api.github.com/repos/matomo-org/matomo/pulls/17757,2021-07-18T21:04:51Z,2021-07-12T07:08:40Z,1
pull,17679,b'closed',17680,https://api.github.com/repos/matomo-org/matomo/pulls/17680,2021-06-17T07:58:26Z,2021-06-16T15:13:40Z,61
pull,17625,b'closed',17629,https://api.github.com/repos/matomo-org/matomo/pulls/17629,2021-05-27T17:37:11Z,2021-05-27T07:17:29Z,1
pull,17417,b'closed',17744,https://api.github.com/repos/matomo-org/matomo/pulls/17744,2021-07-15T02:55:18Z,2021-07-08T02:57:09Z,5
pull,17590,b'closed',17593,https://api.github.com/repos/matomo-org/matomo/pulls/17593,2021-05-19T17:08:47Z,2021-05-19T12:03:34Z,1
pull,15112,b'open',15141,https://api.github.com/repos/matomo-org/matomo/pulls/15141,2020-01-26T23:55:01Z,2019-11-10T16:28:24Z,1
pull,17796,b'closed',17801,https://api.github.com/repos/matomo-org/matomo/pulls/17801,2021-08-04T00:28:15Z,2021-07-21T16:58:02Z,1
pull,17441,b'closed',17442,https://api.github.com/repos/matomo-org/matomo/pulls/17442,2021-07-20T11:38:30Z,2021-04-09T14:11:47Z,4
pull,17759,b'closed',17795,https://api.github.com/repos/matomo-org/matomo/pulls/17795,2021-07-19T18:00:40Z,2021-07-19T17:03:29Z,3
pull,17776,b'closed',17779,https://api.github.com/repos/matomo-org/matomo/pulls/17779,2021-07-19T15:12:41Z,2021-07-16T08:34:20Z,20
pull,17770,b'closed',17772,https://api.github.com/repos/matomo-org/matomo/pulls/17772,2021-07-19T07:57:49Z,2021-07-14T20:31:15Z,2
pull,17775,b'closed',17778,https://api.github.com/repos/matomo-org/matomo/pulls/17778,2021-07-18T20:38:22Z,2021-07-16T08:06:00Z,1
pull,17737,b'closed',17758,https://api.github.com/repos/matomo-org/matomo/pulls/17758,2021-07-13T08:21:51Z,2021-07-12T07:52:10Z,2
pull,17743,b'open',17736,https://api.github.com/repos/matomo-org/matomo/pulls/17736,2021-08-12T07:13:00Z,2021-07-05T03:08:09Z,11
pull,12217,b'closed',13540,https://api.github.com/repos/matomo-org/matomo/pulls/13540,2018-12-04T05:49:16Z,2018-10-04T23:18:14Z,4
pull,12217,b'closed',17695,https://api.github.com/repos/matomo-org/matomo/pulls/17695,2021-06-29T02:57:27Z,2021-06-18T11:16:43Z,1
pull,17628,b'closed',17704,https://api.github.com/repos/matomo-org/matomo/pulls/17704,2021-06-25T03:49:52Z,2021-06-24T04:10:08Z,4
pull,17571,b'closed',17598,https://api.github.com/repos/matomo-org/matomo/pulls/17598,2021-05-20T23:19:45Z,2021-05-19T23:27:05Z,12
pull,17615,b'closed',17656,https://api.github.com/repos/matomo-org/matomo/pulls/17656,2021-06-09T06:15:57Z,2021-06-08T23:24:39Z,5
pull,17667,b'open',17663,https://api.github.com/repos/matomo-org/matomo/pulls/17663,2021-06-11T00:18:41Z,2021-06-10T17:25:19Z,2
pull,17565,b'closed',17566,https://api.github.com/repos/matomo-org/matomo/pulls/17566,,2021-05-16T16:19:14Z,3
pull,17626,b'closed',17630,https://api.github.com/repos/matomo-org/matomo/pulls/17630,2021-05-27T17:34:05Z,2021-05-27T08:10:01Z,2
pull,15780,b'closed',15915,https://api.github.com/repos/matomo-org/matomo/pulls/15915,2020-05-06T07:16:53Z,2020-05-05T21:52:37Z,4
pull,14977,b'closed',17506,https://api.github.com/repos/matomo-org/matomo/pulls/17506,2021-05-27T02:05:54Z,2021-04-28T00:16:35Z,16
pull,16776,b'closed',17258,https://api.github.com/repos/matomo-org/matomo/pulls/17258,2021-03-28T19:06:59Z,2021-02-24T03:02:20Z,12
pull,16374,b'closed',17264,https://api.github.com/repos/matomo-org/matomo/pulls/17264,2021-03-14T20:25:11Z,2021-02-24T20:48:23Z,1
pull,13976,b'closed',17231,https://api.github.com/repos/matomo-org/matomo/pulls/17231,2021-02-23T02:41:15Z,2021-02-18T00:42:01Z,4
pull,17583,b'closed',17610,https://api.github.com/repos/matomo-org/matomo/pulls/17610,2021-05-23T20:38:02Z,2021-05-21T19:23:32Z,4
pull,17567,b'closed',17588,https://api.github.com/repos/matomo-org/matomo/pulls/17588,2021-05-20T22:02:16Z,2021-05-19T03:02:32Z,1
pull,16865,b'open',16870,https://api.github.com/repos/matomo-org/matomo/pulls/16870,2020-12-03T19:42:14Z,2020-12-02T21:05:51Z,6
pull,17578,b'closed',17579,https://api.github.com/repos/matomo-org/matomo/pulls/17579,2021-05-19T17:04:19Z,2021-05-18T08:41:13Z,1
pull,16803,b'closed',427,https://api.github.com/repos/matomo-org/developer-documentation/pulls/427,2021-02-18T17:25:10Z,2021-02-18T02:45:59Z,2
pull,16803,b'closed',17234,https://api.github.com/repos/matomo-org/matomo/pulls/17234,2021-03-17T20:52:07Z,2021-02-19T01:26:44Z,20
pull,17586,b'closed',17587,https://api.github.com/repos/matomo-org/matomo/pulls/17587,2021-05-19T08:16:40Z,2021-05-18T23:40:16Z,1
pull,17559,b'closed',17568,https://api.github.com/repos/matomo-org/matomo/pulls/17568,2021-05-16T22:34:42Z,2021-05-16T20:25:57Z,1
pull,17362,b'closed',17363,https://api.github.com/repos/matomo-org/matomo/pulls/17363,2021-03-21T20:50:04Z,2021-03-21T16:13:10Z,4
pull,8126,b'closed',453,https://api.github.com/repos/matomo-org/developer-documentation/pulls/453,2021-03-17T00:32:19Z,2021-03-16T22:46:42Z,5
pull,17424,b'closed',68,https://api.github.com/repos/matomo-org/travis-scripts/pulls/68,2021-04-07T20:50:23Z,2021-04-07T15:09:24Z,2
pull,17424,b'closed',17432,https://api.github.com/repos/matomo-org/matomo/pulls/17432,2021-04-11T23:34:31Z,2021-04-07T15:12:02Z,5
pull,8127,b'closed',453,https://api.github.com/repos/matomo-org/developer-documentation/pulls/453,2021-03-17T00:32:19Z,2021-03-16T22:46:42Z,5
pull,17561,b'closed',17570,https://api.github.com/repos/matomo-org/matomo/pulls/17570,2021-05-17T02:20:12Z,2021-05-17T01:27:00Z,1
pull,17562,b'closed',17564,https://api.github.com/repos/matomo-org/matomo/pulls/17564,2021-05-16T21:43:57Z,2021-05-16T16:01:38Z,1
pull,17502,b'open',17554,https://api.github.com/repos/matomo-org/matomo/pulls/17554,,2021-05-13T00:42:19Z,1
pull,17497,b'closed',17536,https://api.github.com/repos/matomo-org/matomo/pulls/17536,2021-05-10T02:49:06Z,2021-05-09T23:01:13Z,1
pull,17488,b'closed',17508,https://api.github.com/repos/matomo-org/matomo/pulls/17508,2021-05-11T20:54:25Z,2021-04-29T08:51:32Z,2
pull,16842,b'closed',16845,https://api.github.com/repos/matomo-org/matomo/pulls/16845,2020-12-03T22:45:47Z,2020-12-01T07:29:27Z,10
pull,17173,b'closed',17521,https://api.github.com/repos/matomo-org/matomo/pulls/17521,2021-05-05T23:30:10Z,2021-05-04T22:22:30Z,3
pull,17420,b'closed',17421,https://api.github.com/repos/matomo-org/matomo/pulls/17421,2021-04-05T21:26:58Z,2021-04-03T10:06:31Z,3
pull,17327,b'closed',17337,https://api.github.com/repos/matomo-org/matomo/pulls/17337,2021-03-15T02:34:03Z,2021-03-11T21:28:08Z,5
pull,17476,b'closed',17477,https://api.github.com/repos/matomo-org/matomo/pulls/17477,2021-04-21T03:01:51Z,2021-04-20T22:15:37Z,1
pull,16939,b'open',66,https://api.github.com/repos/matomo-org/plugin-MarketingCampaignsReporting/pulls/66,,2021-04-06T03:09:51Z,3
pull,15021,b'closed',17456,https://api.github.com/repos/matomo-org/matomo/pulls/17456,2021-04-21T21:23:23Z,2021-04-14T03:49:43Z,40
pull,17301,b'closed',17408,https://api.github.com/repos/matomo-org/matomo/pulls/17408,2021-04-18T22:18:49Z,2021-03-30T02:32:26Z,15
pull,17301,b'closed',17475,https://api.github.com/repos/matomo-org/matomo/pulls/17475,2021-04-21T19:49:08Z,2021-04-20T02:56:37Z,8
pull,4481,b'closed',15030,https://api.github.com/repos/matomo-org/matomo/pulls/15030,2019-11-08T02:33:00Z,2019-10-21T09:44:46Z,45
pull,4481,b'closed',17467,https://api.github.com/repos/matomo-org/matomo/pulls/17467,2021-04-18T14:20:36Z,2021-04-16T15:13:02Z,4
pull,4481,b'closed',67,https://api.github.com/repos/matomo-org/plugin-MarketingCampaignsReporting/pulls/67,2021-04-18T14:21:17Z,2021-04-16T15:14:44Z,1
pull,14065,b'closed',17470,https://api.github.com/repos/matomo-org/matomo/pulls/17470,2021-04-18T23:41:17Z,2021-04-18T21:01:27Z,1
pull,17463,b'closed',17464,https://api.github.com/repos/matomo-org/matomo/pulls/17464,2021-04-16T00:04:35Z,2021-04-15T08:30:37Z,9
pull,16510,b'closed',17313,https://api.github.com/repos/matomo-org/matomo/pulls/17313,2021-03-14T22:22:18Z,2021-03-08T02:20:03Z,2
pull,17444,b'closed',17458,https://api.github.com/repos/matomo-org/matomo/pulls/17458,2021-04-14T15:25:46Z,2021-04-14T12:52:17Z,1
pull,17259,b'closed',17427,https://api.github.com/repos/matomo-org/matomo/pulls/17427,2021-04-14T05:02:41Z,2021-04-07T02:55:18Z,4
pull,17422,b'closed',17446,https://api.github.com/repos/matomo-org/matomo/pulls/17446,2021-04-12T20:27:19Z,2021-04-12T13:35:51Z,1
pull,13819,b'open',13832,https://api.github.com/repos/matomo-org/matomo/pulls/13832,2019-05-13T23:46:56Z,2018-12-12T06:46:43Z,12
pull,17162,b'closed',17348,https://api.github.com/repos/matomo-org/matomo/pulls/17348,2021-04-07T23:12:40Z,2021-03-16T04:23:08Z,13
pull,5056,b'closed',17426,https://api.github.com/repos/matomo-org/matomo/pulls/17426,2021-04-07T08:54:53Z,2021-04-06T12:56:12Z,2
pull,16790,b'closed',17380,https://api.github.com/repos/matomo-org/matomo/pulls/17380,2021-04-06T01:34:56Z,2021-03-23T04:28:48Z,10
pull,17407,b'closed',17409,https://api.github.com/repos/matomo-org/matomo/pulls/17409,2021-04-01T04:47:21Z,2021-03-30T07:59:57Z,1
pull,16787,b'closed',17367,https://api.github.com/repos/matomo-org/matomo/pulls/17367,2021-03-29T03:42:17Z,2021-03-22T01:18:36Z,12
pull,16787,b'closed',307,https://api.github.com/repos/matomo-org/tag-manager/pulls/307,2021-04-07T22:50:52Z,2021-03-22T01:21:03Z,1
pull,17378,b'closed',126,https://api.github.com/repos/matomo-org/matomo-package/pulls/126,2021-03-25T18:39:13Z,2021-03-25T13:44:52Z,1
pull,17374,b'closed',62,https://api.github.com/repos/matomo-org/plugin-MarketingCampaignsReporting/pulls/62,,2021-02-10T08:11:36Z,1
pull,17374,b'closed',17383,https://api.github.com/repos/matomo-org/matomo/pulls/17383,2021-03-23T15:02:10Z,2021-03-23T12:43:11Z,1
pull,17381,b'closed',17382,https://api.github.com/repos/matomo-org/matomo/pulls/17382,2021-06-04T17:14:41Z,2021-03-23T10:40:14Z,1
pull,17366,b'closed',17368,https://api.github.com/repos/matomo-org/matomo/pulls/17368,2021-03-23T04:16:35Z,2021-03-22T01:58:52Z,4
pull,15203,b'closed',17370,https://api.github.com/repos/matomo-org/matomo/pulls/17370,2021-03-22T09:31:58Z,2021-03-22T05:29:55Z,1
pull,7054,b'open',15508,https://api.github.com/repos/matomo-org/matomo/pulls/15508,2020-08-27T21:50:37Z,2020-02-03T21:13:32Z,1
pull,8125,b'closed',8101,https://api.github.com/repos/matomo-org/matomo/pulls/8101,2015-06-22T11:13:01Z,2015-06-12T23:05:10Z,243
pull,8125,b'closed',453,https://api.github.com/repos/matomo-org/developer-documentation/pulls/453,2021-03-17T00:32:19Z,2021-03-16T22:46:42Z,5
pull,16990,b'closed',17227,https://api.github.com/repos/matomo-org/matomo/pulls/17227,2021-02-23T02:37:37Z,2021-02-17T03:21:35Z,7
pull,17330,b'closed',17337,https://api.github.com/repos/matomo-org/matomo/pulls/17337,2021-03-15T02:34:03Z,2021-03-11T21:28:08Z,5
pull,17108,b'closed',17338,https://api.github.com/repos/matomo-org/matomo/pulls/17338,2021-03-15T00:39:33Z,2021-03-12T01:16:16Z,2
pull,17290,b'closed',17340,https://api.github.com/repos/matomo-org/matomo/pulls/17340,2021-03-13T02:10:00Z,2021-03-12T08:44:44Z,1
pull,17080,b'closed',17294,https://api.github.com/repos/matomo-org/matomo/pulls/17294,2021-03-11T08:11:44Z,2021-03-02T23:06:29Z,2
pull,17092,b'closed',17320,https://api.github.com/repos/matomo-org/matomo/pulls/17320,2021-03-11T08:02:33Z,2021-03-09T00:38:56Z,3
pull,11221,b'closed',15815,https://api.github.com/repos/matomo-org/matomo/pulls/15815,2020-04-15T20:22:26Z,2020-04-15T04:21:15Z,1
pull,17237,b'closed',17302,https://api.github.com/repos/matomo-org/matomo/pulls/17302,2021-03-09T20:38:34Z,2021-03-04T02:42:59Z,4
pull,17242,b'closed',17303,https://api.github.com/repos/matomo-org/matomo/pulls/17303,,2021-03-04T21:49:06Z,3
pull,16222,b'closed',17260,https://api.github.com/repos/matomo-org/matomo/pulls/17260,2021-03-07T04:58:27Z,2021-02-24T05:25:32Z,1
pull,17267,b'closed',17268,https://api.github.com/repos/matomo-org/matomo/pulls/17268,2021-03-02T05:25:37Z,2021-02-25T06:45:22Z,4
pull,17267,b'closed',17275,https://api.github.com/repos/matomo-org/matomo/pulls/17275,,2021-02-25T20:21:17Z,4
pull,16637,b'closed',17255,https://api.github.com/repos/matomo-org/matomo/pulls/17255,2021-03-02T05:19:00Z,2021-02-23T20:48:15Z,1
pull,7066,b'closed',9887,https://api.github.com/repos/matomo-org/matomo/pulls/9887,2016-03-08T00:17:00Z,2016-03-07T22:05:09Z,3
pull,12636,b'closed',10866,https://api.github.com/repos/matomo-org/matomo/pulls/10866,2018-04-02T01:36:58Z,2016-11-14T17:08:44Z,8
pull,17270,b'closed',17271,https://api.github.com/repos/matomo-org/matomo/pulls/17271,2021-02-25T16:54:11Z,2021-02-25T10:07:05Z,1
pull,16949,b'closed',16958,https://api.github.com/repos/matomo-org/matomo/pulls/16958,2020-12-16T00:45:17Z,2020-12-15T09:49:29Z,1
pull,17079,b'closed',17082,https://api.github.com/repos/matomo-org/matomo/pulls/17082,2021-01-22T05:13:31Z,2021-01-13T07:42:21Z,40
pull,17102,b'closed',17130,https://api.github.com/repos/matomo-org/matomo/pulls/17130,2021-01-26T04:16:45Z,2021-01-21T15:16:59Z,4
pull,17096,b'closed',17105,https://api.github.com/repos/matomo-org/matomo/pulls/17105,2021-01-18T00:58:33Z,2021-01-17T20:00:54Z,1
pull,13690,b'closed',17115,https://api.github.com/repos/matomo-org/matomo/pulls/17115,2021-01-19T04:27:47Z,2021-01-18T22:55:07Z,1
pull,15220,b'open',13923,https://api.github.com/repos/matomo-org/matomo/pulls/13923,2019-02-18T14:02:30Z,2018-12-30T23:02:02Z,28
pull,15220,b'open',15624,https://api.github.com/repos/matomo-org/matomo/pulls/15624,,2020-02-26T09:29:17Z,7
pull,13533,b'open',14110,https://api.github.com/repos/matomo-org/matomo/pulls/14110,,2019-02-18T00:34:29Z,9
pull,13533,b'open',14136,https://api.github.com/repos/matomo-org/matomo/pulls/14136,2019-03-07T22:42:04Z,2019-02-26T00:57:15Z,6
pull,13533,b'open',14476,https://api.github.com/repos/matomo-org/matomo/pulls/14476,2019-07-14T20:06:05Z,2019-05-24T07:21:45Z,4
pull,15191,b'open',15374,https://api.github.com/repos/matomo-org/matomo/pulls/15374,,2020-01-10T07:55:00Z,26
pull,17223,b'closed',17224,https://api.github.com/repos/matomo-org/matomo/pulls/17224,2021-02-16T16:43:43Z,2021-02-16T14:30:05Z,1
pull,17212,b'closed',17222,https://api.github.com/repos/matomo-org/matomo/pulls/17222,2021-02-15T23:03:40Z,2021-02-15T08:56:46Z,1
pull,17181,b'closed',17213,https://api.github.com/repos/matomo-org/matomo/pulls/17213,2021-02-11T22:43:41Z,2021-02-11T21:04:22Z,1
pull,13716,b'closed',14095,https://api.github.com/repos/matomo-org/matomo/pulls/14095,,2019-02-13T04:20:25Z,6306
pull,10881,b'closed',17206,https://api.github.com/repos/matomo-org/matomo/pulls/17206,2021-02-09T00:49:08Z,2021-02-08T13:00:50Z,1
pull,14104,b'open',17203,https://api.github.com/repos/matomo-org/matomo/pulls/17203,,2021-02-08T00:01:06Z,12
pull,15625,b'closed',15633,https://api.github.com/repos/matomo-org/matomo/pulls/15633,2020-03-02T09:45:55Z,2020-02-28T09:14:48Z,2
pull,13800,b'closed',13894,https://api.github.com/repos/matomo-org/matomo/pulls/13894,2018-12-22T02:40:31Z,2018-12-21T01:36:45Z,1
pull,17171,b'closed',17172,https://api.github.com/repos/matomo-org/matomo/pulls/17172,2021-02-01T07:03:03Z,2021-01-31T10:41:29Z,1
pull,16546,b'closed',16549,https://api.github.com/repos/matomo-org/matomo/pulls/16549,2020-10-08T19:25:49Z,2020-10-08T07:52:35Z,1
pull,17077,b'closed',17084,https://api.github.com/repos/matomo-org/matomo/pulls/17084,2021-01-27T22:52:15Z,2021-01-13T14:23:57Z,1
pull,17095,b'closed',17144,https://api.github.com/repos/matomo-org/matomo/pulls/17144,2021-01-27T23:09:47Z,2021-01-25T16:02:35Z,2
pull,17136,b'closed',17139,https://api.github.com/repos/matomo-org/matomo/pulls/17139,2021-01-26T18:30:35Z,2021-01-24T23:35:06Z,4
pull,17099,b'closed',17143,https://api.github.com/repos/matomo-org/matomo/pulls/17143,2021-01-26T04:22:40Z,2021-01-25T13:10:36Z,1
pull,10789,b'open',10812,https://api.github.com/repos/matomo-org/matomo/pulls/10812,,2016-10-31T04:40:12Z,2
pull,17098,b'closed',17132,https://api.github.com/repos/matomo-org/matomo/pulls/17132,2021-01-22T03:24:56Z,2021-01-21T19:43:18Z,3
pull,16789,b'closed',16972,https://api.github.com/repos/matomo-org/matomo/pulls/16972,2021-01-19T22:38:36Z,2020-12-17T17:03:00Z,9
pull,16918,b'closed',16920,https://api.github.com/repos/matomo-org/matomo/pulls/16920,2021-01-19T03:42:17Z,2020-12-09T10:47:05Z,10
pull,14662,b'closed',14901,https://api.github.com/repos/matomo-org/matomo/pulls/14901,2019-09-19T20:18:57Z,2019-09-19T12:56:38Z,1
pull,14662,b'closed',14907,https://api.github.com/repos/matomo-org/matomo/pulls/14907,,2019-09-24T10:55:51Z,1
pull,14662,b'closed',14908,https://api.github.com/repos/matomo-org/matomo/pulls/14908,2019-09-26T23:03:33Z,2019-09-24T11:06:50Z,1
pull,16931,b'closed',296,https://api.github.com/repos/matomo-org/matomo-log-analytics/pulls/296,2020-12-23T09:45:43Z,2020-12-21T00:42:47Z,1
pull,14186,b'closed',16766,https://api.github.com/repos/matomo-org/matomo/pulls/16766,2021-01-01T05:13:20Z,2020-11-22T08:36:57Z,11
pull,14149,b'closed',16638,https://api.github.com/repos/matomo-org/matomo/pulls/16638,2021-01-14T11:22:58Z,2020-10-31T01:46:23Z,1
pull,17074,b'closed',17081,https://api.github.com/repos/matomo-org/matomo/pulls/17081,2021-01-13T08:04:22Z,2021-01-13T04:22:05Z,3
pull,16793,b'closed',17073,https://api.github.com/repos/matomo-org/matomo/pulls/17073,2021-01-12T11:13:41Z,2021-01-11T13:37:15Z,46
pull,17026,b'closed',17072,https://api.github.com/repos/matomo-org/matomo/pulls/17072,2021-01-12T02:08:45Z,2021-01-11T10:10:16Z,4
pull,16938,b'closed',124,https://api.github.com/repos/matomo-org/matomo-package/pulls/124,2021-01-04T10:06:44Z,2020-12-23T09:23:43Z,1
pull,16938,b'closed',17059,https://api.github.com/repos/matomo-org/matomo/pulls/17059,2021-01-08T04:17:55Z,2021-01-07T12:45:33Z,1
pull,17052,b'closed',17058,https://api.github.com/repos/matomo-org/matomo/pulls/17058,2021-01-08T04:38:07Z,2021-01-07T10:30:29Z,1
pull,16394,b'closed',17060,https://api.github.com/repos/matomo-org/matomo/pulls/17060,2021-01-08T04:16:33Z,2021-01-07T13:46:35Z,4
pull,16371,b'closed',17040,https://api.github.com/repos/matomo-org/matomo/pulls/17040,2021-01-05T01:21:49Z,2021-01-04T14:23:39Z,2
pull,17015,b'closed',17039,https://api.github.com/repos/matomo-org/matomo/pulls/17039,2021-01-05T01:08:04Z,2021-01-04T13:04:33Z,3
pull,16792,b'closed',16878,https://api.github.com/repos/matomo-org/matomo/pulls/16878,2021-01-05T00:41:52Z,2020-12-03T15:51:14Z,65
pull,6433,b'open',14,https://api.github.com/repos/ThaDafinser/Piwik-IntranetGeoIP/pulls/14,,2015-07-13T11:22:58Z,2
pull,16927,b'closed',16934,https://api.github.com/repos/matomo-org/matomo/pulls/16934,2020-12-21T19:34:40Z,2020-12-10T15:17:06Z,3
pull,17003,b'closed',17006,https://api.github.com/repos/matomo-org/matomo/pulls/17006,2021-01-01T05:04:06Z,2020-12-23T09:10:32Z,1
pull,15238,b'closed',16784,https://api.github.com/repos/matomo-org/matomo/pulls/16784,2021-01-01T04:09:36Z,2020-11-24T17:06:55Z,1
pull,15241,b'closed',16971,https://api.github.com/repos/matomo-org/matomo/pulls/16971,2020-12-31T07:22:17Z,2020-12-17T11:33:57Z,5
pull,16742,b'closed',16747,https://api.github.com/repos/matomo-org/matomo/pulls/16747,2020-12-31T02:49:16Z,2020-11-18T20:22:46Z,3
pull,16742,b'closed',75,https://api.github.com/repos/matomo-org/searchengine-and-social-list/pulls/75,,2020-11-19T10:16:59Z,2
pull,16965,b'closed',16966,https://api.github.com/repos/matomo-org/matomo/pulls/16966,2020-12-31T02:34:33Z,2020-12-16T10:58:12Z,8
pull,11806,b'closed',13198,https://api.github.com/repos/matomo-org/matomo/pulls/13198,2018-08-01T22:51:19Z,2018-07-23T20:06:23Z,1
pull,11806,b'closed',16977,https://api.github.com/repos/matomo-org/matomo/pulls/16977,2020-12-23T23:03:10Z,2020-12-18T17:51:48Z,3
pull,16884,b'closed',13,https://api.github.com/repos/rocramer/nova-matomo-analytics/pulls/13,2021-04-21T11:07:21Z,2021-04-21T09:34:00Z,11
pull,16935,b'closed',1551,https://api.github.com/repos/miraheze/puppet/pulls/1551,2020-12-10T22:49:44Z,2020-12-10T22:48:18Z,1
pull,16973,b'closed',16974,https://api.github.com/repos/matomo-org/matomo/pulls/16974,2020-12-17T23:43:28Z,2020-12-17T22:55:38Z,1
pull,14390,b'closed',16760,https://api.github.com/repos/matomo-org/matomo/pulls/16760,2020-12-15T09:14:17Z,2020-11-20T06:32:43Z,5
pull,16984,b'closed',16987,https://api.github.com/repos/matomo-org/matomo/pulls/16987,2020-12-20T23:48:32Z,2020-12-20T19:41:42Z,1
pull,16978,b'closed',16968,https://api.github.com/repos/matomo-org/matomo/pulls/16968,2020-12-17T23:43:13Z,2020-12-17T05:15:49Z,2
pull,16978,b'closed',16988,https://api.github.com/repos/matomo-org/matomo/pulls/16988,2020-12-21T00:04:27Z,2020-12-20T23:30:09Z,2
pull,16879,b'closed',16883,https://api.github.com/repos/matomo-org/matomo/pulls/16883,2020-12-10T02:02:28Z,2020-12-04T09:22:07Z,1
pull,16801,b'closed',16808,https://api.github.com/repos/matomo-org/matomo/pulls/16808,2020-12-10T02:22:03Z,2020-11-26T09:02:28Z,4
pull,16712,b'closed',16718,https://api.github.com/repos/matomo-org/matomo/pulls/16718,2020-11-15T23:29:10Z,2020-11-15T22:07:42Z,6
pull,16712,b'closed',7,https://api.github.com/repos/matomo-org/plugin-Provider/pulls/7,2020-12-14T02:07:42Z,2020-11-19T15:07:25Z,1
pull,16712,b'closed',16756,https://api.github.com/repos/matomo-org/matomo/pulls/16756,2020-12-14T02:40:54Z,2020-11-19T15:11:12Z,3
pull,16983,b'closed',16986,https://api.github.com/repos/matomo-org/matomo/pulls/16986,2020-12-20T23:51:31Z,2020-12-20T19:35:50Z,1
pull,16953,b'closed',16970,https://api.github.com/repos/matomo-org/matomo/pulls/16970,2020-12-17T19:09:17Z,2020-12-17T10:25:44Z,1
pull,16924,b'closed',16925,https://api.github.com/repos/matomo-org/matomo/pulls/16925,2020-12-16T01:42:57Z,2020-12-09T13:02:37Z,2
pull,16937,b'closed',16957,https://api.github.com/repos/matomo-org/matomo/pulls/16957,2020-12-15T22:00:09Z,2020-12-15T02:20:14Z,1
pull,14968,b'closed',16783,https://api.github.com/repos/matomo-org/matomo/pulls/16783,2020-12-15T00:57:38Z,2020-11-24T16:04:22Z,8
pull,16427,b'closed',16780,https://api.github.com/repos/matomo-org/matomo/pulls/16780,2020-12-14T23:20:27Z,2020-11-24T13:21:04Z,7
pull,16233,b'closed',16782,https://api.github.com/repos/matomo-org/matomo/pulls/16782,2020-12-13T19:57:21Z,2020-11-24T14:31:52Z,4
pull,16912,b'closed',16913,https://api.github.com/repos/matomo-org/matomo/pulls/16913,2020-12-08T20:22:36Z,2020-12-08T19:43:14Z,1
pull,16082,b'closed',16813,https://api.github.com/repos/matomo-org/matomo/pulls/16813,2020-12-10T02:20:32Z,2020-11-26T13:22:26Z,6
pull,16857,b'closed',16858,https://api.github.com/repos/matomo-org/matomo/pulls/16858,2020-12-02T03:31:10Z,2020-12-02T02:35:07Z,2
pull,15850,b'closed',16846,https://api.github.com/repos/matomo-org/matomo/pulls/16846,2020-12-10T02:03:41Z,2020-12-01T11:19:58Z,2
pull,16919,b'closed',16921,https://api.github.com/repos/matomo-org/matomo/pulls/16921,2020-12-10T01:34:01Z,2020-12-09T10:57:48Z,1
pull,16892,b'closed',16896,https://api.github.com/repos/matomo-org/matomo/pulls/16896,2020-12-08T02:04:05Z,2020-12-07T02:07:54Z,3
pull,16867,b'closed',16875,https://api.github.com/repos/matomo-org/matomo/pulls/16875,2020-12-03T22:02:03Z,2020-12-03T12:41:25Z,5
pull,16867,b'closed',16903,https://api.github.com/repos/matomo-org/matomo/pulls/16903,2020-12-07T22:04:38Z,2020-12-07T14:28:08Z,1
pull,16889,b'closed',16900,https://api.github.com/repos/matomo-org/matomo/pulls/16900,2020-12-07T15:21:21Z,2020-12-07T10:31:41Z,21
pull,9601,b'closed',9614,https://api.github.com/repos/matomo-org/matomo/pulls/9614,,2016-01-21T21:59:19Z,4
pull,16885,b'closed',16893,https://api.github.com/repos/matomo-org/matomo/pulls/16893,2020-12-06T23:31:40Z,2020-12-06T21:03:02Z,1
pull,16862,b'closed',16872,https://api.github.com/repos/matomo-org/matomo/pulls/16872,2020-12-03T00:32:00Z,2020-12-02T23:59:33Z,1
pull,16869,b'closed',16871,https://api.github.com/repos/matomo-org/matomo/pulls/16871,2020-12-03T00:01:58Z,2020-12-02T23:33:10Z,1
pull,16853,b'closed',16860,https://api.github.com/repos/matomo-org/matomo/pulls/16860,2020-12-02T03:55:53Z,2020-12-02T02:48:56Z,6
pull,13878,b'closed',1,https://api.github.com/repos/DevVault/matomo/pulls/1,,2022-04-22T18:05:33Z,1
pull,16810,b'closed',16835,https://api.github.com/repos/matomo-org/matomo/pulls/16835,2020-11-29T22:14:35Z,2020-11-29T21:39:35Z,1
pull,16775,b'closed',16777,https://api.github.com/repos/matomo-org/matomo/pulls/16777,2020-11-30T03:23:55Z,2020-11-24T02:45:52Z,7
pull,16828,b'closed',16838,https://api.github.com/repos/matomo-org/matomo/pulls/16838,2020-11-30T02:53:04Z,2020-11-30T02:22:58Z,4
pull,16824,b'closed',16829,https://api.github.com/repos/matomo-org/matomo/pulls/16829,2020-11-27T18:44:17Z,2020-11-27T11:08:25Z,1
pull,16811,b'closed',16826,https://api.github.com/repos/matomo-org/matomo/pulls/16826,2020-11-27T18:51:44Z,2020-11-27T08:42:22Z,1
pull,14601,b'closed',16649,https://api.github.com/repos/matomo-org/matomo/pulls/16649,2020-11-02T19:06:06Z,2020-11-02T14:33:53Z,1
pull,14601,b'closed',16819,https://api.github.com/repos/matomo-org/matomo/pulls/16819,,2020-11-27T00:14:48Z,0
pull,14601,b'closed',16821,https://api.github.com/repos/matomo-org/matomo/pulls/16821,2020-11-27T00:18:15Z,2020-11-27T00:17:21Z,6500
pull,16798,b'closed',16814,https://api.github.com/repos/matomo-org/matomo/pulls/16814,2020-11-26T21:26:58Z,2020-11-26T14:51:22Z,1
pull,16804,b'closed',16807,https://api.github.com/repos/matomo-org/matomo/pulls/16807,2020-11-26T04:00:53Z,2020-11-26T02:18:32Z,2
pull,16788,b'closed',16796,https://api.github.com/repos/matomo-org/matomo/pulls/16796,2020-11-26T06:26:56Z,2020-11-25T04:55:17Z,4
pull,16786,b'closed',16799,https://api.github.com/repos/matomo-org/matomo/pulls/16799,2020-11-26T02:05:46Z,2020-11-25T20:29:44Z,4
pull,16778,b'closed',16779,https://api.github.com/repos/matomo-org/matomo/pulls/16779,2020-11-25T19:38:11Z,2020-11-24T11:12:23Z,10
pull,16741,b'closed',16744,https://api.github.com/repos/matomo-org/matomo/pulls/16744,2020-11-19T03:31:49Z,2020-11-18T19:49:12Z,1
pull,16396,b'closed',16683,https://api.github.com/repos/matomo-org/matomo/pulls/16683,2020-11-10T19:35:08Z,2020-11-09T04:21:44Z,5
pull,16396,b'closed',16702,https://api.github.com/repos/matomo-org/matomo/pulls/16702,2020-11-13T06:31:57Z,2020-11-11T06:48:09Z,5
pull,16689,b'closed',16690,https://api.github.com/repos/matomo-org/matomo/pulls/16690,2020-11-10T21:13:30Z,2020-11-10T19:52:28Z,2
pull,16689,b'closed',16701,https://api.github.com/repos/matomo-org/matomo/pulls/16701,2020-11-12T03:20:08Z,2020-11-11T02:17:39Z,6
pull,16580,b'closed',16581,https://api.github.com/repos/matomo-org/matomo/pulls/16581,2020-10-19T19:44:42Z,2020-10-16T12:14:37Z,3
pull,16501,b'closed',16502,https://api.github.com/repos/matomo-org/matomo/pulls/16502,2020-10-01T06:44:56Z,2020-10-01T05:24:30Z,2
pull,16370,b'closed',16593,https://api.github.com/repos/matomo-org/matomo/pulls/16593,2020-10-20T01:55:39Z,2020-10-20T00:53:28Z,1
pull,16369,b'closed',16496,https://api.github.com/repos/matomo-org/matomo/pulls/16496,2020-09-30T19:17:28Z,2020-09-30T07:55:20Z,1
pull,16349,b'closed',16601,https://api.github.com/repos/matomo-org/matomo/pulls/16601,2020-10-21T19:05:52Z,2020-10-21T15:48:36Z,1
pull,16612,b'closed',16615,https://api.github.com/repos/matomo-org/matomo/pulls/16615,2020-10-27T11:11:52Z,2020-10-27T03:00:58Z,3
pull,16557,b'closed',16558,https://api.github.com/repos/matomo-org/matomo/pulls/16558,2020-10-16T03:11:13Z,2020-10-11T19:12:28Z,1
pull,16707,b'closed',16721,https://api.github.com/repos/matomo-org/matomo/pulls/16721,2020-11-16T19:31:11Z,2020-11-16T09:52:11Z,2
pull,14791,b'closed',16498,https://api.github.com/repos/matomo-org/matomo/pulls/16498,2020-09-30T23:13:02Z,2020-09-30T19:06:34Z,4
pull,16757,b'closed',394,https://api.github.com/repos/matomo-org/developer-documentation/pulls/394,,2020-11-05T14:13:08Z,1
pull,16749,b'closed',16753,https://api.github.com/repos/matomo-org/matomo/pulls/16753,2020-11-19T08:21:31Z,2020-11-19T04:35:09Z,2
pull,16750,b'closed',16752,https://api.github.com/repos/matomo-org/matomo/pulls/16752,2020-11-19T08:20:29Z,2020-11-19T02:45:35Z,2
pull,16517,b'closed',118,https://api.github.com/repos/matomo-org/matomo-package/pulls/118,2020-10-15T21:37:01Z,2020-10-09T14:23:14Z,1
pull,16517,b'closed',16734,https://api.github.com/repos/matomo-org/matomo/pulls/16734,2020-11-18T01:42:45Z,2020-11-17T21:23:57Z,5
pull,16161,b'closed',16504,https://api.github.com/repos/matomo-org/matomo/pulls/16504,,2020-10-01T07:52:07Z,4
pull,16161,b'closed',16733,https://api.github.com/repos/matomo-org/matomo/pulls/16733,2020-11-17T20:48:06Z,2020-11-17T20:25:27Z,5
pull,16618,b'closed',16713,https://api.github.com/repos/matomo-org/matomo/pulls/16713,2020-11-17T19:39:53Z,2020-11-13T09:50:05Z,1
pull,16726,b'closed',16730,https://api.github.com/repos/matomo-org/matomo/pulls/16730,2020-11-17T19:37:32Z,2020-11-17T10:48:22Z,3
pull,9839,b'open',9988,https://api.github.com/repos/matomo-org/matomo/pulls/9988,,2016-03-31T13:04:42Z,2
pull,6559,b'closed',10740,https://api.github.com/repos/matomo-org/matomo/pulls/10740,2016-11-30T23:43:47Z,2016-10-14T18:52:38Z,32
pull,16682,b'closed',16688,https://api.github.com/repos/matomo-org/matomo/pulls/16688,2020-11-10T19:14:24Z,2020-11-10T16:12:55Z,6
pull,16669,b'closed',16673,https://api.github.com/repos/matomo-org/matomo/pulls/16673,2020-11-10T16:14:56Z,2020-11-05T14:34:01Z,89
pull,15435,b'closed',16609,https://api.github.com/repos/matomo-org/matomo/pulls/16609,,2020-10-26T21:20:34Z,69
pull,16674,b'closed',16675,https://api.github.com/repos/matomo-org/matomo/pulls/16675,2020-11-09T00:06:32Z,2020-11-06T07:59:24Z,10
pull,16327,b'open',16330,https://api.github.com/repos/matomo-org/matomo/pulls/16330,,2020-08-20T20:29:49Z,2
pull,16657,b'closed',16660,https://api.github.com/repos/matomo-org/matomo/pulls/16660,2020-11-04T20:52:53Z,2020-11-03T19:01:53Z,3
pull,6210,b'closed',10704,https://api.github.com/repos/matomo-org/matomo/pulls/10704,,2016-10-06T12:34:11Z,1
pull,16596,b'closed',392,https://api.github.com/repos/matomo-org/developer-documentation/pulls/392,2020-11-03T19:22:56Z,2020-11-02T19:34:06Z,1
pull,16623,b'closed',16655,https://api.github.com/repos/matomo-org/matomo/pulls/16655,2020-11-02T21:43:58Z,2020-11-02T20:36:03Z,14
pull,16646,b'open',17998,https://api.github.com/repos/matomo-org/matomo/pulls/17998,2021-09-29T14:41:26Z,2021-09-15T02:04:16Z,27
pull,12519,b'closed',15253,https://api.github.com/repos/matomo-org/matomo/pulls/15253,2020-01-27T21:20:44Z,2019-12-09T15:07:51Z,98
pull,12519,b'closed',16205,https://api.github.com/repos/matomo-org/matomo/pulls/16205,2020-09-28T06:09:27Z,2020-07-13T15:38:13Z,1
pull,16259,b'closed',16561,https://api.github.com/repos/matomo-org/matomo/pulls/16561,2020-10-19T17:15:00Z,2020-10-12T15:01:17Z,43
pull,16259,b'closed',16598,https://api.github.com/repos/matomo-org/matomo/pulls/16598,2020-10-28T20:46:36Z,2020-10-20T15:13:30Z,24
pull,16521,b'closed',16591,https://api.github.com/repos/matomo-org/matomo/pulls/16591,2020-10-29T19:23:19Z,2020-10-19T09:09:20Z,26
pull,16619,b'closed',16626,https://api.github.com/repos/matomo-org/matomo/pulls/16626,2020-10-29T02:14:47Z,2020-10-29T02:12:58Z,1
pull,16554,b'closed',16595,https://api.github.com/repos/matomo-org/matomo/pulls/16595,2020-10-28T23:37:26Z,2020-10-20T03:24:53Z,12
pull,16200,b'closed',16172,https://api.github.com/repos/matomo-org/matomo/pulls/16172,2020-07-09T22:41:20Z,2020-07-02T15:52:13Z,15
pull,16200,b'closed',16512,https://api.github.com/repos/matomo-org/matomo/pulls/16512,2020-10-28T21:44:01Z,2020-10-02T08:41:32Z,1
pull,16611,b'closed',16622,https://api.github.com/repos/matomo-org/matomo/pulls/16622,2020-10-28T21:42:02Z,2020-10-28T16:53:47Z,6
pull,16594,b'closed',16610,https://api.github.com/repos/matomo-org/matomo/pulls/16610,2020-10-28T20:48:35Z,2020-10-26T23:45:24Z,2
pull,16258,b'closed',16592,https://api.github.com/repos/matomo-org/matomo/pulls/16592,2020-10-27T15:19:46Z,2020-10-19T11:53:36Z,18
pull,9539,b'open',9617,https://api.github.com/repos/matomo-org/matomo/pulls/9617,2016-01-22T11:32:31Z,2016-01-22T02:16:23Z,13
pull,16587,b'closed',16590,https://api.github.com/repos/matomo-org/matomo/pulls/16590,2020-10-19T19:32:14Z,2020-10-19T07:45:13Z,1
pull,16569,b'closed',16570,https://api.github.com/repos/matomo-org/matomo/pulls/16570,2020-10-18T22:48:41Z,2020-10-13T22:20:53Z,10
pull,16572,b'closed',16579,https://api.github.com/repos/matomo-org/matomo/pulls/16579,2020-10-18T20:32:02Z,2020-10-16T07:11:18Z,4
pull,16530,b'closed',16536,https://api.github.com/repos/matomo-org/matomo/pulls/16536,,2020-10-06T15:29:54Z,1
pull,16530,b'closed',16577,https://api.github.com/repos/matomo-org/matomo/pulls/16577,2020-10-16T03:15:50Z,2020-10-15T15:48:46Z,1
pull,16436,b'closed',16492,https://api.github.com/repos/matomo-org/matomo/pulls/16492,2020-10-15T07:31:40Z,2020-09-29T09:54:09Z,118
pull,16560,b'closed',16566,https://api.github.com/repos/matomo-org/matomo/pulls/16566,2020-10-14T19:08:47Z,2020-10-13T07:18:37Z,9
pull,16183,b'closed',16312,https://api.github.com/repos/matomo-org/matomo/pulls/16312,2020-08-17T19:51:02Z,2020-08-17T14:39:02Z,1
pull,16183,b'closed',16550,https://api.github.com/repos/matomo-org/matomo/pulls/16550,2020-10-08T19:17:01Z,2020-10-08T09:12:29Z,1
pull,16552,b'open',17873,https://api.github.com/repos/matomo-org/matomo/pulls/17873,2021-08-10T23:40:24Z,2021-08-10T21:10:38Z,1
pull,16552,b'open',17879,https://api.github.com/repos/matomo-org/matomo/pulls/17879,2021-09-03T09:41:12Z,2021-08-12T04:09:29Z,3
pull,16552,b'open',18577,https://api.github.com/repos/matomo-org/matomo/pulls/18577,2022-01-11T00:07:47Z,2022-01-06T03:31:18Z,1
pull,16515,b'closed',16534,https://api.github.com/repos/matomo-org/matomo/pulls/16534,2020-10-06T10:18:40Z,2020-10-06T10:17:37Z,1
pull,16515,b'closed',60,https://api.github.com/repos/matomo-org/plugin-VisitorGenerator/pulls/60,2020-10-06T19:58:18Z,2020-10-06T12:47:37Z,1
pull,16522,b'closed',16533,https://api.github.com/repos/matomo-org/matomo/pulls/16533,2020-10-06T18:52:02Z,2020-10-06T09:03:47Z,1
pull,16522,b'closed',16537,https://api.github.com/repos/matomo-org/matomo/pulls/16537,2020-10-06T20:58:54Z,2020-10-06T18:54:22Z,1
pull,16526,b'closed',16527,https://api.github.com/repos/matomo-org/matomo/pulls/16527,2020-10-06T18:44:06Z,2020-10-05T18:54:37Z,1
pull,16377,b'closed',16506,https://api.github.com/repos/matomo-org/matomo/pulls/16506,2020-10-05T18:59:21Z,2020-10-01T14:54:57Z,4
pull,16505,b'closed',16509,https://api.github.com/repos/matomo-org/matomo/pulls/16509,2020-10-02T07:12:06Z,2020-10-01T22:08:47Z,1
pull,15426,b'closed',15905,https://api.github.com/repos/matomo-org/matomo/pulls/15905,2020-05-07T20:27:08Z,2020-05-04T07:53:20Z,13
pull,15426,b'closed',16376,https://api.github.com/repos/matomo-org/matomo/pulls/16376,2020-10-01T20:13:35Z,2020-09-03T20:10:39Z,20
pull,16499,b'closed',16503,https://api.github.com/repos/matomo-org/matomo/pulls/16503,2020-10-01T19:32:34Z,2020-10-01T07:42:56Z,3
pull,16462,b'closed',16465,https://api.github.com/repos/matomo-org/matomo/pulls/16465,2020-10-01T00:18:11Z,2020-09-23T21:09:54Z,2
pull,16410,b'closed',16493,https://api.github.com/repos/matomo-org/matomo/pulls/16493,2020-09-30T19:19:46Z,2020-09-29T10:58:42Z,2
pull,16464,b'closed',16469,https://api.github.com/repos/matomo-org/matomo/pulls/16469,2020-09-30T19:12:08Z,2020-09-24T19:44:08Z,5
pull,16433,b'closed',16494,https://api.github.com/repos/matomo-org/matomo/pulls/16494,2020-09-29T21:05:51Z,2020-09-29T11:37:16Z,3
pull,15274,b'closed',16480,https://api.github.com/repos/matomo-org/matomo/pulls/16480,2020-09-29T07:35:55Z,2020-09-28T05:00:18Z,2
pull,16155,b'closed',16475,https://api.github.com/repos/matomo-org/matomo/pulls/16475,2020-09-26T04:32:29Z,2020-09-26T02:05:15Z,4
pull,16155,b'closed',16473,https://api.github.com/repos/matomo-org/matomo/pulls/16473,2020-09-25T02:58:57Z,2020-09-25T02:14:32Z,1
pull,16291,b'closed',367,https://api.github.com/repos/matomo-org/developer-documentation/pulls/367,,2020-08-13T23:55:00Z,1
pull,16291,b'closed',369,https://api.github.com/repos/matomo-org/developer-documentation/pulls/369,2020-08-14T20:09:45Z,2020-08-14T08:46:38Z,1
pull,16261,b'closed',366,https://api.github.com/repos/matomo-org/developer-documentation/pulls/366,2020-08-08T08:15:57Z,2020-08-06T15:53:20Z,2
pull,15729,b'closed',259,https://api.github.com/repos/matomo-org/matomo-log-analytics/pulls/259,2020-03-24T20:49:47Z,2020-03-24T19:47:14Z,2
pull,15729,b'closed',15730,https://api.github.com/repos/matomo-org/matomo/pulls/15730,2020-04-08T10:30:17Z,2020-03-24T20:20:51Z,90
pull,15729,b'closed',51,https://api.github.com/repos/matomo-org/plugin-AnonymousPiwikUsageMeasurement/pulls/51,2020-03-24T20:50:22Z,2020-03-24T20:32:00Z,2
pull,15729,b'closed',150,https://api.github.com/repos/matomo-org/plugin-CustomDimensions/pulls/150,2020-03-24T20:45:56Z,2020-03-24T20:33:12Z,2
pull,15729,b'closed',20,https://api.github.com/repos/matomo-org/plugin-LogViewer/pulls/20,2020-03-24T20:47:33Z,2020-03-24T20:38:22Z,2
pull,15729,b'closed',127,https://api.github.com/repos/matomo-org/plugin-QueuedTracking/pulls/127,2020-03-24T20:48:43Z,2020-03-24T20:40:38Z,2
pull,15729,b'closed',233,https://api.github.com/repos/matomo-org/tag-manager/pulls/233,2020-04-28T14:08:24Z,2020-03-24T20:42:32Z,6
pull,15612,b'closed',334,https://api.github.com/repos/matomo-org/developer-documentation/pulls/334,2020-02-23T20:25:22Z,2020-02-23T20:12:39Z,1
pull,15612,b'closed',382,https://api.github.com/repos/matomo-org/developer-documentation/pulls/382,2020-09-09T05:01:00Z,2020-09-09T03:50:57Z,1
pull,15612,b'closed',383,https://api.github.com/repos/matomo-org/developer-documentation/pulls/383,2020-09-09T05:00:48Z,2020-09-09T03:53:21Z,1
pull,15194,b'closed',15583,https://api.github.com/repos/matomo-org/matomo/pulls/15583,2020-02-17T22:33:57Z,2020-02-17T13:06:42Z,2
pull,15132,b'closed',15139,https://api.github.com/repos/matomo-org/matomo/pulls/15139,2020-01-22T08:14:37Z,2019-11-10T14:38:05Z,6
pull,13042,b'closed',16174,https://api.github.com/repos/matomo-org/matomo/pulls/16174,2020-07-05T20:30:25Z,2020-07-03T02:29:11Z,1
pull,13471,b'closed',13675,https://api.github.com/repos/matomo-org/matomo/pulls/13675,2018-11-25T13:33:09Z,2018-11-06T23:38:04Z,4
pull,13471,b'closed',15888,https://api.github.com/repos/matomo-org/matomo/pulls/15888,2020-05-06T21:10:01Z,2020-04-30T09:28:40Z,4
pull,15923,b'closed',15951,https://api.github.com/repos/matomo-org/matomo/pulls/15951,2020-05-14T20:09:19Z,2020-05-14T00:17:29Z,2
pull,15527,b'closed',15570,https://api.github.com/repos/matomo-org/matomo/pulls/15570,2020-02-18T09:44:08Z,2020-02-14T01:43:04Z,2
pull,15681,b'closed',15683,https://api.github.com/repos/matomo-org/matomo/pulls/15683,2020-03-09T13:54:16Z,2020-03-07T03:01:27Z,4
pull,14978,b'closed',14980,https://api.github.com/repos/matomo-org/matomo/pulls/14980,2019-10-10T02:35:18Z,2019-10-09T19:44:19Z,4
pull,14978,b'closed',15814,https://api.github.com/repos/matomo-org/matomo/pulls/15814,2020-04-15T07:06:45Z,2020-04-15T02:38:33Z,4
pull,14934,b'closed',15408,https://api.github.com/repos/matomo-org/matomo/pulls/15408,2020-02-24T21:02:18Z,2020-01-16T23:56:19Z,2
pull,14934,b'closed',15994,https://api.github.com/repos/matomo-org/matomo/pulls/15994,2020-06-02T20:15:48Z,2020-05-27T02:49:39Z,8
pull,13582,b'closed',15251,https://api.github.com/repos/matomo-org/matomo/pulls/15251,2020-01-16T00:23:09Z,2019-12-09T12:41:16Z,4
pull,13417,b'closed',15566,https://api.github.com/repos/matomo-org/matomo/pulls/15566,2020-02-14T13:39:53Z,2020-02-13T19:12:10Z,1
pull,12227,b'closed',15406,https://api.github.com/repos/matomo-org/matomo/pulls/15406,2020-02-06T19:05:58Z,2020-01-16T23:20:31Z,11
pull,12108,b'closed',12114,https://api.github.com/repos/matomo-org/matomo/pulls/12114,2020-08-31T22:38:18Z,2017-09-25T11:18:31Z,1
pull,12067,b'closed',14082,https://api.github.com/repos/matomo-org/matomo/pulls/14082,2020-06-07T23:46:57Z,2019-02-09T23:00:26Z,1061
pull,14841,b'closed',15891,https://api.github.com/repos/matomo-org/matomo/pulls/15891,2020-05-14T07:52:49Z,2020-04-30T14:56:12Z,115
pull,8567,b'closed',8618,https://api.github.com/repos/matomo-org/matomo/pulls/8618,,2015-08-21T15:03:02Z,778
pull,8567,b'closed',15585,https://api.github.com/repos/matomo-org/matomo/pulls/15585,2020-02-25T20:41:55Z,2020-02-17T14:06:23Z,4
pull,8567,b'closed',15586,https://api.github.com/repos/matomo-org/matomo/pulls/15586,2020-02-20T12:44:11Z,2020-02-17T15:23:30Z,58
pull,8567,b'closed',15866,https://api.github.com/repos/matomo-org/matomo/pulls/15866,2020-04-28T05:27:17Z,2020-04-27T13:53:51Z,4
pull,8567,b'closed',15938,https://api.github.com/repos/matomo-org/matomo/pulls/15938,2020-05-11T22:13:02Z,2020-05-11T11:49:58Z,1
pull,8567,b'closed',16001,https://api.github.com/repos/matomo-org/matomo/pulls/16001,2020-06-03T06:47:45Z,2020-05-29T03:12:20Z,65
pull,15974,b'closed',16311,https://api.github.com/repos/matomo-org/matomo/pulls/16311,2020-09-03T01:51:19Z,2020-08-17T13:14:07Z,58
pull,15127,b'closed',14937,https://api.github.com/repos/matomo-org/matomo/pulls/14937,2020-01-08T08:05:42Z,2019-10-02T01:02:40Z,6
pull,14549,b'closed',14655,https://api.github.com/repos/matomo-org/matomo/pulls/14655,2019-07-15T09:45:14Z,2019-07-13T17:39:00Z,1
pull,13398,b'closed',15976,https://api.github.com/repos/matomo-org/matomo/pulls/15976,2020-05-24T20:34:54Z,2020-05-23T15:56:32Z,10
pull,8100,b'closed',13280,https://api.github.com/repos/matomo-org/matomo/pulls/13280,2018-08-17T10:31:37Z,2018-08-13T01:30:49Z,4
pull,13754,b'closed',16287,https://api.github.com/repos/matomo-org/matomo/pulls/16287,2020-08-24T02:11:56Z,2020-08-11T23:27:01Z,2
pull,11572,b'closed',345,https://api.github.com/repos/matomo-org/developer-documentation/pulls/345,2020-05-17T20:20:51Z,2020-05-14T20:39:42Z,2
pull,11572,b'closed',15954,https://api.github.com/repos/matomo-org/matomo/pulls/15954,2020-05-17T20:22:21Z,2020-05-14T20:45:45Z,1
pull,15771,b'closed',15813,https://api.github.com/repos/matomo-org/matomo/pulls/15813,2020-04-15T06:55:57Z,2020-04-15T01:53:52Z,1
pull,8246,b'closed',8242,https://api.github.com/repos/matomo-org/matomo/pulls/8242,,2015-06-29T14:51:48Z,18
pull,8246,b'closed',11756,https://api.github.com/repos/matomo-org/matomo/pulls/11756,2020-01-15T16:22:49Z,2017-05-31T21:05:35Z,2
pull,8246,b'closed',12546,https://api.github.com/repos/matomo-org/matomo/pulls/12546,2018-06-14T02:36:38Z,2018-02-10T22:01:51Z,23
pull,16119,b'closed',16131,https://api.github.com/repos/matomo-org/matomo/pulls/16131,2020-06-29T23:04:11Z,2020-06-29T00:08:32Z,2
pull,16192,b'closed',16217,https://api.github.com/repos/matomo-org/matomo/pulls/16217,2020-07-27T01:27:35Z,2020-07-17T03:30:37Z,21
pull,16192,b'closed',16244,https://api.github.com/repos/matomo-org/matomo/pulls/16244,2020-07-27T19:56:11Z,2020-07-27T01:36:20Z,1
pull,16288,b'closed',16292,https://api.github.com/repos/matomo-org/matomo/pulls/16292,2020-08-13T22:02:59Z,2020-08-13T11:02:59Z,1
pull,13681,b'closed',13451,https://api.github.com/repos/matomo-org/matomo/pulls/13451,2018-12-06T02:41:15Z,2018-09-19T02:31:56Z,6
pull,13681,b'closed',15405,https://api.github.com/repos/matomo-org/matomo/pulls/15405,2020-01-21T01:29:01Z,2020-01-16T20:18:18Z,6
pull,13202,b'closed',13443,https://api.github.com/repos/matomo-org/matomo/pulls/13443,,2018-09-18T00:12:50Z,3
pull,13202,b'closed',15409,https://api.github.com/repos/matomo-org/matomo/pulls/15409,2020-01-26T23:46:16Z,2020-01-17T00:51:59Z,33
pull,8790,b'closed',8765,https://api.github.com/repos/matomo-org/matomo/pulls/8765,2015-09-15T00:25:11Z,2015-09-11T20:44:29Z,7
pull,8790,b'closed',13437,https://api.github.com/repos/matomo-org/matomo/pulls/13437,2018-09-28T21:30:55Z,2018-09-17T07:54:15Z,4
pull,15647,b'closed',15846,https://api.github.com/repos/matomo-org/matomo/pulls/15846,2020-04-26T20:19:55Z,2020-04-22T12:33:57Z,4
pull,16238,b'closed',16240,https://api.github.com/repos/matomo-org/matomo/pulls/16240,2020-07-27T19:15:40Z,2020-07-24T07:50:41Z,10
pull,8566,b'closed',160,https://api.github.com/repos/matomo-org/matomo-log-analytics/pulls/160,2016-12-01T05:33:54Z,2016-12-01T02:01:11Z,1
pull,8566,b'closed',10928,https://api.github.com/repos/matomo-org/matomo/pulls/10928,2016-12-01T07:56:42Z,2016-12-01T02:02:12Z,8
pull,8566,b'closed',161,https://api.github.com/repos/matomo-org/matomo-log-analytics/pulls/161,2016-12-05T07:43:33Z,2016-12-05T07:43:19Z,1
pull,16481,b'closed',16485,https://api.github.com/repos/matomo-org/matomo/pulls/16485,2020-09-28T19:47:20Z,2020-09-28T19:47:10Z,1
pull,14938,b'closed',14211,https://api.github.com/repos/matomo-org/matomo/pulls/14211,,2019-03-16T18:46:54Z,6
pull,15385,b'closed',16460,https://api.github.com/repos/matomo-org/matomo/pulls/16460,2020-09-22T22:22:47Z,2020-09-22T05:17:28Z,5
pull,16430,b'closed',16445,https://api.github.com/repos/matomo-org/matomo/pulls/16445,2020-09-19T12:55:31Z,2020-09-16T16:28:37Z,5
pull,16397,b'closed',77,https://api.github.com/repos/matomo-org/matomo-php-tracker/pulls/77,,2020-09-07T01:11:43Z,7
pull,16397,b'closed',79,https://api.github.com/repos/matomo-org/matomo-php-tracker/pulls/79,2020-09-07T04:45:54Z,2020-09-07T04:45:21Z,7
pull,9528,b'closed',9529,https://api.github.com/repos/matomo-org/matomo/pulls/9529,2016-01-20T04:03:47Z,2016-01-15T02:40:40Z,1
pull,16424,b'closed',16432,https://api.github.com/repos/matomo-org/matomo/pulls/16432,2020-09-13T20:56:31Z,2020-09-12T06:03:14Z,1
pull,15931,b'closed',16350,https://api.github.com/repos/matomo-org/matomo/pulls/16350,2020-09-02T07:02:13Z,2020-08-28T03:29:45Z,22
pull,16148,b'closed',16241,https://api.github.com/repos/matomo-org/matomo/pulls/16241,2020-07-26T18:14:29Z,2020-07-24T09:01:58Z,1
pull,16294,b'closed',16310,https://api.github.com/repos/matomo-org/matomo/pulls/16310,2020-08-17T19:51:49Z,2020-08-17T12:33:52Z,1
pull,16270,b'closed',16276,https://api.github.com/repos/matomo-org/matomo/pulls/16276,2020-08-31T04:43:00Z,2020-08-07T11:26:13Z,4
pull,16249,b'closed',16250,https://api.github.com/repos/matomo-org/matomo/pulls/16250,2020-07-31T04:17:02Z,2020-07-28T21:55:42Z,1
pull,15340,b'closed',15350,https://api.github.com/repos/matomo-org/matomo/pulls/15350,2020-01-08T01:31:42Z,2020-01-06T00:45:12Z,1
pull,15778,b'closed',16123,https://api.github.com/repos/matomo-org/matomo/pulls/16123,,2020-06-26T01:33:02Z,1
pull,14755,b'closed',14757,https://api.github.com/repos/matomo-org/matomo/pulls/14757,2019-08-19T01:34:55Z,2019-08-12T12:00:34Z,2
pull,14308,b'closed',16247,https://api.github.com/repos/matomo-org/matomo/pulls/16247,2020-08-31T04:45:13Z,2020-07-28T07:00:56Z,2
pull,14258,b'closed',14259,https://api.github.com/repos/matomo-org/matomo/pulls/14259,2019-03-28T07:42:19Z,2019-03-24T10:41:16Z,1
pull,14178,b'closed',14450,https://api.github.com/repos/matomo-org/matomo/pulls/14450,2019-10-16T01:01:07Z,2019-05-15T23:00:29Z,5
pull,16384,b'closed',16398,https://api.github.com/repos/matomo-org/matomo/pulls/16398,2020-09-08T03:42:42Z,2020-09-07T02:33:09Z,7
pull,6183,b'open',6146,https://api.github.com/repos/matomo-org/matomo/pulls/6146,,2014-09-07T10:09:28Z,16
pull,6173,b'open',13622,https://api.github.com/repos/matomo-org/matomo/pulls/13622,,2018-10-17T00:25:55Z,3
pull,6505,b'open',15184,https://api.github.com/repos/matomo-org/matomo/pulls/15184,2019-12-31T02:55:04Z,2019-11-21T21:00:11Z,10
pull,16366,b'open',16347,https://api.github.com/repos/matomo-org/matomo/pulls/16347,,2020-08-26T16:19:43Z,1
pull,16362,b'closed',16364,https://api.github.com/repos/matomo-org/matomo/pulls/16364,2020-09-02T07:23:08Z,2020-09-01T22:07:41Z,4
pull,14207,b'closed',14211,https://api.github.com/repos/matomo-org/matomo/pulls/14211,,2019-03-16T18:46:54Z,6
pull,16260,b'closed',374,https://api.github.com/repos/matomo-org/developer-documentation/pulls/374,2020-08-20T21:15:31Z,2020-08-20T00:43:15Z,2
pull,5257,b'open',40,https://api.github.com/repos/matomo-org/matomo-sdk-android/pulls/40,2015-03-31T07:16:36Z,2015-03-28T01:57:28Z,6
pull,11974,b'closed',12945,https://api.github.com/repos/matomo-org/matomo/pulls/12945,2018-05-21T03:32:04Z,2018-05-21T01:15:44Z,2
pull,11974,b'closed',14854,https://api.github.com/repos/matomo-org/matomo/pulls/14854,2019-09-04T22:58:21Z,2019-09-04T09:17:07Z,1
pull,11524,b'closed',214,https://api.github.com/repos/matomo-org/matomo-log-analytics/pulls/214,,2018-05-28T20:42:57Z,2
pull,11524,b'closed',16086,https://api.github.com/repos/matomo-org/matomo/pulls/16086,2020-06-29T22:14:19Z,2020-06-18T09:28:24Z,189
pull,15845,b'closed',16237,https://api.github.com/repos/matomo-org/matomo/pulls/16237,2020-07-23T03:58:01Z,2020-07-23T01:25:49Z,5
pull,16223,b'closed',16227,https://api.github.com/repos/matomo-org/matomo/pulls/16227,2020-07-21T17:59:45Z,2020-07-21T07:13:11Z,1
pull,16220,b'closed',16221,https://api.github.com/repos/matomo-org/matomo/pulls/16221,2020-07-20T06:32:31Z,2020-07-20T03:37:02Z,4
pull,16072,b'closed',16073,https://api.github.com/repos/matomo-org/matomo/pulls/16073,2020-07-05T19:47:47Z,2020-06-16T08:08:23Z,1
pull,16204,b'open',16216,https://api.github.com/repos/matomo-org/matomo/pulls/16216,2020-07-17T00:09:16Z,2020-07-16T20:45:21Z,1
pull,15948,b'closed',16178,https://api.github.com/repos/matomo-org/matomo/pulls/16178,2020-07-07T01:13:13Z,2020-07-06T02:06:27Z,6
pull,15948,b'closed',359,https://api.github.com/repos/matomo-org/developer-documentation/pulls/359,2020-07-07T02:20:19Z,2020-07-06T02:24:29Z,4
pull,15948,b'closed',16188,https://api.github.com/repos/matomo-org/matomo/pulls/16188,2020-07-07T18:50:33Z,2020-07-07T03:21:22Z,3
pull,16193,b'closed',16195,https://api.github.com/repos/matomo-org/matomo/pulls/16195,2020-07-08T21:07:19Z,2020-07-08T19:58:47Z,4
pull,16189,b'closed',16190,https://api.github.com/repos/matomo-org/matomo/pulls/16190,2020-07-08T20:53:02Z,2020-07-07T21:23:36Z,9
pull,16189,b'closed',318,https://api.github.com/repos/matomo-org/matomo-for-wordpress/pulls/318,2020-07-09T22:52:09Z,2020-07-07T21:48:33Z,3
pull,16189,b'closed',258,https://api.github.com/repos/matomo-org/tag-manager/pulls/258,,2020-07-08T20:12:50Z,12
pull,16189,b'closed',361,https://api.github.com/repos/matomo-org/developer-documentation/pulls/361,2020-07-09T21:54:16Z,2020-07-08T20:13:50Z,10
pull,16189,b'closed',259,https://api.github.com/repos/matomo-org/tag-manager/pulls/259,2020-07-09T21:49:41Z,2020-07-08T22:54:52Z,12
pull,16189,b'closed',16199,https://api.github.com/repos/matomo-org/matomo/pulls/16199,2020-07-09T22:37:39Z,2020-07-09T21:53:56Z,1
pull,16055,b'closed',16190,https://api.github.com/repos/matomo-org/matomo/pulls/16190,2020-07-08T20:53:02Z,2020-07-07T21:23:36Z,9
pull,16055,b'closed',258,https://api.github.com/repos/matomo-org/tag-manager/pulls/258,,2020-07-08T20:12:50Z,12
pull,16055,b'closed',361,https://api.github.com/repos/matomo-org/developer-documentation/pulls/361,2020-07-09T21:54:16Z,2020-07-08T20:13:50Z,10
pull,16055,b'closed',259,https://api.github.com/repos/matomo-org/tag-manager/pulls/259,2020-07-09T21:49:41Z,2020-07-08T22:54:52Z,12
pull,16055,b'closed',16199,https://api.github.com/repos/matomo-org/matomo/pulls/16199,2020-07-09T22:37:39Z,2020-07-09T21:53:56Z,1
pull,11071,b'closed',13472,https://api.github.com/repos/matomo-org/matomo/pulls/13472,2018-12-10T19:47:03Z,2018-09-24T02:12:32Z,45
pull,11071,b'closed',13934,https://api.github.com/repos/matomo-org/matomo/pulls/13934,2019-07-17T04:33:12Z,2019-01-06T20:10:00Z,3
pull,13246,b'closed',16173,https://api.github.com/repos/matomo-org/matomo/pulls/16173,2020-07-05T21:25:04Z,2020-07-03T01:09:45Z,2
pull,13256,b'closed',15979,https://api.github.com/repos/matomo-org/matomo/pulls/15979,2020-06-29T14:04:30Z,2020-05-24T12:40:31Z,29
pull,12961,b'closed',14082,https://api.github.com/repos/matomo-org/matomo/pulls/14082,2020-06-07T23:46:57Z,2019-02-09T23:00:26Z,1061
pull,14094,b'closed',13935,https://api.github.com/repos/matomo-org/matomo/pulls/13935,2019-03-13T00:13:58Z,2019-01-06T20:50:34Z,240
pull,14094,b'closed',15774,https://api.github.com/repos/matomo-org/matomo/pulls/15774,2020-06-26T13:17:55Z,2020-04-03T08:14:07Z,190
pull,16030,b'closed',16034,https://api.github.com/repos/matomo-org/matomo/pulls/16034,2020-06-08T11:53:15Z,2020-06-08T09:24:31Z,9
pull,16030,b'closed',16079,https://api.github.com/repos/matomo-org/matomo/pulls/16079,2020-06-26T09:33:41Z,2020-06-17T07:53:39Z,512
pull,16114,b'closed',16117,https://api.github.com/repos/matomo-org/matomo/pulls/16117,2020-06-25T22:22:40Z,2020-06-25T07:15:18Z,12
pull,8415,b'closed',349,https://api.github.com/repos/matomo-org/developer-documentation/pulls/349,2020-06-17T00:52:57Z,2020-05-28T02:19:56Z,184
pull,8415,b'closed',16077,https://api.github.com/repos/matomo-org/matomo/pulls/16077,2020-06-17T21:27:09Z,2020-06-17T05:01:20Z,1
pull,8415,b'closed',353,https://api.github.com/repos/matomo-org/developer-documentation/pulls/353,2020-06-18T20:32:34Z,2020-06-18T02:40:45Z,59
pull,8415,b'closed',354,https://api.github.com/repos/matomo-org/developer-documentation/pulls/354,2020-06-19T06:36:09Z,2020-06-18T03:37:48Z,4
pull,8415,b'closed',355,https://api.github.com/repos/matomo-org/developer-documentation/pulls/355,2020-06-18T20:35:17Z,2020-06-18T20:35:10Z,1
pull,16043,b'closed',16066,https://api.github.com/repos/matomo-org/matomo/pulls/16066,2020-06-18T21:09:17Z,2020-06-14T18:14:03Z,5
pull,15182,b'closed',16012,https://api.github.com/repos/matomo-org/matomo/pulls/16012,2020-06-14T21:22:54Z,2020-06-02T13:38:41Z,3
pull,15513,b'closed',15561,https://api.github.com/repos/matomo-org/matomo/pulls/15561,2020-02-20T03:05:16Z,2020-02-13T04:00:23Z,12
pull,16009,b'closed',5406,https://api.github.com/repos/matomo-org/matomo-mobile-2/pulls/5406,2020-06-02T02:08:57Z,2020-06-02T01:52:46Z,13
pull,16009,b'closed',16016,https://api.github.com/repos/matomo-org/matomo/pulls/16016,2020-06-03T20:13:11Z,2020-06-03T14:08:50Z,1
pull,16009,b'closed',16061,https://api.github.com/repos/matomo-org/matomo/pulls/16061,2020-06-12T22:47:09Z,2020-06-12T04:26:02Z,1
pull,11027,b'closed',11079,https://api.github.com/repos/matomo-org/matomo/pulls/11079,,2016-12-25T22:07:48Z,1
pull,12777,b'closed',16042,https://api.github.com/repos/matomo-org/matomo/pulls/16042,2020-06-09T19:55:46Z,2020-06-08T23:27:31Z,6
pull,16048,b'closed',16049,https://api.github.com/repos/matomo-org/matomo/pulls/16049,2020-06-10T19:59:25Z,2020-06-10T08:24:09Z,2
pull,16008,b'closed',5406,https://api.github.com/repos/matomo-org/matomo-mobile-2/pulls/5406,2020-06-02T02:08:57Z,2020-06-02T01:52:46Z,13
pull,16008,b'closed',16016,https://api.github.com/repos/matomo-org/matomo/pulls/16016,2020-06-03T20:13:11Z,2020-06-03T14:08:50Z,1
pull,16008,b'closed',16020,https://api.github.com/repos/matomo-org/matomo/pulls/16020,,2020-06-05T04:38:33Z,3
pull,16008,b'closed',16041,https://api.github.com/repos/matomo-org/matomo/pulls/16041,2020-06-10T08:10:10Z,2020-06-08T22:08:08Z,4
pull,6548,b'closed',6555,https://api.github.com/repos/matomo-org/matomo/pulls/6555,2014-11-04T04:33:04Z,2014-10-29T22:46:16Z,6
pull,13783,b'closed',13931,https://api.github.com/repos/matomo-org/matomo/pulls/13931,2019-04-11T21:03:04Z,2019-01-04T10:49:40Z,24
pull,15911,b'closed',341,https://api.github.com/repos/matomo-org/developer-documentation/pulls/341,2020-05-05T19:55:00Z,2020-05-05T13:14:18Z,1
pull,13662,b'closed',13665,https://api.github.com/repos/matomo-org/matomo/pulls/13665,,2018-11-02T06:20:44Z,3
pull,13165,b'closed',15980,https://api.github.com/repos/matomo-org/matomo/pulls/15980,2020-05-25T21:14:11Z,2020-05-24T13:24:22Z,4
pull,12457,b'closed',12470,https://api.github.com/repos/matomo-org/matomo/pulls/12470,2018-01-19T01:08:57Z,2018-01-17T22:19:47Z,1
pull,13655,b'closed',15855,https://api.github.com/repos/matomo-org/matomo/pulls/15855,,2020-04-24T01:14:21Z,10
pull,13655,b'closed',15886,https://api.github.com/repos/matomo-org/matomo/pulls/15886,2020-05-21T22:05:13Z,2020-04-29T21:41:04Z,8
pull,16002,b'closed',16003,https://api.github.com/repos/matomo-org/matomo/pulls/16003,2020-06-03T04:44:25Z,2020-05-29T09:09:20Z,1
pull,12575,b'closed',15994,https://api.github.com/repos/matomo-org/matomo/pulls/15994,2020-06-02T20:15:48Z,2020-05-27T02:49:39Z,8
pull,15978,b'closed',15987,https://api.github.com/repos/matomo-org/matomo/pulls/15987,2020-05-26T07:00:14Z,2020-05-26T02:37:56Z,1
pull,14579,b'closed',15975,https://api.github.com/repos/matomo-org/matomo/pulls/15975,2020-05-24T20:26:31Z,2020-05-23T14:31:14Z,4
pull,12801,b'open',12799,https://api.github.com/repos/matomo-org/matomo/pulls/12799,2018-05-01T02:18:16Z,2018-04-30T12:36:10Z,2
pull,12809,b'open',12669,https://api.github.com/repos/matomo-org/matomo/pulls/12669,2018-05-03T21:14:41Z,2018-03-28T18:29:05Z,23
pull,13233,b'closed',13250,https://api.github.com/repos/matomo-org/matomo/pulls/13250,2018-08-06T14:16:52Z,2018-08-05T23:53:08Z,11
pull,13244,b'closed',43,https://api.github.com/repos/matomo-org/travis-scripts/pulls/43,2020-02-24T10:00:38Z,2018-08-03T08:36:11Z,5
pull,13859,b'open',1,https://api.github.com/repos/DevVault/matomo/pulls/1,,2022-04-22T18:05:33Z,1
pull,15862,b'closed',15872,https://api.github.com/repos/matomo-org/matomo/pulls/15872,2020-04-28T22:21:52Z,2020-04-27T22:32:54Z,5
pull,15950,b'closed',15952,https://api.github.com/repos/matomo-org/matomo/pulls/15952,2020-05-14T07:39:13Z,2020-05-14T02:44:56Z,13
pull,12737,b'open',15855,https://api.github.com/repos/matomo-org/matomo/pulls/15855,,2020-04-24T01:14:21Z,10
pull,15902,b'closed',15905,https://api.github.com/repos/matomo-org/matomo/pulls/15905,2020-05-07T20:27:08Z,2020-05-04T07:53:20Z,13
pull,15937,b'closed',73,https://api.github.com/repos/matomo-org/searchengine-and-social-list/pulls/73,2020-05-11T12:12:09Z,2020-05-11T12:11:42Z,1
pull,9634,b'open',62,https://api.github.com/repos/matomo-org/plugin-MarketingCampaignsReporting/pulls/62,,2021-02-10T08:11:36Z,1
pull,15117,b'closed',14937,https://api.github.com/repos/matomo-org/matomo/pulls/14937,2020-01-08T08:05:42Z,2019-10-02T01:02:40Z,6
pull,15117,b'closed',15499,https://api.github.com/repos/matomo-org/matomo/pulls/15499,2020-05-07T16:11:07Z,2020-02-01T22:18:30Z,57
pull,15117,b'closed',15821,https://api.github.com/repos/matomo-org/matomo/pulls/15821,2020-04-16T20:24:40Z,2020-04-16T19:38:20Z,55
pull,15117,b'closed',15991,https://api.github.com/repos/matomo-org/matomo/pulls/15991,2020-06-02T23:33:27Z,2020-05-26T11:02:27Z,11
pull,15875,b'closed',15914,https://api.github.com/repos/matomo-org/matomo/pulls/15914,2020-05-06T07:24:47Z,2020-05-05T12:50:43Z,1
pull,14746,b'closed',35,https://api.github.com/repos/matomo-org/matomo-php-tracker/pulls/35,,2018-09-03T09:04:12Z,1
pull,13325,b'closed',12208,https://api.github.com/repos/matomo-org/matomo/pulls/12208,2018-07-26T21:24:53Z,2017-10-18T22:16:34Z,33
pull,13325,b'closed',5394,https://api.github.com/repos/matomo-org/matomo-mobile-2/pulls/5394,2018-11-05T02:06:13Z,2018-11-05T02:06:08Z,7
pull,13325,b'closed',13670,https://api.github.com/repos/matomo-org/matomo/pulls/13670,2018-12-03T03:27:29Z,2018-11-05T22:13:43Z,152
pull,15881,b'closed',15882,https://api.github.com/repos/matomo-org/matomo/pulls/15882,2020-04-29T16:25:12Z,2020-04-29T13:28:10Z,1
pull,15870,b'closed',15874,https://api.github.com/repos/matomo-org/matomo/pulls/15874,2020-04-29T01:17:34Z,2020-04-28T03:10:57Z,4
pull,10733,b'closed',15221,https://api.github.com/repos/matomo-org/matomo/pulls/15221,2020-01-26T23:54:23Z,2019-12-02T15:47:30Z,1
pull,9053,b'open',10490,https://api.github.com/repos/matomo-org/matomo/pulls/10490,2016-09-20T04:16:16Z,2016-09-13T02:16:42Z,1
pull,15876,b'closed',15877,https://api.github.com/repos/matomo-org/matomo/pulls/15877,2020-04-28T08:25:34Z,2020-04-28T07:49:47Z,2
pull,15823,b'closed',15824,https://api.github.com/repos/matomo-org/matomo/pulls/15824,2020-04-17T06:44:46Z,2020-04-17T01:06:38Z,18
pull,9253,b'closed',25,https://api.github.com/repos/matomo-org/plugin-Bandwidth/pulls/25,2020-02-25T09:36:40Z,2020-02-23T17:13:24Z,1
pull,9253,b'closed',50,https://api.github.com/repos/matomo-org/plugin-AnonymousPiwikUsageMeasurement/pulls/50,2020-02-25T09:56:18Z,2020-02-25T09:49:44Z,1
pull,9253,b'closed',68,https://api.github.com/repos/matomo-org/plugin-CustomAlerts/pulls/68,2020-02-25T09:58:05Z,2020-02-25T09:53:14Z,1
pull,9253,b'closed',145,https://api.github.com/repos/matomo-org/plugin-CustomDimensions/pulls/145,2020-02-25T11:20:42Z,2020-02-25T09:55:54Z,1
pull,9253,b'closed',15844,https://api.github.com/repos/matomo-org/matomo/pulls/15844,2020-04-27T20:06:52Z,2020-04-22T09:29:03Z,1
pull,12073,b'closed',15863,https://api.github.com/repos/matomo-org/matomo/pulls/15863,2020-04-27T09:04:40Z,2020-04-27T09:03:05Z,1
pull,12073,b'closed',15864,https://api.github.com/repos/matomo-org/matomo/pulls/15864,2020-04-27T10:03:32Z,2020-04-27T09:54:30Z,9
pull,12073,b'closed',340,https://api.github.com/repos/matomo-org/developer-documentation/pulls/340,2020-04-27T19:52:59Z,2020-04-27T12:37:09Z,3
pull,11783,b'closed',15836,https://api.github.com/repos/matomo-org/matomo/pulls/15836,2020-04-23T07:43:31Z,2020-04-21T08:44:25Z,36
pull,6535,b'closed',15838,https://api.github.com/repos/matomo-org/matomo/pulls/15838,2020-04-21T22:00:59Z,2020-04-21T13:30:30Z,2
pull,6535,b'closed',15839,https://api.github.com/repos/matomo-org/matomo/pulls/15839,2020-04-21T22:00:14Z,2020-04-21T13:33:59Z,1
pull,6535,b'closed',15840,https://api.github.com/repos/matomo-org/matomo/pulls/15840,2020-04-22T08:08:40Z,2020-04-21T13:41:56Z,3
pull,15822,b'closed',15832,https://api.github.com/repos/matomo-org/matomo/pulls/15832,2020-04-21T02:33:19Z,2020-04-20T05:47:35Z,3
pull,15617,b'closed',56,https://api.github.com/repos/matomo-org/travis-scripts/pulls/56,2020-04-19T13:51:03Z,2020-02-24T10:09:02Z,9
pull,15617,b'closed',15720,https://api.github.com/repos/matomo-org/matomo/pulls/15720,2020-04-19T13:52:30Z,2020-03-23T13:25:22Z,70
pull,15617,b'closed',153,https://api.github.com/repos/matomo-org/plugin-CustomDimensions/pulls/153,2020-04-19T14:32:53Z,2020-04-19T14:23:12Z,1
pull,15617,b'closed',71,https://api.github.com/repos/matomo-org/plugin-CustomAlerts/pulls/71,2020-04-19T14:37:35Z,2020-04-19T14:23:40Z,2
pull,15617,b'closed',53,https://api.github.com/repos/matomo-org/plugin-AnonymousPiwikUsageMeasurement/pulls/53,2020-04-19T14:55:41Z,2020-04-19T14:23:46Z,1
pull,15617,b'closed',6,https://api.github.com/repos/matomo-org/plugin-DeviceDetectorCache/pulls/6,2020-04-19T14:33:03Z,2020-04-19T14:23:52Z,1
pull,15617,b'closed',21,https://api.github.com/repos/matomo-org/plugin-LogViewer/pulls/21,2020-04-19T14:33:12Z,2020-04-19T14:23:57Z,1
pull,15617,b'closed',38,https://api.github.com/repos/matomo-org/plugin-MarketingCampaignsReporting/pulls/38,2020-04-19T14:33:21Z,2020-04-19T14:24:02Z,1
pull,15617,b'closed',203,https://api.github.com/repos/matomo-org/plugin-LoginLdap/pulls/203,2020-07-17T09:14:02Z,2020-04-19T14:24:07Z,2
pull,15617,b'closed',3,https://api.github.com/repos/matomo-org/plugin-Provider/pulls/3,2020-04-19T14:33:29Z,2020-04-19T14:24:12Z,1
pull,15617,b'closed',129,https://api.github.com/repos/matomo-org/plugin-QueuedTracking/pulls/129,2020-04-19T14:35:31Z,2020-04-19T14:24:17Z,1
pull,15617,b'closed',43,https://api.github.com/repos/matomo-org/plugin-SecurityInfo/pulls/43,2020-04-19T14:35:44Z,2020-04-19T14:24:22Z,1
pull,15617,b'closed',239,https://api.github.com/repos/matomo-org/tag-manager/pulls/239,2020-04-21T11:54:31Z,2020-04-19T14:24:27Z,112
pull,15617,b'closed',18,https://api.github.com/repos/matomo-org/plugin-TasksTimetable/pulls/18,2020-04-19T14:35:58Z,2020-04-19T14:24:32Z,2
pull,15617,b'closed',19,https://api.github.com/repos/matomo-org/plugin-TreemapVisualization/pulls/19,2020-04-19T14:36:22Z,2020-04-19T14:24:38Z,1
pull,15617,b'closed',53,https://api.github.com/repos/matomo-org/plugin-VisitorGenerator/pulls/53,2020-04-19T14:36:07Z,2020-04-19T14:24:43Z,1
pull,14342,b'closed',15796,https://api.github.com/repos/matomo-org/matomo/pulls/15796,2020-04-16T06:07:49Z,2020-04-08T15:07:31Z,3
pull,12124,b'closed',12125,https://api.github.com/repos/matomo-org/matomo/pulls/12125,2017-09-27T07:36:57Z,2017-09-26T23:58:48Z,18
pull,12124,b'closed',15812,https://api.github.com/repos/matomo-org/matomo/pulls/15812,2020-04-15T09:55:37Z,2020-04-14T11:57:05Z,73
pull,15732,b'closed',15786,https://api.github.com/repos/matomo-org/matomo/pulls/15786,2020-04-14T06:24:38Z,2020-04-07T04:58:38Z,40
pull,12860,b'closed',12882,https://api.github.com/repos/matomo-org/matomo/pulls/12882,2018-05-18T01:17:07Z,2018-05-10T12:12:22Z,3
pull,15781,b'closed',15783,https://api.github.com/repos/matomo-org/matomo/pulls/15783,2020-04-07T06:54:05Z,2020-04-06T20:29:40Z,1
pull,15764,b'closed',15765,https://api.github.com/repos/matomo-org/matomo/pulls/15765,2020-04-01T08:20:38Z,2020-04-01T06:45:50Z,1
pull,15747,b'closed',15749,https://api.github.com/repos/matomo-org/matomo/pulls/15749,2020-03-30T23:32:41Z,2020-03-30T04:47:28Z,1
pull,14763,b'open',15753,https://api.github.com/repos/matomo-org/matomo/pulls/15753,,2020-03-30T16:15:29Z,1
pull,15727,b'closed',15728,https://api.github.com/repos/matomo-org/matomo/pulls/15728,2020-03-25T08:31:10Z,2020-03-24T13:55:00Z,2
pull,15709,b'closed',15712,https://api.github.com/repos/matomo-org/matomo/pulls/15712,2020-03-25T08:35:56Z,2020-03-19T19:25:19Z,3
pull,15588,b'closed',15664,https://api.github.com/repos/matomo-org/matomo/pulls/15664,2020-03-15T19:30:39Z,2020-03-04T16:34:03Z,17
pull,13547,b'closed',13543,https://api.github.com/repos/matomo-org/matomo/pulls/13543,2018-10-05T03:25:07Z,2018-10-04T23:51:37Z,4
pull,13547,b'closed',15714,https://api.github.com/repos/matomo-org/matomo/pulls/15714,2020-03-22T22:49:37Z,2020-03-20T02:48:50Z,91
pull,13547,b'closed',201,https://api.github.com/repos/matomo-org/plugin-LoginLdap/pulls/201,2020-05-19T18:34:57Z,2020-03-20T02:49:17Z,17
pull,15589,b'closed',15592,https://api.github.com/repos/matomo-org/matomo/pulls/15592,2020-02-22T01:05:47Z,2020-02-19T09:19:37Z,4
pull,15609,b'closed',15652,https://api.github.com/repos/matomo-org/matomo/pulls/15652,2020-03-15T19:35:28Z,2020-03-03T14:41:38Z,7
pull,15672,b'closed',229,https://api.github.com/repos/matomo-org/tag-manager/pulls/229,2020-03-15T19:42:37Z,2020-03-05T20:12:35Z,1
pull,15672,b'closed',15676,https://api.github.com/repos/matomo-org/matomo/pulls/15676,2020-03-11T09:14:19Z,2020-03-05T20:17:31Z,1
pull,15623,b'closed',15670,https://api.github.com/repos/matomo-org/matomo/pulls/15670,2020-03-07T02:39:43Z,2020-03-05T09:20:09Z,1
pull,15637,b'closed',15668,https://api.github.com/repos/matomo-org/matomo/pulls/15668,2020-03-05T12:57:42Z,2020-03-05T08:26:06Z,4
pull,12072,b'closed',15286,https://api.github.com/repos/matomo-org/matomo/pulls/15286,2020-03-09T16:54:41Z,2019-12-18T20:57:23Z,66
pull,12072,b'closed',16089,https://api.github.com/repos/matomo-org/matomo/pulls/16089,2020-06-24T14:42:14Z,2020-06-18T15:25:22Z,8
pull,15629,b'closed',15671,https://api.github.com/repos/matomo-org/matomo/pulls/15671,2020-03-06T11:24:39Z,2020-03-05T09:51:55Z,6
pull,15651,b'closed',15669,https://api.github.com/repos/matomo-org/matomo/pulls/15669,2020-03-05T19:22:45Z,2020-03-05T09:09:46Z,3
pull,15550,b'closed',15591,https://api.github.com/repos/matomo-org/matomo/pulls/15591,2020-02-26T00:31:45Z,2020-02-19T01:35:45Z,2
pull,14694,b'closed',14734,https://api.github.com/repos/matomo-org/matomo/pulls/14734,2019-08-06T19:44:55Z,2019-08-06T01:45:37Z,1
pull,14694,b'closed',15650,https://api.github.com/repos/matomo-org/matomo/pulls/15650,2020-03-05T00:36:13Z,2020-03-02T19:55:33Z,1
pull,13957,b'closed',13959,https://api.github.com/repos/matomo-org/matomo/pulls/13959,2019-01-16T07:12:58Z,2019-01-14T11:41:17Z,1
pull,13957,b'closed',15521,https://api.github.com/repos/matomo-org/matomo/pulls/15521,2020-02-27T07:23:17Z,2020-02-06T15:03:16Z,42
pull,14362,b'closed',15584,https://api.github.com/repos/matomo-org/matomo/pulls/15584,2020-02-26T19:48:44Z,2020-02-17T13:36:38Z,7
pull,15574,b'closed',15582,https://api.github.com/repos/matomo-org/matomo/pulls/15582,2020-02-25T22:06:14Z,2020-02-17T12:02:21Z,15
pull,15598,b'closed',15604,https://api.github.com/repos/matomo-org/matomo/pulls/15604,2020-02-24T23:10:50Z,2020-02-20T20:32:59Z,1
pull,15193,b'closed',15583,https://api.github.com/repos/matomo-org/matomo/pulls/15583,2020-02-17T22:33:57Z,2020-02-17T13:06:42Z,2
pull,15580,b'closed',15606,https://api.github.com/repos/matomo-org/matomo/pulls/15606,2020-02-22T23:40:04Z,2020-02-21T10:27:42Z,2
pull,9666,b'open',9480,https://api.github.com/repos/matomo-org/matomo/pulls/9480,2016-01-11T19:39:52Z,2016-01-07T16:25:27Z,5
pull,10916,b'open',12,https://api.github.com/repos/matomo-org/plugin-Bandwidth/pulls/12,2016-11-27T22:08:25Z,2016-11-27T21:10:31Z,2
pull,13691,b'open',13687,https://api.github.com/repos/matomo-org/matomo/pulls/13687,2018-11-26T04:02:38Z,2018-11-08T20:47:16Z,2
pull,13153,b'closed',13435,https://api.github.com/repos/matomo-org/matomo/pulls/13435,,2018-09-17T02:16:15Z,1
pull,13153,b'closed',15578,https://api.github.com/repos/matomo-org/matomo/pulls/15578,2020-02-18T08:09:40Z,2020-02-16T23:27:56Z,12
pull,13357,b'closed',12208,https://api.github.com/repos/matomo-org/matomo/pulls/12208,2018-07-26T21:24:53Z,2017-10-18T22:16:34Z,33
pull,13357,b'closed',15263,https://api.github.com/repos/matomo-org/matomo/pulls/15263,2020-01-14T03:59:38Z,2019-12-11T20:22:59Z,1
pull,15571,b'closed',15572,https://api.github.com/repos/matomo-org/matomo/pulls/15572,2020-02-17T12:18:38Z,2020-02-14T16:27:58Z,1
pull,12301,b'closed',12463,https://api.github.com/repos/matomo-org/matomo/pulls/12463,2018-01-18T22:36:53Z,2018-01-17T03:16:12Z,3
pull,14954,b'closed',14999,https://api.github.com/repos/matomo-org/matomo/pulls/14999,,2019-10-12T21:43:27Z,2
pull,14954,b'closed',15557,https://api.github.com/repos/matomo-org/matomo/pulls/15557,2020-02-12T20:26:36Z,2020-02-12T09:43:20Z,2
pull,9303,b'closed',34,https://api.github.com/repos/matomo-org/plugin-AnonymousPiwikUsageMeasurement/pulls/34,2017-06-18T18:58:51Z,2017-06-18T14:38:44Z,1
pull,12739,b'closed',15551,https://api.github.com/repos/matomo-org/matomo/pulls/15551,2020-02-11T07:56:22Z,2020-02-11T01:25:58Z,2
pull,12739,b'closed',1,https://api.github.com/repos/DevVault/matomo/pulls/1,,2022-04-22T18:05:33Z,1
pull,13604,b'closed',13596,https://api.github.com/repos/matomo-org/matomo/pulls/13596,2018-11-29T07:22:15Z,2018-10-11T23:41:24Z,92
pull,13604,b'closed',15505,https://api.github.com/repos/matomo-org/matomo/pulls/15505,2020-02-11T08:05:28Z,2020-02-03T11:05:11Z,74
pull,15534,b'closed',15535,https://api.github.com/repos/matomo-org/matomo/pulls/15535,2020-02-10T10:10:02Z,2020-02-09T19:57:32Z,1
pull,15532,b'closed',27,https://api.github.com/repos/matomo-org/component-cache/pulls/27,2020-02-09T20:54:23Z,2020-02-09T19:10:15Z,1
pull,15532,b'closed',15536,https://api.github.com/repos/matomo-org/matomo/pulls/15536,2020-02-09T22:24:40Z,2020-02-09T21:11:43Z,1
pull,15456,b'closed',15473,https://api.github.com/repos/matomo-org/matomo/pulls/15473,2020-01-28T20:55:23Z,2020-01-28T08:59:40Z,2
pull,15484,b'closed',15492,https://api.github.com/repos/matomo-org/matomo/pulls/15492,2020-02-04T20:10:34Z,2020-01-30T08:25:02Z,7
pull,15317,b'closed',15319,https://api.github.com/repos/matomo-org/matomo/pulls/15319,2020-01-08T02:28:49Z,2019-12-27T17:34:22Z,10
pull,15307,b'closed',15471,https://api.github.com/repos/matomo-org/matomo/pulls/15471,2020-02-06T22:19:11Z,2020-01-27T20:16:58Z,7
pull,6265,b'closed',15406,https://api.github.com/repos/matomo-org/matomo/pulls/15406,2020-02-06T19:05:58Z,2020-01-16T23:20:31Z,11
pull,6265,b'closed',120,https://api.github.com/repos/matomo-org/plugin-QueuedTracking/pulls/120,2020-02-04T20:07:44Z,2020-01-16T23:21:05Z,2
pull,15500,b'closed',15502,https://api.github.com/repos/matomo-org/matomo/pulls/15502,2020-02-03T19:32:08Z,2020-02-03T08:28:52Z,1
pull,15458,b'closed',15465,https://api.github.com/repos/matomo-org/matomo/pulls/15465,2020-02-06T09:13:40Z,2020-01-27T08:17:07Z,2
pull,8505,b'closed',15223,https://api.github.com/repos/matomo-org/matomo/pulls/15223,2020-02-03T14:52:52Z,2019-12-02T17:12:02Z,8
pull,14553,b'closed',15248,https://api.github.com/repos/matomo-org/matomo/pulls/15248,2020-01-15T20:03:09Z,2019-12-08T20:56:01Z,4
pull,15237,b'closed',15139,https://api.github.com/repos/matomo-org/matomo/pulls/15139,2020-01-22T08:14:37Z,2019-11-10T14:38:05Z,6
pull,15477,b'closed',15480,https://api.github.com/repos/matomo-org/matomo/pulls/15480,2020-01-29T19:36:40Z,2020-01-29T02:09:56Z,5
pull,15441,b'closed',15467,https://api.github.com/repos/matomo-org/matomo/pulls/15467,2020-01-27T20:26:32Z,2020-01-27T12:38:29Z,1
pull,13989,b'closed',14492,https://api.github.com/repos/matomo-org/matomo/pulls/14492,,2019-05-27T22:52:55Z,46
pull,15452,b'closed',15453,https://api.github.com/repos/matomo-org/matomo/pulls/15453,2020-01-26T20:01:01Z,2020-01-24T10:12:11Z,1
pull,15420,b'closed',15424,https://api.github.com/repos/matomo-org/matomo/pulls/15424,2020-01-20T18:51:25Z,2020-01-20T16:10:38Z,1
pull,15420,b'closed',15538,https://api.github.com/repos/matomo-org/matomo/pulls/15538,2020-02-10T01:39:07Z,2020-02-10T00:46:50Z,1
pull,15115,b'closed',15139,https://api.github.com/repos/matomo-org/matomo/pulls/15139,2020-01-22T08:14:37Z,2019-11-10T14:38:05Z,6
pull,15120,b'closed',15122,https://api.github.com/repos/matomo-org/matomo/pulls/15122,,2019-11-06T16:59:05Z,2
pull,15404,b'closed',15443,https://api.github.com/repos/matomo-org/matomo/pulls/15443,2020-01-24T02:00:14Z,2020-01-23T18:05:48Z,1
pull,15404,b'closed',15444,https://api.github.com/repos/matomo-org/matomo/pulls/15444,2020-01-23T19:57:39Z,2020-01-23T18:20:45Z,1
pull,15359,b'closed',15362,https://api.github.com/repos/matomo-org/matomo/pulls/15362,2020-01-09T01:57:17Z,2020-01-08T20:52:12Z,1
pull,15430,b'closed',15442,https://api.github.com/repos/matomo-org/matomo/pulls/15442,2020-01-23T20:16:50Z,2020-01-23T16:45:47Z,1
pull,15293,b'closed',320,https://api.github.com/repos/matomo-org/developer-documentation/pulls/320,2020-01-22T03:16:28Z,2019-12-20T22:19:44Z,1
pull,11067,b'closed',11881,https://api.github.com/repos/matomo-org/matomo/pulls/11881,2017-08-03T05:13:38Z,2017-07-19T17:46:43Z,2
pull,13920,b'open',1,https://api.github.com/repos/DevVault/matomo/pulls/1,,2022-04-22T18:05:33Z,1
pull,14739,b'closed',320,https://api.github.com/repos/matomo-org/developer-documentation/pulls/320,2020-01-22T03:16:28Z,2019-12-20T22:19:44Z,1
pull,15417,b'closed',15423,https://api.github.com/repos/matomo-org/matomo/pulls/15423,2020-01-20T19:11:28Z,2020-01-20T15:52:45Z,1
pull,14119,b'closed',14761,https://api.github.com/repos/matomo-org/matomo/pulls/14761,2019-08-16T02:47:34Z,2019-08-13T04:05:09Z,59
pull,15234,b'closed',15249,https://api.github.com/repos/matomo-org/matomo/pulls/15249,2019-12-22T21:21:29Z,2019-12-08T20:57:18Z,7
pull,15234,b'closed',15327,https://api.github.com/repos/matomo-org/matomo/pulls/15327,2019-12-30T20:23:15Z,2019-12-30T20:20:53Z,8
pull,15368,b'open',15410,https://api.github.com/repos/matomo-org/matomo/pulls/15410,2020-03-18T03:04:13Z,2020-01-17T03:16:42Z,91
pull,15360,b'closed',15367,https://api.github.com/repos/matomo-org/matomo/pulls/15367,2020-01-13T03:19:36Z,2020-01-09T20:51:55Z,5
pull,4577,b'closed',12242,https://api.github.com/repos/matomo-org/matomo/pulls/12242,2017-11-30T22:38:06Z,2017-11-01T00:17:01Z,11
pull,12266,b'closed',13541,https://api.github.com/repos/matomo-org/matomo/pulls/13541,2018-11-04T23:25:11Z,2018-10-04T23:27:26Z,1
pull,7893,b'open',8021,https://api.github.com/repos/matomo-org/matomo/pulls/8021,,2015-05-29T14:53:50Z,1
pull,7893,b'open',8001,https://api.github.com/repos/matomo-org/matomo/pulls/8001,,2015-05-26T12:36:46Z,26
pull,7893,b'open',8045,https://api.github.com/repos/matomo-org/matomo/pulls/8045,2015-06-17T05:10:02Z,2015-06-05T05:26:30Z,56
pull,7893,b'open',8234,https://api.github.com/repos/matomo-org/matomo/pulls/8234,,2015-06-26T22:47:55Z,15
pull,13710,b'closed',13975,https://api.github.com/repos/matomo-org/matomo/pulls/13975,2019-05-16T00:12:06Z,2019-01-18T05:49:11Z,54
pull,9457,b'closed',9480,https://api.github.com/repos/matomo-org/matomo/pulls/9480,2016-01-11T19:39:52Z,2016-01-07T16:25:27Z,5
pull,15200,b'closed',15218,https://api.github.com/repos/matomo-org/matomo/pulls/15218,2019-12-09T18:48:52Z,2019-12-02T12:10:44Z,6
pull,13387,b'closed',14091,https://api.github.com/repos/matomo-org/matomo/pulls/14091,,2019-02-12T03:48:53Z,10
pull,15338,b'closed',15358,https://api.github.com/repos/matomo-org/matomo/pulls/15358,2020-01-08T06:11:46Z,2020-01-08T03:30:59Z,2
pull,15205,b'closed',15258,https://api.github.com/repos/matomo-org/matomo/pulls/15258,2019-12-15T22:53:48Z,2019-12-10T19:01:03Z,1
pull,15345,b'closed',15348,https://api.github.com/repos/matomo-org/matomo/pulls/15348,2020-01-05T23:34:06Z,2020-01-05T22:03:37Z,2
pull,15321,b'closed',15324,https://api.github.com/repos/matomo-org/matomo/pulls/15324,2019-12-31T01:15:08Z,2019-12-29T23:40:47Z,4
pull,13210,b'closed',12695,https://api.github.com/repos/matomo-org/matomo/pulls/12695,2018-07-25T19:54:48Z,2018-04-04T08:46:48Z,4
pull,13210,b'closed',13559,https://api.github.com/repos/matomo-org/matomo/pulls/13559,,2018-10-08T17:34:32Z,1
pull,15288,b'closed',15315,https://api.github.com/repos/matomo-org/matomo/pulls/15315,2019-12-26T23:43:33Z,2019-12-23T21:53:19Z,2
pull,15246,b'closed',15233,https://api.github.com/repos/matomo-org/matomo/pulls/15233,2019-12-08T19:56:43Z,2019-12-03T19:47:11Z,1
pull,15210,b'closed',15222,https://api.github.com/repos/matomo-org/matomo/pulls/15222,2019-12-02T18:44:28Z,2019-12-02T16:05:21Z,1
pull,15210,b'closed',15224,https://api.github.com/repos/matomo-org/matomo/pulls/15224,2019-12-11T00:10:41Z,2019-12-02T18:16:59Z,1
pull,539,b'closed',15096,https://api.github.com/repos/matomo-org/matomo/pulls/15096,,2019-11-03T20:53:38Z,14
pull,539,b'closed',15128,https://api.github.com/repos/matomo-org/matomo/pulls/15128,2019-12-16T21:15:12Z,2019-11-06T21:00:27Z,66
pull,15273,b'closed',16795,https://api.github.com/repos/matomo-org/matomo/pulls/16795,2020-11-30T02:33:21Z,2020-11-25T04:20:32Z,1
pull,7691,b'closed',6,https://api.github.com/repos/matomo-org/plugin-QueuedTracking/pulls/6,2015-04-29T23:42:41Z,2015-04-17T00:49:30Z,29
pull,7691,b'closed',12742,https://api.github.com/repos/matomo-org/matomo/pulls/12742,2018-04-23T04:28:59Z,2018-04-19T05:18:15Z,4
pull,7691,b'closed',14360,https://api.github.com/repos/matomo-org/matomo/pulls/14360,2019-11-08T03:25:21Z,2019-04-18T13:28:54Z,60
pull,15209,b'closed',15225,https://api.github.com/repos/matomo-org/matomo/pulls/15225,2019-12-10T23:38:37Z,2019-12-02T19:25:02Z,4
pull,8020,b'closed',8094,https://api.github.com/repos/matomo-org/matomo/pulls/8094,2015-06-16T02:10:22Z,2015-06-12T00:59:21Z,6
pull,8020,b'closed',8205,https://api.github.com/repos/matomo-org/matomo/pulls/8205,,2015-06-24T19:49:20Z,206
pull,8020,b'closed',17,https://api.github.com/repos/matomo-org/plugin-CustomAlerts/pulls/17,,2015-06-24T19:57:22Z,1
pull,8020,b'closed',8242,https://api.github.com/repos/matomo-org/matomo/pulls/8242,,2015-06-29T14:51:48Z,18
pull,8020,b'closed',8381,https://api.github.com/repos/matomo-org/matomo/pulls/8381,,2015-07-20T09:24:41Z,18
pull,13347,b'closed',15168,https://api.github.com/repos/matomo-org/matomo/pulls/15168,2019-11-28T20:04:29Z,2019-11-18T13:26:30Z,106
pull,15232,b'closed',15233,https://api.github.com/repos/matomo-org/matomo/pulls/15233,2019-12-08T19:56:43Z,2019-12-03T19:47:11Z,1
pull,15118,b'closed',15134,https://api.github.com/repos/matomo-org/matomo/pulls/15134,2019-12-05T22:07:17Z,2019-11-08T02:55:00Z,6
pull,15000,b'closed',15107,https://api.github.com/repos/matomo-org/matomo/pulls/15107,2019-11-06T09:46:53Z,2019-11-04T22:21:59Z,4
pull,15216,b'closed',15219,https://api.github.com/repos/matomo-org/matomo/pulls/15219,2019-12-03T21:58:02Z,2019-12-02T12:30:42Z,7
pull,15161,b'closed',15225,https://api.github.com/repos/matomo-org/matomo/pulls/15225,2019-12-10T23:38:37Z,2019-12-02T19:25:02Z,4
pull,14880,b'closed',15089,https://api.github.com/repos/matomo-org/matomo/pulls/15089,2019-11-28T02:27:28Z,2019-10-31T20:00:16Z,21
pull,15071,b'closed',15129,https://api.github.com/repos/matomo-org/matomo/pulls/15129,2019-11-07T00:27:17Z,2019-11-06T21:09:10Z,1
pull,8613,b'open',15891,https://api.github.com/repos/matomo-org/matomo/pulls/15891,2020-05-14T07:52:49Z,2020-04-30T14:56:12Z,115
pull,9194,b'closed',9387,https://api.github.com/repos/matomo-org/matomo/pulls/9387,2015-12-21T02:41:05Z,2015-12-15T01:12:51Z,11
pull,14821,b'closed',14825,https://api.github.com/repos/matomo-org/matomo/pulls/14825,2019-08-28T23:13:52Z,2019-08-28T15:53:52Z,1
pull,14821,b'closed',47,https://api.github.com/repos/matomo-org/matomo-php-tracker/pulls/47,2019-08-28T20:17:18Z,2019-08-28T16:11:32Z,1
pull,14821,b'closed',10,https://api.github.com/repos/matomo-org/component-ini/pulls/10,2019-08-28T20:14:15Z,2019-08-28T20:06:46Z,1
pull,14821,b'closed',41,https://api.github.com/repos/matomo-org/plugin-SecurityInfo/pulls/41,2019-08-28T23:16:21Z,2019-08-28T21:09:54Z,1
pull,14821,b'closed',14867,https://api.github.com/repos/matomo-org/matomo/pulls/14867,2019-09-09T09:37:31Z,2019-09-08T08:55:03Z,1
pull,14821,b'closed',14873,https://api.github.com/repos/matomo-org/matomo/pulls/14873,2019-09-10T00:17:03Z,2019-09-09T15:13:45Z,2
pull,14821,b'closed',15153,https://api.github.com/repos/matomo-org/matomo/pulls/15153,2019-11-15T01:47:52Z,2019-11-12T23:38:39Z,3
pull,14821,b'closed',15180,https://api.github.com/repos/matomo-org/matomo/pulls/15180,2019-11-21T10:39:50Z,2019-11-21T09:46:42Z,2
pull,9748,b'open',15860,https://api.github.com/repos/matomo-org/matomo/pulls/15860,,2020-04-25T23:56:25Z,3
pull,9748,b'open',383,https://api.github.com/repos/matomo-org/developer-documentation/pulls/383,2020-09-09T05:00:48Z,2020-09-09T03:53:21Z,1
pull,15086,b'closed',15154,https://api.github.com/repos/matomo-org/matomo/pulls/15154,2019-11-19T06:44:20Z,2019-11-13T01:26:37Z,5
pull,15086,b'closed',109,https://api.github.com/repos/matomo-org/matomo-for-wordpress/pulls/109,2019-11-28T00:58:32Z,2019-11-28T00:44:09Z,1
pull,14835,b'closed',15032,https://api.github.com/repos/matomo-org/matomo/pulls/15032,2019-11-04T00:14:41Z,2019-10-21T23:25:26Z,1
pull,15151,b'closed',15158,https://api.github.com/repos/matomo-org/matomo/pulls/15158,2019-11-15T01:15:46Z,2019-11-14T07:14:31Z,1
pull,15084,b'closed',15139,https://api.github.com/repos/matomo-org/matomo/pulls/15139,2020-01-22T08:14:37Z,2019-11-10T14:38:05Z,6
pull,12816,b'closed',15088,https://api.github.com/repos/matomo-org/matomo/pulls/15088,2019-11-08T03:50:25Z,2019-10-31T19:58:07Z,15
pull,15080,b'closed',15110,https://api.github.com/repos/matomo-org/matomo/pulls/15110,2019-11-08T02:19:17Z,2019-11-05T05:55:26Z,4
pull,14714,b'closed',67,https://api.github.com/repos/matomo-org/matomo-for-wordpress/pulls/67,2019-11-07T19:54:20Z,2019-11-07T07:27:51Z,3
pull,14714,b'closed',15131,https://api.github.com/repos/matomo-org/matomo/pulls/15131,2019-11-08T02:18:23Z,2019-11-07T19:40:24Z,5
pull,14945,b'closed',15026,https://api.github.com/repos/matomo-org/matomo/pulls/15026,2019-11-07T20:29:43Z,2019-10-20T21:24:31Z,1
pull,10373,b'closed',10,https://api.github.com/repos/matomo-org/component-network/pulls/10,2019-11-06T19:12:18Z,2018-02-12T15:14:21Z,2
pull,10373,b'closed',15124,https://api.github.com/repos/matomo-org/matomo/pulls/15124,2019-11-07T03:55:38Z,2019-11-06T19:34:36Z,1
pull,15049,b'closed',15058,https://api.github.com/repos/matomo-org/matomo/pulls/15058,2019-11-05T21:58:00Z,2019-10-25T00:03:56Z,6
pull,15101,b'closed',15105,https://api.github.com/repos/matomo-org/matomo/pulls/15105,2019-11-04T21:58:55Z,2019-11-04T18:22:06Z,1
pull,15087,b'closed',14866,https://api.github.com/repos/matomo-org/matomo/pulls/14866,2019-09-17T20:35:23Z,2019-09-07T19:11:19Z,10
pull,15087,b'closed',15106,https://api.github.com/repos/matomo-org/matomo/pulls/15106,2019-11-05T04:11:25Z,2019-11-04T20:13:51Z,1
pull,15087,b'closed',73692,https://api.github.com/repos/NixOS/nixpkgs/pulls/73692,2019-11-18T22:59:30Z,2019-11-18T15:56:16Z,5
pull,15070,b'closed',15075,https://api.github.com/repos/matomo-org/matomo/pulls/15075,2019-11-04T00:52:10Z,2019-10-30T01:16:48Z,3
pull,14827,b'closed',15094,https://api.github.com/repos/matomo-org/matomo/pulls/15094,2019-11-03T18:54:24Z,2019-11-03T15:20:43Z,1
pull,14394,b'closed',51,https://api.github.com/repos/matomo-org/travis-scripts/pulls/51,2019-11-03T17:00:12Z,2019-11-03T15:41:09Z,1
pull,15078,b'closed',15079,https://api.github.com/repos/matomo-org/matomo/pulls/15079,2019-10-30T19:38:29Z,2019-10-30T10:40:22Z,2
pull,15072,b'closed',15079,https://api.github.com/repos/matomo-org/matomo/pulls/15079,2019-10-30T19:38:29Z,2019-10-30T10:40:22Z,2
pull,15053,b'closed',15068,https://api.github.com/repos/matomo-org/matomo/pulls/15068,2019-10-29T04:14:13Z,2019-10-28T16:13:52Z,7
pull,14785,b'closed',14811,https://api.github.com/repos/matomo-org/matomo/pulls/14811,2019-10-09T03:45:34Z,2019-08-25T22:52:14Z,1
pull,14849,b'closed',14852,https://api.github.com/repos/matomo-org/matomo/pulls/14852,2019-09-21T01:03:47Z,2019-09-04T08:52:47Z,2
pull,14818,b'closed',14788,https://api.github.com/repos/matomo-org/matomo/pulls/14788,2019-09-10T21:20:42Z,2019-08-18T23:57:18Z,2
pull,14814,b'closed',14941,https://api.github.com/repos/matomo-org/matomo/pulls/14941,2019-10-02T20:03:41Z,2019-10-02T18:08:38Z,1
pull,14773,b'closed',14775,https://api.github.com/repos/matomo-org/matomo/pulls/14775,2019-08-16T01:26:56Z,2019-08-15T20:09:59Z,1
pull,15033,b'closed',15038,https://api.github.com/repos/matomo-org/matomo/pulls/15038,2019-10-22T22:13:48Z,2019-10-22T20:40:09Z,1
pull,15008,b'closed',15010,https://api.github.com/repos/matomo-org/matomo/pulls/15010,2019-10-16T01:04:24Z,2019-10-15T23:06:12Z,3
pull,15008,b'closed',193,https://api.github.com/repos/matomo-org/tag-manager/pulls/193,2019-10-16T00:54:08Z,2019-10-15T23:08:56Z,3
pull,14939,b'closed',14950,https://api.github.com/repos/matomo-org/matomo/pulls/14950,2019-10-04T00:08:10Z,2019-10-03T19:47:58Z,2
pull,14889,b'closed',14890,https://api.github.com/repos/matomo-org/matomo/pulls/14890,2019-09-20T14:54:24Z,2019-09-11T20:42:54Z,5
pull,14943,b'closed',14952,https://api.github.com/repos/matomo-org/matomo/pulls/14952,2019-10-07T01:10:35Z,2019-10-03T21:00:27Z,1
pull,13951,b'closed',14424,https://api.github.com/repos/matomo-org/matomo/pulls/14424,2019-07-26T02:49:03Z,2019-05-07T05:40:01Z,2
pull,11507,b'closed',14495,https://api.github.com/repos/matomo-org/matomo/pulls/14495,2019-08-16T01:47:03Z,2019-05-28T14:42:56Z,4
pull,14745,b'closed',14884,https://api.github.com/repos/matomo-org/matomo/pulls/14884,2019-10-07T01:20:00Z,2019-09-10T21:31:54Z,19
pull,15045,b'closed',15047,https://api.github.com/repos/matomo-org/matomo/pulls/15047,2019-10-24T17:39:12Z,2019-10-23T22:40:43Z,1
pull,14851,b'closed',14853,https://api.github.com/repos/matomo-org/matomo/pulls/14853,2019-09-04T22:58:06Z,2019-09-04T09:13:24Z,3
pull,14730,b'closed',14731,https://api.github.com/repos/matomo-org/matomo/pulls/14731,2019-08-15T18:16:35Z,2019-08-05T08:52:26Z,10
pull,14677,b'closed',14678,https://api.github.com/repos/matomo-org/matomo/pulls/14678,2019-08-01T20:55:33Z,2019-07-20T03:16:00Z,1
pull,14612,b'closed',14868,https://api.github.com/repos/matomo-org/matomo/pulls/14868,2019-09-26T03:45:49Z,2019-09-08T21:39:46Z,11
pull,14586,b'closed',14668,https://api.github.com/repos/matomo-org/matomo/pulls/14668,2019-08-01T20:55:15Z,2019-07-18T04:11:10Z,4
pull,14530,b'closed',15029,https://api.github.com/repos/matomo-org/matomo/pulls/15029,2019-10-21T19:36:42Z,2019-10-21T08:34:36Z,2
pull,14520,b'closed',14729,https://api.github.com/repos/matomo-org/matomo/pulls/14729,2019-08-05T02:45:18Z,2019-08-05T01:58:39Z,2
pull,14498,b'closed',14895,https://api.github.com/repos/matomo-org/matomo/pulls/14895,2019-09-16T22:39:26Z,2019-09-16T21:57:06Z,1
pull,14333,b'closed',14594,https://api.github.com/repos/matomo-org/matomo/pulls/14594,2019-08-13T23:43:38Z,2019-06-30T21:56:04Z,106
pull,14126,b'closed',15025,https://api.github.com/repos/matomo-org/matomo/pulls/15025,2019-10-21T01:42:00Z,2019-10-20T21:24:01Z,1
pull,14118,b'closed',14466,https://api.github.com/repos/matomo-org/matomo/pulls/14466,2019-08-13T23:48:37Z,2019-05-20T21:13:42Z,20
pull,13460,b'closed',13198,https://api.github.com/repos/matomo-org/matomo/pulls/13198,2018-08-01T22:51:19Z,2018-07-23T20:06:23Z,1
pull,13460,b'closed',13481,https://api.github.com/repos/matomo-org/matomo/pulls/13481,2019-10-02T20:33:33Z,2018-09-25T22:32:02Z,180
pull,14801,b'closed',14830,https://api.github.com/repos/matomo-org/matomo/pulls/14830,2019-08-29T03:47:57Z,2019-08-28T22:38:14Z,2
pull,14944,b'closed',14951,https://api.github.com/repos/matomo-org/matomo/pulls/14951,2019-10-10T22:18:25Z,2019-10-03T20:00:18Z,1
pull,8867,b'closed',8861,https://api.github.com/repos/matomo-org/matomo/pulls/8861,2015-09-29T10:32:37Z,2015-09-28T07:20:53Z,7
pull,9954,b'closed',9976,https://api.github.com/repos/matomo-org/matomo/pulls/9976,2016-03-29T20:19:51Z,2016-03-29T19:55:38Z,2
pull,14781,b'closed',14787,https://api.github.com/repos/matomo-org/matomo/pulls/14787,2019-08-26T01:52:27Z,2019-08-18T22:35:26Z,5
pull,9423,b'closed',8213,https://api.github.com/repos/matomo-org/matomo/pulls/8213,,2015-06-25T12:18:07Z,3
pull,14402,b'closed',14400,https://api.github.com/repos/matomo-org/matomo/pulls/14400,2019-05-03T05:08:49Z,2019-05-02T04:35:49Z,3
pull,12215,b'closed',13561,https://api.github.com/repos/matomo-org/matomo/pulls/13561,2018-10-10T20:37:00Z,2018-10-08T19:32:30Z,1
pull,5309,b'closed',13929,https://api.github.com/repos/matomo-org/matomo/pulls/13929,2019-04-10T19:59:31Z,2019-01-03T16:56:37Z,39
pull,7889,b'open',7877,https://api.github.com/repos/matomo-org/matomo/pulls/7877,2015-05-12T03:39:31Z,2015-05-11T02:28:08Z,3
pull,7889,b'open',8186,https://api.github.com/repos/matomo-org/matomo/pulls/8186,2015-06-25T06:18:38Z,2015-06-23T14:46:38Z,6
pull,7889,b'open',15976,https://api.github.com/repos/matomo-org/matomo/pulls/15976,2020-05-24T20:34:54Z,2020-05-23T15:56:32Z,10
pull,7569,b'open',7760,https://api.github.com/repos/matomo-org/matomo/pulls/7760,,2015-04-24T05:28:54Z,15
pull,7569,b'open',7,https://api.github.com/repos/matomo-org/plugin-VisitorGenerator/pulls/7,,2015-04-24T05:34:20Z,2
pull,7569,b'open',7790,https://api.github.com/repos/matomo-org/matomo/pulls/7790,2015-06-03T07:10:03Z,2015-04-29T20:07:59Z,2
pull,7210,b'open',7381,https://api.github.com/repos/matomo-org/matomo/pulls/7381,2015-03-17T19:54:20Z,2015-03-07T10:09:33Z,19
pull,14998,b'closed',15020,https://api.github.com/repos/matomo-org/matomo/pulls/15020,2019-10-20T21:11:37Z,2019-10-17T20:23:49Z,1
pull,15012,b'closed',15014,https://api.github.com/repos/matomo-org/matomo/pulls/15014,2019-10-16T19:44:53Z,2019-10-16T18:53:58Z,1
pull,14881,b'closed',14885,https://api.github.com/repos/matomo-org/matomo/pulls/14885,2019-09-11T20:38:40Z,2019-09-10T21:37:39Z,2
pull,14881,b'closed',14996,https://api.github.com/repos/matomo-org/matomo/pulls/14996,2019-10-13T20:44:31Z,2019-10-11T12:45:08Z,2
pull,14985,b'closed',14997,https://api.github.com/repos/matomo-org/matomo/pulls/14997,2019-10-13T19:37:40Z,2019-10-11T13:20:31Z,1
pull,12426,b'closed',14137,https://api.github.com/repos/matomo-org/matomo/pulls/14137,,2019-02-26T05:58:33Z,7
pull,12426,b'closed',14975,https://api.github.com/repos/matomo-org/matomo/pulls/14975,2019-10-10T22:20:10Z,2019-10-08T23:46:04Z,6
pull,14972,b'closed',14982,https://api.github.com/repos/matomo-org/matomo/pulls/14982,2019-10-10T21:05:16Z,2019-10-09T23:42:20Z,6
pull,14314,b'open',26,https://api.github.com/repos/matomo-org/component-cache/pulls/26,2019-12-30T19:03:13Z,2019-12-28T11:39:21Z,9
pull,14925,b'closed',14942,https://api.github.com/repos/matomo-org/matomo/pulls/14942,2019-10-07T01:03:02Z,2019-10-02T20:53:01Z,1
pull,14918,b'closed',14933,https://api.github.com/repos/matomo-org/matomo/pulls/14933,2019-10-04T00:01:32Z,2019-10-01T21:03:24Z,2
pull,14706,b'closed',14829,https://api.github.com/repos/matomo-org/matomo/pulls/14829,2019-10-02T03:01:47Z,2019-08-28T22:36:49Z,12
pull,7716,b'closed',14365,https://api.github.com/repos/matomo-org/matomo/pulls/14365,2019-09-30T17:19:47Z,2019-04-23T06:10:27Z,456
pull,10914,b'closed',13676,https://api.github.com/repos/matomo-org/matomo/pulls/13676,2018-11-27T04:59:09Z,2018-11-07T00:02:51Z,1
pull,13037,b'closed',14866,https://api.github.com/repos/matomo-org/matomo/pulls/14866,2019-09-17T20:35:23Z,2019-09-07T19:11:19Z,10
pull,14732,b'closed',14741,https://api.github.com/repos/matomo-org/matomo/pulls/14741,2019-08-08T20:18:28Z,2019-08-08T03:05:59Z,1
pull,14828,b'closed',14857,https://api.github.com/repos/matomo-org/matomo/pulls/14857,2019-09-16T20:50:04Z,2019-09-04T21:18:55Z,8
pull,14795,b'closed',14860,https://api.github.com/repos/matomo-org/matomo/pulls/14860,2019-09-13T05:39:24Z,2019-09-05T01:56:22Z,124
pull,9492,b'closed',9654,https://api.github.com/repos/matomo-org/matomo/pulls/9654,2016-01-31T21:34:53Z,2016-01-28T19:18:26Z,3
pull,9492,b'closed',8782,https://api.github.com/repos/matomo-org/matomo/pulls/8782,,2015-09-14T08:14:45Z,1
pull,9492,b'closed',8699,https://api.github.com/repos/matomo-org/matomo/pulls/8699,,2015-09-02T13:52:06Z,1
pull,9492,b'closed',8638,https://api.github.com/repos/matomo-org/matomo/pulls/8638,,2015-08-25T13:26:52Z,1
pull,9492,b'closed',8637,https://api.github.com/repos/matomo-org/matomo/pulls/8637,,2015-08-25T13:21:53Z,1
pull,14820,b'closed',14869,https://api.github.com/repos/matomo-org/matomo/pulls/14869,2019-09-10T21:49:19Z,2019-09-08T21:41:51Z,1
pull,7978,b'open',8050,https://api.github.com/repos/matomo-org/matomo/pulls/8050,,2015-06-06T17:18:52Z,1
pull,12691,b'closed',12692,https://api.github.com/repos/matomo-org/matomo/pulls/12692,2018-04-01T16:30:30Z,2018-04-01T15:39:18Z,2
pull,12691,b'closed',12763,https://api.github.com/repos/matomo-org/matomo/pulls/12763,,2018-04-23T09:50:59Z,4
pull,12691,b'closed',14605,https://api.github.com/repos/matomo-org/matomo/pulls/14605,2019-07-05T13:33:08Z,2019-07-01T16:02:30Z,1
pull,12691,b'closed',14642,https://api.github.com/repos/matomo-org/matomo/pulls/14642,2019-07-10T23:57:11Z,2019-07-08T19:19:12Z,2
pull,14802,b'closed',14831,https://api.github.com/repos/matomo-org/matomo/pulls/14831,2019-09-03T21:09:48Z,2019-08-28T22:39:51Z,2
pull,14826,b'closed',14846,https://api.github.com/repos/matomo-org/matomo/pulls/14846,2019-09-03T02:03:05Z,2019-09-03T02:00:10Z,3
pull,14812,b'closed',14838,https://api.github.com/repos/matomo-org/matomo/pulls/14838,2019-09-03T01:20:06Z,2019-09-02T03:59:51Z,6
pull,14839,b'closed',14840,https://api.github.com/repos/matomo-org/matomo/pulls/14840,2019-09-02T19:10:05Z,2019-09-02T04:30:06Z,2
pull,12630,b'closed',14527,https://api.github.com/repos/matomo-org/matomo/pulls/14527,2019-06-17T09:08:31Z,2019-06-14T12:05:22Z,6
pull,12630,b'closed',14569,https://api.github.com/repos/matomo-org/matomo/pulls/14569,2019-08-25T22:04:02Z,2019-06-24T21:53:55Z,18
pull,14585,b'closed',14751,https://api.github.com/repos/matomo-org/matomo/pulls/14751,2019-08-25T22:03:52Z,2019-08-11T22:01:10Z,10
pull,11058,b'closed',11086,https://api.github.com/repos/matomo-org/matomo/pulls/11086,2020-01-20T21:08:50Z,2016-12-26T04:11:25Z,2
pull,11058,b'closed',11101,https://api.github.com/repos/matomo-org/matomo/pulls/11101,2016-12-27T08:59:53Z,2016-12-27T08:59:43Z,1
pull,12680,b'closed',14783,https://api.github.com/repos/matomo-org/matomo/pulls/14783,2019-08-19T21:32:04Z,2019-08-18T12:30:38Z,74
pull,4905,b'closed',17,https://api.github.com/repos/dwayne45/matomo/pulls/17,,2022-10-16T20:28:19Z,2
pull,4905,b'closed',29,https://api.github.com/repos/sirinartk/matomo/pulls/29,,2022-10-17T17:51:07Z,2
pull,7215,b'closed',14092,https://api.github.com/repos/matomo-org/matomo/pulls/14092,2019-02-24T02:40:21Z,2019-02-12T06:46:52Z,7
pull,14460,b'closed',14688,https://api.github.com/repos/matomo-org/matomo/pulls/14688,2019-08-05T03:21:30Z,2019-07-22T21:50:26Z,3
pull,13979,b'closed',14689,https://api.github.com/repos/matomo-org/matomo/pulls/14689,2019-08-05T03:20:41Z,2019-07-22T21:51:23Z,10
pull,14716,b'closed',14724,https://api.github.com/repos/matomo-org/matomo/pulls/14724,2019-08-04T22:22:59Z,2019-08-02T07:56:16Z,4
pull,14085,b'closed',14708,https://api.github.com/repos/matomo-org/matomo/pulls/14708,2019-08-04T15:54:35Z,2019-07-29T15:15:39Z,1
pull,14648,b'closed',14665,https://api.github.com/repos/matomo-org/matomo/pulls/14665,2019-08-01T20:51:23Z,2019-07-18T02:55:07Z,1
pull,14487,b'closed',14674,https://api.github.com/repos/matomo-org/matomo/pulls/14674,2019-07-30T21:28:23Z,2019-07-18T20:50:25Z,5
pull,14447,b'closed',14448,https://api.github.com/repos/matomo-org/matomo/pulls/14448,2019-07-08T00:03:10Z,2019-05-14T08:51:01Z,2
pull,14447,b'closed',17531,https://api.github.com/repos/matomo-org/matomo/pulls/17531,2021-05-26T22:29:00Z,2021-05-07T04:44:28Z,18
pull,14339,b'closed',14449,https://api.github.com/repos/matomo-org/matomo/pulls/14449,2019-07-16T23:06:29Z,2019-05-15T00:54:42Z,2
pull,14613,b'closed',14618,https://api.github.com/repos/matomo-org/matomo/pulls/14618,2019-07-03T10:57:11Z,2019-07-02T18:42:21Z,1
pull,14563,b'closed',14565,https://api.github.com/repos/matomo-org/matomo/pulls/14565,2019-07-02T10:39:52Z,2019-06-24T08:00:16Z,1
pull,14607,b'closed',14608,https://api.github.com/repos/matomo-org/matomo/pulls/14608,,2019-07-02T00:13:04Z,27
pull,7554,b'closed',14681,https://api.github.com/repos/matomo-org/matomo/pulls/14681,2019-07-22T23:21:00Z,2019-07-21T21:31:03Z,16
pull,14577,b'closed',14643,https://api.github.com/repos/matomo-org/matomo/pulls/14643,2019-07-11T19:44:19Z,2019-07-08T22:16:03Z,1
pull,14539,b'closed',14558,https://api.github.com/repos/matomo-org/matomo/pulls/14558,2019-07-05T13:54:52Z,2019-06-23T19:25:02Z,2
pull,14458,b'closed',14459,https://api.github.com/repos/matomo-org/matomo/pulls/14459,2019-06-18T22:55:42Z,2019-05-17T09:54:12Z,1
pull,10348,b'closed',10349,https://api.github.com/repos/matomo-org/matomo/pulls/10349,2016-08-03T22:04:37Z,2016-07-26T20:26:09Z,4
pull,10348,b'closed',307,https://api.github.com/repos/matomo-org/developer-documentation/pulls/307,2019-06-24T09:17:17Z,2019-06-24T09:06:16Z,1
pull,14344,b'closed',123,https://api.github.com/repos/matomo-org/plugin-CustomDimensions/pulls/123,2019-04-14T23:00:14Z,2019-04-14T20:55:42Z,1
pull,14344,b'closed',14347,https://api.github.com/repos/matomo-org/matomo/pulls/14347,2019-05-20T10:59:01Z,2019-04-14T20:57:51Z,3
pull,14621,b'closed',14666,https://api.github.com/repos/matomo-org/matomo/pulls/14666,2019-07-22T23:22:39Z,2019-07-18T03:00:54Z,1
pull,12340,b'closed',96,https://api.github.com/repos/matomo-org/plugin-QueuedTracking/pulls/96,2019-01-31T22:12:58Z,2019-01-31T21:56:56Z,4
pull,13813,b'closed',13934,https://api.github.com/repos/matomo-org/matomo/pulls/13934,2019-07-17T04:33:12Z,2019-01-06T20:10:00Z,3
pull,14446,b'closed',14657,https://api.github.com/repos/matomo-org/matomo/pulls/14657,2019-07-17T04:13:05Z,2019-07-14T21:48:20Z,1
pull,10109,b'closed',14253,https://api.github.com/repos/matomo-org/matomo/pulls/14253,2019-07-16T04:33:26Z,2019-03-22T00:37:54Z,125
pull,14475,b'closed',14476,https://api.github.com/repos/matomo-org/matomo/pulls/14476,2019-07-14T20:06:05Z,2019-05-24T07:21:45Z,4
pull,14452,b'closed',14491,https://api.github.com/repos/matomo-org/matomo/pulls/14491,2019-07-12T00:37:59Z,2019-05-27T21:19:52Z,28
pull,14580,b'closed',14640,https://api.github.com/repos/matomo-org/matomo/pulls/14640,2019-07-10T23:55:45Z,2019-07-07T21:35:03Z,2
pull,13706,b'closed',14576,https://api.github.com/repos/matomo-org/matomo/pulls/14576,2019-07-09T21:51:53Z,2019-06-26T21:52:29Z,4
pull,14534,b'closed',14537,https://api.github.com/repos/matomo-org/matomo/pulls/14537,2019-07-05T13:53:08Z,2019-06-18T11:43:47Z,2
pull,14517,b'closed',14560,https://api.github.com/repos/matomo-org/matomo/pulls/14560,2019-07-05T13:50:12Z,2019-06-23T20:40:59Z,3
pull,14615,b'closed',14616,https://api.github.com/repos/matomo-org/matomo/pulls/14616,2019-07-03T10:56:51Z,2019-07-02T14:36:10Z,1
pull,14499,b'closed',14562,https://api.github.com/repos/matomo-org/matomo/pulls/14562,2019-07-02T10:33:55Z,2019-06-23T21:07:15Z,2
pull,12770,b'closed',13906,https://api.github.com/repos/matomo-org/matomo/pulls/13906,2019-01-22T05:04:42Z,2018-12-23T23:07:06Z,15
pull,12770,b'closed',13916,https://api.github.com/repos/matomo-org/matomo/pulls/13916,2019-02-12T22:31:08Z,2018-12-27T14:27:43Z,78
pull,14595,b'closed',14596,https://api.github.com/repos/matomo-org/matomo/pulls/14596,2019-07-01T09:07:51Z,2019-07-01T05:54:49Z,1
pull,3531,b'closed',13686,https://api.github.com/repos/matomo-org/matomo/pulls/13686,2019-04-11T21:15:59Z,2018-11-08T17:57:28Z,2
pull,14289,b'closed',14296,https://api.github.com/repos/matomo-org/matomo/pulls/14296,2019-03-31T23:53:20Z,2019-03-31T18:25:23Z,4
pull,14262,b'closed',14263,https://api.github.com/repos/matomo-org/matomo/pulls/14263,2019-03-28T07:43:18Z,2019-03-24T20:11:50Z,1
pull,14254,b'closed',14283,https://api.github.com/repos/matomo-org/matomo/pulls/14283,2019-04-01T20:44:01Z,2019-03-28T23:32:27Z,1
pull,14189,b'closed',14188,https://api.github.com/repos/matomo-org/matomo/pulls/14188,,2019-03-12T13:14:56Z,2
pull,14189,b'closed',14260,https://api.github.com/repos/matomo-org/matomo/pulls/14260,2019-04-01T09:26:43Z,2019-03-24T11:54:11Z,2
pull,14174,b'closed',14201,https://api.github.com/repos/matomo-org/matomo/pulls/14201,2019-03-29T23:19:50Z,2019-03-13T21:40:26Z,1
pull,14100,b'closed',14127,https://api.github.com/repos/matomo-org/matomo/pulls/14127,2019-04-17T00:55:52Z,2019-02-22T01:12:46Z,5
pull,13988,b'closed',14002,https://api.github.com/repos/matomo-org/matomo/pulls/14002,2019-04-08T06:20:09Z,2019-01-23T02:09:00Z,5
pull,13742,b'closed',14113,https://api.github.com/repos/matomo-org/matomo/pulls/14113,2019-05-05T22:58:01Z,2019-02-18T10:13:51Z,2
pull,14401,b'closed',14405,https://api.github.com/repos/matomo-org/matomo/pulls/14405,2019-05-05T22:28:40Z,2019-05-02T20:43:17Z,1
pull,14251,b'closed',14322,https://api.github.com/repos/matomo-org/matomo/pulls/14322,2019-04-10T22:56:26Z,2019-04-07T23:24:14Z,2
pull,14124,b'closed',14356,https://api.github.com/repos/matomo-org/matomo/pulls/14356,2019-05-19T16:53:02Z,2019-04-17T21:37:36Z,3
pull,14267,b'closed',14281,https://api.github.com/repos/matomo-org/matomo/pulls/14281,2019-04-11T04:25:31Z,2019-03-28T21:52:49Z,3
pull,14302,b'closed',14467,https://api.github.com/repos/matomo-org/matomo/pulls/14467,2019-05-24T04:42:45Z,2019-05-20T22:12:52Z,1
pull,14224,b'closed',14284,https://api.github.com/repos/matomo-org/matomo/pulls/14284,2019-04-11T02:58:08Z,2019-03-29T00:08:10Z,2
pull,12894,b'closed',14063,https://api.github.com/repos/matomo-org/matomo/pulls/14063,2019-05-14T23:43:16Z,2019-02-01T04:11:20Z,43
pull,14071,b'closed',14507,https://api.github.com/repos/matomo-org/matomo/pulls/14507,2019-06-07T20:30:05Z,2019-06-02T20:46:03Z,1
pull,14437,b'closed',14453,https://api.github.com/repos/matomo-org/matomo/pulls/14453,2019-05-16T21:20:30Z,2019-05-16T13:22:43Z,6
pull,14307,b'closed',14051,https://api.github.com/repos/matomo-org/matomo/pulls/14051,2019-03-14T22:24:37Z,2019-01-30T03:02:17Z,67
pull,14307,b'closed',14337,https://api.github.com/repos/matomo-org/matomo/pulls/14337,2019-04-11T00:35:14Z,2019-04-10T21:32:01Z,1
pull,14420,b'closed',14430,https://api.github.com/repos/matomo-org/matomo/pulls/14430,2019-05-28T01:31:40Z,2019-05-08T22:48:28Z,139
pull,14420,b'closed',14625,https://api.github.com/repos/matomo-org/matomo/pulls/14625,2019-07-04T11:38:24Z,2019-07-04T11:26:36Z,2
pull,14420,b'closed',166,https://api.github.com/repos/matomo-org/tag-manager/pulls/166,2019-07-04T11:38:06Z,2019-07-04T11:28:45Z,1
pull,14420,b'closed',14747,https://api.github.com/repos/matomo-org/matomo/pulls/14747,2019-08-16T02:17:56Z,2019-08-09T07:26:37Z,1
pull,14393,b'closed',14397,https://api.github.com/repos/matomo-org/matomo/pulls/14397,,2019-05-01T21:21:10Z,1
pull,14393,b'closed',14403,https://api.github.com/repos/matomo-org/matomo/pulls/14403,2019-05-02T21:10:49Z,2019-05-02T12:15:30Z,1
pull,14056,b'closed',14410,https://api.github.com/repos/matomo-org/matomo/pulls/14410,2019-05-05T21:20:04Z,2019-05-04T07:04:01Z,1
pull,9987,b'closed',13686,https://api.github.com/repos/matomo-org/matomo/pulls/13686,2019-04-11T21:15:59Z,2018-11-08T17:57:28Z,2
pull,13581,b'closed',14387,https://api.github.com/repos/matomo-org/matomo/pulls/14387,2019-05-02T21:10:00Z,2019-04-29T22:13:37Z,3
pull,12540,b'closed',12208,https://api.github.com/repos/matomo-org/matomo/pulls/12208,2018-07-26T21:24:53Z,2017-10-18T22:16:34Z,33
pull,12540,b'closed',14400,https://api.github.com/repos/matomo-org/matomo/pulls/14400,2019-05-03T05:08:49Z,2019-05-02T04:35:49Z,3
pull,5815,b'open',13435,https://api.github.com/repos/matomo-org/matomo/pulls/13435,,2018-09-17T02:16:15Z,1
pull,14474,b'closed',14561,https://api.github.com/repos/matomo-org/matomo/pulls/14561,2019-06-24T04:50:47Z,2019-06-23T21:06:22Z,2
pull,14524,b'closed',14546,https://api.github.com/repos/matomo-org/matomo/pulls/14546,2019-06-20T04:40:16Z,2019-06-19T20:47:10Z,1
pull,12467,b'closed',12468,https://api.github.com/repos/matomo-org/matomo/pulls/12468,2019-06-18T22:05:52Z,2018-01-17T20:31:16Z,66
pull,14086,b'closed',14432,https://api.github.com/repos/matomo-org/matomo/pulls/14432,2019-06-18T04:45:33Z,2019-05-09T04:27:09Z,28
pull,13740,b'closed',14454,https://api.github.com/repos/matomo-org/matomo/pulls/14454,2019-05-28T01:28:05Z,2019-05-16T21:49:44Z,13
pull,13740,b'closed',14521,https://api.github.com/repos/matomo-org/matomo/pulls/14521,2019-06-18T00:56:57Z,2019-06-11T21:53:40Z,2
pull,14293,b'closed',14506,https://api.github.com/repos/matomo-org/matomo/pulls/14506,2019-06-10T09:50:30Z,2019-05-31T21:24:35Z,2
pull,14512,b'closed',15784,https://api.github.com/repos/matomo-org/matomo/pulls/15784,2020-04-08T15:17:44Z,2020-04-06T21:38:44Z,5
pull,14455,b'closed',14467,https://api.github.com/repos/matomo-org/matomo/pulls/14467,2019-05-24T04:42:45Z,2019-05-20T22:12:52Z,1
pull,14374,b'closed',14415,https://api.github.com/repos/matomo-org/matomo/pulls/14415,2019-05-08T22:47:38Z,2019-05-06T03:34:12Z,3
pull,13994,b'closed',14017,https://api.github.com/repos/matomo-org/matomo/pulls/14017,2019-05-14T23:47:10Z,2019-01-23T22:28:24Z,89
pull,13966,b'closed',14317,https://api.github.com/repos/matomo-org/matomo/pulls/14317,2019-05-03T00:34:00Z,2019-04-05T04:42:04Z,7
pull,13856,b'closed',14438,https://api.github.com/repos/matomo-org/matomo/pulls/14438,2019-05-28T01:29:04Z,2019-05-10T02:36:21Z,2
pull,12721,b'closed',14351,https://api.github.com/repos/matomo-org/matomo/pulls/14351,2019-05-02T03:22:55Z,2019-04-16T21:58:31Z,2
pull,9981,b'closed',14316,https://api.github.com/repos/matomo-org/matomo/pulls/14316,2019-04-24T00:08:51Z,2019-04-05T04:40:40Z,68
pull,6772,b'closed',13929,https://api.github.com/repos/matomo-org/matomo/pulls/13929,2019-04-10T19:59:31Z,2019-01-03T16:56:37Z,39
pull,14195,b'closed',14399,https://api.github.com/repos/matomo-org/matomo/pulls/14399,2019-05-03T05:06:07Z,2019-05-02T01:44:38Z,12
pull,14208,b'closed',14212,https://api.github.com/repos/matomo-org/matomo/pulls/14212,2019-03-28T07:52:23Z,2019-03-16T22:27:54Z,1
pull,14208,b'closed',14423,https://api.github.com/repos/matomo-org/matomo/pulls/14423,2019-05-24T21:18:04Z,2019-05-07T03:08:18Z,4
pull,10534,b'open',71,https://api.github.com/repos/matomo-org/piwik-dotnet-tracker/pulls/71,,2019-05-02T05:37:26Z,8
pull,9716,b'closed',9951,https://api.github.com/repos/matomo-org/matomo/pulls/9951,2016-03-29T19:24:22Z,2016-03-20T12:25:00Z,5
pull,13628,b'closed',13630,https://api.github.com/repos/matomo-org/matomo/pulls/13630,,2018-10-20T07:58:18Z,1
pull,13628,b'closed',14412,https://api.github.com/repos/matomo-org/matomo/pulls/14412,2019-05-17T09:27:01Z,2019-05-05T23:18:35Z,1
pull,13628,b'closed',1,https://api.github.com/repos/DevVault/matomo/pulls/1,,2022-04-22T18:05:33Z,1
pull,11029,b'closed',13122,https://api.github.com/repos/matomo-org/matomo/pulls/13122,2018-07-02T09:10:31Z,2018-07-01T20:58:16Z,1
pull,11029,b'closed',14422,https://api.github.com/repos/matomo-org/matomo/pulls/14422,2019-05-17T09:22:51Z,2019-05-07T00:37:40Z,1
pull,13711,b'closed',13975,https://api.github.com/repos/matomo-org/matomo/pulls/13975,2019-05-16T00:12:06Z,2019-01-18T05:49:11Z,54
pull,14167,b'closed',14257,https://api.github.com/repos/matomo-org/matomo/pulls/14257,2019-03-24T19:22:16Z,2019-03-22T12:52:05Z,1
pull,13752,b'closed',14023,https://api.github.com/repos/matomo-org/matomo/pulls/14023,2019-05-15T01:16:29Z,2019-01-25T00:29:29Z,14
pull,13136,b'closed',14063,https://api.github.com/repos/matomo-org/matomo/pulls/14063,2019-05-14T23:43:16Z,2019-02-01T04:11:20Z,43
pull,9200,b'closed',9774,https://api.github.com/repos/matomo-org/matomo/pulls/9774,2016-03-10T16:58:03Z,2016-02-13T10:04:49Z,4
pull,14433,b'closed',14436,https://api.github.com/repos/matomo-org/matomo/pulls/14436,2019-05-12T21:27:14Z,2019-05-09T16:35:13Z,3
pull,14442,b'closed',161,https://api.github.com/repos/matomo-org/tag-manager/pulls/161,2019-05-11T22:01:08Z,2019-05-11T14:55:06Z,1
pull,14442,b'closed',14443,https://api.github.com/repos/matomo-org/matomo/pulls/14443,2019-05-11T15:36:11Z,2019-05-11T15:34:03Z,25
pull,14364,b'closed',14372,https://api.github.com/repos/matomo-org/matomo/pulls/14372,2019-05-09T20:20:27Z,2019-04-25T16:57:44Z,30
pull,14418,b'closed',14675,https://api.github.com/repos/matomo-org/matomo/pulls/14675,2019-08-01T21:19:02Z,2019-07-18T22:33:33Z,1
pull,7316,b'open',7686,https://api.github.com/repos/matomo-org/matomo/pulls/7686,,2015-04-15T19:01:49Z,3
pull,14042,b'closed',14332,https://api.github.com/repos/matomo-org/matomo/pulls/14332,2019-05-02T03:54:39Z,2019-04-09T23:17:54Z,5
pull,14396,b'closed',71,https://api.github.com/repos/matomo-org/piwik-dotnet-tracker/pulls/71,,2019-05-02T05:37:26Z,8
pull,14367,b'closed',14617,https://api.github.com/repos/matomo-org/matomo/pulls/14617,2019-08-04T20:59:05Z,2019-07-02T15:11:18Z,4
pull,7970,b'open',15,https://api.github.com/repos/dwayne45/matomo/pulls/15,,2022-07-31T21:39:34Z,2
pull,7970,b'open',16,https://api.github.com/repos/dwayne45/matomo/pulls/16,,2022-08-01T06:44:32Z,1
pull,13882,b'closed',13884,https://api.github.com/repos/matomo-org/matomo/pulls/13884,2019-05-20T11:39:47Z,2018-12-19T18:44:53Z,1
pull,13882,b'closed',14358,https://api.github.com/repos/matomo-org/matomo/pulls/14358,2019-04-23T21:15:29Z,2019-04-18T05:37:48Z,7
pull,7868,b'closed',15,https://api.github.com/repos/dwayne45/matomo/pulls/15,,2022-07-31T21:39:34Z,2
pull,7868,b'closed',16,https://api.github.com/repos/dwayne45/matomo/pulls/16,,2022-08-01T06:44:32Z,1
pull,14298,b'closed',14318,https://api.github.com/repos/matomo-org/matomo/pulls/14318,2019-04-16T01:12:06Z,2019-04-05T05:08:02Z,3
pull,14304,b'closed',14349,https://api.github.com/repos/matomo-org/matomo/pulls/14349,2019-04-16T01:04:28Z,2019-04-15T22:22:32Z,3
pull,14223,b'closed',14343,https://api.github.com/repos/matomo-org/matomo/pulls/14343,2019-04-12T01:59:32Z,2019-04-12T01:59:21Z,1
pull,14072,b'closed',14083,https://api.github.com/repos/matomo-org/matomo/pulls/14083,2019-04-11T01:02:59Z,2019-02-10T04:20:29Z,24
pull,13359,b'closed',13933,https://api.github.com/repos/matomo-org/matomo/pulls/13933,2019-04-07T19:58:32Z,2019-01-06T17:52:09Z,2
pull,13954,b'closed',13955,https://api.github.com/repos/matomo-org/matomo/pulls/13955,2019-04-07T19:56:15Z,2019-01-14T08:25:09Z,1
pull,14087,b'closed',14112,https://api.github.com/repos/matomo-org/matomo/pulls/14112,2019-04-05T17:13:58Z,2019-02-18T05:06:21Z,29
pull,12300,b'closed',14213,https://api.github.com/repos/matomo-org/matomo/pulls/14213,2019-04-02T21:15:50Z,2019-03-17T12:33:23Z,4
pull,14101,b'closed',14184,https://api.github.com/repos/matomo-org/matomo/pulls/14184,2019-04-01T21:56:58Z,2019-03-11T20:12:02Z,49
pull,14101,b'closed',14310,https://api.github.com/repos/matomo-org/matomo/pulls/14310,2019-04-03T02:52:21Z,2019-04-03T02:00:48Z,4
pull,14230,b'closed',14282,https://api.github.com/repos/matomo-org/matomo/pulls/14282,2019-04-01T21:14:05Z,2019-03-28T23:26:56Z,2
pull,14264,b'closed',14266,https://api.github.com/repos/matomo-org/matomo/pulls/14266,2019-03-28T07:44:50Z,2019-03-24T22:49:11Z,1
pull,14191,b'closed',14197,https://api.github.com/repos/matomo-org/matomo/pulls/14197,2019-03-28T07:43:56Z,2019-03-13T20:12:58Z,2
pull,3921,b'closed',3,https://api.github.com/repos/DevVault/matomo/pulls/3,,2022-04-23T17:51:23Z,2
pull,3921,b'closed',4,https://api.github.com/repos/DevVault/matomo/pulls/4,,2022-04-23T17:51:33Z,2
pull,14227,b'closed',14236,https://api.github.com/repos/matomo-org/matomo/pulls/14236,2019-03-20T20:51:31Z,2019-03-19T17:10:30Z,1
pull,14226,b'closed',14228,https://api.github.com/repos/matomo-org/matomo/pulls/14228,2019-03-20T09:39:02Z,2019-03-19T09:15:35Z,1
pull,14219,b'open',14288,https://api.github.com/repos/matomo-org/matomo/pulls/14288,2019-04-11T02:54:45Z,2019-03-29T18:29:16Z,2
pull,14219,b'open',302,https://api.github.com/repos/matomo-org/developer-documentation/pulls/302,2019-05-20T23:57:18Z,2019-04-11T02:54:03Z,1
pull,11006,b'closed',11659,https://api.github.com/repos/matomo-org/matomo/pulls/11659,2019-03-04T00:07:02Z,2017-04-29T03:26:51Z,7
pull,14198,b'closed',14063,https://api.github.com/repos/matomo-org/matomo/pulls/14063,2019-05-14T23:43:16Z,2019-02-01T04:11:20Z,43
pull,14180,b'closed',14183,https://api.github.com/repos/matomo-org/matomo/pulls/14183,2019-03-12T01:22:39Z,2019-03-11T19:47:59Z,75
pull,4046,b'closed',24,https://api.github.com/repos/sirinartk/matomo/pulls/24,,2022-03-22T18:38:51Z,2
pull,4046,b'closed',11,https://api.github.com/repos/dwayne45/matomo/pulls/11,,2022-03-23T06:28:48Z,2
pull,13753,b'closed',13972,https://api.github.com/repos/matomo-org/matomo/pulls/13972,2019-03-12T23:16:42Z,2019-01-17T06:30:15Z,6
pull,8698,b'closed',13923,https://api.github.com/repos/matomo-org/matomo/pulls/13923,2019-02-18T14:02:30Z,2018-12-30T23:02:02Z,28
pull,9292,b'closed',10397,https://api.github.com/repos/matomo-org/matomo/pulls/10397,2016-08-29T01:30:52Z,2016-08-14T22:40:01Z,846
pull,14008,b'closed',14019,https://api.github.com/repos/matomo-org/matomo/pulls/14019,2019-03-11T10:49:35Z,2019-01-24T10:28:33Z,3
pull,13992,b'closed',14003,https://api.github.com/repos/matomo-org/matomo/pulls/14003,2019-02-10T23:12:20Z,2019-01-23T02:17:22Z,11
pull,13770,b'closed',13913,https://api.github.com/repos/matomo-org/matomo/pulls/13913,2019-03-15T00:35:52Z,2018-12-27T11:59:14Z,10
pull,14162,b'closed',14164,https://api.github.com/repos/matomo-org/matomo/pulls/14164,2019-03-07T21:50:57Z,2019-03-04T22:31:22Z,12
pull,14120,b'closed',14200,https://api.github.com/repos/matomo-org/matomo/pulls/14200,2019-03-17T19:08:15Z,2019-03-13T21:37:10Z,1
pull,14088,b'closed',14078,https://api.github.com/repos/matomo-org/matomo/pulls/14078,2019-02-25T10:07:16Z,2019-02-07T00:54:22Z,3
pull,13466,b'closed',13542,https://api.github.com/repos/matomo-org/matomo/pulls/13542,,2018-10-04T23:35:28Z,1
pull,13466,b'closed',13758,https://api.github.com/repos/matomo-org/matomo/pulls/13758,2018-11-27T04:17:31Z,2018-11-24T04:42:34Z,6
pull,13466,b'closed',13917,https://api.github.com/repos/matomo-org/matomo/pulls/13917,2018-12-27T22:15:25Z,2018-12-27T21:14:25Z,1
pull,14018,b'closed',14196,https://api.github.com/repos/matomo-org/matomo/pulls/14196,2019-03-15T04:18:46Z,2019-03-13T05:57:24Z,1
pull,13592,b'closed',14175,https://api.github.com/repos/matomo-org/matomo/pulls/14175,2019-03-14T22:42:05Z,2019-03-11T03:21:51Z,1
pull,11936,b'closed',33,https://api.github.com/repos/matomo-org/travis-scripts/pulls/33,,2017-06-23T10:12:37Z,1
pull,11936,b'closed',12099,https://api.github.com/repos/matomo-org/matomo/pulls/12099,2017-09-24T19:09:38Z,2017-09-21T17:22:13Z,2
pull,11936,b'closed',13477,https://api.github.com/repos/matomo-org/matomo/pulls/13477,2018-09-25T21:14:19Z,2018-09-25T07:16:41Z,9
pull,11936,b'closed',14148,https://api.github.com/repos/matomo-org/matomo/pulls/14148,2019-03-11T04:47:28Z,2019-02-28T21:31:25Z,3
pull,6125,b'closed',14136,https://api.github.com/repos/matomo-org/matomo/pulls/14136,2019-03-07T22:42:04Z,2019-02-26T00:57:15Z,6
pull,10488,b'closed',14052,https://api.github.com/repos/matomo-org/matomo/pulls/14052,2019-03-07T02:24:04Z,2019-01-30T06:51:41Z,5
pull,9229,b'closed',14076,https://api.github.com/repos/matomo-org/matomo/pulls/14076,2019-03-07T01:29:10Z,2019-02-06T21:35:52Z,94
pull,14143,b'closed',14146,https://api.github.com/repos/matomo-org/matomo/pulls/14146,2019-03-04T04:26:15Z,2019-02-27T20:55:33Z,6
pull,14143,b'closed',296,https://api.github.com/repos/matomo-org/developer-documentation/pulls/296,2019-03-19T00:07:20Z,2019-03-18T23:39:35Z,1
pull,14150,b'closed',14151,https://api.github.com/repos/matomo-org/matomo/pulls/14151,2019-03-03T22:09:13Z,2019-03-01T12:52:00Z,1
pull,10747,b'closed',13961,https://api.github.com/repos/matomo-org/matomo/pulls/13961,2019-02-26T04:36:53Z,2019-01-14T14:50:07Z,1
pull,13488,b'closed',14111,https://api.github.com/repos/matomo-org/matomo/pulls/14111,2019-02-26T03:25:13Z,2019-02-18T01:41:42Z,2
pull,10079,b'closed',14077,https://api.github.com/repos/matomo-org/matomo/pulls/14077,2019-02-25T12:49:24Z,2019-02-06T22:44:46Z,2
pull,13971,b'closed',13978,https://api.github.com/repos/matomo-org/matomo/pulls/13978,2019-02-24T02:39:27Z,2019-01-20T16:22:18Z,2
pull,8616,b'closed',13923,https://api.github.com/repos/matomo-org/matomo/pulls/13923,2019-02-18T14:02:30Z,2018-12-30T23:02:02Z,28
pull,3934,b'closed',3,https://api.github.com/repos/DevVault/matomo/pulls/3,,2022-04-23T17:51:23Z,2
pull,3934,b'closed',4,https://api.github.com/repos/DevVault/matomo/pulls/4,,2022-04-23T17:51:33Z,2
pull,13332,b'closed',13916,https://api.github.com/repos/matomo-org/matomo/pulls/13916,2019-02-12T22:31:08Z,2018-12-27T14:27:43Z,78
pull,13839,b'closed',13888,https://api.github.com/repos/matomo-org/matomo/pulls/13888,2018-12-19T23:34:35Z,2018-12-19T20:57:00Z,2
pull,13839,b'closed',13942,https://api.github.com/repos/matomo-org/matomo/pulls/13942,2019-01-10T00:59:22Z,2019-01-09T05:03:01Z,3
pull,10989,b'closed',14079,https://api.github.com/repos/matomo-org/matomo/pulls/14079,2019-02-12T03:53:34Z,2019-02-07T02:44:56Z,8
pull,14053,b'closed',13929,https://api.github.com/repos/matomo-org/matomo/pulls/13929,2019-04-10T19:59:31Z,2019-01-03T16:56:37Z,39
pull,13047,b'closed',13315,https://api.github.com/repos/matomo-org/matomo/pulls/13315,,2018-08-19T12:54:09Z,1
pull,13047,b'closed',13580,https://api.github.com/repos/matomo-org/matomo/pulls/13580,2018-10-11T19:07:38Z,2018-10-10T22:59:41Z,2
pull,14054,b'closed',14057,https://api.github.com/repos/matomo-org/matomo/pulls/14057,2019-01-31T03:08:02Z,2019-01-30T19:35:53Z,1
pull,14027,b'closed',14033,https://api.github.com/repos/matomo-org/matomo/pulls/14033,2019-01-28T00:24:03Z,2019-01-28T00:10:27Z,3
pull,14045,b'closed',288,https://api.github.com/repos/matomo-org/developer-documentation/pulls/288,2019-01-29T18:47:07Z,2019-01-29T09:49:47Z,1
pull,13418,b'closed',13593,https://api.github.com/repos/matomo-org/matomo/pulls/13593,2018-10-12T19:17:40Z,2018-10-11T20:23:51Z,1
pull,13418,b'closed',13635,https://api.github.com/repos/matomo-org/matomo/pulls/13635,2018-11-01T12:52:48Z,2018-10-21T09:43:36Z,1
pull,13418,b'closed',13639,https://api.github.com/repos/matomo-org/matomo/pulls/13639,,2018-10-22T11:18:10Z,1
pull,13418,b'closed',14011,https://api.github.com/repos/matomo-org/matomo/pulls/14011,2019-01-28T02:58:47Z,2019-01-23T13:57:22Z,3
pull,13626,b'closed',14024,https://api.github.com/repos/matomo-org/matomo/pulls/14024,2019-01-29T05:05:27Z,2019-01-25T02:46:36Z,4
pull,12754,b'closed',13653,https://api.github.com/repos/matomo-org/matomo/pulls/13653,2019-01-22T05:51:49Z,2018-10-29T00:41:23Z,2
pull,13991,b'closed',14005,https://api.github.com/repos/matomo-org/matomo/pulls/14005,2019-01-28T00:08:41Z,2019-01-23T04:25:22Z,1
pull,5276,b'closed',6565,https://api.github.com/repos/matomo-org/matomo/pulls/6565,2014-11-26T02:46:47Z,2014-10-30T22:54:39Z,132
pull,14010,b'closed',14014,https://api.github.com/repos/matomo-org/matomo/pulls/14014,2019-01-24T23:47:54Z,2019-01-23T20:16:42Z,1
pull,14020,b'closed',14022,https://api.github.com/repos/matomo-org/matomo/pulls/14022,2019-01-24T21:09:06Z,2019-01-24T19:22:56Z,1
pull,14020,b'closed',14200,https://api.github.com/repos/matomo-org/matomo/pulls/14200,2019-03-17T19:08:15Z,2019-03-13T21:37:10Z,1
pull,13897,b'closed',13970,https://api.github.com/repos/matomo-org/matomo/pulls/13970,2019-01-21T23:45:28Z,2019-01-17T03:10:11Z,4
pull,13995,b'closed',13997,https://api.github.com/repos/matomo-org/matomo/pulls/13997,2019-01-23T00:18:22Z,2019-01-22T11:06:50Z,1
pull,13344,b'closed',13921,https://api.github.com/repos/matomo-org/matomo/pulls/13921,2019-01-22T05:05:57Z,2018-12-30T14:54:42Z,1
pull,13625,b'closed',13963,https://api.github.com/repos/matomo-org/matomo/pulls/13963,2019-01-21T23:46:04Z,2019-01-14T20:47:56Z,2
pull,13701,b'closed',13960,https://api.github.com/repos/matomo-org/matomo/pulls/13960,2019-01-22T00:52:11Z,2019-01-14T12:03:55Z,2
pull,13160,b'closed',13932,https://api.github.com/repos/matomo-org/matomo/pulls/13932,2019-01-22T01:24:08Z,2019-01-05T21:52:30Z,1
pull,13059,b'closed',13932,https://api.github.com/repos/matomo-org/matomo/pulls/13932,2019-01-22T01:24:08Z,2019-01-05T21:52:30Z,1
pull,11849,b'closed',13962,https://api.github.com/repos/matomo-org/matomo/pulls/13962,2019-01-21T23:47:34Z,2019-01-14T17:58:09Z,1
pull,11384,b'closed',13909,https://api.github.com/repos/matomo-org/matomo/pulls/13909,2019-01-22T04:23:57Z,2018-12-26T06:08:57Z,6
pull,9916,b'closed',13727,https://api.github.com/repos/matomo-org/matomo/pulls/13727,2019-01-22T05:26:46Z,2018-11-19T02:55:18Z,1
pull,7212,b'closed',7410,https://api.github.com/repos/matomo-org/matomo/pulls/7410,2015-04-01T01:25:03Z,2015-03-11T03:22:57Z,3
pull,7212,b'closed',9478,https://api.github.com/repos/matomo-org/matomo/pulls/9478,2016-01-12T18:34:25Z,2016-01-05T23:41:42Z,21
pull,7212,b'closed',12298,https://api.github.com/repos/matomo-org/matomo/pulls/12298,2018-01-06T23:41:30Z,2017-11-26T17:15:30Z,10
pull,7212,b'closed',12299,https://api.github.com/repos/matomo-org/matomo/pulls/12299,2017-12-14T22:09:43Z,2017-11-26T18:26:14Z,1
pull,7212,b'closed',13939,https://api.github.com/repos/matomo-org/matomo/pulls/13939,2019-01-22T01:38:26Z,2019-01-07T22:25:39Z,99
pull,5214,b'closed',13904,https://api.github.com/repos/matomo-org/matomo/pulls/13904,2019-01-22T05:16:34Z,2018-12-21T21:09:47Z,4
pull,4018,b'closed',13928,https://api.github.com/repos/matomo-org/matomo/pulls/13928,2019-01-22T05:04:21Z,2019-01-03T15:49:53Z,1
pull,3689,b'closed',2,https://api.github.com/repos/sirinartk/matomo/pulls/2,,2020-03-29T22:31:28Z,2
pull,11810,b'closed',13448,https://api.github.com/repos/matomo-org/matomo/pulls/13448,2018-12-06T03:07:27Z,2018-09-18T21:30:17Z,7
pull,13251,b'closed',13223,https://api.github.com/repos/matomo-org/matomo/pulls/13223,2018-08-02T22:50:41Z,2018-07-30T04:40:15Z,22
pull,13251,b'closed',13908,https://api.github.com/repos/matomo-org/matomo/pulls/13908,2019-01-04T06:34:37Z,2018-12-26T02:06:50Z,12
pull,13005,b'closed',13464,https://api.github.com/repos/matomo-org/matomo/pulls/13464,2018-12-06T00:32:09Z,2018-09-21T04:32:08Z,4
pull,4770,b'open',17,https://api.github.com/repos/dwayne45/matomo/pulls/17,,2022-10-16T20:28:19Z,2
pull,4770,b'open',29,https://api.github.com/repos/sirinartk/matomo/pulls/29,,2022-10-17T17:51:07Z,2
pull,3889,b'open',3,https://api.github.com/repos/DevVault/matomo/pulls/3,,2022-04-23T17:51:23Z,2
pull,3889,b'open',4,https://api.github.com/repos/DevVault/matomo/pulls/4,,2022-04-23T17:51:33Z,2
pull,13828,b'closed',13900,https://api.github.com/repos/matomo-org/matomo/pulls/13900,2018-12-22T03:39:09Z,2018-12-21T13:00:25Z,2
pull,13413,b'open',13585,https://api.github.com/repos/matomo-org/matomo/pulls/13585,2018-12-06T02:28:11Z,2018-10-11T03:35:30Z,1
pull,13880,b'closed',13895,https://api.github.com/repos/matomo-org/matomo/pulls/13895,2018-12-22T03:42:09Z,2018-12-21T02:11:50Z,60
pull,13899,b'closed',13903,https://api.github.com/repos/matomo-org/matomo/pulls/13903,2018-12-22T03:21:56Z,2018-12-21T20:49:13Z,1
pull,13794,b'closed',13889,https://api.github.com/repos/matomo-org/matomo/pulls/13889,2018-12-21T18:23:12Z,2018-12-20T06:12:48Z,18
pull,13883,b'closed',13892,https://api.github.com/repos/matomo-org/matomo/pulls/13892,2018-12-21T05:40:05Z,2018-12-20T19:13:27Z,1
pull,13883,b'closed',13902,https://api.github.com/repos/matomo-org/matomo/pulls/13902,2019-01-22T05:17:37Z,2018-12-21T20:40:19Z,1
pull,13826,b'closed',144,https://api.github.com/repos/matomo-org/tag-manager/pulls/144,2019-06-19T07:30:12Z,2018-12-20T22:40:54Z,7
pull,13826,b'closed',13893,https://api.github.com/repos/matomo-org/matomo/pulls/13893,2018-12-21T05:37:14Z,2018-12-20T22:49:21Z,15
pull,13885,b'closed',13886,https://api.github.com/repos/matomo-org/matomo/pulls/13886,2018-12-19T22:20:45Z,2018-12-19T20:38:30Z,1
pull,8689,b'closed',8648,https://api.github.com/repos/matomo-org/matomo/pulls/8648,,2015-08-27T09:14:00Z,2
pull,8689,b'closed',8706,https://api.github.com/repos/matomo-org/matomo/pulls/8706,2015-09-22T10:13:03Z,2015-09-03T15:17:31Z,15
pull,13852,b'closed',13857,https://api.github.com/repos/matomo-org/matomo/pulls/13857,2018-12-13T23:42:52Z,2018-12-13T23:08:14Z,2
pull,13852,b'closed',13864,https://api.github.com/repos/matomo-org/matomo/pulls/13864,2018-12-16T22:57:53Z,2018-12-16T19:27:32Z,1
pull,13852,b'closed',13865,https://api.github.com/repos/matomo-org/matomo/pulls/13865,2018-12-18T02:15:47Z,2018-12-16T19:39:34Z,1
pull,13852,b'closed',13869,https://api.github.com/repos/matomo-org/matomo/pulls/13869,2018-12-19T00:16:12Z,2018-12-17T03:21:41Z,3
pull,13877,b'closed',1,https://api.github.com/repos/DevVault/matomo/pulls/1,,2022-04-22T18:05:33Z,1
pull,13854,b'closed',13867,https://api.github.com/repos/matomo-org/matomo/pulls/13867,2018-12-17T02:02:26Z,2018-12-16T23:55:12Z,1
pull,5267,b'closed',13555,https://api.github.com/repos/matomo-org/matomo/pulls/13555,2018-12-07T02:28:25Z,2018-10-08T04:02:13Z,65
pull,13834,b'closed',1,https://api.github.com/repos/DevVault/matomo/pulls/1,,2022-04-22T18:05:33Z,1
pull,13835,b'closed',13838,https://api.github.com/repos/matomo-org/matomo/pulls/13838,2018-12-12T20:01:32Z,2018-12-12T18:27:54Z,1
pull,12865,b'closed',13475,https://api.github.com/repos/matomo-org/matomo/pulls/13475,2018-12-11T06:30:43Z,2018-09-25T02:14:46Z,36
pull,13806,b'closed',13821,https://api.github.com/repos/matomo-org/matomo/pulls/13821,2018-12-11T05:13:02Z,2018-12-10T21:02:25Z,1
pull,13815,b'closed',13822,https://api.github.com/repos/matomo-org/matomo/pulls/13822,2018-12-11T01:31:08Z,2018-12-10T21:58:09Z,7
pull,7414,b'closed',13769,https://api.github.com/repos/matomo-org/matomo/pulls/13769,2018-12-10T01:19:22Z,2018-11-26T13:26:48Z,3
pull,13698,b'closed',13763,https://api.github.com/repos/matomo-org/matomo/pulls/13763,2018-12-10T01:14:28Z,2018-11-25T23:27:25Z,32
pull,13709,b'closed',13762,https://api.github.com/repos/matomo-org/matomo/pulls/13762,2018-12-09T20:14:40Z,2018-11-25T22:14:28Z,6
pull,12163,b'closed',12199,https://api.github.com/repos/matomo-org/matomo/pulls/12199,2018-12-08T21:51:41Z,2017-10-16T20:21:20Z,47
pull,12163,b'closed',12524,https://api.github.com/repos/matomo-org/matomo/pulls/12524,2019-06-11T03:47:27Z,2018-01-31T18:32:19Z,40
pull,12922,b'closed',13493,https://api.github.com/repos/matomo-org/matomo/pulls/13493,2018-12-06T05:44:02Z,2018-09-28T02:09:05Z,69
pull,6641,b'closed',5850,https://api.github.com/repos/matomo-org/matomo/pulls/5850,2014-08-25T09:41:55Z,2014-07-16T20:39:04Z,2
pull,6641,b'closed',6791,https://api.github.com/repos/matomo-org/matomo/pulls/6791,,2014-12-03T11:45:53Z,1
pull,6641,b'closed',6820,https://api.github.com/repos/matomo-org/matomo/pulls/6820,,2014-12-06T21:34:44Z,3
pull,13328,b'closed',13441,https://api.github.com/repos/matomo-org/matomo/pulls/13441,2018-12-06T00:52:11Z,2018-09-17T22:18:30Z,1
pull,13116,b'closed',13444,https://api.github.com/repos/matomo-org/matomo/pulls/13444,2018-12-06T00:30:15Z,2018-09-18T00:40:05Z,6
pull,13272,b'closed',13463,https://api.github.com/repos/matomo-org/matomo/pulls/13463,2018-12-06T00:24:25Z,2018-09-21T03:45:49Z,1
pull,11204,b'closed',13537,https://api.github.com/repos/matomo-org/matomo/pulls/13537,2018-11-05T12:59:33Z,2018-10-04T21:47:57Z,1
pull,13513,b'closed',13535,https://api.github.com/repos/matomo-org/matomo/pulls/13535,2018-12-04T05:56:25Z,2018-10-04T21:14:48Z,1
pull,12170,b'closed',13540,https://api.github.com/repos/matomo-org/matomo/pulls/13540,2018-12-04T05:49:16Z,2018-10-04T23:18:14Z,4
pull,13427,b'closed',13574,https://api.github.com/repos/matomo-org/matomo/pulls/13574,2018-11-04T20:42:44Z,2018-10-10T10:07:42Z,2
pull,13427,b'closed',13552,https://api.github.com/repos/matomo-org/matomo/pulls/13552,2018-12-04T05:22:19Z,2018-10-07T20:23:40Z,1
pull,13781,b'closed',111,https://api.github.com/repos/matomo-org/plugin-CustomDimensions/pulls/111,2018-12-03T01:17:05Z,2018-12-03T00:32:49Z,2
pull,12284,b'closed',5388,https://api.github.com/repos/matomo-org/matomo-mobile-2/pulls/5388,2018-09-19T20:30:53Z,2018-09-19T20:28:40Z,2
pull,12284,b'closed',13454,https://api.github.com/repos/matomo-org/matomo/pulls/13454,2018-12-03T20:13:45Z,2018-09-19T20:56:26Z,45
pull,13786,b'closed',13787,https://api.github.com/repos/matomo-org/matomo/pulls/13787,2018-12-02T23:37:40Z,2018-12-02T00:39:26Z,1
pull,13786,b'closed',13799,https://api.github.com/repos/matomo-org/matomo/pulls/13799,2018-12-14T01:29:28Z,2018-12-04T03:53:59Z,12
pull,13456,b'closed',13517,https://api.github.com/repos/matomo-org/matomo/pulls/13517,2018-12-02T00:45:05Z,2018-10-01T21:19:32Z,2
pull,6994,b'closed',6749,https://api.github.com/repos/matomo-org/matomo/pulls/6749,,2014-11-29T03:46:39Z,11
pull,12183,b'closed',13498,https://api.github.com/repos/matomo-org/matomo/pulls/13498,2018-11-30T02:12:31Z,2018-09-28T04:21:33Z,2
pull,2932,b'closed',13683,https://api.github.com/repos/matomo-org/matomo/pulls/13683,2018-11-29T21:31:54Z,2018-11-08T00:30:45Z,26
pull,12785,b'closed',13568,https://api.github.com/repos/matomo-org/matomo/pulls/13568,2018-10-10T22:11:32Z,2018-10-09T22:30:33Z,4
pull,12785,b'closed',13596,https://api.github.com/repos/matomo-org/matomo/pulls/13596,2018-11-29T07:22:15Z,2018-10-11T23:41:24Z,92
pull,13586,b'closed',13607,https://api.github.com/repos/matomo-org/matomo/pulls/13607,2018-11-29T02:55:22Z,2018-10-14T23:56:39Z,3
pull,13567,b'closed',13605,https://api.github.com/repos/matomo-org/matomo/pulls/13605,2018-11-29T02:48:32Z,2018-10-14T23:38:06Z,5
pull,13539,b'closed',274,https://api.github.com/repos/matomo-org/developer-documentation/pulls/274,2018-11-06T23:20:54Z,2018-11-06T23:15:17Z,5
pull,13539,b'closed',13674,https://api.github.com/repos/matomo-org/matomo/pulls/13674,2018-11-27T05:18:08Z,2018-11-06T23:24:46Z,9
pull,13679,b'closed',13680,https://api.github.com/repos/matomo-org/matomo/pulls/13680,2018-11-27T04:41:00Z,2018-11-07T17:15:24Z,3
pull,12795,b'closed',13546,https://api.github.com/repos/matomo-org/matomo/pulls/13546,2018-11-26T22:01:39Z,2018-10-05T03:10:52Z,23
pull,1781,b'closed',13497,https://api.github.com/repos/matomo-org/matomo/pulls/13497,2018-11-26T20:14:59Z,2018-09-28T03:21:02Z,3
pull,13643,b'closed',13765,https://api.github.com/repos/matomo-org/matomo/pulls/13765,2018-11-26T09:45:34Z,2018-11-26T00:24:37Z,1
pull,13647,b'closed',13764,https://api.github.com/repos/matomo-org/matomo/pulls/13764,2018-11-26T05:10:23Z,2018-11-25T23:43:49Z,2
pull,4301,b'closed',13687,https://api.github.com/repos/matomo-org/matomo/pulls/13687,2018-11-26T04:02:38Z,2018-11-08T20:47:16Z,2
pull,12969,b'closed',13447,https://api.github.com/repos/matomo-org/matomo/pulls/13447,2018-11-25T23:08:28Z,2018-09-18T04:03:33Z,26
pull,13419,b'closed',13414,https://api.github.com/repos/matomo-org/matomo/pulls/13414,,2018-09-12T02:47:46Z,24
pull,13419,b'closed',13544,https://api.github.com/repos/matomo-org/matomo/pulls/13544,2018-11-25T09:50:53Z,2018-10-05T00:01:54Z,20
pull,13489,b'closed',13608,https://api.github.com/repos/matomo-org/matomo/pulls/13608,2018-11-24T22:58:15Z,2018-10-15T00:34:36Z,2
pull,13597,b'closed',13606,https://api.github.com/repos/matomo-org/matomo/pulls/13606,2018-11-24T22:41:20Z,2018-10-14T23:46:15Z,2
pull,6552,b'closed',8058,https://api.github.com/repos/matomo-org/matomo/pulls/8058,2015-06-08T05:29:06Z,2015-06-08T03:42:41Z,14
pull,13305,b'closed',13442,https://api.github.com/repos/matomo-org/matomo/pulls/13442,2018-11-21T00:09:51Z,2018-09-18T00:01:11Z,2
pull,13648,b'closed',13652,https://api.github.com/repos/matomo-org/matomo/pulls/13652,2018-11-21T00:08:31Z,2018-10-28T18:26:03Z,13
pull,11645,b'closed',13496,https://api.github.com/repos/matomo-org/matomo/pulls/13496,2018-11-20T22:41:27Z,2018-09-28T02:52:55Z,1
pull,13668,b'closed',13556,https://api.github.com/repos/matomo-org/matomo/pulls/13556,2018-11-13T05:57:03Z,2018-10-08T05:35:48Z,230
pull,13649,b'closed',13696,https://api.github.com/repos/matomo-org/matomo/pulls/13696,,2018-11-11T19:29:05Z,1
pull,13649,b'closed',13697,https://api.github.com/repos/matomo-org/matomo/pulls/13697,2018-11-13T04:20:54Z,2018-11-11T20:35:02Z,1
pull,13353,b'closed',12222,https://api.github.com/repos/matomo-org/matomo/pulls/12222,2018-06-25T21:09:22Z,2017-10-24T18:38:11Z,3
pull,13353,b'closed',13440,https://api.github.com/repos/matomo-org/matomo/pulls/13440,2018-11-05T00:22:51Z,2018-09-17T21:49:42Z,1
pull,13491,b'closed',13494,https://api.github.com/repos/matomo-org/matomo/pulls/13494,2018-11-01T12:51:31Z,2018-09-28T02:21:22Z,3
pull,13322,b'closed',13434,https://api.github.com/repos/matomo-org/matomo/pulls/13434,2018-10-30T20:45:06Z,2018-09-17T02:01:17Z,1
pull,13638,b'closed',13641,https://api.github.com/repos/matomo-org/matomo/pulls/13641,2018-10-22T17:37:57Z,2018-10-22T16:57:33Z,1
pull,13369,b'closed',13373,https://api.github.com/repos/matomo-org/matomo/pulls/13373,2018-08-31T23:14:21Z,2018-08-31T11:50:10Z,1
pull,7724,b'closed',13473,https://api.github.com/repos/matomo-org/matomo/pulls/13473,2018-10-07T19:51:41Z,2018-09-24T04:17:11Z,41
pull,13379,b'closed',13551,https://api.github.com/repos/matomo-org/matomo/pulls/13551,2018-10-07T18:49:56Z,2018-10-07T08:53:54Z,2
pull,13148,b'closed',13437,https://api.github.com/repos/matomo-org/matomo/pulls/13437,2018-09-28T21:30:55Z,2018-09-17T07:54:15Z,4
pull,12075,b'closed',12918,https://api.github.com/repos/matomo-org/matomo/pulls/12918,,2018-05-15T21:47:37Z,139
pull,11967,b'closed',12171,https://api.github.com/repos/matomo-org/matomo/pulls/12171,2017-10-17T21:59:29Z,2017-10-12T00:49:07Z,1
pull,1907,b'closed',7908,https://api.github.com/repos/matomo-org/matomo/pulls/7908,2015-05-19T06:37:53Z,2015-05-14T23:52:19Z,54
pull,13162,b'closed',13168,https://api.github.com/repos/matomo-org/matomo/pulls/13168,2018-07-17T20:34:36Z,2018-07-16T07:12:34Z,6
pull,13162,b'closed',95,https://api.github.com/repos/matomo-org/plugin-CustomDimensions/pulls/95,2018-07-17T21:10:24Z,2018-07-16T07:12:59Z,1
pull,10586,b'closed',9858,https://api.github.com/repos/matomo-org/matomo/pulls/9858,,2016-02-29T13:35:41Z,39
pull,10586,b'closed',13477,https://api.github.com/repos/matomo-org/matomo/pulls/13477,2018-09-25T21:14:19Z,2018-09-25T07:16:41Z,9
pull,10586,b'closed',13603,https://api.github.com/repos/matomo-org/matomo/pulls/13603,2018-10-14T09:28:17Z,2018-10-14T09:27:30Z,1
pull,13375,b'closed',13593,https://api.github.com/repos/matomo-org/matomo/pulls/13593,2018-10-12T19:17:40Z,2018-10-11T20:23:51Z,1
pull,13520,b'closed',13523,https://api.github.com/repos/matomo-org/matomo/pulls/13523,2018-10-12T02:32:01Z,2018-10-03T02:14:04Z,6
pull,13519,b'closed',13523,https://api.github.com/repos/matomo-org/matomo/pulls/13523,2018-10-12T02:32:01Z,2018-10-03T02:14:04Z,6
pull,13531,b'closed',13534,https://api.github.com/repos/matomo-org/matomo/pulls/13534,2018-10-12T00:33:14Z,2018-10-04T19:40:25Z,1
pull,12954,b'closed',13187,https://api.github.com/repos/matomo-org/matomo/pulls/13187,,2018-07-20T01:44:10Z,45
pull,12954,b'closed',13538,https://api.github.com/repos/matomo-org/matomo/pulls/13538,2018-10-10T03:40:23Z,2018-10-04T22:00:33Z,2
pull,13406,b'closed',13420,https://api.github.com/repos/matomo-org/matomo/pulls/13420,,2018-09-13T00:37:46Z,4
pull,13406,b'closed',13446,https://api.github.com/repos/matomo-org/matomo/pulls/13446,2018-10-03T05:59:55Z,2018-09-18T02:57:05Z,8
pull,13507,b'closed',13511,https://api.github.com/repos/matomo-org/matomo/pulls/13511,2018-09-30T20:43:07Z,2018-09-30T17:33:38Z,4
pull,13507,b'closed',13514,https://api.github.com/repos/matomo-org/matomo/pulls/13514,2018-10-01T19:33:49Z,2018-10-01T17:40:34Z,1
pull,13507,b'closed',13515,https://api.github.com/repos/matomo-org/matomo/pulls/13515,2018-10-01T23:05:16Z,2018-10-01T18:20:49Z,1
pull,906,b'open',10201,https://api.github.com/repos/matomo-org/matomo/pulls/10201,,2016-05-31T18:44:07Z,6
pull,10165,b'closed',13543,https://api.github.com/repos/matomo-org/matomo/pulls/13543,2018-10-05T03:25:07Z,2018-10-04T23:51:37Z,4
pull,10165,b'closed',73,https://api.github.com/repos/AgID/wai-portal/pulls/73,2019-04-15T09:52:11Z,2019-04-10T07:17:32Z,90
pull,13330,b'closed',13421,https://api.github.com/repos/matomo-org/matomo/pulls/13421,2018-10-03T19:58:30Z,2018-09-13T02:40:08Z,4
pull,13476,b'closed',13483,https://api.github.com/repos/matomo-org/matomo/pulls/13483,2018-10-03T00:02:11Z,2018-09-26T04:33:23Z,43
pull,13506,b'closed',13510,https://api.github.com/repos/matomo-org/matomo/pulls/13510,2018-09-30T20:20:24Z,2018-09-30T15:42:09Z,1
pull,13505,b'closed',13509,https://api.github.com/repos/matomo-org/matomo/pulls/13509,2018-09-30T20:17:03Z,2018-09-30T14:44:19Z,1
pull,10147,b'closed',10201,https://api.github.com/repos/matomo-org/matomo/pulls/10201,,2016-05-31T18:44:07Z,6
pull,6161,b'closed',11579,https://api.github.com/repos/matomo-org/matomo/pulls/11579,2017-09-04T04:49:33Z,2017-04-03T20:03:25Z,170
pull,9507,b'open',11579,https://api.github.com/repos/matomo-org/matomo/pulls/11579,2017-09-04T04:49:33Z,2017-04-03T20:03:25Z,170
pull,13438,b'closed',13439,https://api.github.com/repos/matomo-org/matomo/pulls/13439,2018-09-23T22:06:51Z,2018-09-17T20:52:06Z,9
pull,13423,b'closed',13433,https://api.github.com/repos/matomo-org/matomo/pulls/13433,2018-09-20T21:26:29Z,2018-09-17T01:16:44Z,3
pull,13317,b'closed',13429,https://api.github.com/repos/matomo-org/matomo/pulls/13429,2018-09-20T05:03:28Z,2018-09-14T03:06:27Z,13
pull,13297,b'closed',263,https://api.github.com/repos/matomo-org/developer-documentation/pulls/263,2018-08-28T20:20:40Z,2018-08-28T20:20:04Z,2
pull,13050,b'closed',264,https://api.github.com/repos/matomo-org/developer-documentation/pulls/264,2018-09-20T00:12:19Z,2018-09-20T00:09:54Z,2
pull,13393,b'closed',13397,https://api.github.com/repos/matomo-org/matomo/pulls/13397,,2018-09-06T23:38:14Z,5
pull,13412,b'closed',13416,https://api.github.com/repos/matomo-org/matomo/pulls/13416,2018-09-16T21:24:06Z,2018-09-12T05:28:52Z,4
pull,13401,b'closed',13408,https://api.github.com/repos/matomo-org/matomo/pulls/13408,2018-09-15T21:04:11Z,2018-09-11T06:06:43Z,2
pull,9543,b'open',9542,https://api.github.com/repos/matomo-org/matomo/pulls/9542,2016-01-20T03:18:35Z,2016-01-18T01:41:48Z,2
pull,9326,b'open',9314,https://api.github.com/repos/matomo-org/matomo/pulls/9314,2015-12-04T01:51:01Z,2015-12-01T03:28:31Z,24
pull,9256,b'open',9217,https://api.github.com/repos/matomo-org/matomo/pulls/9217,2015-11-25T01:48:21Z,2015-11-16T02:52:30Z,99
pull,9256,b'open',9301,https://api.github.com/repos/matomo-org/matomo/pulls/9301,2015-11-30T20:47:21Z,2015-11-29T20:53:29Z,2
pull,9216,b'open',9217,https://api.github.com/repos/matomo-org/matomo/pulls/9217,2015-11-25T01:48:21Z,2015-11-16T02:52:30Z,99
pull,9023,b'open',9012,https://api.github.com/repos/matomo-org/matomo/pulls/9012,2015-10-16T06:17:51Z,2015-10-15T14:46:21Z,1
pull,8980,b'open',9174,https://api.github.com/repos/matomo-org/matomo/pulls/9174,2015-11-18T23:45:24Z,2015-11-05T23:03:33Z,26
pull,8235,b'open',17924,https://api.github.com/repos/matomo-org/matomo/pulls/17924,,2021-08-27T08:01:45Z,1
pull,7911,b'open',7,https://api.github.com/repos/dwayne45/matomo/pulls/7,,2022-01-26T04:43:20Z,1
pull,7813,b'open',7,https://api.github.com/repos/dwayne45/matomo/pulls/7,,2022-01-26T04:43:20Z,1
pull,7676,b'open',7646,https://api.github.com/repos/matomo-org/matomo/pulls/7646,2015-04-14T05:32:31Z,2015-04-08T23:08:02Z,48
pull,7656,b'open',7644,https://api.github.com/repos/matomo-org/matomo/pulls/7644,2015-05-07T19:02:37Z,2015-04-08T03:05:05Z,63
pull,7656,b'open',7790,https://api.github.com/repos/matomo-org/matomo/pulls/7790,2015-06-03T07:10:03Z,2015-04-29T20:07:59Z,2
pull,7566,b'open',7660,https://api.github.com/repos/matomo-org/matomo/pulls/7660,,2015-04-11T13:47:12Z,2
pull,7240,b'open',74,https://api.github.com/repos/matomo-org/developer-documentation/pulls/74,2015-02-19T01:59:47Z,2015-02-19T01:32:08Z,28
pull,6864,b'open',7660,https://api.github.com/repos/matomo-org/matomo/pulls/7660,,2015-04-11T13:47:12Z,2
pull,6616,b'open',8475,https://api.github.com/repos/matomo-org/matomo/pulls/8475,,2015-08-01T18:46:48Z,2
pull,6564,b'open',6541,https://api.github.com/repos/matomo-org/matomo/pulls/6541,2014-10-28T05:52:43Z,2014-10-28T04:01:44Z,12
pull,6564,b'open',6587,https://api.github.com/repos/matomo-org/matomo/pulls/6587,2014-11-13T22:22:24Z,2014-11-04T03:08:22Z,12
pull,6339,b'open',14873,https://api.github.com/repos/matomo-org/matomo/pulls/14873,2019-09-10T00:17:03Z,2019-09-09T15:13:45Z,2
pull,6329,b'open',12093,https://api.github.com/repos/matomo-org/matomo/pulls/12093,,2017-09-21T07:20:09Z,1
pull,6312,b'open',12582,https://api.github.com/repos/matomo-org/matomo/pulls/12582,2018-03-20T10:03:29Z,2018-02-26T10:30:27Z,2
pull,6267,b'open',14859,https://api.github.com/repos/matomo-org/matomo/pulls/14859,2019-10-09T21:36:20Z,2019-09-05T00:49:56Z,40
pull,6037,b'open',12363,https://api.github.com/repos/matomo-org/matomo/pulls/12363,2018-06-17T23:53:24Z,2017-12-16T18:44:41Z,5
pull,4983,b'open',6909,https://api.github.com/repos/matomo-org/matomo/pulls/6909,2015-01-05T10:45:22Z,2014-12-30T04:14:14Z,72
pull,4920,b'open',10247,https://api.github.com/repos/matomo-org/matomo/pulls/10247,2016-06-30T08:46:09Z,2016-06-22T20:15:07Z,3
pull,4172,b'open',7174,https://api.github.com/repos/matomo-org/matomo/pulls/7174,2015-02-12T20:44:44Z,2015-02-11T01:58:21Z,14
pull,3949,b'open',3,https://api.github.com/repos/DevVault/matomo/pulls/3,,2022-04-23T17:51:23Z,2
pull,3949,b'open',4,https://api.github.com/repos/DevVault/matomo/pulls/4,,2022-04-23T17:51:33Z,2
pull,3931,b'open',3,https://api.github.com/repos/DevVault/matomo/pulls/3,,2022-04-23T17:51:23Z,2
pull,3931,b'open',4,https://api.github.com/repos/DevVault/matomo/pulls/4,,2022-04-23T17:51:33Z,2
pull,3839,b'open',3,https://api.github.com/repos/DevVault/matomo/pulls/3,,2022-04-23T17:51:23Z,2
pull,3839,b'open',4,https://api.github.com/repos/DevVault/matomo/pulls/4,,2022-04-23T17:51:33Z,2
pull,3660,b'open',1,https://api.github.com/repos/sirinartk/matomo/pulls/1,,2020-03-18T22:31:31Z,2
pull,13385,b'closed',13390,https://api.github.com/repos/matomo-org/matomo/pulls/13390,2018-09-06T16:41:41Z,2018-09-05T23:05:03Z,2
pull,13384,b'closed',13390,https://api.github.com/repos/matomo-org/matomo/pulls/13390,2018-09-06T16:41:41Z,2018-09-05T23:05:03Z,2
pull,11065,b'closed',11465,https://api.github.com/repos/matomo-org/matomo/pulls/11465,2017-06-19T11:39:30Z,2017-03-08T10:02:54Z,9
pull,13303,b'closed',13312,https://api.github.com/repos/matomo-org/matomo/pulls/13312,2018-09-04T00:44:46Z,2018-08-18T19:41:22Z,13
pull,13380,b'closed',79,https://api.github.com/repos/matomo-org/matomo-package/pulls/79,2019-04-19T01:39:44Z,2018-09-03T17:17:11Z,1
pull,13291,b'closed',13313,https://api.github.com/repos/matomo-org/matomo/pulls/13313,2018-08-21T04:55:34Z,2018-08-18T20:16:49Z,1
pull,13213,b'closed',13314,https://api.github.com/repos/matomo-org/matomo/pulls/13314,2018-08-21T04:56:04Z,2018-08-19T08:43:21Z,1
pull,13216,b'closed',13217,https://api.github.com/repos/matomo-org/matomo/pulls/13217,2018-07-27T20:18:26Z,2018-07-27T12:41:11Z,1
pull,13216,b'closed',13218,https://api.github.com/repos/matomo-org/matomo/pulls/13218,2018-07-29T21:47:29Z,2018-07-27T20:19:19Z,3
pull,13171,b'closed',13172,https://api.github.com/repos/matomo-org/matomo/pulls/13172,2018-07-16T22:27:37Z,2018-07-16T16:48:01Z,1
pull,13081,b'closed',13082,https://api.github.com/repos/matomo-org/matomo/pulls/13082,2018-06-19T17:20:06Z,2018-06-19T11:43:16Z,1
pull,13066,b'closed',13075,https://api.github.com/repos/matomo-org/matomo/pulls/13075,2018-06-25T05:43:45Z,2018-06-18T15:41:09Z,2
pull,13045,b'closed',13120,https://api.github.com/repos/matomo-org/matomo/pulls/13120,2018-07-01T18:54:52Z,2018-07-01T07:57:52Z,1
pull,12991,b'closed',12992,https://api.github.com/repos/matomo-org/matomo/pulls/12992,2018-05-26T18:07:23Z,2018-05-26T12:05:50Z,2
pull,12936,b'closed',13087,https://api.github.com/repos/matomo-org/matomo/pulls/13087,2018-06-20T22:16:39Z,2018-06-20T20:28:24Z,3
pull,12834,b'closed',12829,https://api.github.com/repos/matomo-org/matomo/pulls/12829,2018-05-08T10:20:37Z,2018-05-06T03:40:01Z,4
pull,12834,b'closed',13230,https://api.github.com/repos/matomo-org/matomo/pulls/13230,2018-08-03T07:53:03Z,2018-07-31T03:18:41Z,4
pull,12842,b'closed',12854,https://api.github.com/repos/matomo-org/matomo/pulls/12854,2018-05-08T02:32:02Z,2018-05-08T01:11:15Z,1
pull,12648,b'closed',13090,https://api.github.com/repos/matomo-org/matomo/pulls/13090,2018-07-24T02:38:02Z,2018-06-21T06:28:52Z,12
pull,12662,b'closed',12695,https://api.github.com/repos/matomo-org/matomo/pulls/12695,2018-07-25T19:54:48Z,2018-04-04T08:46:48Z,4
pull,11766,b'closed',13228,https://api.github.com/repos/matomo-org/matomo/pulls/13228,2018-08-01T07:48:19Z,2018-07-31T00:36:17Z,5
pull,13039,b'closed',13041,https://api.github.com/repos/matomo-org/matomo/pulls/13041,2018-06-10T23:21:43Z,2018-06-06T10:19:20Z,3
pull,12968,b'closed',12995,https://api.github.com/repos/matomo-org/matomo/pulls/12995,2018-05-28T21:40:15Z,2018-05-27T19:00:31Z,2
pull,12919,b'closed',13223,https://api.github.com/repos/matomo-org/matomo/pulls/13223,2018-08-02T22:50:41Z,2018-07-30T04:40:15Z,22
pull,13287,b'closed',13298,https://api.github.com/repos/matomo-org/matomo/pulls/13298,2018-08-17T10:27:18Z,2018-08-15T12:30:57Z,5
pull,7214,b'closed',12948,https://api.github.com/repos/matomo-org/matomo/pulls/12948,2018-05-27T21:45:30Z,2018-05-21T21:07:58Z,12
pull,12722,b'closed',12752,https://api.github.com/repos/matomo-org/matomo/pulls/12752,2018-04-23T04:00:50Z,2018-04-21T12:02:02Z,2
pull,12722,b'closed',12756,https://api.github.com/repos/matomo-org/matomo/pulls/12756,2018-04-23T07:08:46Z,2018-04-23T06:40:55Z,1
pull,12938,b'closed',13219,https://api.github.com/repos/matomo-org/matomo/pulls/13219,2018-08-01T21:13:16Z,2018-07-27T23:35:13Z,19
pull,12358,b'closed',13101,https://api.github.com/repos/matomo-org/matomo/pulls/13101,2018-08-02T22:57:13Z,2018-06-25T02:43:25Z,55
pull,11102,b'closed',12973,https://api.github.com/repos/matomo-org/matomo/pulls/12973,2018-05-29T03:51:45Z,2018-05-24T01:35:06Z,23
pull,11102,b'closed',12993,https://api.github.com/repos/matomo-org/matomo/pulls/12993,2018-07-23T21:23:31Z,2018-05-26T13:03:29Z,126
pull,11102,b'closed',13249,https://api.github.com/repos/matomo-org/matomo/pulls/13249,2018-08-06T15:21:35Z,2018-08-05T21:53:25Z,17
pull,10973,b'closed',11372,https://api.github.com/repos/matomo-org/matomo/pulls/11372,2017-02-20T16:38:38Z,2017-02-20T14:13:23Z,5
pull,13271,b'closed',13268,https://api.github.com/repos/matomo-org/matomo/pulls/13268,2018-08-11T07:17:20Z,2018-08-09T18:34:02Z,7
pull,13266,b'closed',13268,https://api.github.com/repos/matomo-org/matomo/pulls/13268,2018-08-11T07:17:20Z,2018-08-09T18:34:02Z,7
pull,12255,b'closed',12823,https://api.github.com/repos/matomo-org/matomo/pulls/12823,2018-08-09T11:24:17Z,2018-05-05T02:49:51Z,33
pull,12256,b'closed',12823,https://api.github.com/repos/matomo-org/matomo/pulls/12823,2018-08-09T11:24:17Z,2018-05-05T02:49:51Z,33
pull,13260,b'closed',13261,https://api.github.com/repos/matomo-org/matomo/pulls/13261,2018-08-09T09:11:17Z,2018-08-07T23:18:51Z,4
pull,11050,b'closed',12576,https://api.github.com/repos/matomo-org/matomo/pulls/12576,2018-08-06T22:13:44Z,2018-02-21T19:46:01Z,2
pull,6187,b'closed',13158,https://api.github.com/repos/matomo-org/matomo/pulls/13158,2018-08-06T22:20:32Z,2018-07-11T05:38:01Z,113
pull,12907,b'closed',13227,https://api.github.com/repos/matomo-org/matomo/pulls/13227,2018-08-06T14:11:54Z,2018-07-31T00:18:26Z,7
pull,2197,b'closed',13214,https://api.github.com/repos/matomo-org/matomo/pulls/13214,2018-08-06T00:58:53Z,2018-07-26T14:57:26Z,16
pull,13196,b'closed',13238,https://api.github.com/repos/matomo-org/matomo/pulls/13238,2018-08-03T01:01:38Z,2018-08-01T08:35:29Z,7
pull,13113,b'closed',13198,https://api.github.com/repos/matomo-org/matomo/pulls/13198,2018-08-01T22:51:19Z,2018-07-23T20:06:23Z,1
pull,12935,b'closed',13215,https://api.github.com/repos/matomo-org/matomo/pulls/13215,2018-07-31T21:48:08Z,2018-07-27T06:18:02Z,9
pull,12684,b'closed',13231,https://api.github.com/repos/matomo-org/matomo/pulls/13231,2018-07-31T19:40:05Z,2018-07-31T05:27:29Z,1
pull,12841,b'closed',13104,https://api.github.com/repos/matomo-org/matomo/pulls/13104,2018-07-09T19:34:04Z,2018-06-25T13:16:37Z,1
pull,12841,b'closed',13231,https://api.github.com/repos/matomo-org/matomo/pulls/13231,2018-07-31T19:40:05Z,2018-07-31T05:27:29Z,1
pull,6531,b'closed',12164,https://api.github.com/repos/matomo-org/matomo/pulls/12164,,2017-10-11T02:47:51Z,19
pull,6531,b'closed',12208,https://api.github.com/repos/matomo-org/matomo/pulls/12208,2018-07-26T21:24:53Z,2017-10-18T22:16:34Z,33
pull,13211,b'open',13848,https://api.github.com/repos/matomo-org/matomo/pulls/13848,,2018-12-13T12:35:21Z,2
pull,13156,b'closed',13174,https://api.github.com/repos/matomo-org/matomo/pulls/13174,2018-07-25T19:09:18Z,2018-07-16T21:04:06Z,27
pull,12531,b'closed',13135,https://api.github.com/repos/matomo-org/matomo/pulls/13135,2018-07-25T02:00:34Z,2018-07-04T16:12:39Z,2
pull,12782,b'closed',12783,https://api.github.com/repos/matomo-org/matomo/pulls/12783,2018-07-24T22:26:06Z,2018-04-28T20:04:46Z,2
pull,12127,b'closed',12128,https://api.github.com/repos/matomo-org/matomo/pulls/12128,2018-06-13T21:05:13Z,2017-09-27T19:03:18Z,4
pull,12924,b'closed',13192,https://api.github.com/repos/matomo-org/matomo/pulls/13192,2018-07-23T21:38:39Z,2018-07-22T19:31:19Z,12
pull,13181,b'closed',13186,https://api.github.com/repos/matomo-org/matomo/pulls/13186,2018-07-23T01:41:14Z,2018-07-19T23:22:56Z,2
pull,12706,b'closed',13105,https://api.github.com/repos/matomo-org/matomo/pulls/13105,2018-07-19T02:03:16Z,2018-06-25T23:22:08Z,52
pull,8209,b'open',8825,https://api.github.com/repos/matomo-org/matomo/pulls/8825,2015-10-13T07:37:21Z,2015-09-20T10:05:17Z,34
pull,13035,b'closed',13036,https://api.github.com/repos/matomo-org/matomo/pulls/13036,,2018-06-05T10:09:05Z,1
pull,13035,b'closed',13125,https://api.github.com/repos/matomo-org/matomo/pulls/13125,2018-07-02T22:38:36Z,2018-07-02T12:11:02Z,5
pull,12976,b'closed',13123,https://api.github.com/repos/matomo-org/matomo/pulls/13123,2018-07-02T22:29:56Z,2018-07-02T07:57:18Z,5
pull,12654,b'open',12857,https://api.github.com/repos/matomo-org/matomo/pulls/12857,,2018-05-08T11:42:24Z,1
pull,13106,b'closed',31,https://api.github.com/repos/matomo-org/tag-manager/pulls/31,2018-06-28T05:08:08Z,2018-06-27T20:42:17Z,12
pull,12033,b'closed',12038,https://api.github.com/repos/matomo-org/matomo/pulls/12038,2017-09-13T14:13:32Z,2017-09-12T20:33:07Z,1
pull,13017,b'closed',13102,https://api.github.com/repos/matomo-org/matomo/pulls/13102,2018-06-26T20:37:46Z,2018-06-25T11:11:41Z,1
pull,13099,b'closed',13100,https://api.github.com/repos/matomo-org/matomo/pulls/13100,2018-06-25T22:02:16Z,2018-06-24T17:04:22Z,3
pull,12162,b'closed',12222,https://api.github.com/repos/matomo-org/matomo/pulls/12222,2018-06-25T21:09:22Z,2017-10-24T18:38:11Z,3
pull,12314,b'closed',13089,https://api.github.com/repos/matomo-org/matomo/pulls/13089,2018-06-24T17:29:45Z,2018-06-21T04:11:17Z,1
pull,9347,b'open',12447,https://api.github.com/repos/matomo-org/matomo/pulls/12447,2018-01-18T20:38:45Z,2018-01-16T01:45:05Z,7
pull,12999,b'closed',13015,https://api.github.com/repos/matomo-org/matomo/pulls/13015,2018-06-06T22:29:46Z,2018-05-30T12:03:06Z,79
pull,12681,b'closed',12902,https://api.github.com/repos/matomo-org/matomo/pulls/12902,2018-06-20T23:21:46Z,2018-05-13T15:47:52Z,1
pull,12275,b'closed',13077,https://api.github.com/repos/matomo-org/matomo/pulls/13077,2018-06-19T02:41:09Z,2018-06-18T17:24:00Z,8
pull,12271,b'closed',12066,https://api.github.com/repos/matomo-org/matomo/pulls/12066,2018-06-18T13:36:22Z,2017-09-16T10:03:47Z,46
pull,12974,b'closed',12987,https://api.github.com/repos/matomo-org/matomo/pulls/12987,2018-06-10T22:09:38Z,2018-05-24T20:21:55Z,7
pull,12966,b'closed',12987,https://api.github.com/repos/matomo-org/matomo/pulls/12987,2018-06-10T22:09:38Z,2018-05-24T20:21:55Z,7
pull,12978,b'closed',12985,https://api.github.com/repos/matomo-org/matomo/pulls/12985,2018-06-06T22:28:16Z,2018-05-24T19:47:03Z,6
pull,13026,b'closed',13027,https://api.github.com/repos/matomo-org/matomo/pulls/13027,2018-06-01T18:44:32Z,2018-06-01T04:10:16Z,8
pull,12988,b'closed',14043,https://api.github.com/repos/matomo-org/matomo/pulls/14043,2019-01-30T00:28:01Z,2019-01-29T03:26:21Z,12
pull,12988,b'closed',14051,https://api.github.com/repos/matomo-org/matomo/pulls/14051,2019-03-14T22:24:37Z,2019-01-30T03:02:17Z,67
pull,12990,b'closed',12997,https://api.github.com/repos/matomo-org/matomo/pulls/12997,2018-05-30T19:15:47Z,2018-05-27T21:01:37Z,1
pull,12970,b'closed',12975,https://api.github.com/repos/matomo-org/matomo/pulls/12975,2018-05-28T03:41:20Z,2018-05-24T02:24:50Z,12
pull,12887,b'closed',12884,https://api.github.com/repos/matomo-org/matomo/pulls/12884,2018-05-25T00:15:22Z,2018-05-10T13:27:30Z,4
pull,12876,b'closed',12884,https://api.github.com/repos/matomo-org/matomo/pulls/12884,2018-05-25T00:15:22Z,2018-05-10T13:27:30Z,4
pull,12983,b'closed',12984,https://api.github.com/repos/matomo-org/matomo/pulls/12984,2018-05-24T17:19:36Z,2018-05-24T16:31:15Z,1
pull,12921,b'closed',12979,https://api.github.com/repos/matomo-org/matomo/pulls/12979,2018-05-24T14:24:00Z,2018-05-24T04:34:53Z,3
pull,12750,b'closed',12950,https://api.github.com/repos/matomo-org/matomo/pulls/12950,2018-05-24T04:32:40Z,2018-05-21T23:15:20Z,25
pull,12852,b'closed',12879,https://api.github.com/repos/matomo-org/matomo/pulls/12879,2018-05-24T00:37:29Z,2018-05-09T21:43:48Z,29
pull,12806,b'closed',12879,https://api.github.com/repos/matomo-org/matomo/pulls/12879,2018-05-24T00:37:29Z,2018-05-09T21:43:48Z,29
pull,12886,b'closed',12897,https://api.github.com/repos/matomo-org/matomo/pulls/12897,2018-05-22T16:56:39Z,2018-05-12T14:50:19Z,4
pull,12937,b'closed',12939,https://api.github.com/repos/matomo-org/matomo/pulls/12939,2018-05-22T02:16:26Z,2018-05-20T12:23:38Z,3
pull,12864,b'closed',12878,https://api.github.com/repos/matomo-org/matomo/pulls/12878,2018-05-21T23:13:00Z,2018-05-09T21:17:21Z,25
pull,12871,b'closed',12874,https://api.github.com/repos/matomo-org/matomo/pulls/12874,2018-05-20T19:24:41Z,2018-05-09T15:51:36Z,10
pull,12895,b'closed',12898,https://api.github.com/repos/matomo-org/matomo/pulls/12898,2018-05-17T23:41:17Z,2018-05-12T15:09:05Z,2
pull,12905,b'closed',12829,https://api.github.com/repos/matomo-org/matomo/pulls/12829,2018-05-08T10:20:37Z,2018-05-06T03:40:01Z,4
pull,11049,b'closed',11081,https://api.github.com/repos/matomo-org/matomo/pulls/11081,2017-04-26T07:37:32Z,2016-12-25T23:08:41Z,1
pull,11526,b'closed',12195,https://api.github.com/repos/matomo-org/matomo/pulls/12195,,2017-10-13T17:27:31Z,2
pull,11526,b'closed',12378,https://api.github.com/repos/matomo-org/matomo/pulls/12378,2018-04-23T20:56:58Z,2017-12-20T16:34:32Z,3
pull,5985,b'open',19057,https://api.github.com/repos/matomo-org/matomo/pulls/19057,2022-05-24T07:51:06Z,2022-04-06T07:27:25Z,46
pull,9046,b'closed',9390,https://api.github.com/repos/matomo-org/matomo/pulls/9390,2015-12-22T23:07:31Z,2015-12-15T02:26:56Z,8
pull,11722,b'closed',11086,https://api.github.com/repos/matomo-org/matomo/pulls/11086,2020-01-20T21:08:50Z,2016-12-26T04:11:25Z,2
pull,12185,b'open',12896,https://api.github.com/repos/matomo-org/matomo/pulls/12896,,2018-05-12T02:32:11Z,1
pull,12862,b'closed',12877,https://api.github.com/repos/matomo-org/matomo/pulls/12877,2018-05-09T21:23:23Z,2018-05-09T18:09:17Z,1
pull,7766,b'closed',8765,https://api.github.com/repos/matomo-org/matomo/pulls/8765,2015-09-15T00:25:11Z,2015-09-11T20:44:29Z,7
pull,7766,b'closed',13437,https://api.github.com/repos/matomo-org/matomo/pulls/13437,2018-09-28T21:30:55Z,2018-09-17T07:54:15Z,4
pull,12868,b'closed',12872,https://api.github.com/repos/matomo-org/matomo/pulls/12872,2018-05-09T15:46:55Z,2018-05-09T14:53:47Z,1
pull,4487,b'closed',6690,https://api.github.com/repos/matomo-org/matomo/pulls/6690,2014-11-28T00:24:53Z,2014-11-18T14:19:33Z,14
pull,12400,b'closed',12550,https://api.github.com/repos/matomo-org/matomo/pulls/12550,2018-04-02T04:38:55Z,2018-02-12T00:38:01Z,1
pull,12655,b'closed',12659,https://api.github.com/repos/matomo-org/matomo/pulls/12659,2018-05-02T08:33:57Z,2018-03-27T20:25:16Z,5
pull,12836,b'closed',12838,https://api.github.com/repos/matomo-org/matomo/pulls/12838,2018-05-07T03:46:25Z,2018-05-07T03:02:19Z,2
pull,12836,b'closed',12856,https://api.github.com/repos/matomo-org/matomo/pulls/12856,2018-05-08T03:43:45Z,2018-05-08T03:26:56Z,2
pull,12839,b'open',12840,https://api.github.com/repos/matomo-org/matomo/pulls/12840,,2018-05-07T04:13:59Z,4
pull,12826,b'closed',12827,https://api.github.com/repos/matomo-org/matomo/pulls/12827,2018-05-06T19:29:11Z,2018-05-06T02:42:04Z,1
pull,12835,b'closed',236,https://api.github.com/repos/matomo-org/developer-documentation/pulls/236,2018-05-07T03:35:09Z,2018-05-07T03:23:49Z,1
pull,12825,b'closed',12828,https://api.github.com/repos/matomo-org/matomo/pulls/12828,2018-05-06T19:28:58Z,2018-05-06T02:51:24Z,2
pull,12813,b'closed',12817,https://api.github.com/repos/matomo-org/matomo/pulls/12817,2018-05-05T02:37:38Z,2018-05-04T07:28:40Z,5
pull,12683,b'closed',12787,https://api.github.com/repos/matomo-org/matomo/pulls/12787,2018-05-01T15:12:38Z,2018-04-29T18:46:36Z,1
pull,12683,b'closed',12788,https://api.github.com/repos/matomo-org/matomo/pulls/12788,2018-05-03T20:17:46Z,2018-04-29T19:33:13Z,5
pull,12789,b'closed',12790,https://api.github.com/repos/matomo-org/matomo/pulls/12790,2018-05-04T00:17:07Z,2018-04-30T02:11:15Z,9
pull,12651,b'closed',12669,https://api.github.com/repos/matomo-org/matomo/pulls/12669,2018-05-03T21:14:41Z,2018-03-28T18:29:05Z,23
pull,12015,b'closed',12534,https://api.github.com/repos/matomo-org/matomo/pulls/12534,2018-05-03T19:47:11Z,2018-02-03T22:50:39Z,16
pull,12411,b'closed',12553,https://api.github.com/repos/matomo-org/matomo/pulls/12553,,2018-02-12T13:13:32Z,89
pull,12411,b'closed',12699,https://api.github.com/repos/matomo-org/matomo/pulls/12699,2018-05-04T05:15:12Z,2018-04-05T20:43:12Z,103
pull,12794,b'closed',12798,https://api.github.com/repos/matomo-org/matomo/pulls/12798,2018-05-02T08:11:35Z,2018-04-30T12:23:51Z,10
pull,12627,b'closed',12796,https://api.github.com/repos/matomo-org/matomo/pulls/12796,2018-05-02T08:04:42Z,2018-04-30T12:05:53Z,1
pull,12734,b'closed',12786,https://api.github.com/repos/matomo-org/matomo/pulls/12786,2018-05-01T15:18:53Z,2018-04-29T18:15:11Z,1
pull,12676,b'closed',12800,https://api.github.com/repos/matomo-org/matomo/pulls/12800,2018-05-01T15:09:40Z,2018-04-30T13:50:27Z,2
pull,12671,b'closed',12792,https://api.github.com/repos/matomo-org/matomo/pulls/12792,2018-04-30T19:34:55Z,2018-04-30T07:27:35Z,3
pull,12600,b'closed',12558,https://api.github.com/repos/matomo-org/matomo/pulls/12558,2018-04-24T01:26:40Z,2018-02-13T23:59:22Z,201
pull,12598,b'closed',12558,https://api.github.com/repos/matomo-org/matomo/pulls/12558,2018-04-24T01:26:40Z,2018-02-13T23:59:22Z,201
pull,12599,b'closed',12558,https://api.github.com/repos/matomo-org/matomo/pulls/12558,2018-04-24T01:26:40Z,2018-02-13T23:59:22Z,201
pull,12596,b'closed',12558,https://api.github.com/repos/matomo-org/matomo/pulls/12558,2018-04-24T01:26:40Z,2018-02-13T23:59:22Z,201
pull,12595,b'closed',12558,https://api.github.com/repos/matomo-org/matomo/pulls/12558,2018-04-24T01:26:40Z,2018-02-13T23:59:22Z,201
pull,12641,b'closed',12558,https://api.github.com/repos/matomo-org/matomo/pulls/12558,2018-04-24T01:26:40Z,2018-02-13T23:59:22Z,201
pull,11778,b'closed',12757,https://api.github.com/repos/matomo-org/matomo/pulls/12757,2018-04-23T08:55:41Z,2018-04-23T07:17:37Z,1
pull,7039,b'closed',8049,https://api.github.com/repos/matomo-org/matomo/pulls/8049,,2015-06-06T16:25:27Z,8
pull,12718,b'closed',12719,https://api.github.com/repos/matomo-org/matomo/pulls/12719,2018-04-12T05:44:00Z,2018-04-12T04:22:41Z,2
pull,12409,b'closed',12693,https://api.github.com/repos/matomo-org/matomo/pulls/12693,2018-04-23T02:05:04Z,2018-04-01T18:54:58Z,2
pull,12617,b'closed',12696,https://api.github.com/repos/matomo-org/matomo/pulls/12696,2018-04-10T05:55:59Z,2018-04-05T04:28:35Z,1
pull,12635,b'closed',12688,https://api.github.com/repos/matomo-org/matomo/pulls/12688,2018-04-02T00:55:07Z,2018-03-30T19:23:33Z,1
pull,12399,b'closed',427,https://api.github.com/repos/AgID/wai-portal/pulls/427,2020-01-08T13:01:20Z,2020-01-03T17:07:22Z,45
pull,12665,b'closed',12668,https://api.github.com/repos/matomo-org/matomo/pulls/12668,2018-03-28T19:10:48Z,2018-03-28T17:13:54Z,2
pull,7556,b'closed',7518,https://api.github.com/repos/matomo-org/matomo/pulls/7518,,2015-03-24T00:48:18Z,1
pull,12280,b'closed',12614,https://api.github.com/repos/matomo-org/matomo/pulls/12614,2018-03-20T10:09:50Z,2018-03-11T17:04:13Z,1
pull,12168,b'closed',12615,https://api.github.com/repos/matomo-org/matomo/pulls/12615,2018-03-17T19:55:03Z,2018-03-11T17:17:11Z,1
pull,12499,b'closed',12502,https://api.github.com/repos/matomo-org/matomo/pulls/12502,2018-03-20T11:06:46Z,2018-01-24T12:43:53Z,1
pull,12385,b'closed',12479,https://api.github.com/repos/matomo-org/matomo/pulls/12479,2018-01-18T22:51:16Z,2018-01-18T20:38:11Z,2
pull,12559,b'closed',12561,https://api.github.com/repos/matomo-org/matomo/pulls/12561,2018-02-26T10:43:00Z,2018-02-15T04:12:47Z,3
pull,9263,b'closed',10397,https://api.github.com/repos/matomo-org/matomo/pulls/10397,2016-08-29T01:30:52Z,2016-08-14T22:40:01Z,846
pull,6609,b'closed',6607,https://api.github.com/repos/matomo-org/matomo/pulls/6607,2014-11-08T01:47:01Z,2014-11-06T13:56:45Z,2
pull,6609,b'closed',7117,https://api.github.com/repos/matomo-org/matomo/pulls/7117,2015-02-11T04:51:57Z,2015-02-01T23:22:06Z,2
pull,11825,b'closed',12650,https://api.github.com/repos/matomo-org/matomo/pulls/12650,2018-03-26T22:48:34Z,2018-03-26T10:28:42Z,9
pull,12369,b'closed',12377,https://api.github.com/repos/matomo-org/matomo/pulls/12377,2018-03-20T10:11:34Z,2017-12-20T15:11:08Z,1
pull,12625,b'closed',12642,https://api.github.com/repos/matomo-org/matomo/pulls/12642,2018-03-23T04:00:48Z,2018-03-23T02:46:15Z,2
pull,12590,b'closed',12640,https://api.github.com/repos/matomo-org/matomo/pulls/12640,2018-03-23T03:50:46Z,2018-03-23T01:27:39Z,1
pull,10652,b'closed',12493,https://api.github.com/repos/matomo-org/matomo/pulls/12493,2018-03-23T03:46:55Z,2018-01-21T20:22:44Z,5
pull,11660,b'closed',12493,https://api.github.com/repos/matomo-org/matomo/pulls/12493,2018-03-23T03:46:55Z,2018-01-21T20:22:44Z,5
pull,12637,b'closed',12638,https://api.github.com/repos/matomo-org/matomo/pulls/12638,2018-03-23T03:42:23Z,2018-03-22T23:13:10Z,1
pull,12451,b'closed',12466,https://api.github.com/repos/matomo-org/matomo/pulls/12466,,2018-01-17T13:54:12Z,394
pull,12451,b'closed',12628,https://api.github.com/repos/matomo-org/matomo/pulls/12628,,2018-03-19T08:05:08Z,21
pull,8314,b'closed',11958,https://api.github.com/repos/matomo-org/matomo/pulls/11958,2018-03-22T02:38:47Z,2017-08-15T20:08:00Z,47
pull,12373,b'closed',12375,https://api.github.com/repos/matomo-org/matomo/pulls/12375,2018-03-22T00:42:51Z,2017-12-20T13:25:49Z,11
pull,12373,b'closed',12376,https://api.github.com/repos/matomo-org/matomo/pulls/12376,2018-04-23T04:20:38Z,2017-12-20T13:32:37Z,14
pull,12465,b'closed',12532,https://api.github.com/repos/matomo-org/matomo/pulls/12532,2018-03-20T21:27:56Z,2018-02-03T18:27:12Z,35
pull,12560,b'closed',12618,https://api.github.com/repos/matomo-org/matomo/pulls/12618,2018-03-20T10:26:51Z,2018-03-15T01:35:05Z,8
pull,12560,b'closed',12626,https://api.github.com/repos/matomo-org/matomo/pulls/12626,2018-03-20T10:20:54Z,2018-03-18T16:51:17Z,10
pull,12608,b'closed',12609,https://api.github.com/repos/matomo-org/matomo/pulls/12609,2018-03-20T10:09:27Z,2018-03-09T09:16:12Z,4
pull,12281,b'closed',12349,https://api.github.com/repos/matomo-org/matomo/pulls/12349,2017-12-11T20:39:26Z,2017-12-11T19:52:56Z,1
pull,12118,b'closed',12233,https://api.github.com/repos/matomo-org/matomo/pulls/12233,2017-11-24T00:58:22Z,2017-10-28T22:50:58Z,20
pull,11410,b'closed',11784,https://api.github.com/repos/matomo-org/matomo/pulls/11784,,2017-06-12T07:39:20Z,3
pull,11410,b'closed',11891,https://api.github.com/repos/matomo-org/matomo/pulls/11891,2017-08-03T05:12:32Z,2017-07-24T08:46:02Z,6
pull,11410,b'closed',191,https://api.github.com/repos/matomo-org/developer-documentation/pulls/191,2017-09-11T10:27:07Z,2017-09-11T10:12:08Z,1
pull,11410,b'closed',12355,https://api.github.com/repos/matomo-org/matomo/pulls/12355,2017-12-14T21:00:16Z,2017-12-13T22:53:17Z,5
pull,10605,b'closed',12023,https://api.github.com/repos/matomo-org/matomo/pulls/12023,2017-11-20T00:16:27Z,2017-09-10T19:19:02Z,3
pull,12394,b'closed',12406,https://api.github.com/repos/matomo-org/matomo/pulls/12406,2018-02-26T19:07:48Z,2018-01-06T14:43:54Z,4
pull,12386,b'closed',12387,https://api.github.com/repos/matomo-org/matomo/pulls/12387,2018-01-11T19:15:05Z,2017-12-27T12:39:06Z,8
pull,12359,b'closed',12460,https://api.github.com/repos/matomo-org/matomo/pulls/12460,2018-01-18T23:07:57Z,2018-01-17T01:00:03Z,35
pull,12344,b'closed',12383,https://api.github.com/repos/matomo-org/matomo/pulls/12383,2018-01-12T07:34:16Z,2017-12-21T19:02:07Z,1
pull,12334,b'closed',12407,https://api.github.com/repos/matomo-org/matomo/pulls/12407,2018-01-11T19:06:50Z,2018-01-06T17:06:34Z,5
pull,11986,b'closed',36,https://api.github.com/repos/matomo-org/travis-scripts/pulls/36,2017-10-12T21:46:42Z,2017-09-03T12:58:29Z,7
pull,11986,b'closed',38,https://api.github.com/repos/matomo-org/travis-scripts/pulls/38,2017-12-18T18:37:36Z,2017-11-22T19:53:11Z,6
pull,11986,b'closed',12316,https://api.github.com/repos/matomo-org/matomo/pulls/12316,,2017-12-01T12:09:20Z,1
pull,9063,b'closed',10397,https://api.github.com/repos/matomo-org/matomo/pulls/10397,2016-08-29T01:30:52Z,2016-08-14T22:40:01Z,846
pull,12101,b'closed',12104,https://api.github.com/repos/matomo-org/matomo/pulls/12104,2017-09-25T22:28:40Z,2017-09-22T08:01:07Z,5
pull,11999,b'closed',12018,https://api.github.com/repos/matomo-org/matomo/pulls/12018,2017-09-10T14:53:27Z,2017-09-10T14:30:32Z,1
pull,11999,b'closed',12074,https://api.github.com/repos/matomo-org/matomo/pulls/12074,2017-09-20T11:02:49Z,2017-09-18T01:35:02Z,2
pull,11710,b'closed',202,https://api.github.com/repos/matomo-org/developer-documentation/pulls/202,2017-10-30T18:08:52Z,2017-10-30T17:10:03Z,3
pull,11765,b'closed',12011,https://api.github.com/repos/matomo-org/matomo/pulls/12011,2017-11-19T22:38:37Z,2017-09-07T13:49:52Z,2
pull,12606,b'closed',12610,https://api.github.com/repos/matomo-org/matomo/pulls/12610,2018-03-11T19:25:31Z,2018-03-09T10:02:11Z,7
pull,12602,b'closed',12603,https://api.github.com/repos/matomo-org/matomo/pulls/12603,2018-03-08T22:56:14Z,2018-03-07T03:25:46Z,4
pull,9129,b'closed',15,https://api.github.com/repos/matomo-org/matomo-php-tracker/pulls/15,2015-11-11T02:55:37Z,2015-11-08T23:20:45Z,1
pull,11959,b'closed',12448,https://api.github.com/repos/matomo-org/matomo/pulls/12448,2018-01-18T00:56:19Z,2018-01-16T02:01:42Z,5
pull,11959,b'closed',12543,https://api.github.com/repos/matomo-org/matomo/pulls/12543,2018-02-12T07:31:25Z,2018-02-07T21:35:52Z,2
pull,12578,b'closed',12581,https://api.github.com/repos/matomo-org/matomo/pulls/12581,2018-03-06T21:46:44Z,2018-02-24T12:20:58Z,2
pull,12487,b'closed',12530,https://api.github.com/repos/matomo-org/matomo/pulls/12530,2018-02-26T10:45:05Z,2018-02-02T17:38:36Z,1
pull,9840,b'open',10273,https://api.github.com/repos/matomo-org/matomo/pulls/10273,2016-07-08T04:46:59Z,2016-07-05T16:26:23Z,1
pull,12455,b'closed',12472,https://api.github.com/repos/matomo-org/matomo/pulls/12472,2018-01-22T02:13:32Z,2018-01-18T00:54:01Z,9
pull,12439,b'closed',12462,https://api.github.com/repos/matomo-org/matomo/pulls/12462,2018-01-18T22:45:24Z,2018-01-17T01:23:19Z,1
pull,12456,b'closed',12461,https://api.github.com/repos/matomo-org/matomo/pulls/12461,2018-01-18T20:33:39Z,2018-01-17T01:08:28Z,3
pull,12471,b'closed',12475,https://api.github.com/repos/matomo-org/matomo/pulls/12475,2018-01-18T20:17:17Z,2018-01-18T01:52:27Z,1
pull,12477,b'closed',12478,https://api.github.com/repos/matomo-org/matomo/pulls/12478,2018-01-18T20:12:28Z,2018-01-18T13:51:44Z,1
pull,12105,b'closed',12249,https://api.github.com/repos/matomo-org/matomo/pulls/12249,2017-12-14T23:55:14Z,2017-11-02T21:49:03Z,1
pull,12362,b'closed',12383,https://api.github.com/repos/matomo-org/matomo/pulls/12383,2018-01-12T07:34:16Z,2017-12-21T19:02:07Z,1
pull,12429,b'closed',217,https://api.github.com/repos/matomo-org/developer-documentation/pulls/217,2018-01-12T01:43:37Z,2018-01-11T21:45:11Z,1
pull,4776,b'open',6243,https://api.github.com/repos/matomo-org/matomo/pulls/6243,2014-09-21T06:15:11Z,2014-09-18T03:43:01Z,63
pull,4776,b'open',31,https://api.github.com/repos/sirinartk/matomo/pulls/31,,2022-10-18T18:01:05Z,2
pull,4776,b'open',20,https://api.github.com/repos/dwayne45/matomo/pulls/20,,2022-10-18T23:34:30Z,2
pull,9586,b'closed',11579,https://api.github.com/repos/matomo-org/matomo/pulls/11579,2017-09-04T04:49:33Z,2017-04-03T20:03:25Z,170
pull,9586,b'closed',12160,https://api.github.com/repos/matomo-org/matomo/pulls/12160,2017-12-20T15:43:08Z,2017-10-06T17:56:42Z,16
pull,6000,b'open',28,https://api.github.com/repos/matomo-org/developer-documentation/pulls/28,,2014-10-12T12:41:29Z,1
pull,6000,b'open',7292,https://api.github.com/repos/matomo-org/matomo/pulls/7292,2015-03-31T22:20:00Z,2015-02-24T18:45:16Z,12
pull,7652,b'open',7787,https://api.github.com/repos/matomo-org/matomo/pulls/7787,2015-05-10T07:12:33Z,2015-04-29T04:23:19Z,4
pull,7904,b'closed',15,https://api.github.com/repos/dwayne45/matomo/pulls/15,,2022-07-31T21:39:34Z,2
pull,7904,b'closed',16,https://api.github.com/repos/dwayne45/matomo/pulls/16,,2022-08-01T06:44:32Z,1
pull,12113,b'closed',12176,https://api.github.com/repos/matomo-org/matomo/pulls/12176,2017-10-17T20:57:49Z,2017-10-12T14:06:04Z,1
pull,12117,b'closed',12214,https://api.github.com/repos/matomo-org/matomo/pulls/12214,2017-11-19T21:18:42Z,2017-10-20T07:33:56Z,3
pull,12090,b'closed',12100,https://api.github.com/repos/matomo-org/matomo/pulls/12100,2017-09-22T12:51:08Z,2017-09-21T18:59:03Z,5
pull,12090,b'closed',12190,https://api.github.com/repos/matomo-org/matomo/pulls/12190,2017-10-13T09:52:47Z,2017-10-13T08:48:37Z,6
pull,12090,b'closed',12247,https://api.github.com/repos/matomo-org/matomo/pulls/12247,2017-11-19T21:13:41Z,2017-11-02T09:17:58Z,1
pull,7930,b'closed',12224,https://api.github.com/repos/matomo-org/matomo/pulls/12224,2017-11-13T18:46:33Z,2017-10-24T20:29:53Z,5
pull,7930,b'closed',15,https://api.github.com/repos/dwayne45/matomo/pulls/15,,2022-07-31T21:39:34Z,2
pull,7930,b'closed',16,https://api.github.com/repos/dwayne45/matomo/pulls/16,,2022-08-01T06:44:32Z,1
pull,12290,b'closed',12323,https://api.github.com/repos/matomo-org/matomo/pulls/12323,2017-12-04T00:07:31Z,2017-12-03T21:14:27Z,1
pull,12321,b'closed',12324,https://api.github.com/repos/matomo-org/matomo/pulls/12324,2017-12-04T00:11:45Z,2017-12-03T23:38:25Z,1
pull,12306,b'closed',12319,https://api.github.com/repos/matomo-org/matomo/pulls/12319,2017-12-03T10:32:15Z,2017-12-03T08:06:46Z,6
pull,5230,b'closed',11235,https://api.github.com/repos/matomo-org/matomo/pulls/11235,,2017-01-19T03:03:42Z,12
pull,5230,b'closed',11252,https://api.github.com/repos/matomo-org/matomo/pulls/11252,2017-01-22T04:32:29Z,2017-01-22T03:21:29Z,6
pull,5230,b'closed',12283,https://api.github.com/repos/matomo-org/matomo/pulls/12283,2017-11-30T03:41:49Z,2017-11-19T13:38:41Z,16
pull,10083,b'open',10050,https://api.github.com/repos/matomo-org/matomo/pulls/10050,2016-04-19T00:17:53Z,2016-04-13T20:59:41Z,2
pull,12291,b'closed',12293,https://api.github.com/repos/matomo-org/matomo/pulls/12293,2017-11-22T20:24:53Z,2017-11-21T18:31:31Z,10
pull,12175,b'closed',12220,https://api.github.com/repos/matomo-org/matomo/pulls/12220,2017-11-22T22:41:04Z,2017-10-24T07:40:28Z,1
pull,12201,b'closed',12204,https://api.github.com/repos/matomo-org/matomo/pulls/12204,2017-11-19T22:22:55Z,2017-10-18T03:27:48Z,5
pull,12182,b'closed',12191,https://api.github.com/repos/matomo-org/matomo/pulls/12191,2017-11-19T21:31:08Z,2017-10-13T09:25:51Z,7
pull,12219,b'closed',12259,https://api.github.com/repos/matomo-org/matomo/pulls/12259,2017-11-19T21:17:55Z,2017-11-07T22:52:59Z,3
pull,11866,b'closed',12235,https://api.github.com/repos/matomo-org/matomo/pulls/12235,2017-11-19T21:16:20Z,2017-10-30T18:30:43Z,2
pull,8942,b'closed',8825,https://api.github.com/repos/matomo-org/matomo/pulls/8825,2015-10-13T07:37:21Z,2015-09-20T10:05:17Z,34
pull,4198,b'closed',12066,https://api.github.com/repos/matomo-org/matomo/pulls/12066,2018-06-18T13:36:22Z,2017-09-16T10:03:47Z,46
pull,12268,b'closed',12274,https://api.github.com/repos/matomo-org/matomo/pulls/12274,2017-11-14T09:15:57Z,2017-11-13T18:28:31Z,2
pull,12037,b'closed',12038,https://api.github.com/repos/matomo-org/matomo/pulls/12038,2017-09-13T14:13:32Z,2017-09-12T20:33:07Z,1
pull,12253,b'open',12254,https://api.github.com/repos/matomo-org/matomo/pulls/12254,2017-11-19T21:11:49Z,2017-11-07T01:39:55Z,1
pull,3946,b'closed',3,https://api.github.com/repos/DevVault/matomo/pulls/3,,2022-04-23T17:51:23Z,2
pull,3946,b'closed',4,https://api.github.com/repos/DevVault/matomo/pulls/4,,2022-04-23T17:51:33Z,2
pull,6159,b'closed',6243,https://api.github.com/repos/matomo-org/matomo/pulls/6243,2014-09-21T06:15:11Z,2014-09-18T03:43:01Z,63
pull,9108,b'open',12336,https://api.github.com/repos/matomo-org/matomo/pulls/12336,,2017-12-06T12:33:28Z,6
pull,12172,b'closed',12177,https://api.github.com/repos/matomo-org/matomo/pulls/12177,2017-10-19T22:46:57Z,2017-10-12T14:07:12Z,3
pull,12166,b'closed',12167,https://api.github.com/repos/matomo-org/matomo/pulls/12167,2017-10-12T01:34:05Z,2017-10-11T19:24:44Z,1
pull,12045,b'closed',12212,https://api.github.com/repos/matomo-org/matomo/pulls/12212,2017-10-19T21:58:41Z,2017-10-19T20:53:03Z,4
pull,12205,b'closed',12210,https://api.github.com/repos/matomo-org/matomo/pulls/12210,2017-10-19T21:56:58Z,2017-10-19T19:56:38Z,1
pull,12143,b'closed',12197,https://api.github.com/repos/matomo-org/matomo/pulls/12197,2017-10-15T18:18:22Z,2017-10-15T09:08:16Z,1
pull,10609,b'open',12476,https://api.github.com/repos/matomo-org/matomo/pulls/12476,2018-01-18T22:00:24Z,2018-01-18T03:22:47Z,4
pull,12058,b'closed',12130,https://api.github.com/repos/matomo-org/matomo/pulls/12130,2017-10-06T03:28:24Z,2017-09-27T20:01:32Z,1
pull,12134,b'closed',12135,https://api.github.com/repos/matomo-org/matomo/pulls/12135,2017-10-04T20:27:32Z,2017-09-30T09:04:31Z,15
pull,12131,b'closed',12133,https://api.github.com/repos/matomo-org/matomo/pulls/12133,2017-10-04T20:20:55Z,2017-09-29T08:03:30Z,5
pull,10814,b'closed',11532,https://api.github.com/repos/matomo-org/matomo/pulls/11532,2017-03-27T11:06:10Z,2017-03-27T10:27:20Z,1
pull,12065,b'closed',12066,https://api.github.com/repos/matomo-org/matomo/pulls/12066,2018-06-18T13:36:22Z,2017-09-16T10:03:47Z,46
pull,12065,b'closed',12099,https://api.github.com/repos/matomo-org/matomo/pulls/12099,2017-09-24T19:09:38Z,2017-09-21T17:22:13Z,2
pull,11942,b'closed',11995,https://api.github.com/repos/matomo-org/matomo/pulls/11995,2017-09-25T00:29:32Z,2017-09-02T00:01:20Z,17
pull,12097,b'closed',12098,https://api.github.com/repos/matomo-org/matomo/pulls/12098,2017-09-22T08:11:56Z,2017-09-21T10:03:34Z,1
pull,12088,b'closed',12095,https://api.github.com/repos/matomo-org/matomo/pulls/12095,2017-09-21T09:07:30Z,2017-09-21T08:22:33Z,1
pull,12050,b'closed',12060,https://api.github.com/repos/matomo-org/matomo/pulls/12060,2017-09-18T01:01:44Z,2017-09-15T00:10:23Z,1
pull,12041,b'closed',12048,https://api.github.com/repos/matomo-org/matomo/pulls/12048,2017-09-13T15:01:55Z,2017-09-13T14:21:18Z,3
pull,11731,b'closed',12022,https://api.github.com/repos/matomo-org/matomo/pulls/12022,2017-11-20T00:12:13Z,2017-09-10T18:19:27Z,1
pull,11731,b'closed',12323,https://api.github.com/repos/matomo-org/matomo/pulls/12323,2017-12-04T00:07:31Z,2017-12-03T21:14:27Z,1
pull,12003,b'closed',12004,https://api.github.com/repos/matomo-org/matomo/pulls/12004,2017-09-18T03:27:32Z,2017-09-05T21:38:35Z,1
pull,11978,b'closed',11989,https://api.github.com/repos/matomo-org/matomo/pulls/11989,2017-08-30T20:01:30Z,2017-08-30T18:20:58Z,1
pull,12036,b'closed',12047,https://api.github.com/repos/matomo-org/matomo/pulls/12047,2017-09-14T21:54:01Z,2017-09-13T13:50:42Z,13
pull,11884,b'closed',11990,https://api.github.com/repos/matomo-org/matomo/pulls/11990,2017-09-01T00:19:09Z,2017-08-30T18:50:25Z,2
pull,8912,b'closed',11579,https://api.github.com/repos/matomo-org/matomo/pulls/11579,2017-09-04T04:49:33Z,2017-04-03T20:03:25Z,170
pull,11754,b'closed',12017,https://api.github.com/repos/matomo-org/matomo/pulls/12017,2017-09-11T13:25:06Z,2017-09-10T14:13:58Z,3
pull,6416,b'closed',11579,https://api.github.com/repos/matomo-org/matomo/pulls/11579,2017-09-04T04:49:33Z,2017-04-03T20:03:25Z,170
pull,6111,b'closed',11559,https://api.github.com/repos/matomo-org/matomo/pulls/11559,2017-04-03T17:44:26Z,2017-03-29T13:46:14Z,15
pull,6111,b'closed',11579,https://api.github.com/repos/matomo-org/matomo/pulls/11579,2017-09-04T04:49:33Z,2017-04-03T20:03:25Z,170
pull,12028,b'closed',12029,https://api.github.com/repos/matomo-org/matomo/pulls/12029,2017-09-13T15:04:39Z,2017-09-11T21:01:22Z,1
pull,6006,b'closed',6749,https://api.github.com/repos/matomo-org/matomo/pulls/6749,,2014-11-29T03:46:39Z,11
pull,11789,b'closed',12019,https://api.github.com/repos/matomo-org/matomo/pulls/12019,2017-09-11T13:24:43Z,2017-09-10T16:04:45Z,1
pull,11172,b'closed',12020,https://api.github.com/repos/matomo-org/matomo/pulls/12020,2017-09-11T13:24:21Z,2017-09-10T17:07:19Z,1
pull,11703,b'closed',11744,https://api.github.com/repos/matomo-org/matomo/pulls/11744,2017-07-12T08:30:36Z,2017-05-29T16:32:29Z,4
pull,11622,b'closed',11745,https://api.github.com/repos/matomo-org/matomo/pulls/11745,2017-05-29T20:22:36Z,2017-05-29T17:44:15Z,1
pull,9249,b'closed',10397,https://api.github.com/repos/matomo-org/matomo/pulls/10397,2016-08-29T01:30:52Z,2016-08-14T22:40:01Z,846
pull,10841,b'closed',11748,https://api.github.com/repos/matomo-org/matomo/pulls/11748,2017-06-01T21:46:43Z,2017-05-30T10:35:59Z,48
pull,11520,b'closed',11579,https://api.github.com/repos/matomo-org/matomo/pulls/11579,2017-09-04T04:49:33Z,2017-04-03T20:03:25Z,170
pull,10614,b'closed',11750,https://api.github.com/repos/matomo-org/matomo/pulls/11750,2017-07-13T15:15:36Z,2017-05-30T12:27:22Z,2
pull,11815,b'closed',11839,https://api.github.com/repos/matomo-org/matomo/pulls/11839,2017-07-17T22:05:36Z,2017-07-04T19:57:50Z,10
pull,8491,b'closed',11579,https://api.github.com/repos/matomo-org/matomo/pulls/11579,2017-09-04T04:49:33Z,2017-04-03T20:03:25Z,170
pull,9919,b'closed',10021,https://api.github.com/repos/matomo-org/matomo/pulls/10021,2016-04-11T03:18:20Z,2016-04-08T00:56:23Z,197
pull,9919,b'closed',10397,https://api.github.com/repos/matomo-org/matomo/pulls/10397,2016-08-29T01:30:52Z,2016-08-14T22:40:01Z,846
pull,10272,b'closed',11579,https://api.github.com/repos/matomo-org/matomo/pulls/11579,2017-09-04T04:49:33Z,2017-04-03T20:03:25Z,170
pull,11895,b'closed',11907,https://api.github.com/repos/matomo-org/matomo/pulls/11907,2017-08-03T05:00:10Z,2017-08-01T12:24:59Z,1
pull,11624,b'closed',11781,https://api.github.com/repos/matomo-org/matomo/pulls/11781,2017-07-07T10:15:40Z,2017-06-09T11:28:28Z,1
pull,11570,b'closed',11997,https://api.github.com/repos/matomo-org/matomo/pulls/11997,2017-09-05T04:38:22Z,2017-09-05T02:58:59Z,5
pull,11654,b'closed',11661,https://api.github.com/repos/matomo-org/matomo/pulls/11661,2017-07-25T22:50:28Z,2017-05-02T15:53:48Z,2
pull,11695,b'closed',34,https://api.github.com/repos/matomo-org/travis-scripts/pulls/34,2017-06-24T22:39:38Z,2017-06-24T18:28:36Z,1
pull,11732,b'closed',55,https://api.github.com/repos/matomo-org/matomo-package/pulls/55,2017-06-21T05:02:35Z,2017-05-23T14:15:09Z,1
pull,11746,b'closed',11760,https://api.github.com/repos/matomo-org/matomo/pulls/11760,2017-06-09T09:10:15Z,2017-06-01T23:13:11Z,27
pull,11808,b'closed',185,https://api.github.com/repos/matomo-org/developer-documentation/pulls/185,2017-06-22T22:14:19Z,2017-06-22T07:22:33Z,1
pull,11845,b'closed',11890,https://api.github.com/repos/matomo-org/matomo/pulls/11890,2017-07-24T10:48:59Z,2017-07-24T02:06:35Z,2
pull,11848,b'closed',11870,https://api.github.com/repos/matomo-org/matomo/pulls/11870,2017-07-17T18:32:04Z,2017-07-14T12:27:18Z,1
pull,11848,b'closed',11875,https://api.github.com/repos/matomo-org/matomo/pulls/11875,2017-07-17T21:14:10Z,2017-07-17T19:23:22Z,3
pull,11874,b'closed',11883,https://api.github.com/repos/matomo-org/matomo/pulls/11883,2017-07-20T15:50:06Z,2017-07-19T20:44:30Z,21
pull,11963,b'closed',11991,https://api.github.com/repos/matomo-org/matomo/pulls/11991,2017-09-01T00:18:29Z,2017-08-30T19:16:56Z,2
pull,11965,b'closed',11972,https://api.github.com/repos/matomo-org/matomo/pulls/11972,,2017-08-23T21:29:01Z,1
pull,11965,b'closed',11979,https://api.github.com/repos/matomo-org/matomo/pulls/11979,2017-09-04T05:02:12Z,2017-08-28T00:40:16Z,5
pull,11707,b'closed',11579,https://api.github.com/repos/matomo-org/matomo/pulls/11579,2017-09-04T04:49:33Z,2017-04-03T20:03:25Z,170
pull,11976,b'closed',11579,https://api.github.com/repos/matomo-org/matomo/pulls/11579,2017-09-04T04:49:33Z,2017-04-03T20:03:25Z,170
pull,11589,b'closed',11579,https://api.github.com/repos/matomo-org/matomo/pulls/11579,2017-09-04T04:49:33Z,2017-04-03T20:03:25Z,170
pull,11954,b'closed',1,https://api.github.com/repos/DevVault/matomo/pulls/1,,2022-04-22T18:05:33Z,1
pull,10105,b'closed',10271,https://api.github.com/repos/matomo-org/matomo/pulls/10271,,2016-07-04T20:04:12Z,1
pull,10105,b'closed',10300,https://api.github.com/repos/matomo-org/matomo/pulls/10300,2016-07-15T01:27:06Z,2016-07-14T06:21:49Z,4
pull,10105,b'closed',10306,https://api.github.com/repos/matomo-org/matomo/pulls/10306,2016-07-15T05:35:43Z,2016-07-15T04:19:37Z,2
pull,11943,b'closed',185,https://api.github.com/repos/matomo-org/matomo-log-analytics/pulls/185,2017-08-29T16:24:23Z,2017-08-08T17:13:34Z,1
pull,11934,b'open',12551,https://api.github.com/repos/matomo-org/matomo/pulls/12551,2018-04-23T22:58:51Z,2018-02-12T02:53:39Z,2
pull,11888,b'closed',11893,https://api.github.com/repos/matomo-org/matomo/pulls/11893,2017-07-25T09:06:47Z,2017-07-24T20:15:19Z,2
pull,11831,b'closed',11833,https://api.github.com/repos/matomo-org/matomo/pulls/11833,2017-07-17T21:32:46Z,2017-06-30T06:47:57Z,1
pull,10983,b'closed',11747,https://api.github.com/repos/matomo-org/matomo/pulls/11747,2017-07-16T21:49:20Z,2017-05-30T08:07:53Z,86
pull,11869,b'closed',10,https://api.github.com/repos/matomo-org/component-decompress/pulls/10,2017-07-14T10:45:11Z,2017-07-14T09:56:25Z,2
pull,11869,b'closed',12,https://api.github.com/repos/matomo-org/plugin-LogViewer/pulls/12,2017-07-14T10:41:07Z,2017-07-14T09:59:13Z,1
pull,11869,b'closed',11871,https://api.github.com/repos/matomo-org/matomo/pulls/11871,2017-07-14T13:31:52Z,2017-07-14T13:31:06Z,2
pull,11841,b'closed',11844,https://api.github.com/repos/matomo-org/matomo/pulls/11844,2017-07-07T10:16:15Z,2017-07-05T10:29:03Z,8
pull,11451,b'open',12449,https://api.github.com/repos/matomo-org/matomo/pulls/12449,2018-01-18T20:46:02Z,2018-01-16T02:27:59Z,3
pull,9274,b'open',9448,https://api.github.com/repos/matomo-org/matomo/pulls/9448,,2015-12-26T15:59:02Z,1
pull,11734,b'closed',11878,https://api.github.com/repos/matomo-org/matomo/pulls/11878,,2017-07-17T22:56:45Z,1
pull,11016,b'open',12449,https://api.github.com/repos/matomo-org/matomo/pulls/12449,2018-01-18T20:46:02Z,2018-01-16T02:27:59Z,3
pull,11640,b'open',12689,https://api.github.com/repos/matomo-org/matomo/pulls/12689,,2018-03-31T00:35:15Z,4
pull,11568,b'open',11686,https://api.github.com/repos/matomo-org/matomo/pulls/11686,2017-05-12T23:12:14Z,2017-05-10T23:33:33Z,7
pull,9697,b'open',9993,https://api.github.com/repos/matomo-org/matomo/pulls/9993,2016-04-07T01:01:38Z,2016-04-03T19:51:10Z,1
pull,11788,b'closed',11801,https://api.github.com/repos/matomo-org/matomo/pulls/11801,2017-06-18T19:40:35Z,2017-06-18T10:14:22Z,3
pull,11550,b'closed',11548,https://api.github.com/repos/matomo-org/matomo/pulls/11548,2017-03-28T17:38:54Z,2017-03-28T13:25:13Z,682
pull,11550,b'closed',11802,https://api.github.com/repos/matomo-org/matomo/pulls/11802,2017-06-18T19:32:44Z,2017-06-18T18:46:57Z,6
pull,11787,b'closed',11790,https://api.github.com/repos/matomo-org/matomo/pulls/11790,2017-06-14T05:23:58Z,2017-06-13T07:41:02Z,2
pull,11714,b'closed',11715,https://api.github.com/repos/matomo-org/matomo/pulls/11715,2017-05-24T14:59:54Z,2017-05-17T01:28:55Z,2
pull,11721,b'closed',11727,https://api.github.com/repos/matomo-org/matomo/pulls/11727,2017-05-24T14:49:18Z,2017-05-23T00:17:23Z,2
pull,10703,b'closed',10708,https://api.github.com/repos/matomo-org/matomo/pulls/10708,2016-10-30T20:09:36Z,2016-10-06T19:57:56Z,2
pull,7242,b'open',6392,https://api.github.com/repos/matomo-org/matomo/pulls/6392,2014-10-07T03:43:36Z,2014-10-06T23:38:34Z,6
pull,10645,b'closed',11702,https://api.github.com/repos/matomo-org/matomo/pulls/11702,2017-05-16T20:11:40Z,2017-05-15T23:38:03Z,1
pull,11580,b'closed',11699,https://api.github.com/repos/matomo-org/matomo/pulls/11699,2017-05-15T05:11:25Z,2017-05-15T05:10:50Z,199
pull,11680,b'closed',11689,https://api.github.com/repos/matomo-org/matomo/pulls/11689,2017-05-12T21:02:39Z,2017-05-11T20:00:39Z,1
pull,11626,b'closed',11635,https://api.github.com/repos/matomo-org/matomo/pulls/11635,2017-05-06T08:44:15Z,2017-04-19T11:28:25Z,190
pull,11620,b'closed',11621,https://api.github.com/repos/matomo-org/matomo/pulls/11621,2017-04-21T21:43:41Z,2017-04-18T09:08:37Z,6
pull,11549,b'closed',11633,https://api.github.com/repos/matomo-org/matomo/pulls/11633,2017-05-06T12:57:41Z,2017-04-19T10:43:51Z,2
pull,11681,b'closed',11678,https://api.github.com/repos/matomo-org/matomo/pulls/11678,2017-05-09T20:55:39Z,2017-05-09T02:02:52Z,1
pull,11681,b'closed',11683,https://api.github.com/repos/matomo-org/matomo/pulls/11683,2017-05-15T05:01:58Z,2017-05-09T23:37:34Z,5
pull,11697,b'open',11690,https://api.github.com/repos/matomo-org/matomo/pulls/11690,2017-05-14T18:55:44Z,2017-05-12T01:37:17Z,2
pull,11359,b'closed',11644,https://api.github.com/repos/matomo-org/matomo/pulls/11644,2017-05-09T07:55:16Z,2017-04-24T09:45:51Z,4
pull,9842,b'open',9914,https://api.github.com/repos/matomo-org/matomo/pulls/9914,,2016-03-10T16:48:03Z,3
pull,11494,b'closed',11630,https://api.github.com/repos/matomo-org/matomo/pulls/11630,2017-05-08T10:18:07Z,2017-04-19T08:56:32Z,9
pull,11581,b'closed',54,https://api.github.com/repos/matomo-org/matomo-package/pulls/54,2017-05-08T09:01:40Z,2017-04-18T15:07:41Z,1
pull,11558,b'closed',11638,https://api.github.com/repos/matomo-org/matomo/pulls/11638,2017-05-08T08:58:02Z,2017-04-19T13:59:58Z,2
pull,7987,b'closed',7997,https://api.github.com/repos/matomo-org/matomo/pulls/7997,,2015-05-26T01:49:29Z,41
pull,7987,b'closed',11642,https://api.github.com/repos/matomo-org/matomo/pulls/11642,2017-05-08T08:41:10Z,2017-04-24T08:17:27Z,1
pull,11446,b'closed',11634,https://api.github.com/repos/matomo-org/matomo/pulls/11634,2017-05-08T08:08:10Z,2017-04-19T11:06:48Z,1
pull,11459,b'closed',11631,https://api.github.com/repos/matomo-org/matomo/pulls/11631,2017-05-08T07:47:23Z,2017-04-19T09:23:20Z,1
pull,10625,b'closed',10668,https://api.github.com/repos/matomo-org/matomo/pulls/10668,2016-11-15T15:13:05Z,2016-10-04T01:59:43Z,267
pull,10625,b'closed',10927,https://api.github.com/repos/matomo-org/matomo/pulls/10927,2017-05-08T07:38:02Z,2016-12-01T01:48:12Z,6
pull,10625,b'closed',11694,https://api.github.com/repos/matomo-org/matomo/pulls/11694,2017-05-12T20:49:09Z,2017-05-12T10:07:00Z,6
pull,10797,b'closed',10900,https://api.github.com/repos/matomo-org/matomo/pulls/10900,2016-12-01T01:12:44Z,2016-11-23T03:28:22Z,11
pull,10797,b'closed',10889,https://api.github.com/repos/matomo-org/matomo/pulls/10889,2016-12-13T20:39:46Z,2016-11-21T01:27:14Z,4
pull,10640,b'closed',11639,https://api.github.com/repos/matomo-org/matomo/pulls/11639,2017-04-26T21:55:02Z,2017-04-21T23:49:31Z,2
pull,11155,b'closed',11272,https://api.github.com/repos/matomo-org/matomo/pulls/11272,,2017-01-24T15:24:19Z,289
pull,11155,b'closed',11601,https://api.github.com/repos/matomo-org/matomo/pulls/11601,2017-04-18T17:50:49Z,2017-04-08T07:46:40Z,69
pull,9419,b'closed',9437,https://api.github.com/repos/matomo-org/matomo/pulls/9437,2015-12-23T02:08:13Z,2015-12-23T00:09:43Z,1
pull,11452,b'open',11500,https://api.github.com/repos/matomo-org/matomo/pulls/11500,,2017-03-19T15:09:09Z,55
pull,11464,b'closed',11557,https://api.github.com/repos/matomo-org/matomo/pulls/11557,2017-03-29T18:45:18Z,2017-03-29T11:26:07Z,1
pull,11450,b'closed',11542,https://api.github.com/repos/matomo-org/matomo/pulls/11542,2017-03-28T19:00:23Z,2017-03-27T21:14:00Z,3
pull,11454,b'closed',11456,https://api.github.com/repos/matomo-org/matomo/pulls/11456,2017-03-17T21:08:07Z,2017-03-05T03:03:11Z,1
pull,9899,b'closed',10397,https://api.github.com/repos/matomo-org/matomo/pulls/10397,2016-08-29T01:30:52Z,2016-08-14T22:40:01Z,846
pull,11116,b'closed',11559,https://api.github.com/repos/matomo-org/matomo/pulls/11559,2017-04-03T17:44:26Z,2017-03-29T13:46:14Z,15
pull,11436,b'closed',11555,https://api.github.com/repos/matomo-org/matomo/pulls/11555,2017-03-30T21:22:14Z,2017-03-29T10:50:26Z,8
pull,11277,b'closed',11555,https://api.github.com/repos/matomo-org/matomo/pulls/11555,2017-03-30T21:22:14Z,2017-03-29T10:50:26Z,8
pull,11419,b'closed',11561,https://api.github.com/repos/matomo-org/matomo/pulls/11561,2017-03-30T20:13:07Z,2017-03-29T17:51:23Z,14
pull,11323,b'closed',11529,https://api.github.com/repos/matomo-org/matomo/pulls/11529,2017-03-29T08:09:18Z,2017-03-26T15:46:58Z,9
pull,11276,b'closed',11278,https://api.github.com/repos/matomo-org/matomo/pulls/11278,2017-03-28T10:56:35Z,2017-01-26T01:57:44Z,8
pull,11489,b'closed',11539,https://api.github.com/repos/matomo-org/matomo/pulls/11539,2017-03-28T10:46:47Z,2017-03-27T17:18:50Z,2
pull,11536,b'closed',11521,https://api.github.com/repos/matomo-org/matomo/pulls/11521,2017-03-27T14:06:26Z,2017-03-23T09:46:30Z,1
pull,11536,b'closed',11541,https://api.github.com/repos/matomo-org/matomo/pulls/11541,2017-03-27T21:46:49Z,2017-03-27T19:42:13Z,1
pull,11468,b'closed',11537,https://api.github.com/repos/matomo-org/matomo/pulls/11537,2017-03-27T21:39:33Z,2017-03-27T15:27:41Z,1
pull,11510,b'closed',11511,https://api.github.com/repos/matomo-org/matomo/pulls/11511,2017-03-22T20:35:37Z,2017-03-22T11:03:12Z,2
pull,11510,b'closed',11521,https://api.github.com/repos/matomo-org/matomo/pulls/11521,2017-03-27T14:06:26Z,2017-03-23T09:46:30Z,1
pull,11469,b'closed',11530,https://api.github.com/repos/matomo-org/matomo/pulls/11530,2017-03-26T18:37:17Z,2017-03-26T16:50:05Z,1
pull,11145,b'closed',11448,https://api.github.com/repos/matomo-org/matomo/pulls/11448,2017-03-25T08:29:46Z,2017-03-02T16:11:59Z,6
pull,11512,b'closed',11516,https://api.github.com/repos/matomo-org/matomo/pulls/11516,2017-03-25T08:12:07Z,2017-03-22T20:10:51Z,2
pull,11471,b'closed',11472,https://api.github.com/repos/matomo-org/matomo/pulls/11472,2017-03-25T08:05:20Z,2017-03-09T20:27:50Z,1
pull,11441,b'closed',11485,https://api.github.com/repos/matomo-org/matomo/pulls/11485,2017-03-21T23:37:17Z,2017-03-14T12:46:02Z,2
pull,11509,b'closed',11485,https://api.github.com/repos/matomo-org/matomo/pulls/11485,2017-03-21T23:37:17Z,2017-03-14T12:46:02Z,2
pull,11509,b'closed',11511,https://api.github.com/repos/matomo-org/matomo/pulls/11511,2017-03-22T20:35:37Z,2017-03-22T11:03:12Z,2
pull,7218,b'closed',16628,https://api.github.com/repos/matomo-org/matomo/pulls/16628,,2020-10-29T08:42:55Z,5
pull,11408,b'closed',11501,https://api.github.com/repos/matomo-org/matomo/pulls/11501,2017-03-21T22:50:16Z,2017-03-20T09:12:38Z,4
pull,11498,b'closed',11503,https://api.github.com/repos/matomo-org/matomo/pulls/11503,2017-03-21T22:18:16Z,2017-03-20T12:34:30Z,5
pull,11329,b'closed',11445,https://api.github.com/repos/matomo-org/matomo/pulls/11445,2017-03-17T21:10:23Z,2017-03-02T15:13:32Z,8
pull,11449,b'closed',11455,https://api.github.com/repos/matomo-org/matomo/pulls/11455,2017-03-17T21:05:21Z,2017-03-04T21:49:32Z,3
pull,11165,b'closed',11425,https://api.github.com/repos/matomo-org/matomo/pulls/11425,2017-02-28T15:31:07Z,2017-02-28T08:34:17Z,20
pull,11066,b'closed',11095,https://api.github.com/repos/matomo-org/matomo/pulls/11095,2016-12-27T09:17:34Z,2016-12-26T22:15:37Z,18
pull,11167,b'closed',11356,https://api.github.com/repos/matomo-org/matomo/pulls/11356,2017-02-19T07:03:28Z,2017-02-19T07:00:40Z,1
pull,10438,b'closed',11217,https://api.github.com/repos/matomo-org/matomo/pulls/11217,2017-01-18T05:26:13Z,2017-01-18T03:31:30Z,1
pull,5317,b'closed',11220,https://api.github.com/repos/matomo-org/matomo/pulls/11220,2017-01-19T03:47:32Z,2017-01-18T05:56:50Z,1
pull,9705,b'closed',11227,https://api.github.com/repos/matomo-org/matomo/pulls/11227,2017-01-19T03:45:05Z,2017-01-18T20:56:24Z,1
pull,9848,b'closed',11228,https://api.github.com/repos/matomo-org/matomo/pulls/11228,2017-01-22T00:34:46Z,2017-01-18T21:16:20Z,5
pull,11238,b'closed',11245,https://api.github.com/repos/matomo-org/matomo/pulls/11245,2017-01-21T18:16:47Z,2017-01-21T11:14:35Z,10
pull,11238,b'closed',11246,https://api.github.com/repos/matomo-org/matomo/pulls/11246,2017-01-21T17:31:40Z,2017-01-21T11:19:00Z,1
pull,11109,b'closed',11376,https://api.github.com/repos/matomo-org/matomo/pulls/11376,2017-02-21T13:36:40Z,2017-02-20T16:51:01Z,6
pull,10753,b'closed',10982,https://api.github.com/repos/matomo-org/matomo/pulls/10982,2017-01-07T07:05:16Z,2016-12-07T23:11:25Z,11
pull,10753,b'closed',11216,https://api.github.com/repos/matomo-org/matomo/pulls/11216,2017-01-18T20:32:50Z,2017-01-18T03:01:56Z,6
pull,11111,b'closed',11202,https://api.github.com/repos/matomo-org/matomo/pulls/11202,2017-01-17T21:01:21Z,2017-01-17T03:36:37Z,1
pull,11111,b'closed',11211,https://api.github.com/repos/matomo-org/matomo/pulls/11211,2017-01-18T01:52:12Z,2017-01-17T22:38:28Z,2
pull,11340,b'closed',11381,https://api.github.com/repos/matomo-org/matomo/pulls/11381,2017-02-21T09:57:46Z,2017-02-21T09:34:57Z,1
pull,11340,b'closed',172,https://api.github.com/repos/matomo-org/developer-documentation/pulls/172,2017-02-21T09:57:01Z,2017-02-21T09:56:44Z,1
pull,11144,b'closed',11377,https://api.github.com/repos/matomo-org/matomo/pulls/11377,2017-02-21T10:27:14Z,2017-02-20T16:56:04Z,3
pull,11180,b'closed',11182,https://api.github.com/repos/matomo-org/matomo/pulls/11182,2017-01-17T21:53:56Z,2017-01-12T12:11:39Z,1
pull,11386,b'closed',11429,https://api.github.com/repos/matomo-org/matomo/pulls/11429,2017-02-28T22:09:06Z,2017-02-28T18:52:14Z,2
pull,11413,b'closed',11414,https://api.github.com/repos/matomo-org/matomo/pulls/11414,2017-02-28T08:43:05Z,2017-02-25T21:54:35Z,1
pull,11302,b'closed',11414,https://api.github.com/repos/matomo-org/matomo/pulls/11414,2017-02-28T08:43:05Z,2017-02-25T21:54:35Z,1
pull,10536,b'closed',10556,https://api.github.com/repos/matomo-org/matomo/pulls/10556,2016-09-25T22:22:36Z,2016-09-25T22:16:04Z,1
pull,10536,b'closed',10676,https://api.github.com/repos/matomo-org/matomo/pulls/10676,2016-10-04T22:36:01Z,2016-10-04T19:17:46Z,7
pull,10536,b'closed',10698,https://api.github.com/repos/matomo-org/matomo/pulls/10698,2016-10-06T09:54:11Z,2016-10-06T05:52:11Z,9
pull,7147,b'closed',8067,https://api.github.com/repos/matomo-org/matomo/pulls/8067,2015-06-09T01:47:11Z,2015-06-09T00:52:20Z,4
pull,11320,b'closed',11399,https://api.github.com/repos/matomo-org/matomo/pulls/11399,2017-02-22T20:58:41Z,2017-02-22T20:23:44Z,2
pull,10167,b'closed',10284,https://api.github.com/repos/matomo-org/matomo/pulls/10284,,2016-07-09T15:00:57Z,2
pull,11291,b'closed',11380,https://api.github.com/repos/matomo-org/matomo/pulls/11380,2017-02-21T10:28:25Z,2017-02-21T06:55:50Z,1
pull,11130,b'closed',11375,https://api.github.com/repos/matomo-org/matomo/pulls/11375,2017-02-21T10:24:39Z,2017-02-20T16:23:45Z,1
pull,11237,b'closed',11369,https://api.github.com/repos/matomo-org/matomo/pulls/11369,2017-02-21T10:23:01Z,2017-02-20T09:09:20Z,1
pull,11331,b'closed',11368,https://api.github.com/repos/matomo-org/matomo/pulls/11368,2017-02-21T10:16:30Z,2017-02-20T08:53:46Z,1
pull,11177,b'closed',11190,https://api.github.com/repos/matomo-org/matomo/pulls/11190,2017-01-21T23:50:27Z,2017-01-13T11:39:59Z,212
pull,11321,b'closed',11372,https://api.github.com/repos/matomo-org/matomo/pulls/11372,2017-02-20T16:38:38Z,2017-02-20T14:13:23Z,5
pull,9989,b'open',10200,https://api.github.com/repos/matomo-org/matomo/pulls/10200,,2016-05-31T18:10:38Z,12
pull,9989,b'open',10444,https://api.github.com/repos/matomo-org/matomo/pulls/10444,,2016-08-25T21:43:06Z,12
pull,6061,b'closed',8065,https://api.github.com/repos/matomo-org/matomo/pulls/8065,2015-06-09T01:53:21Z,2015-06-08T21:41:53Z,32
pull,11213,b'closed',11263,https://api.github.com/repos/matomo-org/matomo/pulls/11263,2017-02-19T10:29:00Z,2017-01-23T11:08:13Z,22
pull,11306,b'closed',11307,https://api.github.com/repos/matomo-org/matomo/pulls/11307,2017-02-18T11:46:29Z,2017-02-01T01:33:36Z,1
pull,11332,b'closed',11333,https://api.github.com/repos/matomo-org/matomo/pulls/11333,2017-02-18T11:45:40Z,2017-02-10T13:08:12Z,3
pull,11179,b'open',11240,https://api.github.com/repos/matomo-org/matomo/pulls/11240,2017-01-22T01:10:01Z,2017-01-19T22:09:36Z,1
pull,4231,b'open',7997,https://api.github.com/repos/matomo-org/matomo/pulls/7997,,2015-05-26T01:49:29Z,41
pull,4231,b'open',8109,https://api.github.com/repos/matomo-org/matomo/pulls/8109,2015-06-16T23:12:07Z,2015-06-15T14:02:14Z,3
pull,4231,b'open',8512,https://api.github.com/repos/matomo-org/matomo/pulls/8512,2015-08-20T23:43:25Z,2015-08-07T11:19:15Z,1
pull,10307,b'open',10309,https://api.github.com/repos/matomo-org/matomo/pulls/10309,,2016-07-15T06:08:37Z,3
pull,10307,b'open',10199,https://api.github.com/repos/matomo-org/matomo/pulls/10199,2016-07-16T07:34:22Z,2016-05-31T18:08:26Z,7
pull,2750,b'closed',11294,https://api.github.com/repos/matomo-org/matomo/pulls/11294,2017-01-30T04:34:41Z,2017-01-30T02:06:58Z,33
pull,9776,b'open',9,https://api.github.com/repos/strugee/gplenforced.org/pulls/9,,2017-05-30T16:09:23Z,1
pull,7618,b'closed',7627,https://api.github.com/repos/matomo-org/matomo/pulls/7627,2015-04-16T02:15:15Z,2015-04-04T16:39:07Z,19
pull,7618,b'closed',7578,https://api.github.com/repos/matomo-org/matomo/pulls/7578,2015-04-17T03:07:52Z,2015-03-30T04:07:37Z,20
pull,7618,b'closed',7895,https://api.github.com/repos/matomo-org/matomo/pulls/7895,2015-05-31T18:59:07Z,2015-05-12T23:37:41Z,7
pull,8993,b'closed',9000,https://api.github.com/repos/matomo-org/matomo/pulls/9000,2015-10-14T11:30:12Z,2015-10-14T11:17:34Z,4
pull,7393,b'closed',7419,https://api.github.com/repos/matomo-org/matomo/pulls/7419,2015-03-16T03:04:47Z,2015-03-12T23:24:44Z,2
pull,8288,b'closed',8550,https://api.github.com/repos/matomo-org/matomo/pulls/8550,2015-08-13T16:09:38Z,2015-08-11T15:42:01Z,8
pull,11197,b'closed',11205,https://api.github.com/repos/matomo-org/matomo/pulls/11205,2017-01-18T20:31:47Z,2017-01-17T15:00:07Z,1
pull,11195,b'closed',11196,https://api.github.com/repos/matomo-org/matomo/pulls/11196,2017-01-17T21:00:04Z,2017-01-16T09:29:23Z,1
pull,11192,b'closed',11193,https://api.github.com/repos/matomo-org/matomo/pulls/11193,2017-01-14T17:09:31Z,2017-01-14T14:31:59Z,2
pull,10143,b'closed',10424,https://api.github.com/repos/matomo-org/matomo/pulls/10424,2016-08-28T06:35:27Z,2016-08-23T03:18:03Z,2
pull,8076,b'closed',110,https://api.github.com/repos/matomo-org/developer-documentation/pulls/110,2015-12-03T20:11:47Z,2015-11-17T23:27:08Z,1
pull,8076,b'closed',9228,https://api.github.com/repos/matomo-org/matomo/pulls/9228,2015-11-22T21:31:22Z,2015-11-18T02:29:55Z,31
pull,11156,b'closed',11158,https://api.github.com/repos/matomo-org/matomo/pulls/11158,2017-01-09T20:19:33Z,2017-01-09T08:56:53Z,2
pull,11156,b'closed',11163,https://api.github.com/repos/matomo-org/matomo/pulls/11163,2017-01-09T22:12:23Z,2017-01-09T22:12:13Z,19
pull,10587,b'closed',11063,https://api.github.com/repos/matomo-org/matomo/pulls/11063,2017-01-05T10:18:53Z,2016-12-21T20:46:06Z,443
pull,10587,b'closed',11093,https://api.github.com/repos/matomo-org/matomo/pulls/11093,2017-01-05T10:34:43Z,2016-12-26T19:20:47Z,265
pull,10587,b'closed',11121,https://api.github.com/repos/matomo-org/matomo/pulls/11121,2017-01-05T10:28:51Z,2017-01-01T17:50:32Z,21
pull,11055,b'closed',11135,https://api.github.com/repos/matomo-org/matomo/pulls/11135,2017-01-03T20:28:30Z,2017-01-02T23:40:29Z,6
pull,9250,b'closed',9322,https://api.github.com/repos/matomo-org/matomo/pulls/9322,2015-12-04T00:27:33Z,2015-12-03T21:01:17Z,1
pull,9250,b'closed',10397,https://api.github.com/repos/matomo-org/matomo/pulls/10397,2016-08-29T01:30:52Z,2016-08-14T22:40:01Z,846
pull,11107,b'closed',11123,https://api.github.com/repos/matomo-org/matomo/pulls/11123,2017-01-02T00:12:12Z,2017-01-02T00:06:14Z,2
pull,11122,b'closed',11128,https://api.github.com/repos/matomo-org/matomo/pulls/11128,2017-01-02T14:56:43Z,2017-01-02T10:01:47Z,1
pull,9169,b'closed',9655,https://api.github.com/repos/matomo-org/matomo/pulls/9655,2016-01-31T23:23:54Z,2016-01-28T22:03:57Z,9
pull,9649,b'closed',9657,https://api.github.com/repos/matomo-org/matomo/pulls/9657,2016-01-31T23:33:46Z,2016-01-29T03:27:38Z,18
pull,9650,b'closed',9656,https://api.github.com/repos/matomo-org/matomo/pulls/9656,2016-01-31T23:24:12Z,2016-01-29T02:29:10Z,20
pull,9321,b'closed',9459,https://api.github.com/repos/matomo-org/matomo/pulls/9459,2016-01-12T22:31:55Z,2016-01-03T11:48:56Z,2
pull,10869,b'closed',11117,https://api.github.com/repos/matomo-org/matomo/pulls/11117,2017-01-07T07:02:36Z,2016-12-30T11:05:01Z,4
pull,11119,b'closed',11120,https://api.github.com/repos/matomo-org/matomo/pulls/11120,2017-01-02T00:11:20Z,2016-12-31T14:52:39Z,3
pull,10995,b'closed',11114,https://api.github.com/repos/matomo-org/matomo/pulls/11114,2016-12-30T00:27:53Z,2016-12-29T23:12:34Z,2
pull,11040,b'closed',11097,https://api.github.com/repos/matomo-org/matomo/pulls/11097,2016-12-27T03:07:43Z,2016-12-27T02:55:21Z,2
pull,10878,b'closed',10888,https://api.github.com/repos/matomo-org/matomo/pulls/10888,,2016-11-21T01:14:34Z,3
pull,10878,b'closed',10889,https://api.github.com/repos/matomo-org/matomo/pulls/10889,2016-12-13T20:39:46Z,2016-11-21T01:27:14Z,4
pull,11087,b'closed',11096,https://api.github.com/repos/matomo-org/matomo/pulls/11096,2016-12-27T09:05:21Z,2016-12-27T01:48:13Z,8
pull,10876,b'closed',51,https://api.github.com/repos/Thomas--F/BotTracker/pulls/51,2016-12-14T08:53:42Z,2016-11-20T18:27:44Z,1
pull,10876,b'closed',11082,https://api.github.com/repos/matomo-org/matomo/pulls/11082,2016-12-27T09:12:11Z,2016-12-26T02:24:15Z,8
pull,10506,b'open',10931,https://api.github.com/repos/matomo-org/matomo/pulls/10931,2016-12-01T09:07:35Z,2016-12-01T09:02:50Z,2
pull,7202,b'closed',9280,https://api.github.com/repos/matomo-org/matomo/pulls/9280,2015-11-27T01:10:02Z,2015-11-26T03:10:25Z,2
pull,9648,b'closed',9655,https://api.github.com/repos/matomo-org/matomo/pulls/9655,2016-01-31T23:23:54Z,2016-01-28T22:03:57Z,9
pull,6207,b'closed',11032,https://api.github.com/repos/matomo-org/matomo/pulls/11032,,2016-12-18T01:57:50Z,5
pull,3288,b'closed',10548,https://api.github.com/repos/matomo-org/matomo/pulls/10548,2016-09-26T00:03:59Z,2016-09-23T11:49:15Z,17
pull,11018,b'closed',11020,https://api.github.com/repos/matomo-org/matomo/pulls/11020,2016-12-15T19:52:16Z,2016-12-15T04:48:16Z,1
pull,11012,b'closed',11013,https://api.github.com/repos/matomo-org/matomo/pulls/11013,2016-12-15T02:21:44Z,2016-12-14T22:26:34Z,1
pull,10376,b'closed',10045,https://api.github.com/repos/matomo-org/matomo/pulls/10045,2016-07-12T05:26:07Z,2016-04-12T10:18:10Z,7
pull,10376,b'closed',10491,https://api.github.com/repos/matomo-org/matomo/pulls/10491,2016-09-19T05:28:23Z,2016-09-13T02:25:22Z,7
pull,10738,b'closed',11082,https://api.github.com/repos/matomo-org/matomo/pulls/11082,2016-12-27T09:12:11Z,2016-12-26T02:24:15Z,8
pull,11023,b'closed',11024,https://api.github.com/repos/matomo-org/matomo/pulls/11024,2016-12-16T04:00:55Z,2016-12-16T03:12:58Z,4
pull,10971,b'closed',11022,https://api.github.com/repos/matomo-org/matomo/pulls/11022,2016-12-16T00:18:04Z,2016-12-15T21:09:05Z,6
pull,11007,b'closed',11011,https://api.github.com/repos/matomo-org/matomo/pulls/11011,2016-12-14T22:56:29Z,2016-12-14T18:47:09Z,1
pull,10972,b'closed',10969,https://api.github.com/repos/matomo-org/matomo/pulls/10969,2016-12-06T11:01:08Z,2016-12-06T04:20:14Z,1
pull,10880,b'closed',10987,https://api.github.com/repos/matomo-org/matomo/pulls/10987,2016-12-12T10:52:30Z,2016-12-09T00:26:50Z,18
pull,10877,b'closed',10917,https://api.github.com/repos/matomo-org/matomo/pulls/10917,2016-12-05T17:37:19Z,2016-11-27T22:32:19Z,5
pull,10984,b'closed',10985,https://api.github.com/repos/matomo-org/matomo/pulls/10985,2016-12-09T03:20:54Z,2016-12-08T19:55:35Z,2
pull,10984,b'closed',10986,https://api.github.com/repos/matomo-org/matomo/pulls/10986,2016-12-09T03:19:21Z,2016-12-08T19:56:10Z,9
pull,10626,b'closed',10969,https://api.github.com/repos/matomo-org/matomo/pulls/10969,2016-12-06T11:01:08Z,2016-12-06T04:20:14Z,1
pull,10857,b'closed',10970,https://api.github.com/repos/matomo-org/matomo/pulls/10970,2016-12-06T11:01:37Z,2016-12-06T04:33:31Z,11
pull,10939,b'closed',10966,https://api.github.com/repos/matomo-org/matomo/pulls/10966,2016-12-06T00:22:31Z,2016-12-05T20:43:53Z,6
pull,8970,b'open',8971,https://api.github.com/repos/matomo-org/matomo/pulls/8971,2015-10-12T05:11:08Z,2015-10-12T02:39:54Z,3
pull,8970,b'open',9016,https://api.github.com/repos/matomo-org/matomo/pulls/9016,2015-10-16T00:16:21Z,2015-10-15T19:38:17Z,14
pull,404,b'open',9517,https://api.github.com/repos/matomo-org/matomo/pulls/9517,,2016-01-13T16:08:47Z,1
pull,4625,b'open',28,https://api.github.com/repos/matomo-org/developer-documentation/pulls/28,,2014-10-12T12:41:29Z,1
pull,10948,b'closed',10928,https://api.github.com/repos/matomo-org/matomo/pulls/10928,2016-12-01T07:56:42Z,2016-12-01T02:02:12Z,8
pull,10948,b'closed',10959,https://api.github.com/repos/matomo-org/matomo/pulls/10959,2016-12-05T08:57:48Z,2016-12-05T07:57:52Z,8
pull,10929,b'closed',10959,https://api.github.com/repos/matomo-org/matomo/pulls/10959,2016-12-05T08:57:48Z,2016-12-05T07:57:52Z,8
pull,10615,b'closed',10955,https://api.github.com/repos/matomo-org/matomo/pulls/10955,2016-12-04T18:29:41Z,2016-12-04T06:02:09Z,1
pull,10788,b'closed',10863,https://api.github.com/repos/matomo-org/matomo/pulls/10863,2016-11-30T18:57:28Z,2016-11-14T12:01:11Z,1
pull,8224,b'closed',10901,https://api.github.com/repos/matomo-org/matomo/pulls/10901,2016-12-01T01:39:18Z,2016-11-23T03:36:48Z,4
pull,9777,b'closed',10026,https://api.github.com/repos/matomo-org/matomo/pulls/10026,,2016-04-10T19:09:00Z,27
pull,9777,b'closed',10070,https://api.github.com/repos/matomo-org/matomo/pulls/10070,2016-08-31T18:03:44Z,2016-04-18T21:19:50Z,28
pull,9777,b'closed',10873,https://api.github.com/repos/matomo-org/matomo/pulls/10873,2016-11-20T23:44:49Z,2016-11-15T19:20:41Z,13
pull,10720,b'closed',10864,https://api.github.com/repos/matomo-org/matomo/pulls/10864,2016-11-30T20:49:59Z,2016-11-14T12:27:44Z,2
pull,10874,b'closed',10935,https://api.github.com/repos/matomo-org/matomo/pulls/10935,2016-12-01T12:29:19Z,2016-12-01T11:59:50Z,10
pull,10875,b'closed',10933,https://api.github.com/repos/matomo-org/matomo/pulls/10933,2016-12-01T11:23:46Z,2016-12-01T10:39:21Z,22
pull,10727,b'open',12450,https://api.github.com/repos/matomo-org/matomo/pulls/12450,2018-01-18T01:59:06Z,2018-01-16T03:16:20Z,6
pull,10313,b'closed',10898,https://api.github.com/repos/matomo-org/matomo/pulls/10898,2016-12-01T01:18:19Z,2016-11-23T03:24:32Z,2
pull,10656,b'closed',10657,https://api.github.com/repos/matomo-org/matomo/pulls/10657,2016-10-03T22:24:46Z,2016-10-03T20:27:13Z,1
pull,10656,b'closed',10897,https://api.github.com/repos/matomo-org/matomo/pulls/10897,2016-12-01T01:14:28Z,2016-11-23T02:58:57Z,2
pull,10890,b'closed',10899,https://api.github.com/repos/matomo-org/matomo/pulls/10899,2016-12-01T00:46:49Z,2016-11-23T03:27:53Z,6
pull,10663,b'closed',10902,https://api.github.com/repos/matomo-org/matomo/pulls/10902,2016-11-30T18:58:58Z,2016-11-23T03:54:02Z,1
pull,5993,b'closed',12207,https://api.github.com/repos/matomo-org/matomo/pulls/12207,2017-11-19T21:19:00Z,2017-10-18T21:15:52Z,2
pull,9341,b'closed',9342,https://api.github.com/repos/matomo-org/matomo/pulls/9342,2015-12-21T11:59:29Z,2015-12-06T21:59:09Z,3
pull,9341,b'closed',9,https://api.github.com/repos/strugee/gplenforced.org/pulls/9,,2017-05-30T16:09:23Z,1
pull,9341,b'closed',16,https://api.github.com/repos/openfisca/openfisca.org/pulls/16,2017-08-30T09:56:37Z,2017-08-23T12:54:31Z,5
pull,10831,b'closed',10815,https://api.github.com/repos/matomo-org/matomo/pulls/10815,2016-11-01T22:28:21Z,2016-10-31T21:57:24Z,49
pull,10831,b'closed',10872,https://api.github.com/repos/matomo-org/matomo/pulls/10872,2016-11-15T21:03:06Z,2016-11-15T18:17:30Z,1
pull,9345,b'closed',9343,https://api.github.com/repos/matomo-org/matomo/pulls/9343,,2015-12-06T23:03:05Z,5
pull,9345,b'closed',10867,https://api.github.com/repos/matomo-org/matomo/pulls/10867,2016-11-15T02:15:16Z,2016-11-15T02:09:44Z,62
pull,10836,b'closed',10843,https://api.github.com/repos/matomo-org/matomo/pulls/10843,2016-11-14T11:42:44Z,2016-11-07T19:39:59Z,5
pull,10833,b'closed',10834,https://api.github.com/repos/matomo-org/matomo/pulls/10834,,2016-11-03T14:32:36Z,1
pull,10547,b'closed',10688,https://api.github.com/repos/matomo-org/matomo/pulls/10688,2016-11-11T00:50:50Z,2016-10-05T08:44:36Z,2
pull,10775,b'closed',10811,https://api.github.com/repos/matomo-org/matomo/pulls/10811,2016-11-03T03:00:19Z,2016-10-31T04:37:01Z,1
pull,10721,b'closed',10817,https://api.github.com/repos/matomo-org/matomo/pulls/10817,2016-11-03T02:24:34Z,2016-11-01T05:09:13Z,2
pull,10721,b'closed',10825,https://api.github.com/repos/matomo-org/matomo/pulls/10825,2016-11-03T02:23:32Z,2016-11-01T19:12:16Z,2
pull,10761,b'closed',10806,https://api.github.com/repos/matomo-org/matomo/pulls/10806,2016-10-30T19:03:56Z,2016-10-30T12:47:58Z,2
pull,10447,b'closed',10580,https://api.github.com/repos/matomo-org/matomo/pulls/10580,2016-10-30T20:18:15Z,2016-09-27T03:08:14Z,1
pull,10695,b'closed',10737,https://api.github.com/repos/matomo-org/matomo/pulls/10737,2016-10-22T09:29:48Z,2016-10-14T01:23:09Z,202
pull,10693,b'closed',10696,https://api.github.com/repos/matomo-org/matomo/pulls/10696,2016-10-06T04:02:35Z,2016-10-06T03:08:53Z,1
pull,10745,b'closed',10750,https://api.github.com/repos/matomo-org/matomo/pulls/10750,2016-10-30T20:07:12Z,2016-10-17T18:54:11Z,1
pull,10779,b'closed',10783,https://api.github.com/repos/matomo-org/matomo/pulls/10783,2016-10-25T21:11:06Z,2016-10-24T00:31:50Z,33
pull,10755,b'closed',10762,https://api.github.com/repos/matomo-org/matomo/pulls/10762,2016-10-30T20:06:59Z,2016-10-18T20:09:00Z,3
pull,10755,b'closed',10763,https://api.github.com/repos/matomo-org/matomo/pulls/10763,2016-10-20T00:22:51Z,2016-10-18T20:12:11Z,3
pull,10342,b'closed',10404,https://api.github.com/repos/matomo-org/matomo/pulls/10404,2016-09-19T08:09:02Z,2016-08-16T04:21:22Z,3
pull,7213,b'closed',9478,https://api.github.com/repos/matomo-org/matomo/pulls/9478,2016-01-12T18:34:25Z,2016-01-05T23:41:42Z,21
pull,7517,b'closed',7430,https://api.github.com/repos/matomo-org/matomo/pulls/7430,2015-03-30T22:57:25Z,2015-03-14T16:55:20Z,32
pull,10563,b'closed',10565,https://api.github.com/repos/matomo-org/matomo/pulls/10565,2016-09-26T19:58:17Z,2016-09-26T16:56:43Z,6
pull,7346,b'closed',9469,https://api.github.com/repos/matomo-org/matomo/pulls/9469,,2016-01-04T18:03:12Z,15
pull,7346,b'closed',10057,https://api.github.com/repos/matomo-org/matomo/pulls/10057,2016-09-25T22:22:41Z,2016-04-14T21:06:14Z,20
pull,8469,b'closed',9463,https://api.github.com/repos/matomo-org/matomo/pulls/9463,2016-01-10T21:59:14Z,2016-01-03T20:43:15Z,1
pull,7480,b'closed',10381,https://api.github.com/repos/matomo-org/matomo/pulls/10381,2016-08-16T03:47:01Z,2016-08-08T03:22:15Z,113
pull,7708,b'closed',7675,https://api.github.com/repos/matomo-org/matomo/pulls/7675,2015-04-21T02:10:53Z,2015-04-14T02:51:26Z,4
pull,7708,b'closed',7845,https://api.github.com/repos/matomo-org/matomo/pulls/7845,2015-05-06T03:23:58Z,2015-05-06T01:41:32Z,1
pull,7822,b'closed',7872,https://api.github.com/repos/matomo-org/matomo/pulls/7872,2015-05-12T22:49:46Z,2015-05-10T00:51:38Z,2
pull,7822,b'closed',7927,https://api.github.com/repos/matomo-org/matomo/pulls/7927,2015-05-19T23:01:11Z,2015-05-18T04:34:45Z,102
pull,7822,b'closed',8221,https://api.github.com/repos/matomo-org/matomo/pulls/8221,2015-06-26T03:22:37Z,2015-06-26T02:37:33Z,2
pull,7822,b'closed',8442,https://api.github.com/repos/matomo-org/matomo/pulls/8442,2015-08-20T13:37:38Z,2015-07-28T12:25:12Z,451
pull,7822,b'closed',8443,https://api.github.com/repos/matomo-org/matomo/pulls/8443,,2015-07-28T13:05:38Z,44
pull,6764,b'closed',7771,https://api.github.com/repos/matomo-org/matomo/pulls/7771,2015-04-27T05:26:11Z,2015-04-27T05:25:53Z,3
pull,6988,b'closed',7012,https://api.github.com/repos/matomo-org/matomo/pulls/7012,2015-01-14T02:15:47Z,2015-01-14T02:00:30Z,2
pull,6988,b'closed',7013,https://api.github.com/repos/matomo-org/matomo/pulls/7013,2015-01-14T02:45:19Z,2015-01-14T02:41:20Z,1
pull,7129,b'closed',7132,https://api.github.com/repos/matomo-org/matomo/pulls/7132,2015-02-09T04:30:57Z,2015-02-04T02:33:49Z,2
pull,7219,b'closed',9472,https://api.github.com/repos/matomo-org/matomo/pulls/9472,2016-01-10T21:32:55Z,2016-01-04T23:59:20Z,2
pull,7812,b'closed',7907,https://api.github.com/repos/matomo-org/matomo/pulls/7907,2015-05-14T22:27:02Z,2015-05-14T21:18:40Z,2
pull,4615,b'closed',8774,https://api.github.com/repos/matomo-org/matomo/pulls/8774,2015-09-14T04:08:47Z,2015-09-13T16:52:10Z,1
pull,4615,b'closed',8904,https://api.github.com/repos/matomo-org/matomo/pulls/8904,2015-10-04T21:11:29Z,2015-10-03T19:04:40Z,1
pull,7086,b'closed',7872,https://api.github.com/repos/matomo-org/matomo/pulls/7872,2015-05-12T22:49:46Z,2015-05-10T00:51:38Z,2
pull,7264,b'closed',9471,https://api.github.com/repos/matomo-org/matomo/pulls/9471,2016-01-11T23:34:13Z,2016-01-04T23:35:52Z,4
pull,7404,b'closed',7687,https://api.github.com/repos/matomo-org/matomo/pulls/7687,2015-04-16T21:36:02Z,2015-04-15T19:53:30Z,2
pull,8352,b'closed',8431,https://api.github.com/repos/matomo-org/matomo/pulls/8431,2015-07-27T05:38:08Z,2015-07-25T14:27:27Z,9
pull,10380,b'closed',10497,https://api.github.com/repos/matomo-org/matomo/pulls/10497,2016-09-13T22:39:32Z,2016-09-13T21:23:28Z,10
pull,10380,b'closed',13,https://api.github.com/repos/matomo-org/component-cache/pulls/13,2016-09-14T20:19:56Z,2016-09-13T23:02:12Z,4
pull,10380,b'closed',10500,https://api.github.com/repos/matomo-org/matomo/pulls/10500,2016-09-14T22:55:00Z,2016-09-13T23:19:17Z,6
pull,6953,b'closed',7271,https://api.github.com/repos/matomo-org/matomo/pulls/7271,,2015-02-23T03:29:25Z,3
pull,10479,b'closed',10494,https://api.github.com/repos/matomo-org/matomo/pulls/10494,2016-09-13T07:09:22Z,2016-09-13T05:58:51Z,2
pull,7891,b'closed',8018,https://api.github.com/repos/matomo-org/matomo/pulls/8018,2015-06-08T03:01:56Z,2015-05-29T02:27:41Z,2
pull,9266,b'closed',9337,https://api.github.com/repos/matomo-org/matomo/pulls/9337,2015-12-07T19:10:49Z,2015-12-06T12:12:48Z,1
pull,9373,b'closed',9612,https://api.github.com/repos/matomo-org/matomo/pulls/9612,2016-01-21T22:13:43Z,2016-01-21T21:13:14Z,1
pull,9148,b'closed',9149,https://api.github.com/repos/matomo-org/matomo/pulls/9149,2015-11-08T19:52:36Z,2015-11-02T15:36:37Z,1
pull,9148,b'closed',9193,https://api.github.com/repos/matomo-org/matomo/pulls/9193,2015-11-10T19:32:03Z,2015-11-10T13:21:50Z,1
pull,9148,b'closed',9295,https://api.github.com/repos/matomo-org/matomo/pulls/9295,2015-11-29T19:29:14Z,2015-11-27T08:59:21Z,1
pull,9148,b'closed',9309,https://api.github.com/repos/matomo-org/matomo/pulls/9309,2015-12-02T19:18:58Z,2015-11-30T10:50:02Z,1
pull,6196,b'closed',8054,https://api.github.com/repos/matomo-org/matomo/pulls/8054,,2015-06-07T16:13:25Z,1
pull,6196,b'closed',8343,https://api.github.com/repos/matomo-org/matomo/pulls/8343,2015-07-15T17:25:21Z,2015-07-13T16:06:02Z,1
pull,7186,b'closed',7731,https://api.github.com/repos/matomo-org/matomo/pulls/7731,,2015-04-21T13:32:19Z,13
pull,7186,b'closed',7931,https://api.github.com/repos/matomo-org/matomo/pulls/7931,,2015-05-18T15:09:40Z,98
pull,7186,b'closed',7955,https://api.github.com/repos/matomo-org/matomo/pulls/7955,,2015-05-21T00:54:39Z,3
pull,7186,b'closed',8704,https://api.github.com/repos/matomo-org/matomo/pulls/8704,,2015-09-03T06:38:04Z,2
pull,7284,b'closed',9415,https://api.github.com/repos/matomo-org/matomo/pulls/9415,2015-12-20T19:19:12Z,2015-12-20T13:28:41Z,1
pull,7284,b'closed',9425,https://api.github.com/repos/matomo-org/matomo/pulls/9425,2015-12-22T00:13:43Z,2015-12-21T19:20:37Z,1
pull,7747,b'closed',7758,https://api.github.com/repos/matomo-org/matomo/pulls/7758,2015-04-24T09:56:41Z,2015-04-24T04:02:59Z,1
pull,7747,b'closed',7775,https://api.github.com/repos/matomo-org/matomo/pulls/7775,2015-05-07T04:46:09Z,2015-04-27T21:44:59Z,1
pull,8524,b'closed',8540,https://api.github.com/repos/matomo-org/matomo/pulls/8540,2015-08-13T15:40:53Z,2015-08-10T19:13:13Z,4
pull,9966,b'closed',10000,https://api.github.com/repos/matomo-org/matomo/pulls/10000,2016-04-11T21:09:28Z,2016-04-04T19:49:05Z,4
pull,8458,b'closed',10009,https://api.github.com/repos/matomo-org/matomo/pulls/10009,2016-08-30T22:42:59Z,2016-04-05T20:41:34Z,17
pull,8458,b'closed',134,https://api.github.com/repos/matomo-org/matomo-log-analytics/pulls/134,2016-04-08T03:50:14Z,2016-04-08T03:22:06Z,1
pull,6734,b'closed',8766,https://api.github.com/repos/matomo-org/matomo/pulls/8766,2015-09-17T02:48:40Z,2015-09-11T21:33:02Z,3
pull,6927,b'closed',6990,https://api.github.com/repos/matomo-org/matomo/pulls/6990,2015-01-15T13:36:52Z,2015-01-13T02:01:39Z,3
pull,6959,b'closed',6954,https://api.github.com/repos/matomo-org/matomo/pulls/6954,2015-02-09T21:46:35Z,2015-01-08T10:57:32Z,1
pull,7084,b'closed',8767,https://api.github.com/repos/matomo-org/matomo/pulls/8767,2015-09-14T19:13:32Z,2015-09-11T21:51:08Z,2
pull,7941,b'closed',7942,https://api.github.com/repos/matomo-org/matomo/pulls/7942,2015-05-19T23:20:52Z,2015-05-19T21:44:22Z,2
pull,7968,b'closed',15,https://api.github.com/repos/dwayne45/matomo/pulls/15,,2022-07-31T21:39:34Z,2
pull,7968,b'closed',16,https://api.github.com/repos/dwayne45/matomo/pulls/16,,2022-08-01T06:44:32Z,1
pull,8247,b'closed',8242,https://api.github.com/repos/matomo-org/matomo/pulls/8242,,2015-06-29T14:51:48Z,18
pull,8247,b'closed',8255,https://api.github.com/repos/matomo-org/matomo/pulls/8255,2015-07-01T22:32:27Z,2015-06-30T22:53:49Z,1
pull,9773,b'closed',9778,https://api.github.com/repos/matomo-org/matomo/pulls/9778,2016-02-15T06:43:19Z,2016-02-14T00:16:32Z,2
pull,10484,b'closed',10579,https://api.github.com/repos/matomo-org/matomo/pulls/10579,2016-10-01T21:19:40Z,2016-09-27T02:59:49Z,4
pull,10613,b'closed',10649,https://api.github.com/repos/matomo-org/matomo/pulls/10649,2016-10-03T19:09:17Z,2016-10-03T10:18:53Z,5
pull,9082,b'closed',9093,https://api.github.com/repos/matomo-org/matomo/pulls/9093,2015-10-29T23:42:52Z,2015-10-25T20:22:39Z,73
pull,9717,b'closed',9720,https://api.github.com/repos/matomo-org/matomo/pulls/9720,2016-02-07T19:23:33Z,2016-02-05T18:29:56Z,2
pull,9546,b'closed',9526,https://api.github.com/repos/matomo-org/matomo/pulls/9526,2016-01-18T00:55:18Z,2016-01-14T22:21:54Z,14
pull,9546,b'closed',119,https://api.github.com/repos/matomo-org/developer-documentation/pulls/119,2016-01-20T22:00:18Z,2016-01-19T21:16:17Z,1
pull,7390,b'closed',7578,https://api.github.com/repos/matomo-org/matomo/pulls/7578,2015-04-17T03:07:52Z,2015-03-30T04:07:37Z,20
pull,7462,b'closed',7464,https://api.github.com/repos/matomo-org/matomo/pulls/7464,2015-03-18T01:10:13Z,2015-03-18T00:35:39Z,2
pull,8158,b'closed',8168,https://api.github.com/repos/matomo-org/matomo/pulls/8168,2015-06-22T06:15:05Z,2015-06-22T05:28:30Z,2
pull,8253,b'closed',8338,https://api.github.com/repos/matomo-org/matomo/pulls/8338,2015-07-13T12:10:20Z,2015-07-12T18:48:13Z,3
pull,8501,b'closed',9482,https://api.github.com/repos/matomo-org/matomo/pulls/9482,2016-01-10T21:26:54Z,2016-01-08T00:06:31Z,1
pull,9275,b'closed',9449,https://api.github.com/repos/matomo-org/matomo/pulls/9449,2016-01-01T15:18:40Z,2015-12-26T22:54:56Z,1
pull,9791,b'closed',10528,https://api.github.com/repos/matomo-org/matomo/pulls/10528,2016-09-22T09:47:00Z,2016-09-20T04:49:22Z,14
pull,8771,b'closed',10532,https://api.github.com/repos/matomo-org/matomo/pulls/10532,2016-09-26T19:52:51Z,2016-09-20T20:41:09Z,1
pull,10567,b'closed',9684,https://api.github.com/repos/matomo-org/matomo/pulls/9684,,2016-02-02T22:45:13Z,2
pull,10567,b'closed',10568,https://api.github.com/repos/matomo-org/matomo/pulls/10568,2016-09-27T02:02:35Z,2016-09-26T22:38:50Z,2
pull,10639,b'closed',10651,https://api.github.com/repos/matomo-org/matomo/pulls/10651,2016-10-03T21:13:56Z,2016-10-03T16:15:19Z,6
pull,4415,b'closed',8131,https://api.github.com/repos/matomo-org/matomo/pulls/8131,2015-06-18T02:36:28Z,2015-06-17T13:40:26Z,6
pull,10658,b'closed',10659,https://api.github.com/repos/matomo-org/matomo/pulls/10659,2016-10-03T22:24:26Z,2016-10-03T21:58:22Z,1
pull,10641,b'closed',10646,https://api.github.com/repos/matomo-org/matomo/pulls/10646,2016-10-03T18:47:24Z,2016-10-03T09:53:10Z,1
pull,10642,b'closed',10647,https://api.github.com/repos/matomo-org/matomo/pulls/10647,2016-10-03T18:25:58Z,2016-10-03T10:04:19Z,2
pull,10554,b'closed',10571,https://api.github.com/repos/matomo-org/matomo/pulls/10571,2016-09-30T22:47:24Z,2016-09-26T23:54:19Z,10
pull,10555,b'closed',10574,https://api.github.com/repos/matomo-org/matomo/pulls/10574,2016-09-27T01:47:27Z,2016-09-27T00:37:14Z,1
pull,10559,b'closed',10572,https://api.github.com/repos/matomo-org/matomo/pulls/10572,2016-09-27T01:45:46Z,2016-09-27T00:04:59Z,1
pull,10560,b'closed',10573,https://api.github.com/repos/matomo-org/matomo/pulls/10573,2016-09-27T01:46:40Z,2016-09-27T00:23:16Z,1
pull,10561,b'closed',10575,https://api.github.com/repos/matomo-org/matomo/pulls/10575,2016-09-27T01:50:31Z,2016-09-27T00:56:44Z,2
pull,10610,b'closed',10627,https://api.github.com/repos/matomo-org/matomo/pulls/10627,2016-10-03T03:51:08Z,2016-10-02T00:44:59Z,2
pull,10367,b'closed',10366,https://api.github.com/repos/matomo-org/matomo/pulls/10366,2016-09-21T08:45:05Z,2016-08-03T14:37:07Z,2
pull,9128,b'closed',10423,https://api.github.com/repos/matomo-org/matomo/pulls/10423,2016-09-29T01:20:44Z,2016-08-23T02:29:49Z,5
pull,10427,b'closed',10428,https://api.github.com/repos/matomo-org/matomo/pulls/10428,2016-08-31T20:47:46Z,2016-08-23T09:24:38Z,1
pull,10396,b'closed',10408,https://api.github.com/repos/matomo-org/matomo/pulls/10408,2016-08-16T22:54:11Z,2016-08-16T11:05:20Z,1
pull,6759,b'closed',7271,https://api.github.com/repos/matomo-org/matomo/pulls/7271,,2015-02-23T03:29:25Z,3
pull,6759,b'closed',7420,https://api.github.com/repos/matomo-org/matomo/pulls/7420,,2015-03-13T00:38:19Z,9
pull,10454,b'closed',10404,https://api.github.com/repos/matomo-org/matomo/pulls/10404,2016-09-19T08:09:02Z,2016-08-16T04:21:22Z,3
pull,10607,b'closed',10620,https://api.github.com/repos/matomo-org/matomo/pulls/10620,2016-10-01T21:22:55Z,2016-09-30T23:29:29Z,1
pull,10601,b'closed',10622,https://api.github.com/repos/matomo-org/matomo/pulls/10622,2016-10-01T21:21:54Z,2016-10-01T04:44:49Z,1
pull,10594,b'closed',11571,https://api.github.com/repos/matomo-org/matomo/pulls/11571,2017-03-31T11:01:03Z,2017-03-31T10:24:24Z,1
pull,10577,b'closed',10588,https://api.github.com/repos/matomo-org/matomo/pulls/10588,2016-09-30T22:39:04Z,2016-09-27T23:05:03Z,1
pull,9893,b'closed',10533,https://api.github.com/repos/matomo-org/matomo/pulls/10533,2016-09-29T01:52:01Z,2016-09-21T03:35:28Z,5
pull,10546,b'closed',10570,https://api.github.com/repos/matomo-org/matomo/pulls/10570,2016-09-27T01:59:17Z,2016-09-26T23:20:04Z,1
pull,7105,b'closed',8793,https://api.github.com/repos/matomo-org/matomo/pulls/8793,2015-10-02T12:10:59Z,2015-09-15T07:55:55Z,14
pull,7105,b'closed',9093,https://api.github.com/repos/matomo-org/matomo/pulls/9093,2015-10-29T23:42:52Z,2015-10-25T20:22:39Z,73
pull,7105,b'closed',9315,https://api.github.com/repos/matomo-org/matomo/pulls/9315,2015-12-01T20:18:20Z,2015-12-01T04:25:34Z,1
pull,8836,b'closed',8688,https://api.github.com/repos/matomo-org/matomo/pulls/8688,2015-09-22T14:13:45Z,2015-09-01T14:40:09Z,21
pull,8836,b'closed',10413,https://api.github.com/repos/matomo-org/matomo/pulls/10413,2016-08-23T01:18:06Z,2016-08-17T21:11:38Z,2
pull,8836,b'closed',49,https://api.github.com/repos/matomo-org/matomo-package/pulls/49,2016-09-26T03:31:53Z,2016-09-26T03:24:34Z,1
pull,4923,b'closed',10543,https://api.github.com/repos/matomo-org/matomo/pulls/10543,2016-09-23T11:43:38Z,2016-09-23T05:25:52Z,5
pull,9231,b'closed',10492,https://api.github.com/repos/matomo-org/matomo/pulls/10492,2016-09-20T04:14:22Z,2016-09-13T03:15:36Z,36
pull,7658,b'closed',10318,https://api.github.com/repos/matomo-org/matomo/pulls/10318,,2016-07-16T23:23:56Z,9
pull,7658,b'closed',10443,https://api.github.com/repos/matomo-org/matomo/pulls/10443,2016-09-20T03:26:28Z,2016-08-25T21:12:01Z,10
pull,10463,b'closed',10464,https://api.github.com/repos/matomo-org/matomo/pulls/10464,2016-09-05T20:37:45Z,2016-09-01T20:29:33Z,1
pull,9913,b'closed',9914,https://api.github.com/repos/matomo-org/matomo/pulls/9914,,2016-03-10T16:48:03Z,3
pull,9913,b'closed',10489,https://api.github.com/repos/matomo-org/matomo/pulls/10489,2016-09-13T07:00:23Z,2016-09-13T01:07:21Z,2
pull,8012,b'closed',10001,https://api.github.com/repos/matomo-org/matomo/pulls/10001,2016-04-08T03:05:12Z,2016-04-04T21:22:30Z,1
pull,9564,b'closed',10003,https://api.github.com/repos/matomo-org/matomo/pulls/10003,2016-04-18T21:06:33Z,2016-04-04T21:33:56Z,2
pull,7834,b'closed',10382,https://api.github.com/repos/matomo-org/matomo/pulls/10382,2016-09-01T05:36:06Z,2016-08-08T04:56:05Z,22
pull,8503,b'closed',8620,https://api.github.com/repos/matomo-org/matomo/pulls/8620,,2015-08-21T15:44:41Z,749
pull,8503,b'closed',10455,https://api.github.com/repos/matomo-org/matomo/pulls/10455,2016-09-01T06:28:13Z,2016-08-30T21:25:38Z,26
pull,9100,b'closed',9106,https://api.github.com/repos/matomo-org/matomo/pulls/9106,2015-11-02T21:54:27Z,2015-10-27T20:29:15Z,4
pull,9100,b'closed',9322,https://api.github.com/repos/matomo-org/matomo/pulls/9322,2015-12-04T00:27:33Z,2015-12-03T21:01:17Z,1
pull,9100,b'closed',10397,https://api.github.com/repos/matomo-org/matomo/pulls/10397,2016-08-29T01:30:52Z,2016-08-14T22:40:01Z,846
pull,9354,b'closed',9424,https://api.github.com/repos/matomo-org/matomo/pulls/9424,2015-12-22T23:20:51Z,2015-12-21T18:09:03Z,2
pull,9354,b'closed',9997,https://api.github.com/repos/matomo-org/matomo/pulls/9997,2016-04-07T00:39:59Z,2016-04-04T00:18:29Z,50
pull,9354,b'closed',10397,https://api.github.com/repos/matomo-org/matomo/pulls/10397,2016-08-29T01:30:52Z,2016-08-14T22:40:01Z,846
pull,9431,b'closed',10397,https://api.github.com/repos/matomo-org/matomo/pulls/10397,2016-08-29T01:30:52Z,2016-08-14T22:40:01Z,846
pull,9565,b'closed',10002,https://api.github.com/repos/matomo-org/matomo/pulls/10002,2016-04-18T20:25:44Z,2016-04-04T21:29:14Z,4
pull,10098,b'closed',10397,https://api.github.com/repos/matomo-org/matomo/pulls/10397,2016-08-29T01:30:52Z,2016-08-14T22:40:01Z,846
pull,10173,b'closed',10397,https://api.github.com/repos/matomo-org/matomo/pulls/10397,2016-08-29T01:30:52Z,2016-08-14T22:40:01Z,846
pull,10179,b'closed',5,https://api.github.com/repos/er314/piwik/pulls/5,,2016-05-24T19:40:39Z,1
pull,10179,b'closed',10379,https://api.github.com/repos/matomo-org/matomo/pulls/10379,2016-08-30T20:31:22Z,2016-08-08T01:29:30Z,3
pull,6421,b'closed',10397,https://api.github.com/repos/matomo-org/matomo/pulls/10397,2016-08-29T01:30:52Z,2016-08-14T22:40:01Z,846
pull,10295,b'closed',10397,https://api.github.com/repos/matomo-org/matomo/pulls/10397,2016-08-29T01:30:52Z,2016-08-14T22:40:01Z,846
pull,10295,b'closed',142,https://api.github.com/repos/matomo-org/plugin-LoginLdap/pulls/142,2016-08-16T09:18:11Z,2016-08-15T15:04:59Z,4
pull,10295,b'closed',30,https://api.github.com/repos/matomo-org/travis-scripts/pulls/30,2016-08-22T23:44:21Z,2016-08-22T23:44:18Z,1
pull,10308,b'closed',10397,https://api.github.com/repos/matomo-org/matomo/pulls/10397,2016-08-29T01:30:52Z,2016-08-14T22:40:01Z,846
pull,10353,b'closed',10397,https://api.github.com/repos/matomo-org/matomo/pulls/10397,2016-08-29T01:30:52Z,2016-08-14T22:40:01Z,846
pull,10354,b'closed',10397,https://api.github.com/repos/matomo-org/matomo/pulls/10397,2016-08-29T01:30:52Z,2016-08-14T22:40:01Z,846
pull,10355,b'closed',10397,https://api.github.com/repos/matomo-org/matomo/pulls/10397,2016-08-29T01:30:52Z,2016-08-14T22:40:01Z,846
pull,10356,b'closed',10397,https://api.github.com/repos/matomo-org/matomo/pulls/10397,2016-08-29T01:30:52Z,2016-08-14T22:40:01Z,846
pull,8535,b'open',10094,https://api.github.com/repos/matomo-org/matomo/pulls/10094,2016-04-28T04:50:12Z,2016-04-26T04:34:46Z,3
pull,8535,b'open',10426,https://api.github.com/repos/matomo-org/matomo/pulls/10426,,2016-08-23T04:31:44Z,0
pull,10164,b'closed',10284,https://api.github.com/repos/matomo-org/matomo/pulls/10284,,2016-07-09T15:00:57Z,2
pull,10164,b'closed',10346,https://api.github.com/repos/matomo-org/matomo/pulls/10346,2016-07-30T05:13:15Z,2016-07-26T19:17:47Z,2
pull,10399,b'closed',10407,https://api.github.com/repos/matomo-org/matomo/pulls/10407,2016-08-23T01:17:56Z,2016-08-16T09:59:24Z,2
pull,8422,b'closed',8426,https://api.github.com/repos/matomo-org/matomo/pulls/8426,,2015-07-24T16:17:40Z,2
pull,8422,b'closed',8819,https://api.github.com/repos/matomo-org/matomo/pulls/8819,2015-09-21T09:52:17Z,2015-09-18T08:35:53Z,2
pull,10235,b'closed',10349,https://api.github.com/repos/matomo-org/matomo/pulls/10349,2016-08-03T22:04:37Z,2016-07-26T20:26:09Z,4
pull,10357,b'closed',10361,https://api.github.com/repos/matomo-org/matomo/pulls/10361,2016-08-03T19:44:22Z,2016-08-02T22:35:13Z,1
pull,10058,b'closed',3,https://api.github.com/repos/matomo-org/component-network/pulls/3,2016-07-18T03:17:12Z,2016-05-23T06:50:59Z,2
pull,10058,b'closed',10334,https://api.github.com/repos/matomo-org/matomo/pulls/10334,2016-07-21T01:53:15Z,2016-07-21T01:53:01Z,5
pull,10058,b'closed',10335,https://api.github.com/repos/matomo-org/matomo/pulls/10335,2016-07-21T02:13:05Z,2016-07-21T02:12:14Z,4
pull,10058,b'closed',5,https://api.github.com/repos/matomo-org/github-changelog-generator/pulls/5,2016-08-03T05:32:26Z,2016-08-03T05:29:46Z,2
pull,10058,b'closed',10362,https://api.github.com/repos/matomo-org/matomo/pulls/10362,2016-08-03T08:25:20Z,2016-08-03T07:16:11Z,2
pull,10115,b'closed',10406,https://api.github.com/repos/matomo-org/matomo/pulls/10406,2016-08-23T02:09:25Z,2016-08-16T09:40:19Z,14
pull,10214,b'closed',10321,https://api.github.com/repos/matomo-org/matomo/pulls/10321,2016-07-18T01:08:16Z,2016-07-17T20:27:22Z,9
pull,6726,b'closed',7646,https://api.github.com/repos/matomo-org/matomo/pulls/7646,2015-04-14T05:32:31Z,2015-04-08T23:08:02Z,48
pull,9923,b'closed',10018,https://api.github.com/repos/matomo-org/matomo/pulls/10018,2016-04-19T00:18:17Z,2016-04-07T01:59:38Z,34
pull,10121,b'closed',10150,https://api.github.com/repos/matomo-org/matomo/pulls/10150,2016-05-16T19:26:43Z,2016-05-13T22:41:10Z,3
pull,10152,b'closed',1,https://api.github.com/repos/er314/piwik/pulls/1,,2016-05-22T10:41:54Z,1
pull,10152,b'closed',10170,https://api.github.com/repos/matomo-org/matomo/pulls/10170,2016-05-22T21:56:05Z,2016-05-22T10:46:12Z,1
pull,10283,b'closed',10331,https://api.github.com/repos/matomo-org/matomo/pulls/10331,2016-07-21T02:09:46Z,2016-07-20T05:23:36Z,13
pull,10292,b'closed',10303,https://api.github.com/repos/matomo-org/matomo/pulls/10303,2016-07-15T02:10:45Z,2016-07-15T01:34:23Z,1
pull,10310,b'closed',10327,https://api.github.com/repos/matomo-org/matomo/pulls/10327,2016-07-20T01:07:35Z,2016-07-18T16:54:06Z,2
pull,9844,b'closed',10090,https://api.github.com/repos/matomo-org/matomo/pulls/10090,,2016-04-24T03:57:28Z,1
pull,9844,b'closed',10091,https://api.github.com/repos/matomo-org/matomo/pulls/10091,2016-04-26T20:14:24Z,2016-04-24T08:52:31Z,2
pull,10323,b'closed',28,https://api.github.com/repos/matomo-org/travis-scripts/pulls/28,2016-07-19T00:44:09Z,2016-07-19T00:43:59Z,2
pull,10323,b'closed',135,https://api.github.com/repos/matomo-org/developer-documentation/pulls/135,2016-07-19T03:03:25Z,2016-07-19T03:03:06Z,1
pull,10323,b'closed',141,https://api.github.com/repos/matomo-org/plugin-LoginLdap/pulls/141,2016-08-11T23:34:11Z,2016-08-11T10:39:19Z,4
pull,10154,b'open',10337,https://api.github.com/repos/matomo-org/matomo/pulls/10337,,2016-07-21T22:03:30Z,1
pull,9984,b'closed',10199,https://api.github.com/repos/matomo-org/matomo/pulls/10199,2016-07-16T07:34:22Z,2016-05-31T18:08:26Z,7
pull,9984,b'closed',10322,https://api.github.com/repos/matomo-org/matomo/pulls/10322,2016-07-19T00:26:01Z,2016-07-18T01:03:12Z,4
pull,9872,b'closed',10146,https://api.github.com/repos/matomo-org/matomo/pulls/10146,,2016-05-12T15:14:55Z,1
pull,9872,b'closed',10302,https://api.github.com/repos/matomo-org/matomo/pulls/10302,2016-07-15T02:12:54Z,2016-07-14T08:58:15Z,3
pull,10174,b'closed',10085,https://api.github.com/repos/matomo-org/matomo/pulls/10085,2016-05-23T02:00:50Z,2016-04-21T04:20:16Z,4
pull,10174,b'closed',132,https://api.github.com/repos/matomo-org/developer-documentation/pulls/132,2016-07-14T06:47:10Z,2016-07-13T04:22:15Z,1
pull,10174,b'closed',134,https://api.github.com/repos/matomo-org/developer-documentation/pulls/134,2016-07-15T04:35:41Z,2016-07-15T04:35:21Z,1
pull,9196,b'closed',10045,https://api.github.com/repos/matomo-org/matomo/pulls/10045,2016-07-12T05:26:07Z,2016-04-12T10:18:10Z,7
pull,9196,b'closed',10491,https://api.github.com/repos/matomo-org/matomo/pulls/10491,2016-09-19T05:28:23Z,2016-09-13T02:25:22Z,7
pull,10041,b'closed',10081,https://api.github.com/repos/matomo-org/matomo/pulls/10081,2016-07-14T01:46:34Z,2016-04-20T20:30:33Z,2
pull,10290,b'open',10297,https://api.github.com/repos/matomo-org/matomo/pulls/10297,,2016-07-13T05:10:44Z,7
pull,3416,b'closed',10296,https://api.github.com/repos/matomo-org/matomo/pulls/10296,2016-07-13T22:40:08Z,2016-07-13T03:24:46Z,2
pull,10289,b'closed',10296,https://api.github.com/repos/matomo-org/matomo/pulls/10296,2016-07-13T22:40:08Z,2016-07-13T03:24:46Z,2
pull,10175,b'closed',10176,https://api.github.com/repos/matomo-org/matomo/pulls/10176,2016-07-13T03:59:01Z,2016-05-23T03:26:37Z,2
pull,10153,b'closed',4,https://api.github.com/repos/er314/piwik/pulls/4,,2016-05-22T11:22:06Z,1
pull,10153,b'closed',10294,https://api.github.com/repos/matomo-org/matomo/pulls/10294,2016-07-13T02:34:28Z,2016-07-12T19:06:10Z,1
pull,10252,b'closed',10279,https://api.github.com/repos/matomo-org/matomo/pulls/10279,2016-07-12T08:39:19Z,2016-07-08T02:52:29Z,5
pull,9838,b'closed',10240,https://api.github.com/repos/matomo-org/matomo/pulls/10240,2016-07-08T08:04:12Z,2016-06-16T16:30:06Z,2
pull,7126,b'closed',64,https://api.github.com/repos/matomo-org/developer-documentation/pulls/64,2015-02-10T04:43:00Z,2015-01-26T09:06:47Z,18
pull,8071,b'closed',8069,https://api.github.com/repos/matomo-org/matomo/pulls/8069,2015-06-25T12:12:21Z,2015-06-09T04:18:18Z,53
pull,8071,b'closed',8317,https://api.github.com/repos/matomo-org/matomo/pulls/8317,2015-08-07T15:23:25Z,2015-07-09T21:14:07Z,46
pull,8756,b'closed',8806,https://api.github.com/repos/matomo-org/matomo/pulls/8806,,2015-09-17T00:04:05Z,9
pull,8844,b'closed',8825,https://api.github.com/repos/matomo-org/matomo/pulls/8825,2015-10-13T07:37:21Z,2015-09-20T10:05:17Z,34
pull,8852,b'closed',8851,https://api.github.com/repos/matomo-org/matomo/pulls/8851,2015-09-25T10:54:52Z,2015-09-25T02:58:48Z,10
pull,10023,b'closed',10277,https://api.github.com/repos/matomo-org/matomo/pulls/10277,2016-07-08T00:18:41Z,2016-07-07T21:38:23Z,1
pull,10208,b'open',11958,https://api.github.com/repos/matomo-org/matomo/pulls/11958,2018-03-22T02:38:47Z,2017-08-15T20:08:00Z,47
pull,9975,b'closed',10247,https://api.github.com/repos/matomo-org/matomo/pulls/10247,2016-06-30T08:46:09Z,2016-06-22T20:15:07Z,3
pull,10130,b'closed',10141,https://api.github.com/repos/matomo-org/matomo/pulls/10141,2016-05-13T06:57:35Z,2016-05-10T20:38:06Z,1
pull,10130,b'closed',10228,https://api.github.com/repos/matomo-org/matomo/pulls/10228,2016-06-16T20:42:36Z,2016-06-13T21:36:37Z,1
pull,10206,b'closed',10207,https://api.github.com/repos/matomo-org/matomo/pulls/10207,2016-06-04T14:09:03Z,2016-06-03T13:30:20Z,1
pull,10101,b'closed',10094,https://api.github.com/repos/matomo-org/matomo/pulls/10094,2016-04-28T04:50:12Z,2016-04-26T04:34:46Z,3
pull,10101,b'closed',10192,https://api.github.com/repos/matomo-org/matomo/pulls/10192,2016-05-30T01:22:25Z,2016-05-29T00:21:16Z,2
pull,10101,b'closed',27,https://api.github.com/repos/matomo-org/travis-scripts/pulls/27,2016-05-30T01:21:17Z,2016-05-29T00:19:19Z,1
pull,9438,b'closed',10163,https://api.github.com/repos/matomo-org/matomo/pulls/10163,2016-07-13T18:08:15Z,2016-05-18T21:13:53Z,10
pull,9525,b'closed',10085,https://api.github.com/repos/matomo-org/matomo/pulls/10085,2016-05-23T02:00:50Z,2016-04-21T04:20:16Z,4
pull,9525,b'closed',132,https://api.github.com/repos/matomo-org/developer-documentation/pulls/132,2016-07-14T06:47:10Z,2016-07-13T04:22:15Z,1
pull,9525,b'closed',134,https://api.github.com/repos/matomo-org/developer-documentation/pulls/134,2016-07-15T04:35:41Z,2016-07-15T04:35:21Z,1
pull,10169,b'closed',2,https://api.github.com/repos/er314/piwik/pulls/2,,2016-05-22T11:03:19Z,1
pull,10169,b'closed',10171,https://api.github.com/repos/matomo-org/matomo/pulls/10171,2016-05-22T21:52:53Z,2016-05-22T11:05:25Z,1
pull,9407,b'closed',9408,https://api.github.com/repos/matomo-org/matomo/pulls/9408,2015-12-21T04:02:33Z,2015-12-18T01:33:09Z,5
pull,10066,b'closed',10087,https://api.github.com/repos/matomo-org/matomo/pulls/10087,2016-05-18T07:01:45Z,2016-04-21T23:35:09Z,1
pull,6403,b'closed',7252,https://api.github.com/repos/matomo-org/matomo/pulls/7252,2015-02-19T23:14:55Z,2015-02-19T22:08:17Z,2
pull,6262,b'open',6589,https://api.github.com/repos/matomo-org/matomo/pulls/6589,2014-11-27T04:05:17Z,2014-11-04T04:02:37Z,271
pull,8476,b'closed',8317,https://api.github.com/repos/matomo-org/matomo/pulls/8317,2015-08-07T15:23:25Z,2015-07-09T21:14:07Z,46
pull,8476,b'closed',9617,https://api.github.com/repos/matomo-org/matomo/pulls/9617,2016-01-22T11:32:31Z,2016-01-22T02:16:23Z,13
pull,9977,b'open',9674,https://api.github.com/repos/matomo-org/matomo/pulls/9674,2016-03-28T19:11:08Z,2016-02-01T20:19:20Z,2
pull,7589,b'closed',8199,https://api.github.com/repos/matomo-org/matomo/pulls/8199,2015-06-25T03:44:07Z,2015-06-24T07:47:50Z,1
pull,9389,b'closed',9883,https://api.github.com/repos/matomo-org/matomo/pulls/9883,2016-04-19T02:26:51Z,2016-03-07T08:08:08Z,23
pull,9389,b'closed',10072,https://api.github.com/repos/matomo-org/matomo/pulls/10072,2016-04-19T02:45:48Z,2016-04-19T02:45:01Z,6
pull,9389,b'closed',10073,https://api.github.com/repos/matomo-org/matomo/pulls/10073,2016-04-19T03:34:19Z,2016-04-19T03:34:09Z,2
pull,4410,b'closed',9926,https://api.github.com/repos/matomo-org/matomo/pulls/9926,,2016-03-15T02:17:23Z,1
pull,10044,b'closed',10063,https://api.github.com/repos/matomo-org/matomo/pulls/10063,2016-04-19T00:17:12Z,2016-04-15T21:28:19Z,1
pull,7986,b'open',7610,https://api.github.com/repos/matomo-org/matomo/pulls/7610,,2015-04-01T11:06:23Z,1
pull,9995,b'closed',10038,https://api.github.com/repos/matomo-org/matomo/pulls/10038,2016-04-11T20:48:29Z,2016-04-11T20:15:46Z,1
pull,9468,b'closed',10022,https://api.github.com/repos/matomo-org/matomo/pulls/10022,2016-04-08T02:30:31Z,2016-04-08T01:59:01Z,1
pull,10007,b'closed',10012,https://api.github.com/repos/matomo-org/matomo/pulls/10012,2016-04-07T00:45:45Z,2016-04-05T21:48:52Z,1
pull,10010,b'closed',10011,https://api.github.com/repos/matomo-org/matomo/pulls/10011,2016-04-06T21:45:20Z,2016-04-05T21:48:09Z,2
pull,10005,b'closed',10013,https://api.github.com/repos/matomo-org/matomo/pulls/10013,2016-04-06T21:44:54Z,2016-04-05T21:49:47Z,2
pull,6951,b'open',7895,https://api.github.com/repos/matomo-org/matomo/pulls/7895,2015-05-31T18:59:07Z,2015-05-12T23:37:41Z,7
pull,6951,b'open',8234,https://api.github.com/repos/matomo-org/matomo/pulls/8234,,2015-06-26T22:47:55Z,15
pull,9628,b'closed',9996,https://api.github.com/repos/matomo-org/matomo/pulls/9996,2016-04-04T22:07:38Z,2016-04-03T20:54:03Z,1
pull,9662,b'closed',9992,https://api.github.com/repos/matomo-org/matomo/pulls/9992,2016-04-01T01:00:03Z,2016-04-01T00:52:03Z,2
pull,9734,b'closed',9742,https://api.github.com/repos/matomo-org/matomo/pulls/9742,2016-02-10T16:01:10Z,2016-02-10T08:48:14Z,2
pull,9734,b'closed',30,https://api.github.com/repos/matomo-org/plugin-AnonymousPiwikUsageMeasurement/pulls/30,2016-02-10T16:03:35Z,2016-02-10T08:56:58Z,4
pull,9932,b'closed',9933,https://api.github.com/repos/matomo-org/matomo/pulls/9933,2016-03-30T03:12:12Z,2016-03-16T02:10:54Z,4
pull,9932,b'closed',121,https://api.github.com/repos/matomo-org/developer-documentation/pulls/121,2016-03-16T05:26:30Z,2016-03-16T04:05:57Z,1
pull,9932,b'closed',9934,https://api.github.com/repos/matomo-org/matomo/pulls/9934,,2016-03-16T08:09:28Z,4
pull,9932,b'closed',122,https://api.github.com/repos/matomo-org/developer-documentation/pulls/122,2016-03-17T11:24:46Z,2016-03-16T08:41:29Z,1
pull,9932,b'closed',9979,https://api.github.com/repos/matomo-org/matomo/pulls/9979,2016-03-30T03:31:32Z,2016-03-30T03:31:18Z,2
pull,9763,b'closed',9767,https://api.github.com/repos/matomo-org/matomo/pulls/9767,2016-03-02T21:55:22Z,2016-02-12T13:19:29Z,1
pull,9822,b'closed',9873,https://api.github.com/repos/matomo-org/matomo/pulls/9873,2016-03-10T16:57:29Z,2016-03-03T15:33:42Z,4
pull,7761,b'closed',6,https://api.github.com/repos/PiwikPRO/plugin-CustomTrackerJs/pulls/6,,2016-03-15T04:24:27Z,1
pull,7761,b'closed',5,https://api.github.com/repos/PiwikPRO/plugin-PlatformsReport/pulls/5,,2016-03-15T04:25:00Z,1
pull,7761,b'closed',37,https://api.github.com/repos/PiwikPRO/plugin-SiteMigration/pulls/37,,2016-03-15T04:25:06Z,1
pull,9909,b'closed',9958,https://api.github.com/repos/matomo-org/matomo/pulls/9958,2016-03-29T21:04:57Z,2016-03-22T22:16:52Z,3
pull,9865,b'closed',9887,https://api.github.com/repos/matomo-org/matomo/pulls/9887,2016-03-08T00:17:00Z,2016-03-07T22:05:09Z,3
pull,9789,b'closed',9793,https://api.github.com/repos/matomo-org/matomo/pulls/9793,2016-03-08T01:41:05Z,2016-02-17T07:11:13Z,1
pull,9789,b'closed',9985,https://api.github.com/repos/matomo-org/matomo/pulls/9985,,2016-03-31T04:30:06Z,2
pull,9789,b'closed',9986,https://api.github.com/repos/matomo-org/matomo/pulls/9986,2016-03-31T22:17:35Z,2016-03-31T05:31:41Z,3
pull,9868,b'closed',9917,https://api.github.com/repos/matomo-org/matomo/pulls/9917,2016-03-15T00:15:33Z,2016-03-12T22:32:05Z,3
pull,9930,b'closed',9953,https://api.github.com/repos/matomo-org/matomo/pulls/9953,2016-03-29T03:43:19Z,2016-03-21T15:56:19Z,1
pull,9912,b'closed',9915,https://api.github.com/repos/matomo-org/matomo/pulls/9915,2016-03-14T01:23:35Z,2016-03-10T19:58:55Z,1
pull,8195,b'closed',8069,https://api.github.com/repos/matomo-org/matomo/pulls/8069,2015-06-25T12:12:21Z,2015-06-09T04:18:18Z,53
pull,8195,b'closed',9983,https://api.github.com/repos/matomo-org/matomo/pulls/9983,2016-03-31T05:12:29Z,2016-03-30T07:33:46Z,4
pull,9833,b'closed',9879,https://api.github.com/repos/matomo-org/matomo/pulls/9879,2016-03-06T21:32:00Z,2016-03-05T22:38:06Z,1
pull,9924,b'closed',9925,https://api.github.com/repos/matomo-org/matomo/pulls/9925,2016-03-31T20:20:32Z,2016-03-15T00:22:44Z,2
pull,9889,b'open',9985,https://api.github.com/repos/matomo-org/matomo/pulls/9985,,2016-03-31T04:30:06Z,2
pull,9889,b'open',9986,https://api.github.com/repos/matomo-org/matomo/pulls/9986,2016-03-31T22:17:35Z,2016-03-31T05:31:41Z,3
pull,9886,b'open',9883,https://api.github.com/repos/matomo-org/matomo/pulls/9883,2016-04-19T02:26:51Z,2016-03-07T08:08:08Z,23
pull,9886,b'open',11579,https://api.github.com/repos/matomo-org/matomo/pulls/11579,2017-09-04T04:49:33Z,2017-04-03T20:03:25Z,170
pull,9578,b'closed',9600,https://api.github.com/repos/matomo-org/matomo/pulls/9600,2016-01-21T02:58:36Z,2016-01-21T02:56:53Z,2
pull,9578,b'closed',9604,https://api.github.com/repos/matomo-org/matomo/pulls/9604,2016-01-21T05:36:01Z,2016-01-21T05:35:56Z,2
pull,9557,b'closed',9559,https://api.github.com/repos/matomo-org/matomo/pulls/9559,2016-01-19T20:59:21Z,2016-01-19T02:19:14Z,2
pull,9545,b'open',7956,https://api.github.com/repos/matomo-org/matomo/pulls/7956,2015-05-29T00:52:30Z,2015-05-21T01:15:18Z,327
pull,9545,b'open',7509,https://api.github.com/repos/matomo-org/matomo/pulls/7509,2015-03-29T22:24:37Z,2015-03-23T03:21:58Z,12
pull,9545,b'open',8884,https://api.github.com/repos/matomo-org/matomo/pulls/8884,,2015-10-01T12:16:13Z,582
pull,9509,b'open',9486,https://api.github.com/repos/matomo-org/matomo/pulls/9486,2016-01-12T19:29:21Z,2016-01-08T17:48:53Z,1
pull,9667,b'closed',9951,https://api.github.com/repos/matomo-org/matomo/pulls/9951,2016-03-29T19:24:22Z,2016-03-20T12:25:00Z,5
pull,9896,b'closed',9973,https://api.github.com/repos/matomo-org/matomo/pulls/9973,2016-03-29T03:53:23Z,2016-03-29T03:53:17Z,25
pull,9955,b'closed',9957,https://api.github.com/repos/matomo-org/matomo/pulls/9957,2016-03-29T03:36:20Z,2016-03-22T21:40:37Z,2
pull,9967,b'closed',9968,https://api.github.com/repos/matomo-org/matomo/pulls/9968,2016-03-29T03:26:03Z,2016-03-27T21:36:08Z,3
pull,9967,b'closed',11091,https://api.github.com/repos/matomo-org/matomo/pulls/11091,2016-12-26T21:07:28Z,2016-12-26T18:22:03Z,3
pull,9911,b'closed',9914,https://api.github.com/repos/matomo-org/matomo/pulls/9914,,2016-03-10T16:48:03Z,3
pull,9891,b'closed',9903,https://api.github.com/repos/matomo-org/matomo/pulls/9903,2016-03-09T20:39:16Z,2016-03-09T20:39:09Z,241
pull,9891,b'closed',9904,https://api.github.com/repos/matomo-org/matomo/pulls/9904,,2016-03-09T21:55:33Z,1944
pull,9891,b'closed',9905,https://api.github.com/repos/matomo-org/matomo/pulls/9905,2016-03-09T23:58:08Z,2016-03-09T21:57:05Z,634
pull,9371,b'closed',9388,https://api.github.com/repos/matomo-org/matomo/pulls/9388,2015-12-15T20:23:51Z,2015-12-15T01:39:55Z,2
pull,9892,b'closed',9894,https://api.github.com/repos/matomo-org/matomo/pulls/9894,2016-03-08T13:58:04Z,2016-03-08T10:52:49Z,2
pull,9467,b'closed',9775,https://api.github.com/repos/matomo-org/matomo/pulls/9775,2016-03-07T21:46:34Z,2016-02-13T10:16:23Z,4
pull,9299,b'closed',9300,https://api.github.com/repos/matomo-org/matomo/pulls/9300,2015-12-03T22:43:42Z,2015-11-29T19:21:51Z,1
pull,9857,b'closed',9866,https://api.github.com/repos/matomo-org/matomo/pulls/9866,2016-03-06T20:56:47Z,2016-03-02T17:53:02Z,1
pull,9862,b'closed',9863,https://api.github.com/repos/matomo-org/matomo/pulls/9863,2016-03-03T21:53:10Z,2016-03-02T12:09:45Z,1
pull,9750,b'closed',9845,https://api.github.com/repos/matomo-org/matomo/pulls/9845,2016-02-26T21:05:39Z,2016-02-24T19:59:36Z,6
pull,9820,b'closed',9830,https://api.github.com/repos/matomo-org/matomo/pulls/9830,2016-02-23T17:46:42Z,2016-02-23T08:25:53Z,1
pull,9799,b'closed',9800,https://api.github.com/repos/matomo-org/matomo/pulls/9800,2016-02-18T07:46:49Z,2016-02-17T22:03:58Z,7
pull,9686,b'closed',9691,https://api.github.com/repos/matomo-org/matomo/pulls/9691,2016-02-04T00:24:51Z,2016-02-03T20:40:53Z,15
pull,9489,b'closed',9460,https://api.github.com/repos/matomo-org/matomo/pulls/9460,2016-01-10T22:10:31Z,2016-01-03T16:47:07Z,3
pull,9489,b'closed',9502,https://api.github.com/repos/matomo-org/matomo/pulls/9502,2016-01-17T19:10:37Z,2016-01-12T00:52:16Z,2
pull,7585,b'closed',7793,https://api.github.com/repos/matomo-org/matomo/pulls/7793,2015-05-10T21:19:33Z,2015-04-30T04:45:52Z,11
pull,7585,b'closed',7874,https://api.github.com/repos/matomo-org/matomo/pulls/7874,2015-05-12T21:41:00Z,2015-05-10T18:55:44Z,6
pull,7585,b'closed',7896,https://api.github.com/repos/matomo-org/matomo/pulls/7896,2015-06-01T22:01:28Z,2015-05-13T00:02:48Z,18
pull,7585,b'closed',7960,https://api.github.com/repos/matomo-org/matomo/pulls/7960,2015-06-03T05:09:22Z,2015-05-21T08:54:46Z,30
pull,9312,b'open',19057,https://api.github.com/repos/matomo-org/matomo/pulls/19057,2022-05-24T07:51:06Z,2022-04-06T07:27:25Z,46
pull,9715,b'closed',9729,https://api.github.com/repos/matomo-org/matomo/pulls/9729,2016-02-07T23:53:33Z,2016-02-07T22:12:15Z,6
pull,9715,b'closed',9730,https://api.github.com/repos/matomo-org/matomo/pulls/9730,2016-02-10T08:39:23Z,2016-02-08T00:13:05Z,3
pull,9704,b'closed',9713,https://api.github.com/repos/matomo-org/matomo/pulls/9713,2016-02-04T21:07:45Z,2016-02-04T19:58:14Z,3
pull,9659,b'closed',9695,https://api.github.com/repos/matomo-org/matomo/pulls/9695,2016-02-04T03:00:53Z,2016-02-04T01:15:14Z,1
pull,9659,b'closed',9696,https://api.github.com/repos/matomo-org/matomo/pulls/9696,,2016-02-04T03:31:56Z,1
pull,9141,b'closed',9451,https://api.github.com/repos/matomo-org/matomo/pulls/9451,,2015-12-27T20:40:45Z,11
pull,9670,b'closed',9675,https://api.github.com/repos/matomo-org/matomo/pulls/9675,2016-02-02T02:45:54Z,2016-02-01T21:35:00Z,1
pull,8826,b'closed',8827,https://api.github.com/repos/matomo-org/matomo/pulls/8827,2015-09-20T22:15:07Z,2015-09-20T21:50:20Z,1
pull,8826,b'closed',8832,https://api.github.com/repos/matomo-org/matomo/pulls/8832,2015-09-22T02:41:47Z,2015-09-21T23:58:04Z,54
pull,8826,b'closed',1,https://api.github.com/repos/pfleckenbw/Piwik-IntranetGeoIP/pulls/1,2016-10-14T11:31:56Z,2016-10-14T11:31:34Z,1
pull,9652,b'closed',9654,https://api.github.com/repos/matomo-org/matomo/pulls/9654,2016-01-31T21:34:53Z,2016-01-28T19:18:26Z,3
pull,9583,b'closed',9618,https://api.github.com/repos/matomo-org/matomo/pulls/9618,2016-01-27T00:15:05Z,2016-01-22T03:55:32Z,60
pull,9580,b'closed',9632,https://api.github.com/repos/matomo-org/matomo/pulls/9632,2016-01-27T00:07:17Z,2016-01-26T06:06:55Z,2
pull,9088,b'closed',9137,https://api.github.com/repos/matomo-org/matomo/pulls/9137,2015-11-02T00:46:46Z,2015-11-01T03:56:18Z,2
pull,7411,b'closed',9465,https://api.github.com/repos/matomo-org/matomo/pulls/9465,2016-01-12T22:22:26Z,2016-01-04T10:44:50Z,6
pull,9501,b'closed',9478,https://api.github.com/repos/matomo-org/matomo/pulls/9478,2016-01-12T18:34:25Z,2016-01-05T23:41:42Z,21
pull,9224,b'closed',110,https://api.github.com/repos/matomo-org/developer-documentation/pulls/110,2015-12-03T20:11:47Z,2015-11-17T23:27:08Z,1
pull,9224,b'closed',9228,https://api.github.com/repos/matomo-org/matomo/pulls/9228,2015-11-22T21:31:22Z,2015-11-18T02:29:55Z,31
pull,9068,b'closed',9281,https://api.github.com/repos/matomo-org/matomo/pulls/9281,2015-11-26T21:59:32Z,2015-11-26T04:14:53Z,4
pull,8128,b'closed',9643,https://api.github.com/repos/matomo-org/matomo/pulls/9643,2016-01-27T04:59:13Z,2016-01-27T04:25:16Z,2
pull,9155,b'closed',9572,https://api.github.com/repos/matomo-org/matomo/pulls/9572,2016-01-19T22:39:22Z,2016-01-19T21:51:40Z,1
pull,9095,b'closed',9101,https://api.github.com/repos/matomo-org/matomo/pulls/9101,2015-11-05T01:29:22Z,2015-10-27T02:40:17Z,4
pull,9095,b'closed',43,https://api.github.com/repos/matomo-org/matomo-package/pulls/43,2015-11-05T01:29:31Z,2015-10-27T03:12:42Z,3
pull,9422,b'closed',9426,https://api.github.com/repos/matomo-org/matomo/pulls/9426,2015-12-21T21:03:33Z,2015-12-21T19:55:27Z,1
pull,9376,b'closed',9378,https://api.github.com/repos/matomo-org/matomo/pulls/9378,2015-12-21T03:40:02Z,2015-12-10T20:09:16Z,1
pull,9428,b'closed',9358,https://api.github.com/repos/matomo-org/matomo/pulls/9358,2015-12-08T01:18:38Z,2015-12-07T23:34:32Z,3
pull,9357,b'closed',9503,https://api.github.com/repos/matomo-org/matomo/pulls/9503,2016-01-14T00:21:21Z,2016-01-12T01:19:06Z,1
pull,9130,b'closed',9142,https://api.github.com/repos/matomo-org/matomo/pulls/9142,2015-11-02T00:35:51Z,2015-11-01T21:57:14Z,2
pull,9131,b'closed',9382,https://api.github.com/repos/matomo-org/matomo/pulls/9382,2015-12-13T23:29:55Z,2015-12-13T20:24:04Z,3
pull,9055,b'closed',9298,https://api.github.com/repos/matomo-org/matomo/pulls/9298,2015-11-29T19:26:50Z,2015-11-27T19:56:52Z,1
pull,9052,b'closed',9280,https://api.github.com/repos/matomo-org/matomo/pulls/9280,2015-11-27T01:10:02Z,2015-11-26T03:10:25Z,2
pull,8855,b'closed',9460,https://api.github.com/repos/matomo-org/matomo/pulls/9460,2016-01-10T22:10:31Z,2016-01-03T16:47:07Z,3
pull,8813,b'closed',8943,https://api.github.com/repos/matomo-org/matomo/pulls/8943,,2015-10-07T23:43:54Z,1
pull,9370,b'closed',9491,https://api.github.com/repos/matomo-org/matomo/pulls/9491,2016-01-12T02:29:41Z,2016-01-11T03:48:49Z,3
pull,9593,b'closed',9611,https://api.github.com/repos/matomo-org/matomo/pulls/9611,2016-01-21T22:12:42Z,2016-01-21T21:10:27Z,4
pull,9591,b'closed',9599,https://api.github.com/repos/matomo-org/matomo/pulls/9599,2016-01-21T02:56:11Z,2016-01-21T02:05:59Z,2
pull,9588,b'closed',9613,https://api.github.com/repos/matomo-org/matomo/pulls/9613,2016-01-21T22:14:47Z,2016-01-21T21:26:13Z,1
pull,9551,b'closed',9560,https://api.github.com/repos/matomo-org/matomo/pulls/9560,2016-01-19T03:24:20Z,2016-01-19T02:29:07Z,2
pull,9561,b'closed',9571,https://api.github.com/repos/matomo-org/matomo/pulls/9571,2016-01-19T22:29:06Z,2016-01-19T21:43:22Z,1
pull,9556,b'closed',9558,https://api.github.com/repos/matomo-org/matomo/pulls/9558,2016-01-19T03:56:48Z,2016-01-19T02:06:03Z,2
pull,9550,b'closed',9568,https://api.github.com/repos/matomo-org/matomo/pulls/9568,2016-01-19T22:22:55Z,2016-01-19T20:10:23Z,1
pull,9412,b'closed',9424,https://api.github.com/repos/matomo-org/matomo/pulls/9424,2015-12-22T23:20:51Z,2015-12-21T18:09:03Z,2
pull,9349,b'closed',9364,https://api.github.com/repos/matomo-org/matomo/pulls/9364,2015-12-22T19:50:50Z,2015-12-09T02:36:50Z,5
pull,9260,b'closed',9259,https://api.github.com/repos/matomo-org/matomo/pulls/9259,2015-11-23T21:46:24Z,2015-11-23T09:33:52Z,2
pull,9257,b'closed',9259,https://api.github.com/repos/matomo-org/matomo/pulls/9259,2015-11-23T21:46:24Z,2015-11-23T09:33:52Z,2
pull,6737,b'closed',9234,https://api.github.com/repos/matomo-org/matomo/pulls/9234,2015-11-18T23:44:14Z,2015-11-18T20:23:33Z,1
pull,6737,b'closed',9235,https://api.github.com/repos/matomo-org/matomo/pulls/9235,2015-11-18T22:36:30Z,2015-11-18T20:28:39Z,1
pull,9156,b'closed',9310,https://api.github.com/repos/matomo-org/matomo/pulls/9310,2015-12-22T00:28:47Z,2015-11-30T12:56:06Z,2
pull,9022,b'closed',9414,https://api.github.com/repos/matomo-org/matomo/pulls/9414,2015-12-20T19:20:46Z,2015-12-19T17:39:51Z,2
pull,8978,b'closed',9429,https://api.github.com/repos/matomo-org/matomo/pulls/9429,2015-12-22T00:23:23Z,2015-12-21T23:17:51Z,1
pull,8847,b'closed',9047,https://api.github.com/repos/matomo-org/matomo/pulls/9047,2015-11-01T19:35:01Z,2015-10-19T06:06:49Z,2
pull,8847,b'closed',10633,https://api.github.com/repos/matomo-org/matomo/pulls/10633,2016-10-02T20:29:34Z,2016-10-02T20:28:50Z,2
pull,9610,b'closed',9617,https://api.github.com/repos/matomo-org/matomo/pulls/9617,2016-01-22T11:32:31Z,2016-01-22T02:16:23Z,13
pull,8695,b'closed',9450,https://api.github.com/repos/matomo-org/matomo/pulls/9450,,2015-12-27T16:19:53Z,2
pull,8695,b'closed',21,https://api.github.com/repos/matomo-org/travis-scripts/pulls/21,2016-01-27T01:37:53Z,2016-01-12T21:48:53Z,5
pull,8695,b'closed',9511,https://api.github.com/repos/matomo-org/matomo/pulls/9511,,2016-01-12T22:19:12Z,5
pull,8695,b'closed',9642,https://api.github.com/repos/matomo-org/matomo/pulls/9642,2016-01-27T03:25:50Z,2016-01-27T01:56:28Z,1
pull,3325,b'closed',9641,https://api.github.com/repos/matomo-org/matomo/pulls/9641,2016-01-27T01:17:35Z,2016-01-26T22:59:57Z,3
pull,6766,b'closed',9307,https://api.github.com/repos/matomo-org/matomo/pulls/9307,,2015-11-30T03:01:50Z,14
pull,6766,b'closed',9621,https://api.github.com/repos/matomo-org/matomo/pulls/9621,2016-01-27T00:13:35Z,2016-01-22T09:55:01Z,13
pull,9631,b'closed',9632,https://api.github.com/repos/matomo-org/matomo/pulls/9632,2016-01-27T00:07:17Z,2016-01-26T06:06:55Z,2
pull,9258,b'closed',9498,https://api.github.com/repos/matomo-org/matomo/pulls/9498,2016-01-19T19:05:11Z,2016-01-11T22:34:48Z,1
pull,9258,b'closed',9500,https://api.github.com/repos/matomo-org/matomo/pulls/9500,2016-01-19T19:31:56Z,2016-01-11T23:17:08Z,5
pull,9584,b'closed',24,https://api.github.com/repos/matomo-org/plugin-CustomDimensions/pulls/24,2016-01-21T19:27:38Z,2016-01-21T19:27:28Z,5
pull,9577,b'closed',9594,https://api.github.com/repos/matomo-org/matomo/pulls/9594,2016-01-21T04:02:59Z,2016-01-20T23:02:18Z,2
pull,9372,b'closed',9603,https://api.github.com/repos/matomo-org/matomo/pulls/9603,2016-01-21T03:48:49Z,2016-01-21T03:46:36Z,2
pull,9590,b'closed',9598,https://api.github.com/repos/matomo-org/matomo/pulls/9598,2016-01-21T02:59:41Z,2016-01-21T01:19:54Z,1
pull,9393,b'closed',9497,https://api.github.com/repos/matomo-org/matomo/pulls/9497,2016-01-20T04:18:12Z,2016-01-11T21:56:01Z,2
pull,7000,b'closed',7026,https://api.github.com/repos/matomo-org/matomo/pulls/7026,2015-01-15T03:53:33Z,2015-01-15T03:12:10Z,1
pull,7001,b'closed',7038,https://api.github.com/repos/matomo-org/matomo/pulls/7038,2015-01-15T23:33:06Z,2015-01-15T22:32:09Z,3
pull,7004,b'closed',7025,https://api.github.com/repos/matomo-org/matomo/pulls/7025,2015-01-15T03:10:15Z,2015-01-15T01:46:39Z,8
pull,7005,b'closed',7015,https://api.github.com/repos/matomo-org/matomo/pulls/7015,2015-01-14T21:28:19Z,2015-01-14T03:49:00Z,2
pull,7007,b'closed',7022,https://api.github.com/repos/matomo-org/matomo/pulls/7022,2015-01-15T03:52:39Z,2015-01-14T22:33:11Z,3
pull,8864,b'closed',8926,https://api.github.com/repos/matomo-org/matomo/pulls/8926,2015-10-07T11:37:56Z,2015-10-06T07:34:31Z,6
pull,9562,b'closed',9574,https://api.github.com/repos/matomo-org/matomo/pulls/9574,2016-01-20T03:05:50Z,2016-01-20T01:26:18Z,16
pull,9305,b'closed',9570,https://api.github.com/repos/matomo-org/matomo/pulls/9570,2016-01-19T21:50:43Z,2016-01-19T21:32:14Z,2
pull,9531,b'closed',9641,https://api.github.com/repos/matomo-org/matomo/pulls/9641,2016-01-27T01:17:35Z,2016-01-26T22:59:57Z,3
pull,9524,b'closed',9537,https://api.github.com/repos/matomo-org/matomo/pulls/9537,2016-01-17T22:52:25Z,2016-01-17T21:32:33Z,1
pull,9524,b'closed',9547,https://api.github.com/repos/matomo-org/matomo/pulls/9547,2016-01-18T21:05:56Z,2016-01-18T19:04:37Z,1
pull,9524,b'closed',9684,https://api.github.com/repos/matomo-org/matomo/pulls/9684,,2016-02-02T22:45:13Z,2
pull,9356,b'closed',9439,https://api.github.com/repos/matomo-org/matomo/pulls/9439,2016-01-14T00:29:06Z,2015-12-23T04:24:42Z,1
pull,9485,b'closed',9486,https://api.github.com/repos/matomo-org/matomo/pulls/9486,2016-01-12T19:29:21Z,2016-01-08T17:48:53Z,1
pull,9481,b'closed',9490,https://api.github.com/repos/matomo-org/matomo/pulls/9490,2016-01-12T02:35:13Z,2016-01-11T03:05:10Z,5
pull,9493,b'closed',9494,https://api.github.com/repos/matomo-org/matomo/pulls/9494,2016-01-12T02:17:43Z,2016-01-11T19:29:12Z,1
pull,9271,b'open',9277,https://api.github.com/repos/matomo-org/matomo/pulls/9277,,2015-11-25T02:49:27Z,93
pull,8998,b'closed',115,https://api.github.com/repos/matomo-org/developer-documentation/pulls/115,2015-12-23T03:22:22Z,2015-12-23T03:22:17Z,1
pull,8956,b'closed',9112,https://api.github.com/repos/matomo-org/matomo/pulls/9112,2015-11-22T19:44:43Z,2015-10-28T11:12:50Z,2
pull,8869,b'closed',9430,https://api.github.com/repos/matomo-org/matomo/pulls/9430,2015-12-22T23:02:13Z,2015-12-22T02:44:22Z,6
pull,6841,b'closed',6853,https://api.github.com/repos/matomo-org/matomo/pulls/6853,2014-12-15T03:10:12Z,2014-12-15T02:39:41Z,3
pull,6761,b'closed',9398,https://api.github.com/repos/matomo-org/matomo/pulls/9398,2015-12-21T01:50:52Z,2015-12-15T22:04:02Z,1
pull,6761,b'closed',9399,https://api.github.com/repos/matomo-org/matomo/pulls/9399,2015-12-22T00:31:08Z,2015-12-15T22:05:03Z,2
pull,9418,b'closed',9420,https://api.github.com/repos/matomo-org/matomo/pulls/9420,2015-12-21T23:46:42Z,2015-12-21T03:33:08Z,28
pull,9361,b'closed',9362,https://api.github.com/repos/matomo-org/matomo/pulls/9362,2015-12-21T03:42:50Z,2015-12-08T19:24:03Z,9
pull,9375,b'closed',9377,https://api.github.com/repos/matomo-org/matomo/pulls/9377,2015-12-21T03:36:59Z,2015-12-10T20:00:25Z,3
pull,6623,b'closed',9383,https://api.github.com/repos/matomo-org/matomo/pulls/9383,2015-12-15T20:45:27Z,2015-12-13T21:20:51Z,3
pull,9384,b'closed',9386,https://api.github.com/repos/matomo-org/matomo/pulls/9386,2015-12-15T01:17:06Z,2015-12-14T19:38:02Z,1
pull,9365,b'closed',9369,https://api.github.com/repos/matomo-org/matomo/pulls/9369,2015-12-09T22:12:44Z,2015-12-09T19:12:40Z,2
pull,6870,b'closed',9353,https://api.github.com/repos/matomo-org/matomo/pulls/9353,,2015-12-07T20:57:28Z,1
pull,9316,b'closed',9333,https://api.github.com/repos/matomo-org/matomo/pulls/9333,2015-12-06T20:06:31Z,2015-12-04T09:25:44Z,1
pull,9025,b'closed',9324,https://api.github.com/repos/matomo-org/matomo/pulls/9324,2015-12-03T22:55:11Z,2015-12-03T21:16:10Z,4
pull,9026,b'closed',9323,https://api.github.com/repos/matomo-org/matomo/pulls/9323,2015-12-03T22:50:42Z,2015-12-03T21:08:50Z,1
pull,9239,b'closed',9279,https://api.github.com/repos/matomo-org/matomo/pulls/9279,2015-12-03T22:43:12Z,2015-11-26T01:54:26Z,1
pull,8393,b'closed',9241,https://api.github.com/repos/matomo-org/matomo/pulls/9241,2015-12-03T22:42:20Z,2015-11-19T23:07:12Z,5
pull,9145,b'closed',9221,https://api.github.com/repos/matomo-org/matomo/pulls/9221,2015-12-03T22:25:19Z,2015-11-16T21:44:18Z,4
pull,5363,b'closed',6589,https://api.github.com/repos/matomo-org/matomo/pulls/6589,2014-11-27T04:05:17Z,2014-11-04T04:02:37Z,271
pull,8846,b'closed',8849,https://api.github.com/repos/matomo-org/matomo/pulls/8849,2015-09-25T00:41:06Z,2015-09-24T07:22:44Z,9
pull,9225,b'closed',9228,https://api.github.com/repos/matomo-org/matomo/pulls/9228,2015-11-22T21:31:22Z,2015-11-18T02:29:55Z,31
pull,9207,b'closed',9208,https://api.github.com/repos/matomo-org/matomo/pulls/9208,,2015-11-12T19:52:40Z,11
pull,9201,b'closed',9210,https://api.github.com/repos/matomo-org/matomo/pulls/9210,2015-11-12T20:58:06Z,2015-11-12T20:56:44Z,12
pull,9201,b'closed',9217,https://api.github.com/repos/matomo-org/matomo/pulls/9217,2015-11-25T01:48:21Z,2015-11-16T02:52:30Z,99
pull,9192,b'closed',9230,https://api.github.com/repos/matomo-org/matomo/pulls/9230,2015-11-23T02:30:38Z,2015-11-18T03:07:12Z,1
pull,9247,b'closed',9252,https://api.github.com/repos/matomo-org/matomo/pulls/9252,2015-11-23T00:10:46Z,2015-11-22T20:41:23Z,1
pull,9065,b'closed',9235,https://api.github.com/repos/matomo-org/matomo/pulls/9235,2015-11-18T22:36:30Z,2015-11-18T20:28:39Z,1
pull,8853,b'closed',8930,https://api.github.com/repos/matomo-org/matomo/pulls/8930,2015-10-07T03:42:28Z,2015-10-07T02:55:32Z,2
pull,9160,b'closed',9218,https://api.github.com/repos/matomo-org/matomo/pulls/9218,2015-11-18T03:55:22Z,2015-11-16T20:41:15Z,2
pull,7286,b'closed',7518,https://api.github.com/repos/matomo-org/matomo/pulls/7518,,2015-03-24T00:48:18Z,1
pull,9117,b'closed',9220,https://api.github.com/repos/matomo-org/matomo/pulls/9220,2015-11-16T22:25:04Z,2015-11-16T21:00:15Z,1
pull,9125,b'closed',9219,https://api.github.com/repos/matomo-org/matomo/pulls/9219,2015-11-16T22:17:13Z,2015-11-16T20:56:25Z,2
pull,9171,b'closed',9173,https://api.github.com/repos/matomo-org/matomo/pulls/9173,2015-11-06T02:32:34Z,2015-11-05T20:24:54Z,3
pull,9007,b'closed',9014,https://api.github.com/repos/matomo-org/matomo/pulls/9014,2015-10-15T22:44:13Z,2015-10-15T15:20:59Z,11
pull,9163,b'closed',9164,https://api.github.com/repos/matomo-org/matomo/pulls/9164,2015-11-05T01:52:15Z,2015-11-04T04:36:17Z,9
pull,8569,b'closed',9106,https://api.github.com/repos/matomo-org/matomo/pulls/9106,2015-11-02T21:54:27Z,2015-10-27T20:29:15Z,4
pull,9146,b'closed',9151,https://api.github.com/repos/matomo-org/matomo/pulls/9151,2015-11-02T18:04:15Z,2015-11-02T17:58:38Z,3
pull,8721,b'closed',9099,https://api.github.com/repos/matomo-org/matomo/pulls/9099,2015-11-02T03:26:42Z,2015-10-27T00:50:41Z,2
pull,9090,b'closed',9098,https://api.github.com/repos/matomo-org/matomo/pulls/9098,2015-10-29T01:20:38Z,2015-10-26T22:15:14Z,1
pull,7169,b'closed',8936,https://api.github.com/repos/matomo-org/matomo/pulls/8936,2015-10-07T21:39:44Z,2015-10-07T12:47:59Z,182
pull,8965,b'closed',8977,https://api.github.com/repos/matomo-org/matomo/pulls/8977,2015-10-13T03:41:19Z,2015-10-12T12:10:26Z,2
pull,8965,b'closed',8981,https://api.github.com/repos/matomo-org/matomo/pulls/8981,2015-10-13T07:03:49Z,2015-10-13T06:42:18Z,1
pull,9004,b'closed',9006,https://api.github.com/repos/matomo-org/matomo/pulls/9006,2015-10-15T12:41:13Z,2015-10-15T10:56:15Z,2
pull,8697,b'open',8718,https://api.github.com/repos/matomo-org/matomo/pulls/8718,,2015-09-06T10:14:31Z,1
pull,8697,b'open',14417,https://api.github.com/repos/matomo-org/matomo/pulls/14417,,2019-05-06T10:26:10Z,2
pull,7778,b'closed',7783,https://api.github.com/repos/matomo-org/matomo/pulls/7783,2015-04-29T22:16:35Z,2015-04-28T05:41:13Z,2
pull,7778,b'closed',9064,https://api.github.com/repos/matomo-org/matomo/pulls/9064,2015-10-20T09:16:43Z,2015-10-20T08:41:34Z,1
pull,9049,b'closed',9062,https://api.github.com/repos/matomo-org/matomo/pulls/9062,2015-10-20T04:44:00Z,2015-10-20T02:21:42Z,4
pull,9050,b'closed',9060,https://api.github.com/repos/matomo-org/matomo/pulls/9060,2015-10-20T02:45:01Z,2015-10-19T23:54:14Z,9
pull,9018,b'closed',9019,https://api.github.com/repos/matomo-org/matomo/pulls/9019,2015-10-16T06:16:31Z,2015-10-16T01:11:22Z,2
pull,9018,b'closed',9058,https://api.github.com/repos/matomo-org/matomo/pulls/9058,2015-10-20T02:29:10Z,2015-10-19T22:38:34Z,1
pull,9011,b'closed',9059,https://api.github.com/repos/matomo-org/matomo/pulls/9059,2015-10-20T02:26:26Z,2015-10-19T22:59:21Z,1
pull,8870,b'closed',9043,https://api.github.com/repos/matomo-org/matomo/pulls/9043,2015-10-19T03:11:36Z,2015-10-17T17:58:02Z,5
pull,9035,b'closed',9039,https://api.github.com/repos/matomo-org/matomo/pulls/9039,2015-10-16T21:49:50Z,2015-10-16T17:42:48Z,2
pull,9034,b'closed',9037,https://api.github.com/repos/matomo-org/matomo/pulls/9037,2015-10-16T21:44:00Z,2015-10-16T17:25:53Z,1
pull,9030,b'closed',9038,https://api.github.com/repos/matomo-org/matomo/pulls/9038,2015-10-16T21:43:29Z,2015-10-16T17:31:01Z,1
pull,9032,b'closed',9040,https://api.github.com/repos/matomo-org/matomo/pulls/9040,2015-10-16T21:38:58Z,2015-10-16T17:55:22Z,1
pull,9002,b'closed',9013,https://api.github.com/repos/matomo-org/matomo/pulls/9013,2015-10-15T22:29:23Z,2015-10-15T14:50:12Z,2
pull,8323,b'closed',8805,https://api.github.com/repos/matomo-org/matomo/pulls/8805,2015-09-22T06:54:03Z,2015-09-16T22:05:18Z,5
pull,8413,b'closed',8510,https://api.github.com/repos/matomo-org/matomo/pulls/8510,2015-08-17T08:41:28Z,2015-08-07T08:12:11Z,3
pull,8413,b'closed',16628,https://api.github.com/repos/matomo-org/matomo/pulls/16628,,2020-10-29T08:42:55Z,5
pull,8578,b'closed',8646,https://api.github.com/repos/matomo-org/matomo/pulls/8646,2015-09-08T06:38:44Z,2015-08-26T20:46:25Z,2
pull,8461,b'closed',8603,https://api.github.com/repos/matomo-org/matomo/pulls/8603,2015-08-20T20:13:58Z,2015-08-20T09:01:24Z,2
pull,8752,b'closed',8809,https://api.github.com/repos/matomo-org/matomo/pulls/8809,2015-09-28T04:32:49Z,2015-09-17T02:44:49Z,9
pull,8624,b'closed',8669,https://api.github.com/repos/matomo-org/matomo/pulls/8669,2015-09-09T20:13:23Z,2015-08-30T23:15:25Z,4
pull,7837,b'closed',100,https://api.github.com/repos/matomo-org/developer-documentation/pulls/100,2015-08-21T07:43:38Z,2015-08-06T09:30:18Z,2
pull,7837,b'closed',8500,https://api.github.com/repos/matomo-org/matomo/pulls/8500,2015-08-21T07:51:07Z,2015-08-06T09:45:17Z,6
pull,8776,b'closed',8805,https://api.github.com/repos/matomo-org/matomo/pulls/8805,2015-09-22T06:54:03Z,2015-09-16T22:05:18Z,5
pull,7913,b'closed',8538,https://api.github.com/repos/matomo-org/matomo/pulls/8538,2015-08-13T15:24:26Z,2015-08-10T16:53:54Z,4
pull,4103,b'closed',8910,https://api.github.com/repos/matomo-org/matomo/pulls/8910,2015-10-05T05:25:33Z,2015-10-05T04:42:07Z,87
pull,8988,b'closed',8990,https://api.github.com/repos/matomo-org/matomo/pulls/8990,2015-10-13T19:16:49Z,2015-10-13T12:06:47Z,1
pull,8986,b'closed',8989,https://api.github.com/repos/matomo-org/matomo/pulls/8989,2015-10-13T11:43:53Z,2015-10-13T11:43:43Z,1
pull,8660,b'closed',5,https://api.github.com/repos/matomo-org/travis-scripts/pulls/5,2015-09-03T00:12:32Z,2015-08-30T21:44:58Z,2
pull,8680,b'closed',8745,https://api.github.com/repos/matomo-org/matomo/pulls/8745,2015-09-14T22:28:18Z,2015-09-09T21:59:25Z,9
pull,8983,b'closed',8984,https://api.github.com/repos/matomo-org/matomo/pulls/8984,2015-10-13T09:35:14Z,2015-10-13T09:00:12Z,1
pull,8140,b'closed',8504,https://api.github.com/repos/matomo-org/matomo/pulls/8504,2015-08-13T15:25:23Z,2015-08-06T13:14:57Z,1
pull,8222,b'closed',6,https://api.github.com/repos/matomo-org/travis-scripts/pulls/6,2015-09-01T08:37:12Z,2015-09-01T08:37:08Z,1
pull,8222,b'closed',8684,https://api.github.com/repos/matomo-org/matomo/pulls/8684,2015-09-02T08:28:11Z,2015-09-01T09:04:36Z,3
pull,7836,b'closed',8274,https://api.github.com/repos/matomo-org/matomo/pulls/8274,2015-08-26T16:37:13Z,2015-07-04T21:58:24Z,5
pull,8373,b'closed',8379,https://api.github.com/repos/matomo-org/matomo/pulls/8379,2015-07-19T04:28:35Z,2015-07-19T01:04:27Z,28
pull,8529,b'closed',8934,https://api.github.com/repos/matomo-org/matomo/pulls/8934,2015-10-07T11:39:15Z,2015-10-07T08:13:00Z,2
pull,8630,b'closed',8746,https://api.github.com/repos/matomo-org/matomo/pulls/8746,2015-09-11T04:33:54Z,2015-09-09T23:02:46Z,14
pull,8630,b'closed',9363,https://api.github.com/repos/matomo-org/matomo/pulls/9363,2015-12-21T03:17:14Z,2015-12-09T01:38:59Z,11
pull,8631,b'closed',8571,https://api.github.com/repos/matomo-org/matomo/pulls/8571,2015-08-31T18:19:27Z,2015-08-13T15:08:53Z,8
pull,8631,b'closed',8820,https://api.github.com/repos/matomo-org/matomo/pulls/8820,2015-09-22T14:05:50Z,2015-09-18T08:52:47Z,4
pull,8631,b'closed',10719,https://api.github.com/repos/matomo-org/matomo/pulls/10719,2017-01-09T08:11:25Z,2016-10-09T11:45:06Z,7
pull,6773,b'closed',8793,https://api.github.com/repos/matomo-org/matomo/pulls/8793,2015-10-02T12:10:59Z,2015-09-15T07:55:55Z,14
pull,7733,b'closed',8530,https://api.github.com/repos/matomo-org/matomo/pulls/8530,2015-08-13T15:25:01Z,2015-08-10T14:04:45Z,2
pull,8592,b'closed',8663,https://api.github.com/repos/matomo-org/matomo/pulls/8663,2015-08-30T18:31:44Z,2015-08-29T11:18:15Z,1
pull,8592,b'closed',8664,https://api.github.com/repos/matomo-org/matomo/pulls/8664,2015-08-30T10:48:00Z,2015-08-29T11:28:13Z,1
pull,8622,b'closed',8751,https://api.github.com/repos/matomo-org/matomo/pulls/8751,2015-09-11T03:23:55Z,2015-09-10T20:20:56Z,1
pull,8735,b'closed',8736,https://api.github.com/repos/matomo-org/matomo/pulls/8736,2015-09-08T19:45:31Z,2015-09-08T11:43:50Z,1
pull,8808,b'closed',8807,https://api.github.com/repos/matomo-org/matomo/pulls/8807,2015-09-20T22:12:42Z,2015-09-17T00:26:43Z,3
pull,8808,b'closed',8831,https://api.github.com/repos/matomo-org/matomo/pulls/8831,2015-09-21T09:06:16Z,2015-09-21T02:56:41Z,1
pull,8555,b'closed',8662,https://api.github.com/repos/matomo-org/matomo/pulls/8662,2015-08-30T18:41:22Z,2015-08-29T11:04:27Z,12
pull,8548,b'closed',8610,https://api.github.com/repos/matomo-org/matomo/pulls/8610,2015-08-21T21:50:52Z,2015-08-20T15:45:30Z,4
pull,8858,b'closed',8825,https://api.github.com/repos/matomo-org/matomo/pulls/8825,2015-10-13T07:37:21Z,2015-09-20T10:05:17Z,34
pull,8650,b'closed',8653,https://api.github.com/repos/matomo-org/matomo/pulls/8653,2015-08-31T18:21:45Z,2015-08-28T08:24:08Z,4
pull,8356,b'closed',8545,https://api.github.com/repos/matomo-org/matomo/pulls/8545,2015-08-17T08:49:02Z,2015-08-11T11:21:02Z,2
pull,8632,b'closed',8488,https://api.github.com/repos/matomo-org/matomo/pulls/8488,2015-08-24T17:00:00Z,2015-08-05T10:16:56Z,44
pull,8632,b'closed',8655,https://api.github.com/repos/matomo-org/matomo/pulls/8655,2015-08-30T19:20:26Z,2015-08-28T08:39:59Z,3
pull,7085,b'closed',8769,https://api.github.com/repos/matomo-org/matomo/pulls/8769,2015-09-14T21:45:47Z,2015-09-11T22:36:28Z,1
pull,8611,b'closed',8628,https://api.github.com/repos/matomo-org/matomo/pulls/8628,2015-08-24T14:35:37Z,2015-08-24T11:31:40Z,1
pull,8693,b'closed',8719,https://api.github.com/repos/matomo-org/matomo/pulls/8719,2015-09-06T11:29:31Z,2015-09-06T11:07:21Z,1
pull,8850,b'closed',8861,https://api.github.com/repos/matomo-org/matomo/pulls/8861,2015-09-29T10:32:37Z,2015-09-28T07:20:53Z,7
pull,8850,b'closed',8892,https://api.github.com/repos/matomo-org/matomo/pulls/8892,2015-10-04T23:43:29Z,2015-10-01T21:16:29Z,6
pull,1254,b'closed',8857,https://api.github.com/repos/matomo-org/matomo/pulls/8857,2015-10-11T22:56:58Z,2015-09-26T14:32:18Z,119
pull,8953,b'closed',8979,https://api.github.com/repos/matomo-org/matomo/pulls/8979,2015-10-13T07:50:33Z,2015-10-12T20:36:40Z,3
pull,8968,b'closed',8976,https://api.github.com/repos/matomo-org/matomo/pulls/8976,2015-10-13T03:40:48Z,2015-10-12T11:42:59Z,2
pull,8964,b'closed',11,https://api.github.com/repos/matomo-org/travis-scripts/pulls/11,2015-10-11T22:38:51Z,2015-10-11T22:38:47Z,1
pull,8945,b'closed',8961,https://api.github.com/repos/matomo-org/matomo/pulls/8961,2015-10-11T22:15:23Z,2015-10-09T23:59:50Z,5
pull,8399,b'closed',8947,https://api.github.com/repos/matomo-org/matomo/pulls/8947,2015-10-08T17:00:43Z,2015-10-08T11:31:12Z,1
pull,8923,b'closed',8941,https://api.github.com/repos/matomo-org/matomo/pulls/8941,2015-10-08T21:41:29Z,2015-10-07T23:05:55Z,33
pull,7588,b'closed',8936,https://api.github.com/repos/matomo-org/matomo/pulls/8936,2015-10-07T21:39:44Z,2015-10-07T12:47:59Z,182
pull,8748,b'closed',8817,https://api.github.com/repos/matomo-org/matomo/pulls/8817,2015-10-04T22:27:27Z,2015-09-18T03:42:04Z,3
pull,8748,b'closed',8933,https://api.github.com/repos/matomo-org/matomo/pulls/8933,2015-10-07T11:41:57Z,2015-10-07T06:34:37Z,3
pull,8924,b'closed',8929,https://api.github.com/repos/matomo-org/matomo/pulls/8929,2015-10-07T03:21:56Z,2015-10-07T02:50:45Z,5
pull,8928,b'open',8905,https://api.github.com/repos/matomo-org/matomo/pulls/8905,2015-10-04T11:23:36Z,2015-10-04T10:49:59Z,2
pull,8848,b'closed',8886,https://api.github.com/repos/matomo-org/matomo/pulls/8886,2015-10-01T20:44:18Z,2015-10-01T13:07:47Z,3
pull,8579,b'closed',8584,https://api.github.com/repos/matomo-org/matomo/pulls/8584,,2015-08-17T01:05:22Z,1
pull,8901,b'closed',8902,https://api.github.com/repos/matomo-org/matomo/pulls/8902,2015-10-04T22:26:26Z,2015-10-03T18:26:21Z,4
pull,8845,b'closed',8894,https://api.github.com/repos/matomo-org/matomo/pulls/8894,2015-10-03T19:27:35Z,2015-10-02T07:05:15Z,1
pull,8811,b'closed',8895,https://api.github.com/repos/matomo-org/matomo/pulls/8895,2015-10-03T19:22:15Z,2015-10-02T07:33:40Z,2
pull,8549,b'closed',8688,https://api.github.com/repos/matomo-org/matomo/pulls/8688,2015-09-22T14:13:45Z,2015-09-01T14:40:09Z,21
pull,8871,b'closed',8890,https://api.github.com/repos/matomo-org/matomo/pulls/8890,2015-10-02T01:03:16Z,2015-10-01T21:08:38Z,3
pull,8871,b'closed',8891,https://api.github.com/repos/matomo-org/matomo/pulls/8891,2015-10-02T01:04:46Z,2015-10-01T21:11:54Z,4
pull,8863,b'closed',8877,https://api.github.com/repos/matomo-org/matomo/pulls/8877,2015-10-01T20:51:47Z,2015-09-30T20:09:34Z,2
pull,8824,b'closed',8830,https://api.github.com/repos/matomo-org/matomo/pulls/8830,2015-09-21T09:08:23Z,2015-09-21T02:07:39Z,3
pull,8879,b'closed',8694,https://api.github.com/repos/matomo-org/matomo/pulls/8694,2015-09-08T03:41:05Z,2015-09-02T08:04:52Z,14
pull,4026,b'closed',24,https://api.github.com/repos/sirinartk/matomo/pulls/24,,2022-03-22T18:38:51Z,2
pull,4026,b'closed',11,https://api.github.com/repos/dwayne45/matomo/pulls/11,,2022-03-23T06:28:48Z,2
pull,7087,b'closed',7365,https://api.github.com/repos/matomo-org/matomo/pulls/7365,2015-03-12T03:50:01Z,2015-03-05T01:55:00Z,10
pull,8682,b'closed',8838,https://api.github.com/repos/matomo-org/matomo/pulls/8838,2015-09-24T06:44:37Z,2015-09-22T14:34:27Z,1
pull,8816,b'closed',8781,https://api.github.com/repos/matomo-org/matomo/pulls/8781,,2015-09-14T07:55:42Z,10
pull,8034,b'closed',7960,https://api.github.com/repos/matomo-org/matomo/pulls/7960,2015-06-03T05:09:22Z,2015-05-21T08:54:46Z,30
pull,8034,b'closed',8163,https://api.github.com/repos/matomo-org/matomo/pulls/8163,2015-06-22T02:12:24Z,2015-06-21T21:52:56Z,6
pull,8115,b'closed',8045,https://api.github.com/repos/matomo-org/matomo/pulls/8045,2015-06-17T05:10:02Z,2015-06-05T05:26:30Z,56
pull,7401,b'closed',7336,https://api.github.com/repos/matomo-org/matomo/pulls/7336,2015-03-09T02:57:12Z,2015-03-03T03:09:03Z,49
pull,7401,b'closed',7420,https://api.github.com/repos/matomo-org/matomo/pulls/7420,,2015-03-13T00:38:19Z,9
pull,7401,b'closed',7452,https://api.github.com/repos/matomo-org/matomo/pulls/7452,2015-03-17T03:26:20Z,2015-03-17T00:13:44Z,30
pull,7401,b'closed',8449,https://api.github.com/repos/matomo-org/matomo/pulls/8449,2015-08-18T09:43:23Z,2015-07-28T16:17:48Z,39
pull,8785,b'closed',8827,https://api.github.com/repos/matomo-org/matomo/pulls/8827,2015-09-20T22:15:07Z,2015-09-20T21:50:20Z,1
pull,8785,b'closed',8832,https://api.github.com/repos/matomo-org/matomo/pulls/8832,2015-09-22T02:41:47Z,2015-09-21T23:58:04Z,54
pull,8780,b'closed',8804,https://api.github.com/repos/matomo-org/matomo/pulls/8804,2015-09-21T10:53:04Z,2015-09-16T21:33:21Z,1
pull,8678,b'closed',8685,https://api.github.com/repos/matomo-org/matomo/pulls/8685,2015-09-01T19:00:07Z,2015-09-01T09:40:50Z,1
pull,6031,b'closed',8754,https://api.github.com/repos/matomo-org/matomo/pulls/8754,2015-09-15T00:18:17Z,2015-09-11T01:05:30Z,31
pull,8216,b'closed',8768,https://api.github.com/repos/matomo-org/matomo/pulls/8768,2015-09-11T23:11:34Z,2015-09-11T22:06:58Z,1
pull,6593,b'closed',8759,https://api.github.com/repos/matomo-org/matomo/pulls/8759,2015-09-11T20:35:01Z,2015-09-11T03:12:48Z,20
pull,7095,b'closed',7113,https://api.github.com/repos/matomo-org/matomo/pulls/7113,2015-02-04T22:00:00Z,2015-01-31T08:20:20Z,3
pull,8722,b'closed',8744,https://api.github.com/repos/matomo-org/matomo/pulls/8744,2015-09-11T03:30:37Z,2015-09-09T21:39:09Z,5
pull,8447,b'closed',8552,https://api.github.com/repos/matomo-org/matomo/pulls/8552,2015-08-13T15:33:25Z,2015-08-12T09:42:39Z,3
pull,8740,b'closed',8743,https://api.github.com/repos/matomo-org/matomo/pulls/8743,2015-09-09T21:56:16Z,2015-09-09T21:23:54Z,2
pull,8296,b'closed',8644,https://api.github.com/repos/matomo-org/matomo/pulls/8644,2015-09-08T19:56:32Z,2015-08-25T17:12:51Z,10
pull,8593,b'closed',8598,https://api.github.com/repos/matomo-org/matomo/pulls/8598,2015-08-20T09:06:40Z,2015-08-19T09:26:43Z,16
pull,8593,b'closed',8709,https://api.github.com/repos/matomo-org/matomo/pulls/8709,2015-09-04T21:03:53Z,2015-09-04T08:22:46Z,2
pull,8707,b'closed',8714,https://api.github.com/repos/matomo-org/matomo/pulls/8714,2015-09-07T19:26:39Z,2015-09-05T16:33:42Z,1
pull,8180,b'closed',8608,https://api.github.com/repos/matomo-org/matomo/pulls/8608,2015-08-20T19:34:15Z,2015-08-20T14:03:31Z,2
pull,8672,b'closed',8703,https://api.github.com/repos/matomo-org/matomo/pulls/8703,2015-09-03T01:45:42Z,2015-09-02T23:23:34Z,10
pull,8691,b'closed',8692,https://api.github.com/repos/matomo-org/matomo/pulls/8692,2015-09-02T05:33:01Z,2015-09-02T05:32:36Z,3
pull,8691,b'closed',11091,https://api.github.com/repos/matomo-org/matomo/pulls/11091,2016-12-26T21:07:28Z,2016-12-26T18:22:03Z,3
pull,8621,b'closed',8661,https://api.github.com/repos/matomo-org/matomo/pulls/8661,2015-08-31T07:02:48Z,2015-08-29T08:34:28Z,1
pull,8621,b'closed',8674,https://api.github.com/repos/matomo-org/matomo/pulls/8674,2015-08-31T08:53:56Z,2015-08-31T08:16:51Z,1
pull,8572,b'closed',8667,https://api.github.com/repos/matomo-org/matomo/pulls/8667,2015-08-30T18:29:32Z,2015-08-30T11:11:35Z,4
pull,8640,b'closed',8595,https://api.github.com/repos/matomo-org/matomo/pulls/8595,2015-08-20T12:24:42Z,2015-08-18T13:17:10Z,92
pull,8509,b'closed',112,https://api.github.com/repos/matomo-org/plugin-LoginLdap/pulls/112,2015-08-09T17:11:36Z,2015-08-09T17:10:06Z,2
pull,7700,b'closed',8459,https://api.github.com/repos/matomo-org/matomo/pulls/8459,2015-08-24T19:19:07Z,2015-07-29T14:41:57Z,7
pull,7903,b'closed',8537,https://api.github.com/repos/matomo-org/matomo/pulls/8537,2015-08-21T17:36:10Z,2015-08-10T16:37:22Z,7
pull,8607,b'closed',8615,https://api.github.com/repos/matomo-org/matomo/pulls/8615,2015-08-21T17:06:55Z,2015-08-21T00:32:33Z,3
pull,8600,b'closed',8604,https://api.github.com/repos/matomo-org/matomo/pulls/8604,2015-08-21T08:43:17Z,2015-08-20T09:49:20Z,2
pull,8597,b'closed',8599,https://api.github.com/repos/matomo-org/matomo/pulls/8599,2015-08-20T19:40:00Z,2015-08-19T14:04:45Z,4
pull,8366,b'closed',8512,https://api.github.com/repos/matomo-org/matomo/pulls/8512,2015-08-20T23:43:25Z,2015-08-07T11:19:15Z,1
pull,7861,b'closed',7927,https://api.github.com/repos/matomo-org/matomo/pulls/7927,2015-05-19T23:01:11Z,2015-05-18T04:34:45Z,102
pull,8319,b'closed',8894,https://api.github.com/repos/matomo-org/matomo/pulls/8894,2015-10-03T19:27:35Z,2015-10-02T07:05:15Z,1
pull,8462,b'closed',8442,https://api.github.com/repos/matomo-org/matomo/pulls/8442,2015-08-20T13:37:38Z,2015-07-28T12:25:12Z,451
pull,6566,b'closed',6581,https://api.github.com/repos/matomo-org/matomo/pulls/6581,2014-11-03T23:33:24Z,2014-11-03T21:17:51Z,9
pull,8568,b'open',19712,https://api.github.com/repos/matomo-org/matomo/pulls/19712,,2022-09-07T13:45:06Z,206
pull,8573,b'closed',8577,https://api.github.com/repos/matomo-org/matomo/pulls/8577,2015-08-14T15:17:10Z,2015-08-14T15:16:53Z,1
pull,7902,b'closed',8464,https://api.github.com/repos/matomo-org/matomo/pulls/8464,2015-08-14T07:56:15Z,2015-07-30T10:28:00Z,3
pull,7983,b'closed',8463,https://api.github.com/repos/matomo-org/matomo/pulls/8463,2015-08-13T15:58:00Z,2015-07-30T09:10:35Z,6
pull,8202,b'closed',8543,https://api.github.com/repos/matomo-org/matomo/pulls/8543,2015-08-13T15:40:26Z,2015-08-11T09:35:27Z,1
pull,8176,b'closed',8466,https://api.github.com/repos/matomo-org/matomo/pulls/8466,2015-08-13T15:26:27Z,2015-07-30T11:07:57Z,1
pull,7692,b'closed',8467,https://api.github.com/repos/matomo-org/matomo/pulls/8467,2015-08-13T15:26:12Z,2015-07-30T12:18:33Z,3
pull,7692,b'closed',8468,https://api.github.com/repos/matomo-org/matomo/pulls/8468,2015-08-17T08:56:03Z,2015-07-30T13:11:01Z,2
pull,7926,b'closed',8022,https://api.github.com/repos/matomo-org/matomo/pulls/8022,,2015-05-29T19:03:11Z,6
pull,7926,b'closed',8502,https://api.github.com/repos/matomo-org/matomo/pulls/8502,2015-08-13T15:25:40Z,2015-08-06T12:07:41Z,1
pull,8023,b'closed',7895,https://api.github.com/repos/matomo-org/matomo/pulls/7895,2015-05-31T18:59:07Z,2015-05-12T23:37:41Z,7
pull,8123,b'open',8109,https://api.github.com/repos/matomo-org/matomo/pulls/8109,2015-06-16T23:12:07Z,2015-06-15T14:02:14Z,3
pull,7847,b'closed',8511,https://api.github.com/repos/matomo-org/matomo/pulls/8511,2015-08-13T05:48:27Z,2015-08-07T10:51:36Z,4
pull,8193,b'closed',9144,https://api.github.com/repos/matomo-org/matomo/pulls/9144,2015-11-04T19:51:51Z,2015-11-02T02:05:55Z,3
pull,8353,b'closed',8431,https://api.github.com/repos/matomo-org/matomo/pulls/8431,2015-07-27T05:38:08Z,2015-07-25T14:27:27Z,9
pull,8146,b'closed',8403,https://api.github.com/repos/matomo-org/matomo/pulls/8403,2015-07-27T05:59:37Z,2015-07-22T19:03:55Z,3
pull,8252,b'closed',8454,https://api.github.com/repos/matomo-org/matomo/pulls/8454,2015-07-31T08:32:50Z,2015-07-29T11:00:10Z,2
pull,7929,b'closed',15,https://api.github.com/repos/dwayne45/matomo/pulls/15,,2022-07-31T21:39:34Z,2
pull,7929,b'closed',16,https://api.github.com/repos/dwayne45/matomo/pulls/16,,2022-08-01T06:44:32Z,1
pull,8302,b'closed',8303,https://api.github.com/repos/matomo-org/matomo/pulls/8303,2015-07-10T12:26:50Z,2015-07-09T09:03:44Z,1
pull,7835,b'closed',8456,https://api.github.com/repos/matomo-org/matomo/pulls/8456,2015-07-29T14:23:13Z,2015-07-29T11:21:52Z,3
pull,7850,b'closed',7858,https://api.github.com/repos/matomo-org/matomo/pulls/7858,2015-05-10T22:31:41Z,2015-05-07T21:34:43Z,3
pull,8316,b'closed',8418,https://api.github.com/repos/matomo-org/matomo/pulls/8418,2015-07-24T09:18:45Z,2015-07-24T00:03:53Z,3
pull,8391,b'closed',8400,https://api.github.com/repos/matomo-org/matomo/pulls/8400,2015-07-22T15:33:26Z,2015-07-22T14:50:36Z,2
pull,8357,b'closed',8384,https://api.github.com/repos/matomo-org/matomo/pulls/8384,2015-07-20T13:06:31Z,2015-07-20T11:49:11Z,1
pull,8307,b'closed',8380,https://api.github.com/repos/matomo-org/matomo/pulls/8380,2015-07-20T13:05:45Z,2015-07-20T09:24:20Z,1
pull,8311,b'closed',1,https://api.github.com/repos/wp-plugins/wp-piwik/pulls/1,,2015-07-12T05:23:50Z,1
pull,7768,b'closed',8355,https://api.github.com/repos/matomo-org/matomo/pulls/8355,2015-07-16T15:21:39Z,2015-07-15T10:00:10Z,1
pull,8257,b'closed',8361,https://api.github.com/repos/matomo-org/matomo/pulls/8361,2015-07-16T15:11:34Z,2015-07-16T08:33:53Z,1
pull,7919,b'closed',7,https://api.github.com/repos/dwayne45/matomo/pulls/7,,2022-01-26T04:43:20Z,1
pull,7906,b'closed',7,https://api.github.com/repos/dwayne45/matomo/pulls/7,,2022-01-26T04:43:20Z,1
pull,7833,b'open',7,https://api.github.com/repos/dwayne45/matomo/pulls/7,,2022-01-26T04:43:20Z,1
pull,8243,b'closed',8283,https://api.github.com/repos/matomo-org/matomo/pulls/8283,2015-07-12T15:46:21Z,2015-07-06T20:47:43Z,3
pull,8243,b'closed',8349,https://api.github.com/repos/matomo-org/matomo/pulls/8349,,2015-07-14T10:04:34Z,2
pull,8243,b'closed',8350,https://api.github.com/repos/matomo-org/matomo/pulls/8350,2015-07-14T14:53:04Z,2015-07-14T12:05:34Z,3
pull,8272,b'closed',8338,https://api.github.com/repos/matomo-org/matomo/pulls/8338,2015-07-13T12:10:20Z,2015-07-12T18:48:13Z,3
pull,8324,b'closed',8339,https://api.github.com/repos/matomo-org/matomo/pulls/8339,2015-07-12T22:29:54Z,2015-07-12T21:31:39Z,5
pull,7969,b'closed',8231,https://api.github.com/repos/matomo-org/matomo/pulls/8231,2015-07-12T18:36:18Z,2015-06-26T17:03:26Z,6
pull,8244,b'closed',8267,https://api.github.com/repos/matomo-org/matomo/pulls/8267,2015-07-06T10:11:32Z,2015-07-02T09:17:24Z,2
pull,8244,b'closed',8279,https://api.github.com/repos/matomo-org/matomo/pulls/8279,2015-07-12T18:23:25Z,2015-07-06T10:40:13Z,49
pull,8312,b'closed',8336,https://api.github.com/repos/matomo-org/matomo/pulls/8336,2015-07-12T17:47:01Z,2015-07-12T17:26:30Z,3
pull,8305,b'closed',8328,https://api.github.com/repos/matomo-org/matomo/pulls/8328,2015-07-12T16:12:11Z,2015-07-11T01:29:11Z,1
pull,8321,b'closed',8330,https://api.github.com/repos/matomo-org/matomo/pulls/8330,2015-07-12T16:09:08Z,2015-07-11T16:04:59Z,1
pull,7382,b'closed',8292,https://api.github.com/repos/matomo-org/matomo/pulls/8292,2015-07-12T15:59:43Z,2015-07-08T10:57:38Z,1
pull,8245,b'closed',8242,https://api.github.com/repos/matomo-org/matomo/pulls/8242,,2015-06-29T14:51:48Z,18
pull,8245,b'closed',8248,https://api.github.com/repos/matomo-org/matomo/pulls/8248,2015-07-12T15:55:55Z,2015-06-30T09:33:03Z,1
pull,7909,b'closed',8090,https://api.github.com/repos/matomo-org/matomo/pulls/8090,2015-06-16T22:48:53Z,2015-06-11T12:02:59Z,1
pull,7909,b'closed',7,https://api.github.com/repos/dwayne45/matomo/pulls/7,,2022-01-26T04:43:20Z,1
pull,4917,b'closed',5945,https://api.github.com/repos/matomo-org/matomo/pulls/5945,2014-08-07T15:30:30Z,2014-08-07T10:09:37Z,2
pull,4917,b'closed',5946,https://api.github.com/repos/matomo-org/matomo/pulls/5946,,2014-08-07T10:37:20Z,8
pull,4917,b'closed',5948,https://api.github.com/repos/matomo-org/matomo/pulls/5948,,2014-08-07T15:08:10Z,18
pull,8290,b'closed',8291,https://api.github.com/repos/matomo-org/matomo/pulls/8291,2015-07-08T10:26:19Z,2015-07-08T10:10:33Z,2
pull,8112,b'closed',8265,https://api.github.com/repos/matomo-org/matomo/pulls/8265,2015-07-07T12:44:36Z,2015-07-01T17:20:37Z,1
pull,7298,b'closed',8259,https://api.github.com/repos/matomo-org/matomo/pulls/8259,2015-07-06T18:16:50Z,2015-07-01T09:16:35Z,7
pull,3950,b'closed',8085,https://api.github.com/repos/matomo-org/matomo/pulls/8085,2015-06-15T22:40:16Z,2015-06-10T20:15:14Z,44
pull,8157,b'closed',8135,https://api.github.com/repos/matomo-org/matomo/pulls/8135,2015-06-19T02:54:00Z,2015-06-18T05:32:38Z,66
pull,7774,b'closed',7878,https://api.github.com/repos/matomo-org/matomo/pulls/7878,2015-05-13T05:15:12Z,2015-05-11T02:52:35Z,4
pull,7798,b'closed',7869,https://api.github.com/repos/matomo-org/matomo/pulls/7869,2015-05-13T08:03:36Z,2015-05-09T07:48:11Z,9
pull,7879,b'closed',7950,https://api.github.com/repos/matomo-org/matomo/pulls/7950,2015-05-21T06:09:58Z,2015-05-20T15:52:10Z,6
pull,6948,b'closed',7885,https://api.github.com/repos/matomo-org/matomo/pulls/7885,2015-06-09T02:59:58Z,2015-05-12T04:08:57Z,7
pull,7803,b'closed',8045,https://api.github.com/repos/matomo-org/matomo/pulls/8045,2015-06-17T05:10:02Z,2015-06-05T05:26:30Z,56
pull,7975,b'closed',8122,https://api.github.com/repos/matomo-org/matomo/pulls/8122,2015-06-16T23:02:54Z,2015-06-16T19:25:06Z,1
pull,8108,b'closed',8131,https://api.github.com/repos/matomo-org/matomo/pulls/8131,2015-06-18T02:36:28Z,2015-06-17T13:40:26Z,6
pull,7962,b'closed',7979,https://api.github.com/repos/matomo-org/matomo/pulls/7979,,2015-05-23T11:59:30Z,2
pull,8190,b'closed',8194,https://api.github.com/repos/matomo-org/matomo/pulls/8194,2015-06-24T02:02:53Z,2015-06-24T01:53:32Z,1
pull,8087,b'closed',8184,https://api.github.com/repos/matomo-org/matomo/pulls/8184,2015-06-24T00:13:30Z,2015-06-23T10:18:41Z,5
pull,8060,b'closed',8082,https://api.github.com/repos/matomo-org/matomo/pulls/8082,2015-06-10T16:56:03Z,2015-06-10T09:23:38Z,2
pull,8061,b'closed',8073,https://api.github.com/repos/matomo-org/matomo/pulls/8073,2015-06-15T21:57:50Z,2015-06-09T04:41:47Z,1
pull,7090,b'closed',8135,https://api.github.com/repos/matomo-org/matomo/pulls/8135,2015-06-19T02:54:00Z,2015-06-18T05:32:38Z,66
pull,8142,b'closed',8117,https://api.github.com/repos/matomo-org/matomo/pulls/8117,2015-06-18T09:55:53Z,2015-06-16T05:31:44Z,1
pull,8142,b'closed',8163,https://api.github.com/repos/matomo-org/matomo/pulls/8163,2015-06-22T02:12:24Z,2015-06-21T21:52:56Z,6
pull,7584,b'closed',7793,https://api.github.com/repos/matomo-org/matomo/pulls/7793,2015-05-10T21:19:33Z,2015-04-30T04:45:52Z,11
pull,7584,b'closed',7874,https://api.github.com/repos/matomo-org/matomo/pulls/7874,2015-05-12T21:41:00Z,2015-05-10T18:55:44Z,6
pull,7584,b'closed',7875,https://api.github.com/repos/matomo-org/matomo/pulls/7875,2015-05-20T11:26:10Z,2015-05-10T19:10:25Z,22
pull,7584,b'closed',7895,https://api.github.com/repos/matomo-org/matomo/pulls/7895,2015-05-31T18:59:07Z,2015-05-12T23:37:41Z,7
pull,7584,b'closed',7960,https://api.github.com/repos/matomo-org/matomo/pulls/7960,2015-06-03T05:09:22Z,2015-05-21T08:54:46Z,30
pull,7940,b'closed',15,https://api.github.com/repos/dwayne45/matomo/pulls/15,,2022-07-31T21:39:34Z,2
pull,7940,b'closed',16,https://api.github.com/repos/dwayne45/matomo/pulls/16,,2022-08-01T06:44:32Z,1
pull,8075,b'closed',8078,https://api.github.com/repos/matomo-org/matomo/pulls/8078,2015-06-18T20:31:03Z,2015-06-09T15:57:58Z,3
pull,4789,b'closed',8135,https://api.github.com/repos/matomo-org/matomo/pulls/8135,2015-06-19T02:54:00Z,2015-06-18T05:32:38Z,66
pull,7965,b'closed',8135,https://api.github.com/repos/matomo-org/matomo/pulls/8135,2015-06-19T02:54:00Z,2015-06-18T05:32:38Z,66
pull,7965,b'closed',15,https://api.github.com/repos/dwayne45/matomo/pulls/15,,2022-07-31T21:39:34Z,2
pull,7965,b'closed',16,https://api.github.com/repos/dwayne45/matomo/pulls/16,,2022-08-01T06:44:32Z,1
pull,8102,b'closed',8133,https://api.github.com/repos/matomo-org/matomo/pulls/8133,2015-06-18T21:12:24Z,2015-06-18T01:50:51Z,6
pull,8136,b'closed',8137,https://api.github.com/repos/matomo-org/matomo/pulls/8137,2015-06-18T11:39:25Z,2015-06-18T10:00:55Z,2
pull,7958,b'closed',7964,https://api.github.com/repos/matomo-org/matomo/pulls/7964,2015-05-25T21:54:56Z,2015-05-22T00:21:13Z,7
pull,7912,b'closed',8080,https://api.github.com/repos/matomo-org/matomo/pulls/8080,2015-06-16T23:38:25Z,2015-06-10T01:23:03Z,5
pull,7912,b'closed',7,https://api.github.com/repos/dwayne45/matomo/pulls/7,,2022-01-26T04:43:20Z,1
pull,7587,b'closed',7793,https://api.github.com/repos/matomo-org/matomo/pulls/7793,2015-05-10T21:19:33Z,2015-04-30T04:45:52Z,11
pull,7587,b'closed',7960,https://api.github.com/repos/matomo-org/matomo/pulls/7960,2015-06-03T05:09:22Z,2015-05-21T08:54:46Z,30
pull,7587,b'closed',8001,https://api.github.com/repos/matomo-org/matomo/pulls/8001,,2015-05-26T12:36:46Z,26
pull,7180,b'closed',7887,https://api.github.com/repos/matomo-org/matomo/pulls/7887,2015-06-16T07:29:28Z,2015-05-12T04:56:39Z,17
pull,7900,b'closed',7,https://api.github.com/repos/dwayne45/matomo/pulls/7,,2022-01-26T04:43:20Z,1
pull,6785,b'closed',7887,https://api.github.com/repos/matomo-org/matomo/pulls/7887,2015-06-16T07:29:28Z,2015-05-12T04:56:39Z,17
pull,8062,b'closed',8088,https://api.github.com/repos/matomo-org/matomo/pulls/8088,2015-06-12T08:29:44Z,2015-06-11T05:55:33Z,3
pull,8070,b'closed',8072,https://api.github.com/repos/matomo-org/matomo/pulls/8072,2015-06-11T11:44:13Z,2015-06-09T04:30:04Z,3
pull,8081,b'closed',8082,https://api.github.com/repos/matomo-org/matomo/pulls/8082,2015-06-10T16:56:03Z,2015-06-10T09:23:38Z,2
pull,7920,b'closed',8055,https://api.github.com/repos/matomo-org/matomo/pulls/8055,2015-06-08T02:27:55Z,2015-06-07T21:55:08Z,1
pull,7131,b'open',8021,https://api.github.com/repos/matomo-org/matomo/pulls/8021,,2015-05-29T14:53:50Z,1
pull,8007,b'closed',8016,https://api.github.com/repos/matomo-org/matomo/pulls/8016,2015-06-05T15:27:22Z,2015-05-28T16:12:09Z,2
pull,7943,b'closed',8037,https://api.github.com/repos/matomo-org/matomo/pulls/8037,2015-06-03T20:55:03Z,2015-06-03T15:22:33Z,1
pull,6714,b'closed',7552,https://api.github.com/repos/matomo-org/matomo/pulls/7552,2015-04-16T04:41:21Z,2015-03-27T02:12:44Z,4
pull,7876,b'closed',7793,https://api.github.com/repos/matomo-org/matomo/pulls/7793,2015-05-10T21:19:33Z,2015-04-30T04:45:52Z,11
pull,7876,b'closed',7874,https://api.github.com/repos/matomo-org/matomo/pulls/7874,2015-05-12T21:41:00Z,2015-05-10T18:55:44Z,6
pull,7876,b'closed',7951,https://api.github.com/repos/matomo-org/matomo/pulls/7951,2015-05-25T16:34:31Z,2015-05-20T17:01:24Z,18
pull,6244,b'closed',7992,https://api.github.com/repos/matomo-org/matomo/pulls/7992,2015-05-25T23:04:11Z,2015-05-25T10:01:03Z,16
pull,7989,b'closed',7990,https://api.github.com/repos/matomo-org/matomo/pulls/7990,2015-05-25T03:08:24Z,2015-05-25T02:21:55Z,5
pull,7961,b'closed',7991,https://api.github.com/repos/matomo-org/matomo/pulls/7991,2015-05-25T03:03:15Z,2015-05-25T02:44:53Z,1
pull,7971,b'closed',15,https://api.github.com/repos/dwayne45/matomo/pulls/15,,2022-07-31T21:39:34Z,2
pull,7971,b'closed',16,https://api.github.com/repos/dwayne45/matomo/pulls/16,,2022-08-01T06:44:32Z,1
pull,7815,b'closed',7681,https://api.github.com/repos/matomo-org/matomo/pulls/7681,2015-04-15T09:34:22Z,2015-04-15T05:20:31Z,1
pull,7815,b'closed',7937,https://api.github.com/repos/matomo-org/matomo/pulls/7937,2015-05-19T07:39:23Z,2015-05-19T06:06:24Z,1
pull,7924,b'closed',7,https://api.github.com/repos/dwayne45/matomo/pulls/7,,2022-01-26T04:43:20Z,1
pull,5014,b'closed',7786,https://api.github.com/repos/matomo-org/matomo/pulls/7786,,2015-04-28T18:01:25Z,5
pull,5014,b'closed',7800,https://api.github.com/repos/matomo-org/matomo/pulls/7800,,2015-04-30T18:40:40Z,5
pull,5014,b'closed',7866,https://api.github.com/repos/matomo-org/matomo/pulls/7866,,2015-05-08T17:11:17Z,2
pull,7938,b'closed',15,https://api.github.com/repos/dwayne45/matomo/pulls/15,,2022-07-31T21:39:34Z,2
pull,7938,b'closed',16,https://api.github.com/repos/dwayne45/matomo/pulls/16,,2022-08-01T06:44:32Z,1
pull,7586,b'closed',7721,https://api.github.com/repos/matomo-org/matomo/pulls/7721,2015-04-21T10:40:00Z,2015-04-21T02:39:22Z,3
pull,7586,b'closed',7894,https://api.github.com/repos/matomo-org/matomo/pulls/7894,2015-05-20T04:59:57Z,2015-05-12T23:20:47Z,30
pull,7925,b'closed',7,https://api.github.com/repos/dwayne45/matomo/pulls/7,,2022-01-26T04:43:20Z,1
pull,7899,b'closed',7932,https://api.github.com/repos/matomo-org/matomo/pulls/7932,2015-05-18T20:48:25Z,2015-05-18T15:58:04Z,1
pull,7899,b'closed',7,https://api.github.com/repos/dwayne45/matomo/pulls/7,,2022-01-26T04:43:20Z,1
pull,7830,b'closed',7,https://api.github.com/repos/dwayne45/matomo/pulls/7,,2022-01-26T04:43:20Z,1
pull,7854,b'closed',7877,https://api.github.com/repos/matomo-org/matomo/pulls/7877,2015-05-12T03:39:31Z,2015-05-11T02:28:08Z,3
pull,7859,b'closed',7870,https://api.github.com/repos/matomo-org/matomo/pulls/7870,2015-05-10T21:27:15Z,2015-05-09T09:30:32Z,3
pull,7865,b'closed',7,https://api.github.com/repos/dwayne45/matomo/pulls/7,,2022-01-26T04:43:20Z,1
pull,7851,b'closed',7852,https://api.github.com/repos/matomo-org/matomo/pulls/7852,2015-05-08T00:33:55Z,2015-05-07T01:01:32Z,3
pull,7839,b'closed',7841,https://api.github.com/repos/matomo-org/matomo/pulls/7841,2015-05-06T22:21:54Z,2015-05-05T20:57:52Z,2
pull,7839,b'closed',7,https://api.github.com/repos/dwayne45/matomo/pulls/7,,2022-01-26T04:43:20Z,1
pull,7821,b'closed',7853,https://api.github.com/repos/matomo-org/matomo/pulls/7853,2015-05-07T04:18:28Z,2015-05-07T03:40:49Z,28
pull,7827,b'closed',7832,https://api.github.com/repos/matomo-org/matomo/pulls/7832,2015-05-07T01:02:23Z,2015-05-04T22:34:27Z,1
pull,7752,b'closed',7781,https://api.github.com/repos/matomo-org/matomo/pulls/7781,2015-04-29T22:23:25Z,2015-04-28T03:37:48Z,2
pull,7779,b'closed',7820,https://api.github.com/repos/matomo-org/matomo/pulls/7820,2015-05-06T04:40:57Z,2015-05-03T23:21:42Z,1
pull,7474,b'closed',7848,https://api.github.com/repos/matomo-org/matomo/pulls/7848,2015-05-06T04:40:25Z,2015-05-06T04:25:25Z,2
pull,7092,b'closed',7764,https://api.github.com/repos/matomo-org/matomo/pulls/7764,,2015-04-24T16:34:24Z,5
pull,7092,b'closed',7799,https://api.github.com/repos/matomo-org/matomo/pulls/7799,2015-05-05T23:24:14Z,2015-04-30T18:00:05Z,1
pull,7829,b'closed',7843,https://api.github.com/repos/matomo-org/matomo/pulls/7843,2015-05-05T23:01:13Z,2015-05-05T22:15:12Z,1
pull,7806,b'closed',7817,https://api.github.com/repos/matomo-org/matomo/pulls/7817,2015-05-05T03:22:09Z,2015-05-03T21:10:56Z,3
pull,7818,b'closed',7819,https://api.github.com/repos/matomo-org/matomo/pulls/7819,2015-05-04T23:33:02Z,2015-05-03T23:02:27Z,3
pull,7795,b'closed',7814,https://api.github.com/repos/matomo-org/matomo/pulls/7814,2015-05-04T22:21:59Z,2015-05-03T04:40:35Z,2
pull,7802,b'closed',7805,https://api.github.com/repos/matomo-org/matomo/pulls/7805,2015-05-05T04:55:57Z,2015-05-01T02:23:32Z,2
pull,7531,b'closed',7552,https://api.github.com/repos/matomo-org/matomo/pulls/7552,2015-04-16T04:41:21Z,2015-03-27T02:12:44Z,4
pull,7780,b'closed',7783,https://api.github.com/repos/matomo-org/matomo/pulls/7783,2015-04-29T22:16:35Z,2015-04-28T05:41:13Z,2
pull,7759,b'closed',7175,https://api.github.com/repos/matomo-org/matomo/pulls/7175,,2015-02-11T04:36:00Z,5
pull,7689,b'closed',6132,https://api.github.com/repos/matomo-org/matomo/pulls/6132,,2014-09-05T09:54:47Z,1
pull,6917,b'closed',6892,https://api.github.com/repos/matomo-org/matomo/pulls/6892,,2014-12-22T21:30:29Z,1
pull,7748,b'closed',7756,https://api.github.com/repos/matomo-org/matomo/pulls/7756,2015-04-23T23:56:58Z,2015-04-23T23:56:48Z,2
pull,7738,b'closed',7740,https://api.github.com/repos/matomo-org/matomo/pulls/7740,2015-04-22T04:41:13Z,2015-04-22T04:11:19Z,1
pull,7663,b'closed',7703,https://api.github.com/repos/matomo-org/matomo/pulls/7703,2015-04-22T23:09:08Z,2015-04-18T22:17:18Z,3
pull,7640,b'closed',7711,https://api.github.com/repos/matomo-org/matomo/pulls/7711,2015-04-21T01:24:01Z,2015-04-20T05:35:08Z,7
pull,7728,b'closed',7741,https://api.github.com/repos/matomo-org/matomo/pulls/7741,,2015-04-22T04:18:15Z,1
pull,6809,b'closed',7162,https://api.github.com/repos/matomo-org/matomo/pulls/7162,2015-02-11T05:11:53Z,2015-02-10T01:00:14Z,4
pull,6809,b'closed',7693,https://api.github.com/repos/matomo-org/matomo/pulls/7693,2015-04-22T05:08:48Z,2015-04-17T03:55:54Z,44
pull,7696,b'closed',7634,https://api.github.com/repos/matomo-org/matomo/pulls/7634,2015-04-17T02:04:28Z,2015-04-07T00:56:32Z,27
pull,7696,b'closed',7737,https://api.github.com/repos/matomo-org/matomo/pulls/7737,2015-04-22T05:07:19Z,2015-04-22T03:02:34Z,6
pull,7735,b'closed',7739,https://api.github.com/repos/matomo-org/matomo/pulls/7739,2015-04-22T04:05:28Z,2015-04-22T04:04:06Z,1
pull,7710,b'closed',7720,https://api.github.com/repos/matomo-org/matomo/pulls/7720,2015-04-22T03:17:39Z,2015-04-21T01:49:23Z,2
pull,7345,b'closed',7631,https://api.github.com/repos/matomo-org/matomo/pulls/7631,,2015-04-06T01:16:15Z,3
pull,7345,b'closed',7704,https://api.github.com/repos/matomo-org/matomo/pulls/7704,2015-04-21T07:00:08Z,2015-04-19T13:53:52Z,4
pull,4734,b'open',7292,https://api.github.com/repos/matomo-org/matomo/pulls/7292,2015-03-31T22:20:00Z,2015-02-24T18:45:16Z,12
pull,4734,b'open',40,https://api.github.com/repos/matomo-org/matomo-sdk-android/pulls/40,2015-03-31T07:16:36Z,2015-03-28T01:57:28Z,6
pull,7632,b'closed',7713,https://api.github.com/repos/matomo-org/matomo/pulls/7713,2015-04-21T01:40:15Z,2015-04-20T09:06:21Z,4
pull,7705,b'closed',7602,https://api.github.com/repos/matomo-org/matomo/pulls/7602,2015-04-17T00:48:35Z,2015-04-01T01:48:53Z,16
pull,7235,b'closed',7646,https://api.github.com/repos/matomo-org/matomo/pulls/7646,2015-04-14T05:32:31Z,2015-04-08T23:08:02Z,48
pull,7615,b'closed',7623,https://api.github.com/repos/matomo-org/matomo/pulls/7623,2015-04-20T00:28:15Z,2015-04-03T01:42:08Z,5
pull,4456,b'closed',48,https://api.github.com/repos/matomo-org/developer-documentation/pulls/48,2014-12-09T05:34:18Z,2014-12-09T04:47:29Z,12
pull,7614,b'closed',7682,https://api.github.com/repos/matomo-org/matomo/pulls/7682,2015-04-15T23:57:52Z,2015-04-15T06:13:23Z,3
pull,7620,b'closed',7648,https://api.github.com/repos/matomo-org/matomo/pulls/7648,2015-04-17T03:32:40Z,2015-04-09T01:49:21Z,24
pull,4476,b'closed',7634,https://api.github.com/repos/matomo-org/matomo/pulls/7634,2015-04-17T02:04:28Z,2015-04-07T00:56:32Z,27
pull,7450,b'closed',7578,https://api.github.com/repos/matomo-org/matomo/pulls/7578,2015-04-17T03:07:52Z,2015-03-30T04:07:37Z,20
pull,7154,b'closed',64,https://api.github.com/repos/matomo-org/developer-documentation/pulls/64,2015-02-10T04:43:00Z,2015-01-26T09:06:47Z,18
pull,7647,b'closed',7666,https://api.github.com/repos/matomo-org/matomo/pulls/7666,2015-04-15T23:43:00Z,2015-04-12T23:23:41Z,1
pull,7479,b'closed',7661,https://api.github.com/repos/matomo-org/matomo/pulls/7661,,2015-04-11T17:38:02Z,4
pull,7642,b'closed',7637,https://api.github.com/repos/matomo-org/matomo/pulls/7637,2015-04-08T01:09:02Z,2015-04-07T04:12:07Z,2
pull,7642,b'closed',7657,https://api.github.com/repos/matomo-org/matomo/pulls/7657,2015-04-10T03:47:29Z,2015-04-10T02:59:00Z,1
pull,7626,b'closed',12207,https://api.github.com/repos/matomo-org/matomo/pulls/12207,2017-11-19T21:19:00Z,2017-10-18T21:15:52Z,2
pull,7089,b'closed',7630,https://api.github.com/repos/matomo-org/matomo/pulls/7630,2015-04-09T06:09:55Z,2015-04-05T22:26:31Z,2
pull,7444,b'closed',7629,https://api.github.com/repos/matomo-org/matomo/pulls/7629,2015-04-09T06:09:03Z,2015-04-05T18:54:48Z,3
pull,7611,b'closed',7635,https://api.github.com/repos/matomo-org/matomo/pulls/7635,2015-04-09T05:56:13Z,2015-04-07T01:23:52Z,1
pull,3146,b'closed',7649,https://api.github.com/repos/matomo-org/matomo/pulls/7649,2015-04-09T03:52:05Z,2015-04-09T03:31:34Z,1
pull,3929,b'closed',3,https://api.github.com/repos/DevVault/matomo/pulls/3,,2022-04-23T17:51:23Z,2
pull,3929,b'closed',4,https://api.github.com/repos/DevVault/matomo/pulls/4,,2022-04-23T17:51:33Z,2
pull,6933,b'closed',7410,https://api.github.com/repos/matomo-org/matomo/pulls/7410,2015-04-01T01:25:03Z,2015-03-11T03:22:57Z,3
pull,5873,b'closed',10318,https://api.github.com/repos/matomo-org/matomo/pulls/10318,,2016-07-16T23:23:56Z,9
pull,5873,b'closed',10443,https://api.github.com/repos/matomo-org/matomo/pulls/10443,2016-09-20T03:26:28Z,2016-08-25T21:12:01Z,10
pull,7597,b'open',7563,https://api.github.com/repos/matomo-org/matomo/pulls/7563,,2015-03-28T13:12:11Z,17
pull,7388,b'closed',7452,https://api.github.com/repos/matomo-org/matomo/pulls/7452,2015-03-17T03:26:20Z,2015-03-17T00:13:44Z,30
pull,7388,b'closed',7465,https://api.github.com/repos/matomo-org/matomo/pulls/7465,2015-03-18T02:33:52Z,2015-03-18T01:14:07Z,116
pull,5954,b'closed',6315,https://api.github.com/repos/matomo-org/matomo/pulls/6315,2014-09-28T04:19:44Z,2014-09-26T19:29:40Z,1
pull,6557,b'closed',6963,https://api.github.com/repos/matomo-org/matomo/pulls/6963,2015-01-09T12:55:07Z,2015-01-09T11:47:42Z,2
pull,6557,b'closed',1905,https://api.github.com/repos/zestedesavoir/zds-site/pulls/1905,2015-04-06T22:50:28Z,2014-12-14T17:46:17Z,77
pull,7451,b'closed',7025,https://api.github.com/repos/matomo-org/matomo/pulls/7025,2015-01-15T03:10:15Z,2015-01-15T01:46:39Z,8
pull,7227,b'closed',7292,https://api.github.com/repos/matomo-org/matomo/pulls/7292,2015-03-31T22:20:00Z,2015-02-24T18:45:16Z,12
pull,7458,b'closed',7596,https://api.github.com/repos/matomo-org/matomo/pulls/7596,2015-04-01T01:03:10Z,2015-03-31T21:21:57Z,16
pull,7492,b'closed',7510,https://api.github.com/repos/matomo-org/matomo/pulls/7510,2015-03-25T21:54:26Z,2015-03-23T03:51:20Z,3
pull,3611,b'closed',7482,https://api.github.com/repos/matomo-org/matomo/pulls/7482,2015-03-31T03:05:48Z,2015-03-19T02:30:09Z,10
pull,7495,b'closed',7503,https://api.github.com/repos/matomo-org/matomo/pulls/7503,2015-03-31T03:03:43Z,2015-03-22T23:44:38Z,1
pull,7373,b'closed',7375,https://api.github.com/repos/matomo-org/matomo/pulls/7375,,2015-03-06T04:34:42Z,9
pull,7373,b'closed',7577,https://api.github.com/repos/matomo-org/matomo/pulls/7577,2015-03-31T02:30:02Z,2015-03-30T04:02:47Z,33
pull,6176,b'closed',7430,https://api.github.com/repos/matomo-org/matomo/pulls/7430,2015-03-30T22:57:25Z,2015-03-14T16:55:20Z,32
pull,4768,b'closed',7435,https://api.github.com/repos/matomo-org/matomo/pulls/7435,2015-03-16T05:21:35Z,2015-03-16T01:53:17Z,1
pull,7560,b'closed',7562,https://api.github.com/repos/matomo-org/matomo/pulls/7562,2015-03-29T23:24:04Z,2015-03-28T06:49:28Z,3
pull,6539,b'closed',6517,https://api.github.com/repos/matomo-org/matomo/pulls/6517,2014-10-30T04:17:09Z,2014-10-23T21:23:59Z,19
pull,7466,b'closed',7478,https://api.github.com/repos/matomo-org/matomo/pulls/7478,2015-03-19T08:47:31Z,2015-03-19T01:07:08Z,2
pull,7466,b'closed',7489,https://api.github.com/repos/matomo-org/matomo/pulls/7489,2015-03-29T22:49:59Z,2015-03-19T22:45:05Z,2
pull,7161,b'closed',7507,https://api.github.com/repos/matomo-org/matomo/pulls/7507,2015-03-26T20:45:40Z,2015-03-23T02:17:49Z,3
pull,7436,b'closed',7507,https://api.github.com/repos/matomo-org/matomo/pulls/7507,2015-03-26T20:45:40Z,2015-03-23T02:17:49Z,3
pull,7535,b'closed',7542,https://api.github.com/repos/matomo-org/matomo/pulls/7542,2015-03-26T01:38:38Z,2015-03-26T01:10:33Z,3
pull,7448,b'closed',7534,https://api.github.com/repos/matomo-org/matomo/pulls/7534,2015-03-26T01:20:45Z,2015-03-25T22:45:41Z,3
pull,7413,b'closed',7537,https://api.github.com/repos/matomo-org/matomo/pulls/7537,2015-03-26T01:19:14Z,2015-03-25T23:08:07Z,2
pull,7539,b'closed',7541,https://api.github.com/repos/matomo-org/matomo/pulls/7541,2015-03-26T00:54:04Z,2015-03-26T00:28:34Z,7
pull,7521,b'closed',7529,https://api.github.com/repos/matomo-org/matomo/pulls/7529,2015-03-25T22:15:28Z,2015-03-25T04:18:37Z,2
pull,7522,b'closed',7525,https://api.github.com/repos/matomo-org/matomo/pulls/7525,2015-03-25T22:40:04Z,2015-03-24T22:30:25Z,5
pull,7368,b'closed',7402,https://api.github.com/repos/matomo-org/matomo/pulls/7402,2015-03-11T00:06:21Z,2015-03-10T05:55:23Z,3
pull,7437,b'closed',7469,https://api.github.com/repos/matomo-org/matomo/pulls/7469,2015-03-18T05:10:21Z,2015-03-18T04:27:38Z,4
pull,7486,b'closed',7487,https://api.github.com/repos/matomo-org/matomo/pulls/7487,2015-03-20T00:19:38Z,2015-03-19T21:29:50Z,1
pull,6846,b'closed',7023,https://api.github.com/repos/matomo-org/matomo/pulls/7023,,2015-01-15T01:18:04Z,1
pull,7223,b'closed',7472,https://api.github.com/repos/matomo-org/matomo/pulls/7472,2015-03-19T08:42:06Z,2015-03-18T05:34:05Z,5
pull,7276,b'closed',7333,https://api.github.com/repos/matomo-org/matomo/pulls/7333,2015-03-17T03:20:42Z,2015-03-03T00:06:45Z,21
pull,7432,b'closed',7433,https://api.github.com/repos/matomo-org/matomo/pulls/7433,2015-03-16T04:50:00Z,2015-03-14T19:23:01Z,1
pull,6821,b'closed',7422,https://api.github.com/repos/matomo-org/matomo/pulls/7422,2015-03-13T04:58:18Z,2015-03-13T04:46:50Z,1
pull,6763,b'closed',7465,https://api.github.com/repos/matomo-org/matomo/pulls/7465,2015-03-18T02:33:52Z,2015-03-18T01:14:07Z,116
pull,5098,b'closed',7336,https://api.github.com/repos/matomo-org/matomo/pulls/7336,2015-03-09T02:57:12Z,2015-03-03T03:09:03Z,49
pull,5098,b'closed',7420,https://api.github.com/repos/matomo-org/matomo/pulls/7420,,2015-03-13T00:38:19Z,9
pull,6758,b'closed',7399,https://api.github.com/repos/matomo-org/matomo/pulls/7399,2015-03-11T00:04:21Z,2015-03-09T22:39:10Z,5
pull,7228,b'closed',7294,https://api.github.com/repos/matomo-org/matomo/pulls/7294,2015-03-02T04:29:03Z,2015-02-24T21:29:23Z,2
pull,7290,b'closed',7325,https://api.github.com/repos/matomo-org/matomo/pulls/7325,2015-03-02T01:39:17Z,2015-03-02T00:12:46Z,4
pull,7290,b'closed',7335,https://api.github.com/repos/matomo-org/matomo/pulls/7335,2015-03-03T02:45:42Z,2015-03-03T02:43:59Z,3
pull,7274,b'closed',7283,https://api.github.com/repos/matomo-org/matomo/pulls/7283,2015-03-02T04:09:43Z,2015-02-24T01:37:27Z,1
pull,7310,b'closed',7311,https://api.github.com/repos/matomo-org/matomo/pulls/7311,2015-03-02T07:04:12Z,2015-02-27T03:30:32Z,9
pull,7193,b'closed',7201,https://api.github.com/repos/matomo-org/matomo/pulls/7201,2015-02-20T21:27:11Z,2015-02-13T21:28:26Z,1
pull,6929,b'closed',7326,https://api.github.com/repos/matomo-org/matomo/pulls/7326,2015-03-02T03:35:51Z,2015-03-02T03:33:39Z,1
pull,7104,b'closed',7166,https://api.github.com/repos/matomo-org/matomo/pulls/7166,,2015-02-10T09:20:43Z,1
pull,7247,b'closed',7262,https://api.github.com/repos/matomo-org/matomo/pulls/7262,2015-02-23T03:14:40Z,2015-02-21T13:02:21Z,5
pull,6635,b'closed',6645,https://api.github.com/repos/matomo-org/matomo/pulls/6645,2014-11-12T01:08:01Z,2014-11-11T23:35:05Z,9
pull,7136,b'closed',7189,https://api.github.com/repos/matomo-org/matomo/pulls/7189,2015-02-13T01:39:45Z,2015-02-12T21:56:50Z,8
pull,7187,b'closed',7255,https://api.github.com/repos/matomo-org/matomo/pulls/7255,2015-02-20T21:25:26Z,2015-02-20T00:54:27Z,2
pull,6983,b'closed',7046,https://api.github.com/repos/matomo-org/matomo/pulls/7046,,2015-01-17T21:12:12Z,1
pull,6985,b'closed',1,https://api.github.com/repos/DevVault/matomo/pulls/1,,2022-04-22T18:05:33Z,1
pull,6985,b'closed',6,https://api.github.com/repos/DevVault/matomo/pulls/6,,2022-05-13T18:22:07Z,1
pull,6985,b'closed',7,https://api.github.com/repos/DevVault/matomo/pulls/7,,2022-11-04T19:52:31Z,1
pull,6985,b'closed',8,https://api.github.com/repos/DevVault/matomo/pulls/8,,2022-11-15T18:09:14Z,2
pull,6985,b'closed',9,https://api.github.com/repos/DevVault/matomo/pulls/9,,2022-11-29T18:47:50Z,2
pull,6985,b'closed',10,https://api.github.com/repos/DevVault/matomo/pulls/10,,2022-12-25T17:55:42Z,1
pull,6985,b'closed',11,https://api.github.com/repos/DevVault/matomo/pulls/11,,2023-01-09T18:18:25Z,1
pull,2624,b'closed',6847,https://api.github.com/repos/matomo-org/matomo/pulls/6847,2014-12-12T23:56:29Z,2014-12-12T04:43:17Z,15
pull,7145,b'closed',7146,https://api.github.com/repos/matomo-org/matomo/pulls/7146,2015-02-08T23:59:01Z,2015-02-06T12:48:08Z,1
pull,6961,b'closed',6970,https://api.github.com/repos/matomo-org/matomo/pulls/6970,2015-01-10T01:39:11Z,2015-01-09T18:42:13Z,2
pull,6930,b'closed',6940,https://api.github.com/repos/matomo-org/matomo/pulls/6940,2015-01-07T10:46:34Z,2015-01-07T02:43:04Z,3
pull,6852,b'closed',6911,https://api.github.com/repos/matomo-org/matomo/pulls/6911,2015-01-05T10:35:12Z,2014-12-30T21:40:07Z,3
pull,6706,b'closed',6999,https://api.github.com/repos/matomo-org/matomo/pulls/6999,2015-01-14T05:57:41Z,2015-01-13T23:17:54Z,5
pull,7220,b'closed',7221,https://api.github.com/repos/matomo-org/matomo/pulls/7221,2015-02-16T03:47:34Z,2015-02-16T03:35:39Z,1
pull,7220,b'closed',9230,https://api.github.com/repos/matomo-org/matomo/pulls/9230,2015-11-23T02:30:38Z,2015-11-18T03:07:12Z,1
pull,7220,b'closed',16628,https://api.github.com/repos/matomo-org/matomo/pulls/16628,,2020-10-29T08:42:55Z,5
pull,5233,b'closed',7139,https://api.github.com/repos/matomo-org/matomo/pulls/7139,2015-02-09T05:50:24Z,2015-02-05T01:16:58Z,2
pull,6705,b'closed',7078,https://api.github.com/repos/matomo-org/matomo/pulls/7078,,2015-01-27T02:28:17Z,12
pull,7153,b'closed',7174,https://api.github.com/repos/matomo-org/matomo/pulls/7174,2015-02-12T20:44:44Z,2015-02-11T01:58:21Z,14
pull,7107,b'closed',7174,https://api.github.com/repos/matomo-org/matomo/pulls/7174,2015-02-12T20:44:44Z,2015-02-11T01:58:21Z,14
pull,7094,b'closed',7156,https://api.github.com/repos/matomo-org/matomo/pulls/7156,2015-02-09T23:45:45Z,2015-02-09T02:11:26Z,5
pull,7074,b'closed',7102,https://api.github.com/repos/matomo-org/matomo/pulls/7102,2015-01-29T21:28:12Z,2015-01-29T00:14:24Z,1
pull,6436,b'closed',7112,https://api.github.com/repos/matomo-org/matomo/pulls/7112,2015-02-09T04:01:36Z,2015-01-31T05:40:10Z,16
pull,6194,b'closed',7137,https://api.github.com/repos/matomo-org/matomo/pulls/7137,,2015-02-04T21:34:48Z,2
pull,6790,b'closed',7133,https://api.github.com/repos/matomo-org/matomo/pulls/7133,2015-02-09T01:44:02Z,2015-02-04T20:20:21Z,3
pull,6811,b'closed',7138,https://api.github.com/repos/matomo-org/matomo/pulls/7138,2015-02-06T22:18:15Z,2015-02-04T22:49:04Z,1
pull,6997,b'closed',7035,https://api.github.com/repos/matomo-org/matomo/pulls/7035,2015-01-15T23:20:34Z,2015-01-15T20:41:50Z,1
pull,6947,b'closed',7125,https://api.github.com/repos/matomo-org/matomo/pulls/7125,,2015-02-03T01:44:29Z,56
pull,6947,b'closed',7127,https://api.github.com/repos/matomo-org/matomo/pulls/7127,2015-02-03T21:27:02Z,2015-02-03T20:34:45Z,65
pull,7079,b'closed',7080,https://api.github.com/repos/matomo-org/matomo/pulls/7080,,2015-01-27T10:48:09Z,2
pull,7079,b'closed',7096,https://api.github.com/repos/matomo-org/matomo/pulls/7096,2015-01-28T19:37:11Z,2015-01-28T08:29:12Z,2
pull,7073,b'closed',7077,https://api.github.com/repos/matomo-org/matomo/pulls/7077,2015-01-26T23:33:27Z,2015-01-26T23:15:33Z,1
pull,7031,b'closed',7032,https://api.github.com/repos/matomo-org/matomo/pulls/7032,,2015-01-15T17:28:05Z,1
pull,6938,b'closed',28,https://api.github.com/repos/matomo-org/travis-scripts/pulls/28,2016-07-19T00:44:09Z,2016-07-19T00:43:59Z,2
pull,6938,b'closed',135,https://api.github.com/repos/matomo-org/developer-documentation/pulls/135,2016-07-19T03:03:25Z,2016-07-19T03:03:06Z,1
pull,6022,b'closed',6944,https://api.github.com/repos/matomo-org/matomo/pulls/6944,2015-01-07T22:10:29Z,2015-01-07T04:22:52Z,61
pull,6217,b'closed',7014,https://api.github.com/repos/matomo-org/matomo/pulls/7014,2015-01-22T01:29:30Z,2015-01-14T03:10:10Z,94
pull,6217,b'closed',8,https://api.github.com/repos/PiwikPRO/PPMS-PublicDocs/pulls/8,2018-03-30T12:44:46Z,2018-03-26T09:42:46Z,6
pull,6217,b'closed',13175,https://api.github.com/repos/matomo-org/matomo/pulls/13175,2018-12-08T22:25:35Z,2018-07-17T20:45:38Z,24
pull,7036,b'closed',7040,https://api.github.com/repos/matomo-org/matomo/pulls/7040,2015-01-21T01:02:05Z,2015-01-16T00:48:43Z,5
pull,6928,b'closed',6987,https://api.github.com/repos/matomo-org/matomo/pulls/6987,2015-01-20T01:58:49Z,2015-01-12T20:09:47Z,3
pull,6972,b'closed',1,https://api.github.com/repos/DevVault/matomo/pulls/1,,2022-04-22T18:05:33Z,1
pull,6972,b'closed',6,https://api.github.com/repos/DevVault/matomo/pulls/6,,2022-05-13T18:22:07Z,1
pull,6972,b'closed',7,https://api.github.com/repos/DevVault/matomo/pulls/7,,2022-11-04T19:52:31Z,1
pull,6972,b'closed',8,https://api.github.com/repos/DevVault/matomo/pulls/8,,2022-11-15T18:09:14Z,2
pull,6972,b'closed',9,https://api.github.com/repos/DevVault/matomo/pulls/9,,2022-11-29T18:47:50Z,2
pull,6972,b'closed',10,https://api.github.com/repos/DevVault/matomo/pulls/10,,2022-12-25T17:55:42Z,1
pull,6972,b'closed',11,https://api.github.com/repos/DevVault/matomo/pulls/11,,2023-01-09T18:18:25Z,1
pull,6960,b'closed',6996,https://api.github.com/repos/matomo-org/matomo/pulls/6996,2015-01-14T05:59:14Z,2015-01-13T20:35:13Z,2
pull,6980,b'closed',1,https://api.github.com/repos/DevVault/matomo/pulls/1,,2022-04-22T18:05:33Z,1
pull,6980,b'closed',6,https://api.github.com/repos/DevVault/matomo/pulls/6,,2022-05-13T18:22:07Z,1
pull,6980,b'closed',7,https://api.github.com/repos/DevVault/matomo/pulls/7,,2022-11-04T19:52:31Z,1
pull,6980,b'closed',8,https://api.github.com/repos/DevVault/matomo/pulls/8,,2022-11-15T18:09:14Z,2
pull,6980,b'closed',9,https://api.github.com/repos/DevVault/matomo/pulls/9,,2022-11-29T18:47:50Z,2
pull,6980,b'closed',10,https://api.github.com/repos/DevVault/matomo/pulls/10,,2022-12-25T17:55:42Z,1
pull,6980,b'closed',11,https://api.github.com/repos/DevVault/matomo/pulls/11,,2023-01-09T18:18:25Z,1
pull,6753,b'closed',6893,https://api.github.com/repos/matomo-org/matomo/pulls/6893,2014-12-28T21:35:40Z,2014-12-22T21:30:52Z,2
pull,6753,b'closed',6962,https://api.github.com/repos/matomo-org/matomo/pulls/6962,2015-01-09T11:34:49Z,2015-01-09T11:26:07Z,17
pull,6060,b'closed',6909,https://api.github.com/repos/matomo-org/matomo/pulls/6909,2015-01-05T10:45:22Z,2014-12-30T04:14:14Z,72
pull,6765,b'closed',6892,https://api.github.com/repos/matomo-org/matomo/pulls/6892,,2014-12-22T21:30:29Z,1
pull,6905,b'closed',55,https://api.github.com/repos/doctrine/cache/pulls/55,2015-01-15T12:58:55Z,2014-12-18T20:58:37Z,3
pull,6672,b'closed',6856,https://api.github.com/repos/matomo-org/matomo/pulls/6856,2014-12-16T02:53:38Z,2014-12-16T02:38:09Z,7
pull,6850,b'closed',6879,https://api.github.com/repos/matomo-org/matomo/pulls/6879,2014-12-22T04:26:43Z,2014-12-18T22:03:28Z,25
pull,5808,b'closed',6889,https://api.github.com/repos/matomo-org/matomo/pulls/6889,2014-12-21T22:32:19Z,2014-12-21T21:00:21Z,5
pull,6622,b'closed',6648,https://api.github.com/repos/matomo-org/matomo/pulls/6648,2014-11-27T01:43:09Z,2014-11-12T03:45:24Z,5
pull,6184,b'closed',6185,https://api.github.com/repos/matomo-org/matomo/pulls/6185,,2014-09-10T06:18:48Z,25
pull,6184,b'closed',6211,https://api.github.com/repos/matomo-org/matomo/pulls/6211,2014-09-17T00:46:43Z,2014-09-14T12:22:53Z,26
pull,6184,b'closed',6343,https://api.github.com/repos/matomo-org/matomo/pulls/6343,2014-09-30T07:52:14Z,2014-09-30T05:45:51Z,228
pull,6890,b'closed',19308,https://api.github.com/repos/matomo-org/matomo/pulls/19308,2022-06-09T13:09:56Z,2022-06-02T11:08:49Z,3
pull,6873,b'closed',55,https://api.github.com/repos/doctrine/cache/pulls/55,2015-01-15T12:58:55Z,2014-12-18T20:58:37Z,3
pull,6516,b'closed',6523,https://api.github.com/repos/matomo-org/matomo/pulls/6523,2014-11-12T20:00:58Z,2014-10-27T09:53:55Z,2
pull,6710,b'closed',6689,https://api.github.com/repos/matomo-org/matomo/pulls/6689,2014-11-21T09:15:04Z,2014-11-17T21:32:07Z,1
pull,6708,b'closed',6794,https://api.github.com/repos/matomo-org/matomo/pulls/6794,2014-12-04T23:09:31Z,2014-12-03T16:22:38Z,1
pull,6865,b'closed',6874,https://api.github.com/repos/matomo-org/matomo/pulls/6874,2014-12-18T01:03:58Z,2014-12-18T00:27:35Z,9
pull,3414,b'closed',6836,https://api.github.com/repos/matomo-org/matomo/pulls/6836,2014-12-10T06:17:00Z,2014-12-10T06:08:51Z,28
pull,3414,b'closed',2,https://api.github.com/repos/sirinartk/matomo/pulls/2,,2020-03-29T22:31:28Z,2
pull,6815,b'closed',6816,https://api.github.com/repos/matomo-org/matomo/pulls/6816,,2014-12-05T08:37:28Z,1
pull,6163,b'closed',6687,https://api.github.com/repos/matomo-org/matomo/pulls/6687,2014-12-01T22:47:11Z,2014-11-17T20:40:20Z,8
pull,6823,b'closed',6813,https://api.github.com/repos/matomo-org/matomo/pulls/6813,2014-12-19T03:43:15Z,2014-12-05T02:34:57Z,43
pull,6661,b'closed',6671,https://api.github.com/repos/matomo-org/matomo/pulls/6671,2014-11-16T19:36:55Z,2014-11-14T00:48:08Z,11
pull,6786,b'closed',6817,https://api.github.com/repos/matomo-org/matomo/pulls/6817,2014-12-06T01:10:51Z,2014-12-05T12:26:07Z,23
pull,6728,b'closed',6733,https://api.github.com/repos/matomo-org/matomo/pulls/6733,2014-11-27T19:32:22Z,2014-11-27T03:55:23Z,15
pull,6545,b'closed',6625,https://api.github.com/repos/matomo-org/matomo/pulls/6625,2014-11-27T19:32:05Z,2014-11-10T00:34:44Z,16
pull,6301,b'closed',6601,https://api.github.com/repos/matomo-org/matomo/pulls/6601,,2014-11-05T12:24:39Z,1
pull,4391,b'closed',6601,https://api.github.com/repos/matomo-org/matomo/pulls/6601,,2014-11-05T12:24:39Z,1
pull,4779,b'closed',31,https://api.github.com/repos/sirinartk/matomo/pulls/31,,2022-10-18T18:01:05Z,2
pull,4779,b'closed',20,https://api.github.com/repos/dwayne45/matomo/pulls/20,,2022-10-18T23:34:30Z,2
pull,4861,b'closed',17,https://api.github.com/repos/dwayne45/matomo/pulls/17,,2022-10-16T20:28:19Z,2
pull,4861,b'closed',29,https://api.github.com/repos/sirinartk/matomo/pulls/29,,2022-10-17T17:51:07Z,2
pull,6104,b'closed',6689,https://api.github.com/repos/matomo-org/matomo/pulls/6689,2014-11-21T09:15:04Z,2014-11-17T21:32:07Z,1
pull,5365,b'closed',6657,https://api.github.com/repos/matomo-org/matomo/pulls/6657,2014-11-13T04:28:30Z,2014-11-13T01:10:47Z,6
pull,6697,b'closed',6719,https://api.github.com/repos/matomo-org/matomo/pulls/6719,2014-11-25T02:03:37Z,2014-11-25T01:51:06Z,9
pull,6617,b'closed',6667,https://api.github.com/repos/matomo-org/matomo/pulls/6667,2014-11-17T02:12:11Z,2014-11-13T20:04:17Z,12
pull,6577,b'closed',6659,https://api.github.com/repos/matomo-org/matomo/pulls/6659,2014-11-13T23:40:14Z,2014-11-13T05:49:57Z,9
pull,6636,b'closed',6647,https://api.github.com/repos/matomo-org/matomo/pulls/6647,2014-11-13T00:13:49Z,2014-11-12T02:16:32Z,15
pull,6636,b'closed',6574,https://api.github.com/repos/matomo-org/matomo/pulls/6574,2014-11-09T22:49:17Z,2014-11-01T16:08:27Z,15
pull,4558,b'closed',6632,https://api.github.com/repos/matomo-org/matomo/pulls/6632,2014-11-11T00:33:03Z,2014-11-10T23:19:46Z,2
pull,5330,b'closed',6631,https://api.github.com/repos/matomo-org/matomo/pulls/6631,2014-11-10T22:43:00Z,2014-11-10T22:41:48Z,1
pull,6334,b'closed',6626,https://api.github.com/repos/matomo-org/matomo/pulls/6626,2014-11-10T03:06:41Z,2014-11-10T02:04:51Z,2
pull,6317,b'closed',6597,https://api.github.com/repos/matomo-org/matomo/pulls/6597,2014-11-07T01:39:52Z,2014-11-05T02:28:21Z,2
pull,5932,b'closed',6116,https://api.github.com/repos/matomo-org/matomo/pulls/6116,2014-09-21T02:10:51Z,2014-09-03T12:15:35Z,16
pull,6579,b'closed',6581,https://api.github.com/repos/matomo-org/matomo/pulls/6581,2014-11-03T23:33:24Z,2014-11-03T21:17:51Z,9
pull,6413,b'closed',6457,https://api.github.com/repos/matomo-org/matomo/pulls/6457,2014-10-17T02:52:32Z,2014-10-16T21:45:49Z,4
pull,6511,b'closed',6567,https://api.github.com/repos/matomo-org/matomo/pulls/6567,2014-10-31T01:39:10Z,2014-10-31T01:39:06Z,9
pull,6429,b'closed',6540,https://api.github.com/repos/matomo-org/matomo/pulls/6540,2014-10-28T19:39:14Z,2014-10-28T03:54:27Z,19
pull,6429,b'closed',6547,https://api.github.com/repos/matomo-org/matomo/pulls/6547,,2014-10-28T23:38:49Z,1
pull,6533,b'closed',6547,https://api.github.com/repos/matomo-org/matomo/pulls/6547,,2014-10-28T23:38:49Z,1
pull,6519,b'closed',6534,https://api.github.com/repos/matomo-org/matomo/pulls/6534,2014-10-28T03:55:05Z,2014-10-28T01:58:56Z,9
pull,6220,b'closed',6512,https://api.github.com/repos/matomo-org/matomo/pulls/6512,,2014-10-23T14:33:05Z,5
pull,6494,b'closed',6517,https://api.github.com/repos/matomo-org/matomo/pulls/6517,2014-10-30T04:17:09Z,2014-10-23T21:23:59Z,19
pull,6068,b'closed',6332,https://api.github.com/repos/matomo-org/matomo/pulls/6332,,2014-09-29T07:53:31Z,1
pull,6487,b'closed',6453,https://api.github.com/repos/matomo-org/matomo/pulls/6453,,2014-10-16T05:00:07Z,10
pull,6469,b'closed',6483,https://api.github.com/repos/matomo-org/matomo/pulls/6483,2014-10-21T19:45:04Z,2014-10-20T21:35:48Z,1090
pull,6372,b'closed',6440,https://api.github.com/repos/matomo-org/matomo/pulls/6440,2014-10-14T04:16:20Z,2014-10-14T02:41:36Z,3
pull,6364,b'closed',6369,https://api.github.com/repos/matomo-org/matomo/pulls/6369,,2014-10-02T06:35:39Z,1
pull,6432,b'closed',33,https://api.github.com/repos/gka/chroma.js/pulls/33,,2014-10-17T03:44:06Z,1
pull,6058,b'closed',6043,https://api.github.com/repos/matomo-org/matomo/pulls/6043,2014-08-23T12:51:07Z,2014-08-21T12:39:45Z,1
pull,6058,b'closed',6458,https://api.github.com/repos/matomo-org/matomo/pulls/6458,2014-10-20T04:13:01Z,2014-10-16T22:50:54Z,2
pull,6053,b'closed',6404,https://api.github.com/repos/matomo-org/matomo/pulls/6404,2014-10-20T04:16:55Z,2014-10-08T23:54:34Z,7
pull,6156,b'closed',6404,https://api.github.com/repos/matomo-org/matomo/pulls/6404,2014-10-20T04:16:55Z,2014-10-08T23:54:34Z,7
pull,6015,b'closed',6456,https://api.github.com/repos/matomo-org/matomo/pulls/6456,2014-10-16T20:00:55Z,2014-10-16T20:00:50Z,1
pull,6367,b'closed',6376,https://api.github.com/repos/matomo-org/matomo/pulls/6376,2014-10-03T04:40:34Z,2014-10-02T22:15:04Z,20
pull,6318,b'closed',6321,https://api.github.com/repos/matomo-org/matomo/pulls/6321,2014-09-28T14:13:39Z,2014-09-27T11:23:18Z,10
pull,6085,b'closed',6424,https://api.github.com/repos/matomo-org/matomo/pulls/6424,2014-10-13T01:31:54Z,2014-10-12T10:21:53Z,7
pull,4994,b'closed',6407,https://api.github.com/repos/matomo-org/matomo/pulls/6407,2014-10-09T11:24:42Z,2014-10-09T04:49:29Z,11
pull,6110,b'closed',6407,https://api.github.com/repos/matomo-org/matomo/pulls/6407,2014-10-09T11:24:42Z,2014-10-09T04:49:29Z,11
pull,6215,b'closed',6401,https://api.github.com/repos/matomo-org/matomo/pulls/6401,2014-10-08T05:01:08Z,2014-10-08T04:45:04Z,4
pull,6101,b'closed',6400,https://api.github.com/repos/matomo-org/matomo/pulls/6400,2014-10-08T04:28:59Z,2014-10-08T04:17:32Z,5
pull,5300,b'closed',6392,https://api.github.com/repos/matomo-org/matomo/pulls/6392,2014-10-07T03:43:36Z,2014-10-06T23:38:34Z,6
pull,6097,b'closed',6199,https://api.github.com/repos/matomo-org/matomo/pulls/6199,2014-09-23T10:44:01Z,2014-09-12T07:51:34Z,27
pull,6296,b'closed',6298,https://api.github.com/repos/matomo-org/matomo/pulls/6298,,2014-09-25T11:12:30Z,10
pull,6296,b'closed',6323,https://api.github.com/repos/matomo-org/matomo/pulls/6323,2014-09-29T22:02:14Z,2014-09-28T06:11:02Z,8
pull,6337,b'closed',6338,https://api.github.com/repos/matomo-org/matomo/pulls/6338,2014-09-29T23:30:59Z,2014-09-29T22:35:36Z,2
pull,6204,b'closed',6310,https://api.github.com/repos/matomo-org/matomo/pulls/6310,2014-09-26T09:10:34Z,2014-09-26T09:08:25Z,2
pull,5983,b'closed',6292,https://api.github.com/repos/matomo-org/matomo/pulls/6292,2014-09-25T05:46:17Z,2014-09-24T15:12:44Z,110
pull,6056,b'closed',6275,https://api.github.com/repos/matomo-org/matomo/pulls/6275,2014-09-24T00:03:59Z,2014-09-23T13:58:25Z,2
pull,6276,b'closed',6277,https://api.github.com/repos/matomo-org/matomo/pulls/6277,2014-09-23T23:49:25Z,2014-09-23T15:09:58Z,1
pull,6078,b'closed',6243,https://api.github.com/repos/matomo-org/matomo/pulls/6243,2014-09-21T06:15:11Z,2014-09-18T03:43:01Z,63
pull,6232,b'closed',6233,https://api.github.com/repos/matomo-org/matomo/pulls/6233,2014-09-16T23:32:07Z,2014-09-16T22:44:50Z,1
pull,6128,b'closed',6132,https://api.github.com/repos/matomo-org/matomo/pulls/6132,,2014-09-05T09:54:47Z,1
pull,5263,b'closed',5818,https://api.github.com/repos/matomo-org/matomo/pulls/5818,2014-07-22T07:50:36Z,2014-07-11T12:06:05Z,2
pull,6137,b'closed',6155,https://api.github.com/repos/matomo-org/matomo/pulls/6155,2014-09-16T03:38:23Z,2014-09-07T16:24:21Z,2
pull,6109,b'closed',6169,https://api.github.com/repos/matomo-org/matomo/pulls/6169,2014-09-09T06:57:32Z,2014-09-09T06:31:17Z,347
pull,3951,b'closed',3,https://api.github.com/repos/DevVault/matomo/pulls/3,,2022-04-23T17:51:23Z,2
pull,3951,b'closed',4,https://api.github.com/repos/DevVault/matomo/pulls/4,,2022-04-23T17:51:33Z,2
pull,6162,b'closed',6169,https://api.github.com/repos/matomo-org/matomo/pulls/6169,2014-09-09T06:57:32Z,2014-09-09T06:31:17Z,347
pull,6140,b'closed',6141,https://api.github.com/repos/matomo-org/matomo/pulls/6141,2014-09-06T16:18:58Z,2014-09-06T16:18:51Z,31
pull,6102,b'closed',6112,https://api.github.com/repos/matomo-org/matomo/pulls/6112,2014-09-03T07:22:03Z,2014-09-03T07:21:56Z,1
pull,6045,b'closed',6071,https://api.github.com/repos/matomo-org/matomo/pulls/6071,2014-08-26T07:54:44Z,2014-08-26T07:29:43Z,47
pull,5338,b'closed',8104,https://api.github.com/repos/matomo-org/matomo/pulls/8104,2015-06-15T09:07:52Z,2015-06-15T08:51:33Z,1
pull,6065,b'closed',6072,https://api.github.com/repos/matomo-org/matomo/pulls/6072,2014-08-26T12:27:52Z,2014-08-26T10:31:49Z,25
pull,6049,b'closed',6071,https://api.github.com/repos/matomo-org/matomo/pulls/6071,2014-08-26T07:54:44Z,2014-08-26T07:29:43Z,47
pull,6012,b'closed',6016,https://api.github.com/repos/matomo-org/matomo/pulls/6016,2014-08-19T07:14:42Z,2014-08-18T11:15:27Z,2
pull,5995,b'closed',6035,https://api.github.com/repos/matomo-org/matomo/pulls/6035,2014-08-21T22:03:46Z,2014-08-20T19:44:24Z,11
pull,6013,b'closed',6016,https://api.github.com/repos/matomo-org/matomo/pulls/6016,2014-08-19T07:14:42Z,2014-08-18T11:15:27Z,2
pull,5820,b'closed',5821,https://api.github.com/repos/matomo-org/matomo/pulls/5821,2014-07-12T03:26:55Z,2014-07-11T23:05:24Z,444
pull,5190,b'closed',5883,https://api.github.com/repos/matomo-org/matomo/pulls/5883,2014-08-01T14:26:25Z,2014-07-25T08:15:37Z,1
pull,5168,b'closed',15294,https://api.github.com/repos/matomo-org/matomo/pulls/15294,2019-12-24T13:15:27Z,2019-12-20T10:03:52Z,24
pull,1377,b'closed',4,https://api.github.com/repos/dwayne45/matomo/pulls/4,,2021-12-07T07:11:46Z,2
pull,1462,b'closed',4,https://api.github.com/repos/alessandro-bsi/matomo/pulls/4,,2023-02-03T20:32:13Z,2
pull,1462,b'closed',4,https://api.github.com/repos/user287435/matomo/pulls/4,,2023-02-04T02:20:30Z,2
pull,1462,b'closed',4,https://api.github.com/repos/stefan-thothmind/matomo/pulls/4,,2023-02-10T17:43:20Z,2
pull,3715,b'closed',2,https://api.github.com/repos/sirinartk/matomo/pulls/2,,2020-03-29T22:31:28Z,2
pull,4058,b'closed',1,https://api.github.com/repos/sirinartk/matomo/pulls/1,,2020-03-18T22:31:31Z,2
pull,4025,b'closed',24,https://api.github.com/repos/sirinartk/matomo/pulls/24,,2022-03-22T18:38:51Z,2
pull,4025,b'closed',11,https://api.github.com/repos/dwayne45/matomo/pulls/11,,2022-03-23T06:28:48Z,2
pull,3947,b'closed',24,https://api.github.com/repos/sirinartk/matomo/pulls/24,,2022-03-22T18:38:51Z,2
pull,3947,b'closed',11,https://api.github.com/repos/dwayne45/matomo/pulls/11,,2022-03-23T06:28:48Z,2
pull,3947,b'closed',3,https://api.github.com/repos/DevVault/matomo/pulls/3,,2022-04-23T17:51:23Z,2
pull,3947,b'closed',4,https://api.github.com/repos/DevVault/matomo/pulls/4,,2022-04-23T17:51:33Z,2
pull,3916,b'closed',3,https://api.github.com/repos/DevVault/matomo/pulls/3,,2022-04-23T17:51:23Z,2
pull,3916,b'closed',4,https://api.github.com/repos/DevVault/matomo/pulls/4,,2022-04-23T17:51:33Z,2
pull,4174,b'closed',1,https://api.github.com/repos/sirinartk/matomo/pulls/1,,2020-03-18T22:31:31Z,2
pull,4147,b'closed',1,https://api.github.com/repos/sirinartk/matomo/pulls/1,,2020-03-18T22:31:31Z,2
pull,4842,b'closed',31,https://api.github.com/repos/sirinartk/matomo/pulls/31,,2022-10-18T18:01:05Z,2
pull,4842,b'closed',20,https://api.github.com/repos/dwayne45/matomo/pulls/20,,2022-10-18T23:34:30Z,2
pull,4839,b'closed',31,https://api.github.com/repos/sirinartk/matomo/pulls/31,,2022-10-18T18:01:05Z,2
pull,4839,b'closed',20,https://api.github.com/repos/dwayne45/matomo/pulls/20,,2022-10-18T23:34:30Z,2
pull,4804,b'closed',31,https://api.github.com/repos/sirinartk/matomo/pulls/31,,2022-10-18T18:01:05Z,2
pull,4804,b'closed',20,https://api.github.com/repos/dwayne45/matomo/pulls/20,,2022-10-18T23:34:30Z,2
pull,912,b'closed',5,https://api.github.com/repos/dwayne45/matomo/pulls/5,,2021-12-07T07:11:50Z,2
pull,1477,b'closed',4,https://api.github.com/repos/alessandro-bsi/matomo/pulls/4,,2023-02-03T20:32:13Z,2
pull,1477,b'closed',4,https://api.github.com/repos/user287435/matomo/pulls/4,,2023-02-04T02:20:30Z,2
pull,1477,b'closed',4,https://api.github.com/repos/stefan-thothmind/matomo/pulls/4,,2023-02-10T17:43:20Z,2
pull,1476,b'closed',4,https://api.github.com/repos/alessandro-bsi/matomo/pulls/4,,2023-02-03T20:32:13Z,2
pull,1476,b'closed',4,https://api.github.com/repos/user287435/matomo/pulls/4,,2023-02-04T02:20:30Z,2
pull,1476,b'closed',4,https://api.github.com/repos/stefan-thothmind/matomo/pulls/4,,2023-02-10T17:43:20Z,2
pull,4799,b'closed',31,https://api.github.com/repos/sirinartk/matomo/pulls/31,,2022-10-18T18:01:05Z,2
pull,4799,b'closed',20,https://api.github.com/repos/dwayne45/matomo/pulls/20,,2022-10-18T23:34:30Z,2
pull,4793,b'closed',31,https://api.github.com/repos/sirinartk/matomo/pulls/31,,2022-10-18T18:01:05Z,2
pull,4793,b'closed',20,https://api.github.com/repos/dwayne45/matomo/pulls/20,,2022-10-18T23:34:30Z,2
pull,5642,b'closed',18,https://api.github.com/repos/sirinartk/matomo/pulls/18,,2021-05-26T20:31:00Z,2
pull,5642,b'closed',34,https://api.github.com/repos/sirinartk/matomo/pulls/34,,2023-01-09T17:06:05Z,2
pull,5634,b'closed',18,https://api.github.com/repos/sirinartk/matomo/pulls/18,,2021-05-26T20:31:00Z,2
pull,5634,b'closed',34,https://api.github.com/repos/sirinartk/matomo/pulls/34,,2023-01-09T17:06:05Z,2
pull,5616,b'closed',18,https://api.github.com/repos/sirinartk/matomo/pulls/18,,2021-05-26T20:31:00Z,2
pull,5616,b'closed',34,https://api.github.com/repos/sirinartk/matomo/pulls/34,,2023-01-09T17:06:05Z,2
pull,5595,b'closed',18,https://api.github.com/repos/sirinartk/matomo/pulls/18,,2021-05-26T20:31:00Z,2
pull,5595,b'closed',34,https://api.github.com/repos/sirinartk/matomo/pulls/34,,2023-01-09T17:06:05Z,2
pull,4872,b'closed',17,https://api.github.com/repos/dwayne45/matomo/pulls/17,,2022-10-16T20:28:19Z,2
pull,4872,b'closed',29,https://api.github.com/repos/sirinartk/matomo/pulls/29,,2022-10-17T17:51:07Z,2
pull,4873,b'closed',17,https://api.github.com/repos/dwayne45/matomo/pulls/17,,2022-10-16T20:28:19Z,2
pull,4873,b'closed',29,https://api.github.com/repos/sirinartk/matomo/pulls/29,,2022-10-17T17:51:07Z,2
pull,4843,b'closed',31,https://api.github.com/repos/sirinartk/matomo/pulls/31,,2022-10-18T18:01:05Z,2
pull,4843,b'closed',20,https://api.github.com/repos/dwayne45/matomo/pulls/20,,2022-10-18T23:34:30Z,2
pull,5041,b'closed',17846,https://api.github.com/repos/matomo-org/matomo/pulls/17846,2021-08-11T01:45:41Z,2021-08-02T00:49:35Z,1
pull,5722,b'closed',7525,https://api.github.com/repos/matomo-org/matomo/pulls/7525,2015-03-25T22:40:04Z,2015-03-24T22:30:25Z,5
pull,5644,b'closed',18,https://api.github.com/repos/sirinartk/matomo/pulls/18,,2021-05-26T20:31:00Z,2
pull,5644,b'closed',34,https://api.github.com/repos/sirinartk/matomo/pulls/34,,2023-01-09T17:06:05Z,2
pull,5643,b'closed',18,https://api.github.com/repos/sirinartk/matomo/pulls/18,,2021-05-26T20:31:00Z,2
pull,5643,b'closed',34,https://api.github.com/repos/sirinartk/matomo/pulls/34,,2023-01-09T17:06:05Z,2
pull,5638,b'closed',18,https://api.github.com/repos/sirinartk/matomo/pulls/18,,2021-05-26T20:31:00Z,2
pull,5638,b'closed',34,https://api.github.com/repos/sirinartk/matomo/pulls/34,,2023-01-09T17:06:05Z,2
pull,5635,b'closed',18,https://api.github.com/repos/sirinartk/matomo/pulls/18,,2021-05-26T20:31:00Z,2
pull,5635,b'closed',34,https://api.github.com/repos/sirinartk/matomo/pulls/34,,2023-01-09T17:06:05Z,2
pull,5610,b'closed',18,https://api.github.com/repos/sirinartk/matomo/pulls/18,,2021-05-26T20:31:00Z,2
pull,5610,b'closed',34,https://api.github.com/repos/sirinartk/matomo/pulls/34,,2023-01-09T17:06:05Z,2
pull,5606,b'closed',18,https://api.github.com/repos/sirinartk/matomo/pulls/18,,2021-05-26T20:31:00Z,2
pull,5606,b'closed',34,https://api.github.com/repos/sirinartk/matomo/pulls/34,,2023-01-09T17:06:05Z,2
pull,5600,b'closed',18,https://api.github.com/repos/sirinartk/matomo/pulls/18,,2021-05-26T20:31:00Z,2
pull,5600,b'closed',34,https://api.github.com/repos/sirinartk/matomo/pulls/34,,2023-01-09T17:06:05Z,2
pull,5594,b'closed',18,https://api.github.com/repos/sirinartk/matomo/pulls/18,,2021-05-26T20:31:00Z,2
pull,5594,b'closed',34,https://api.github.com/repos/sirinartk/matomo/pulls/34,,2023-01-09T17:06:05Z,2
pull,5593,b'closed',18,https://api.github.com/repos/sirinartk/matomo/pulls/18,,2021-05-26T20:31:00Z,2
pull,5593,b'closed',34,https://api.github.com/repos/sirinartk/matomo/pulls/34,,2023-01-09T17:06:05Z,2
pull,5592,b'closed',18,https://api.github.com/repos/sirinartk/matomo/pulls/18,,2021-05-26T20:31:00Z,2
pull,5592,b'closed',34,https://api.github.com/repos/sirinartk/matomo/pulls/34,,2023-01-09T17:06:05Z,2
pull,5589,b'closed',18,https://api.github.com/repos/sirinartk/matomo/pulls/18,,2021-05-26T20:31:00Z,2
pull,5589,b'closed',34,https://api.github.com/repos/sirinartk/matomo/pulls/34,,2023-01-09T17:06:05Z,2
pull,5584,b'closed',18,https://api.github.com/repos/sirinartk/matomo/pulls/18,,2021-05-26T20:31:00Z,2
pull,5584,b'closed',34,https://api.github.com/repos/sirinartk/matomo/pulls/34,,2023-01-09T17:06:05Z,2
pull,5583,b'closed',18,https://api.github.com/repos/sirinartk/matomo/pulls/18,,2021-05-26T20:31:00Z,2
pull,5583,b'closed',34,https://api.github.com/repos/sirinartk/matomo/pulls/34,,2023-01-09T17:06:05Z,2
pull,1485,b'closed',4,https://api.github.com/repos/alessandro-bsi/matomo/pulls/4,,2023-02-03T20:32:13Z,2
pull,1485,b'closed',4,https://api.github.com/repos/user287435/matomo/pulls/4,,2023-02-04T02:20:30Z,2
pull,1485,b'closed',4,https://api.github.com/repos/stefan-thothmind/matomo/pulls/4,,2023-02-10T17:43:20Z,2
pull,5255,b'closed',11091,https://api.github.com/repos/matomo-org/matomo/pulls/11091,2016-12-26T21:07:28Z,2016-12-26T18:22:03Z,3
pull,5034,b'closed',7355,https://api.github.com/repos/matomo-org/matomo/pulls/7355,,2015-03-04T13:54:30Z,1
pull,4986,b'closed',11481,https://api.github.com/repos/matomo-org/matomo/pulls/11481,2017-03-18T00:39:15Z,2017-03-14T02:12:09Z,2
pull,4926,b'closed',17,https://api.github.com/repos/dwayne45/matomo/pulls/17,,2022-10-16T20:28:19Z,2
pull,4926,b'closed',29,https://api.github.com/repos/sirinartk/matomo/pulls/29,,2022-10-17T17:51:07Z,2
pull,4912,b'closed',17,https://api.github.com/repos/dwayne45/matomo/pulls/17,,2022-10-16T20:28:19Z,2
pull,4912,b'closed',29,https://api.github.com/repos/sirinartk/matomo/pulls/29,,2022-10-17T17:51:07Z,2
pull,4899,b'closed',17,https://api.github.com/repos/dwayne45/matomo/pulls/17,,2022-10-16T20:28:19Z,2
pull,4899,b'closed',29,https://api.github.com/repos/sirinartk/matomo/pulls/29,,2022-10-17T17:51:07Z,2
pull,4896,b'closed',17,https://api.github.com/repos/dwayne45/matomo/pulls/17,,2022-10-16T20:28:19Z,2
pull,4896,b'closed',29,https://api.github.com/repos/sirinartk/matomo/pulls/29,,2022-10-17T17:51:07Z,2
pull,4866,b'closed',17,https://api.github.com/repos/dwayne45/matomo/pulls/17,,2022-10-16T20:28:19Z,2
pull,4866,b'closed',29,https://api.github.com/repos/sirinartk/matomo/pulls/29,,2022-10-17T17:51:07Z,2
pull,4857,b'closed',17,https://api.github.com/repos/dwayne45/matomo/pulls/17,,2022-10-16T20:28:19Z,2
pull,4857,b'closed',29,https://api.github.com/repos/sirinartk/matomo/pulls/29,,2022-10-17T17:51:07Z,2
pull,4856,b'closed',17,https://api.github.com/repos/dwayne45/matomo/pulls/17,,2022-10-16T20:28:19Z,2
pull,4856,b'closed',29,https://api.github.com/repos/sirinartk/matomo/pulls/29,,2022-10-17T17:51:07Z,2
pull,4777,b'closed',31,https://api.github.com/repos/sirinartk/matomo/pulls/31,,2022-10-18T18:01:05Z,2
pull,4777,b'closed',20,https://api.github.com/repos/dwayne45/matomo/pulls/20,,2022-10-18T23:34:30Z,2
pull,4520,b'closed',11301,https://api.github.com/repos/matomo-org/matomo/pulls/11301,2017-02-19T07:50:17Z,2017-01-30T14:21:35Z,8
pull,4206,b'closed',11559,https://api.github.com/repos/matomo-org/matomo/pulls/11559,2017-04-03T17:44:26Z,2017-03-29T13:46:14Z,15
pull,4204,b'closed',1,https://api.github.com/repos/sirinartk/matomo/pulls/1,,2020-03-18T22:31:31Z,2
pull,4190,b'closed',1,https://api.github.com/repos/sirinartk/matomo/pulls/1,,2020-03-18T22:31:31Z,2
pull,4181,b'closed',1,https://api.github.com/repos/sirinartk/matomo/pulls/1,,2020-03-18T22:31:31Z,2
pull,4150,b'closed',1,https://api.github.com/repos/sirinartk/matomo/pulls/1,,2020-03-18T22:31:31Z,2
pull,4138,b'closed',1,https://api.github.com/repos/sirinartk/matomo/pulls/1,,2020-03-18T22:31:31Z,2
pull,4133,b'closed',1,https://api.github.com/repos/sirinartk/matomo/pulls/1,,2020-03-18T22:31:31Z,2
pull,4063,b'closed',24,https://api.github.com/repos/sirinartk/matomo/pulls/24,,2022-03-22T18:38:51Z,2
pull,4063,b'closed',11,https://api.github.com/repos/dwayne45/matomo/pulls/11,,2022-03-23T06:28:48Z,2
pull,4035,b'closed',24,https://api.github.com/repos/sirinartk/matomo/pulls/24,,2022-03-22T18:38:51Z,2
pull,4035,b'closed',11,https://api.github.com/repos/dwayne45/matomo/pulls/11,,2022-03-23T06:28:48Z,2
pull,3972,b'closed',24,https://api.github.com/repos/sirinartk/matomo/pulls/24,,2022-03-22T18:38:51Z,2
pull,3972,b'closed',11,https://api.github.com/repos/dwayne45/matomo/pulls/11,,2022-03-23T06:28:48Z,2
pull,3970,b'closed',24,https://api.github.com/repos/sirinartk/matomo/pulls/24,,2022-03-22T18:38:51Z,2
pull,3970,b'closed',11,https://api.github.com/repos/dwayne45/matomo/pulls/11,,2022-03-23T06:28:48Z,2
pull,3944,b'closed',3,https://api.github.com/repos/DevVault/matomo/pulls/3,,2022-04-23T17:51:23Z,2
pull,3944,b'closed',4,https://api.github.com/repos/DevVault/matomo/pulls/4,,2022-04-23T17:51:33Z,2
pull,3943,b'closed',3,https://api.github.com/repos/DevVault/matomo/pulls/3,,2022-04-23T17:51:23Z,2
pull,3943,b'closed',4,https://api.github.com/repos/DevVault/matomo/pulls/4,,2022-04-23T17:51:33Z,2
pull,3940,b'closed',3,https://api.github.com/repos/DevVault/matomo/pulls/3,,2022-04-23T17:51:23Z,2
pull,3940,b'closed',4,https://api.github.com/repos/DevVault/matomo/pulls/4,,2022-04-23T17:51:33Z,2
pull,3937,b'closed',3,https://api.github.com/repos/DevVault/matomo/pulls/3,,2022-04-23T17:51:23Z,2
pull,3937,b'closed',4,https://api.github.com/repos/DevVault/matomo/pulls/4,,2022-04-23T17:51:33Z,2
pull,3935,b'closed',3,https://api.github.com/repos/DevVault/matomo/pulls/3,,2022-04-23T17:51:23Z,2
pull,3935,b'closed',4,https://api.github.com/repos/DevVault/matomo/pulls/4,,2022-04-23T17:51:33Z,2
pull,3930,b'closed',3,https://api.github.com/repos/DevVault/matomo/pulls/3,,2022-04-23T17:51:23Z,2
pull,3930,b'closed',4,https://api.github.com/repos/DevVault/matomo/pulls/4,,2022-04-23T17:51:33Z,2
pull,3928,b'closed',3,https://api.github.com/repos/DevVault/matomo/pulls/3,,2022-04-23T17:51:23Z,2
pull,3928,b'closed',4,https://api.github.com/repos/DevVault/matomo/pulls/4,,2022-04-23T17:51:33Z,2
pull,3927,b'closed',3,https://api.github.com/repos/DevVault/matomo/pulls/3,,2022-04-23T17:51:23Z,2
pull,3927,b'closed',4,https://api.github.com/repos/DevVault/matomo/pulls/4,,2022-04-23T17:51:33Z,2
pull,3925,b'closed',3,https://api.github.com/repos/DevVault/matomo/pulls/3,,2022-04-23T17:51:23Z,2
pull,3925,b'closed',4,https://api.github.com/repos/DevVault/matomo/pulls/4,,2022-04-23T17:51:33Z,2
pull,3886,b'closed',24,https://api.github.com/repos/sirinartk/matomo/pulls/24,,2022-03-22T18:38:51Z,2
pull,3886,b'closed',11,https://api.github.com/repos/dwayne45/matomo/pulls/11,,2022-03-23T06:28:48Z,2
pull,3868,b'closed',3,https://api.github.com/repos/DevVault/matomo/pulls/3,,2022-04-23T17:51:23Z,2
pull,3868,b'closed',4,https://api.github.com/repos/DevVault/matomo/pulls/4,,2022-04-23T17:51:33Z,2
pull,3706,b'closed',2,https://api.github.com/repos/sirinartk/matomo/pulls/2,,2020-03-29T22:31:28Z,2
pull,3765,b'closed',24,https://api.github.com/repos/sirinartk/matomo/pulls/24,,2022-03-22T18:38:51Z,2
pull,3765,b'closed',11,https://api.github.com/repos/dwayne45/matomo/pulls/11,,2022-03-23T06:28:48Z,2
pull,3739,b'closed',2,https://api.github.com/repos/sirinartk/matomo/pulls/2,,2020-03-29T22:31:28Z,2
pull,3737,b'closed',2,https://api.github.com/repos/sirinartk/matomo/pulls/2,,2020-03-29T22:31:28Z,2
pull,3733,b'closed',2,https://api.github.com/repos/sirinartk/matomo/pulls/2,,2020-03-29T22:31:28Z,2
pull,3728,b'closed',2,https://api.github.com/repos/sirinartk/matomo/pulls/2,,2020-03-29T22:31:28Z,2
pull,3726,b'closed',2,https://api.github.com/repos/sirinartk/matomo/pulls/2,,2020-03-29T22:31:28Z,2
pull,3707,b'closed',2,https://api.github.com/repos/sirinartk/matomo/pulls/2,,2020-03-29T22:31:28Z,2
pull,3712,b'closed',2,https://api.github.com/repos/sirinartk/matomo/pulls/2,,2020-03-29T22:31:28Z,2
pull,3711,b'closed',2,https://api.github.com/repos/sirinartk/matomo/pulls/2,,2020-03-29T22:31:28Z,2
pull,3708,b'closed',2,https://api.github.com/repos/sirinartk/matomo/pulls/2,,2020-03-29T22:31:28Z,2
pull,3699,b'closed',2,https://api.github.com/repos/sirinartk/matomo/pulls/2,,2020-03-29T22:31:28Z,2
pull,3681,b'closed',2,https://api.github.com/repos/sirinartk/matomo/pulls/2,,2020-03-29T22:31:28Z,2
pull,3677,b'closed',2,https://api.github.com/repos/sirinartk/matomo/pulls/2,,2020-03-29T22:31:28Z,2
pull,3676,b'closed',2,https://api.github.com/repos/sirinartk/matomo/pulls/2,,2020-03-29T22:31:28Z,2
pull,1474,b'closed',4,https://api.github.com/repos/alessandro-bsi/matomo/pulls/4,,2023-02-03T20:32:13Z,2
pull,1474,b'closed',4,https://api.github.com/repos/user287435/matomo/pulls/4,,2023-02-04T02:20:30Z,2
pull,1474,b'closed',4,https://api.github.com/repos/stefan-thothmind/matomo/pulls/4,,2023-02-10T17:43:20Z,2
pull,1052,b'closed',9075,https://api.github.com/repos/matomo-org/matomo/pulls/9075,2015-10-21T23:45:38Z,2015-10-21T22:21:39Z,6
pull,2531,b'closed',6589,https://api.github.com/repos/matomo-org/matomo/pulls/6589,2014-11-27T04:05:17Z,2014-11-04T04:02:37Z,271
pull,1478,b'closed',4,https://api.github.com/repos/alessandro-bsi/matomo/pulls/4,,2023-02-03T20:32:13Z,2
pull,1478,b'closed',4,https://api.github.com/repos/user287435/matomo/pulls/4,,2023-02-04T02:20:30Z,2
pull,1478,b'closed',4,https://api.github.com/repos/stefan-thothmind/matomo/pulls/4,,2023-02-10T17:43:20Z,2
pull,1642,b'closed',12584,https://api.github.com/repos/matomo-org/matomo/pulls/12584,,2018-02-26T12:03:56Z,1
pull,1471,b'closed',4,https://api.github.com/repos/alessandro-bsi/matomo/pulls/4,,2023-02-03T20:32:13Z,2
pull,1471,b'closed',4,https://api.github.com/repos/user287435/matomo/pulls/4,,2023-02-04T02:20:30Z,2
pull,1471,b'closed',4,https://api.github.com/repos/stefan-thothmind/matomo/pulls/4,,2023-02-10T17:43:20Z,2
pull,1487,b'closed',4,https://api.github.com/repos/alessandro-bsi/matomo/pulls/4,,2023-02-03T20:32:13Z,2
pull,1487,b'closed',4,https://api.github.com/repos/user287435/matomo/pulls/4,,2023-02-04T02:20:30Z,2
pull,1487,b'closed',4,https://api.github.com/repos/stefan-thothmind/matomo/pulls/4,,2023-02-10T17:43:20Z,2
pull,1484,b'closed',4,https://api.github.com/repos/alessandro-bsi/matomo/pulls/4,,2023-02-03T20:32:13Z,2
pull,1484,b'closed',4,https://api.github.com/repos/user287435/matomo/pulls/4,,2023-02-04T02:20:30Z,2
pull,1484,b'closed',4,https://api.github.com/repos/stefan-thothmind/matomo/pulls/4,,2023-02-10T17:43:20Z,2
pull,1482,b'closed',4,https://api.github.com/repos/alessandro-bsi/matomo/pulls/4,,2023-02-03T20:32:13Z,2
pull,1482,b'closed',4,https://api.github.com/repos/user287435/matomo/pulls/4,,2023-02-04T02:20:30Z,2
pull,1482,b'closed',4,https://api.github.com/repos/stefan-thothmind/matomo/pulls/4,,2023-02-10T17:43:20Z,2
