,username,category,only_month
0,matta,high,2008-01-01
8,matta,high,2008-02-01
12,matta,high,2008-03-01
69,matta,high,2008-04-01
83,matta,high,2008-05-01
130,matta,high,2008-06-01
156,matta,high,2008-07-01
207,matta,high,2008-08-01
219,matta,high,2008-09-01
234,matta,high,2008-10-01
333,matta,high,2008-11-01
384,matta,high,2008-12-01
406,matta,high,2009-01-01
445,matta,high,2009-02-01
497,matta,high,2009-03-01
605,matta,high,2009-04-01
652,matta,high,2009-05-01
713,matta,high,2009-06-01
784,matta,high,2009-07-01
821,matta,high,2009-08-01
844,matta,high,2009-09-01
873,matta,high,2009-10-01
886,matta,high,2009-11-01
905,matta,high,2009-12-01
944,matta,high,2010-01-01
974,matta,high,2010-02-01
1044,matta,high,2010-03-01
1199,matta,high,2010-04-01
1263,matta,high,2010-05-01
1379,matta,high,2010-06-01
1470,matta,high,2010-07-01
1718,matta,high,2010-08-01
1793,matta,high,2010-09-01
1804,matta,high,2010-10-01
1805,matta,high,2010-11-01
1940,matta,high,2010-12-01
1990,matta,high,2011-01-01
2240,matta,high,2011-02-01
2338,matta,high,2011-03-01
2493,matta,high,2011-04-01
2727,matta,high,2011-05-01
2878,matta,high,2011-06-01
2940,matta,high,2011-07-01
2991,matta,high,2011-08-01
3040,matta,high,2011-09-01
3218,matta,high,2011-10-01
3321,matta,high,2011-11-01
3429,matta,high,2011-12-01
3500,matta,high,2012-01-01
3538,matta,high,2012-02-01
3702,matta,high,2012-03-01
3822,matta,high,2012-04-01
3886,matta,high,2012-05-01
4013,matta,high,2012-06-01
4112,matta,high,2012-07-01
4215,matta,high,2012-08-01
4342,matta,high,2012-09-01
4440,matta,high,2012-10-01
4599,matta,high,2012-11-01
4698,matta,high,2012-12-01
4866,matta,high,2013-01-01
4949,matta,high,2013-02-01
5057,matta,high,2013-03-01
5189,matta,high,2013-04-01
5277,matta,high,2013-05-01
5352,matta,high,2013-06-01
5401,matta,high,2013-07-01
5458,matta,high,2013-08-01
5487,matta,high,2013-09-01
5565,matta,high,2013-10-01
5706,matta,high,2013-11-01
5868,matta,high,2013-12-01
6019,matta,high,2014-01-01
6256,matta,high,2014-02-01
6479,matta,high,2014-03-01
6660,matta,high,2014-04-01
6874,matta,high,2014-05-01
7176,matta,high,2014-06-01
7369,matta,high,2014-07-01
7438,matta,high,2014-08-01
7642,matta,high,2014-09-01
7866,matta,high,2014-10-01
8100,matta,high,2014-11-01
8260,matta,high,2014-12-01
8541,matta,high,2015-01-01
8639,matta,high,2015-02-01
8869,matta,high,2015-03-01
9119,matta,high,2015-04-01
9400,matta,high,2015-05-01
9510,matta,high,2015-06-01
9686,matta,high,2015-07-01
9944,matta,high,2015-08-01
10078,matta,high,2015-09-01
10315,matta,high,2015-10-01
10479,matta,high,2015-11-01
10676,matta,high,2015-12-01
10765,matta,high,2016-01-01
10828,matta,high,2016-02-01
10865,matta,high,2016-03-01
10980,matta,high,2016-04-01
11010,matta,high,2016-05-01
11047,matta,high,2016-06-01
11048,matta,high,2016-07-01
11195,matta,high,2016-08-01
11255,matta,high,2016-09-01
11388,matta,high,2016-10-01
11481,matta,high,2016-11-01
11560,matta,high,2016-12-01
11717,matta,high,2017-01-01
11781,matta,high,2017-02-01
11954,matta,high,2017-03-01
12036,matta,high,2017-04-01
12042,matta,high,2017-05-01
12093,matta,high,2017-06-01
12171,matta,high,2017-07-01
12209,matta,high,2017-08-01
12221,matta,high,2017-09-01
12346,matta,high,2017-10-01
12402,matta,high,2017-11-01
12441,matta,high,2017-12-01
12464,matta,high,2018-01-01
12485,matta,high,2018-02-01
12492,matta,high,2018-03-01
12526,matta,high,2018-04-01
12551,matta,high,2018-05-01
12610,matta,high,2018-06-01
12631,matta,high,2018-07-01
12636,matta,high,2018-08-01
12651,matta,high,2018-09-01
12710,matta,high,2018-10-01
12749,matta,high,2018-11-01
12766,matta,high,2018-12-01
12782,matta,high,2019-01-01
12798,matta,high,2019-02-01
12813,matta,high,2019-03-01
12843,matta,high,2019-04-01
12859,matta,high,2019-05-01
12874,matta,high,2019-06-01
12928,matta,high,2019-07-01
12967,matta,high,2019-08-01
12984,matta,high,2019-09-01
12996,matta,high,2019-10-01
13041,matta,high,2019-11-01
13058,matta,high,2019-12-01
13088,matta,high,2020-01-01
13178,matta,high,2020-02-01
13215,matta,high,2020-03-01
13242,matta,high,2020-04-01
13253,matta,high,2020-05-01
13270,matta,high,2020-06-01
13281,matta,high,2020-07-01
13291,matta,high,2020-08-01
13302,matta,high,2020-09-01
13319,matta,high,2020-10-01
13335,matta,high,2020-11-01
13356,matta,high,2020-12-01
13370,matta,high,2021-01-01
13371,matta,high,2021-02-01
13381,matta,high,2021-03-01
13391,matta,high,2021-04-01
13399,matta,high,2021-05-01
13407,matta,high,2021-06-01
13409,matta,high,2021-07-01
13411,matta,high,2021-08-01
13413,matta,high,2021-09-01
13421,matta,high,2021-10-01
13422,matta,high,2021-11-01
13424,matta,high,2021-12-01
13428,matta,high,2022-01-01
13433,matta,high,2022-04-01
13434,matta,high,2022-05-01
13435,matta,high,2022-06-01
13436,matta,high,2022-07-01
13452,matta,high,2022-09-01
13459,matta,high,2022-10-01
13460,matta,high,2022-11-01
13469,matta,high,2022-12-01
13472,matta,high,2023-01-01
13490,anonymous-matomo-user,high,2008-01-01
13498,anonymous-matomo-user,high,2008-02-01
13504,anonymous-matomo-user,high,2008-03-01
13541,anonymous-matomo-user,high,2008-04-01
13553,anonymous-matomo-user,high,2008-05-01
13600,anonymous-matomo-user,high,2008-06-01
13622,anonymous-matomo-user,high,2008-07-01
13652,anonymous-matomo-user,high,2008-08-01
13684,anonymous-matomo-user,high,2008-09-01
13707,anonymous-matomo-user,high,2008-10-01
13719,anonymous-matomo-user,high,2008-11-01
13761,anonymous-matomo-user,high,2008-12-01
13783,anonymous-matomo-user,high,2009-01-01
13821,anonymous-matomo-user,high,2009-02-01
13852,anonymous-matomo-user,high,2009-03-01
13902,anonymous-matomo-user,high,2009-04-01
13978,anonymous-matomo-user,high,2009-05-01
14060,anonymous-matomo-user,high,2009-06-01
14203,anonymous-matomo-user,high,2009-07-01
14270,anonymous-matomo-user,high,2009-08-01
14303,anonymous-matomo-user,high,2009-09-01
14328,anonymous-matomo-user,high,2009-10-01
14351,anonymous-matomo-user,high,2009-11-01
14377,anonymous-matomo-user,high,2009-12-01
14408,anonymous-matomo-user,high,2010-01-01
14457,anonymous-matomo-user,high,2010-02-01
14548,anonymous-matomo-user,high,2010-03-01
14643,anonymous-matomo-user,high,2010-04-01
14695,anonymous-matomo-user,high,2010-05-01
14735,anonymous-matomo-user,high,2010-06-01
14769,anonymous-matomo-user,high,2010-07-01
14866,anonymous-matomo-user,high,2010-08-01
14947,anonymous-matomo-user,high,2010-09-01
15037,anonymous-matomo-user,high,2010-10-01
15096,anonymous-matomo-user,high,2010-11-01
15130,anonymous-matomo-user,high,2010-12-01
15146,anonymous-matomo-user,high,2011-01-01
15236,anonymous-matomo-user,high,2011-02-01
15295,anonymous-matomo-user,high,2011-03-01
15375,anonymous-matomo-user,high,2011-04-01
15467,anonymous-matomo-user,high,2011-05-01
15539,anonymous-matomo-user,high,2011-06-01
15626,anonymous-matomo-user,high,2011-07-01
15678,anonymous-matomo-user,high,2011-08-01
15717,anonymous-matomo-user,high,2011-09-01
15756,anonymous-matomo-user,high,2011-10-01
15799,anonymous-matomo-user,high,2011-11-01
15871,anonymous-matomo-user,high,2011-12-01
15900,anonymous-matomo-user,high,2012-01-01
15948,anonymous-matomo-user,high,2012-02-01
16008,anonymous-matomo-user,high,2012-03-01
16061,anonymous-matomo-user,high,2012-04-01
16101,anonymous-matomo-user,high,2012-05-01
16127,anonymous-matomo-user,high,2012-06-01
16197,anonymous-matomo-user,high,2012-07-01
16212,anonymous-matomo-user,high,2012-08-01
16257,anonymous-matomo-user,high,2012-09-01
16288,anonymous-matomo-user,high,2012-10-01
16337,anonymous-matomo-user,high,2012-11-01
16408,anonymous-matomo-user,high,2012-12-01
16463,anonymous-matomo-user,high,2013-01-01
16517,anonymous-matomo-user,high,2013-02-01
16617,anonymous-matomo-user,high,2013-03-01
16656,anonymous-matomo-user,high,2013-04-01
16697,anonymous-matomo-user,high,2013-05-01
16719,anonymous-matomo-user,high,2013-06-01
16742,anonymous-matomo-user,high,2013-07-01
16792,anonymous-matomo-user,high,2013-08-01
16885,anonymous-matomo-user,high,2013-09-01
16965,anonymous-matomo-user,high,2013-10-01
16994,anonymous-matomo-user,high,2013-11-01
17023,anonymous-matomo-user,high,2013-12-01
17107,anonymous-matomo-user,high,2014-01-01
17196,anonymous-matomo-user,high,2014-02-01
17251,anonymous-matomo-user,high,2014-03-01
17308,anonymous-matomo-user,high,2014-04-01
17396,anonymous-matomo-user,high,2014-05-01
17534,anonymous-matomo-user,high,2014-06-01
17586,anonymous-matomo-user,high,2014-07-01
17624,anonymous-matomo-user,high,2014-08-01
17625,zawadzinski,high,2008-03-01
17649,zawadzinski,high,2008-04-01
17672,zawadzinski,high,2008-05-01
17679,zawadzinski,high,2008-06-01
17682,zawadzinski,high,2008-07-01
17692,zawadzinski,high,2008-10-01
17695,zawadzinski,high,2009-01-01
17698,zawadzinski,high,2009-02-01
17700,zawadzinski,high,2009-04-01
17705,zawadzinski,high,2009-05-01
17712,zawadzinski,high,2009-07-01
17721,zawadzinski,high,2009-08-01
17722,zawadzinski,high,2009-09-01
17725,zawadzinski,high,2009-10-01
17729,zawadzinski,high,2010-02-01
17730,zawadzinski,high,2010-07-01
17732,zawadzinski,high,2010-11-01
17733,zawadzinski,high,2010-12-01
17734,zawadzinski,high,2011-02-01
17736,zawadzinski,high,2011-11-01
17737,zawadzinski,high,2012-10-01
17740,zawadzinski,high,2013-03-01
17741,zawadzinski,high,2013-04-01
17742,zawadzinski,high,2014-05-01
17743,zawadzinski,high,2014-06-01
17745,zawadzinski,high,2015-09-01
17746,tbleher,not available,2008-04-01
17747,tbleher,not available,2008-05-01
17748,tbleher,not available,2012-07-01
17749,robocoder,high,2008-05-01
17750,robocoder,high,2008-09-01
17756,robocoder,high,2008-10-01
17760,robocoder,high,2008-12-01
17818,robocoder,high,2009-01-01
17928,robocoder,high,2009-02-01
18003,robocoder,high,2009-03-01
18053,robocoder,high,2009-04-01
18122,robocoder,high,2009-05-01
18248,robocoder,high,2009-06-01
18444,robocoder,high,2009-07-01
18586,robocoder,high,2009-08-01
18717,robocoder,high,2009-09-01
18821,robocoder,high,2009-10-01
18911,robocoder,high,2009-11-01
18970,robocoder,high,2009-12-01
19033,robocoder,high,2010-01-01
19107,robocoder,high,2010-02-01
19202,robocoder,high,2010-03-01
19343,robocoder,high,2010-04-01
19429,robocoder,high,2010-05-01
19581,robocoder,high,2010-06-01
19696,robocoder,high,2010-07-01
19835,robocoder,high,2010-08-01
19997,robocoder,high,2010-09-01
20204,robocoder,high,2010-10-01
20324,robocoder,high,2010-11-01
20437,robocoder,high,2010-12-01
20577,robocoder,high,2011-01-01
20808,robocoder,high,2011-02-01
20925,robocoder,high,2011-03-01
21135,robocoder,high,2011-04-01
21384,robocoder,high,2011-05-01
21502,robocoder,high,2011-06-01
21555,robocoder,high,2011-07-01
21629,robocoder,high,2011-08-01
21662,robocoder,high,2011-09-01
21711,robocoder,high,2011-10-01
21742,robocoder,high,2011-11-01
21785,robocoder,high,2011-12-01
21837,robocoder,high,2012-01-01
21906,robocoder,high,2012-02-01
21969,robocoder,high,2012-03-01
22040,robocoder,high,2012-04-01
22068,robocoder,high,2012-05-01
22086,robocoder,high,2012-06-01
22091,robocoder,high,2012-07-01
22130,robocoder,high,2012-08-01
22155,robocoder,high,2012-09-01
22165,robocoder,high,2012-10-01
22176,robocoder,high,2012-11-01
22191,robocoder,high,2012-12-01
22197,robocoder,high,2013-01-01
22201,robocoder,high,2013-02-01
22217,robocoder,high,2013-03-01
22220,robocoder,high,2013-04-01
22226,robocoder,high,2013-05-01
22227,robocoder,high,2013-06-01
22233,robocoder,high,2013-07-01
22236,robocoder,high,2013-08-01
22240,robocoder,high,2013-09-01
22244,robocoder,high,2013-10-01
22245,robocoder,high,2013-12-01
22246,robocoder,high,2014-01-01
22252,robocoder,high,2014-02-01
22256,robocoder,high,2014-03-01
22264,robocoder,high,2014-05-01
22266,robocoder,high,2014-07-01
22271,robocoder,high,2015-07-01
22274,robocoder,high,2017-04-01
22275,robocoder,high,2018-02-01
22283,robocoder,high,2018-03-01
22286,robocoder,high,2018-05-01
22288,robocoder,high,2019-12-01
22289,robocoder,high,2020-01-01
22290,lucanos,not available,2008-05-01
22291,mf,low,2008-07-01
22293,mf,low,2019-06-01
22294,mf,low,2019-09-01
22297,mf,low,2019-11-01
22299,mf,low,2020-01-01
22301,ultimateBusiness,not available,2008-07-01
22304,ultimateBusiness,not available,2008-08-01
22307,pebosi,high,2008-11-01
22315,pebosi,high,2009-01-01
22317,pebosi,high,2009-02-01
22318,pebosi,high,2009-03-01
22324,pebosi,high,2009-05-01
22333,pebosi,high,2009-06-01
22337,pebosi,high,2009-08-01
22351,pebosi,high,2009-09-01
22352,pebosi,high,2009-11-01
22355,pebosi,high,2009-12-01
22368,pebosi,high,2010-02-01
22372,pebosi,high,2010-03-01
22381,pebosi,high,2010-04-01
22382,pebosi,high,2010-06-01
22383,pebosi,high,2010-07-01
22384,pebosi,high,2011-12-01
22386,pebosi,high,2012-06-01
22388,pebosi,high,2012-09-01
22389,pebosi,high,2012-10-01
22400,pebosi,high,2012-11-01
22404,pebosi,high,2013-03-01
22405,pebosi,high,2013-04-01
22411,pebosi,high,2013-05-01
22415,pebosi,high,2015-03-01
22416,pebosi,high,2015-07-01
22418,pebosi,high,2016-11-01
22420,pebosi,high,2016-12-01
22421,pebosi,high,2020-03-01
22434,till,low,2008-11-01
22435,till,low,2009-05-01
22444,francois2metz,not available,2008-11-01
22445,matthijskooijman,not available,2008-12-01
22449,Jako,not available,2008-12-01
22451,Jako,not available,2009-01-01
22452,sitonerd,not available,2008-12-01
22453,DaSchTour,high,2009-01-01
22456,DaSchTour,high,2009-04-01
22458,DaSchTour,high,2010-01-01
22459,DaSchTour,high,2011-08-01
22461,DaSchTour,high,2011-09-01
22462,DaSchTour,high,2011-10-01
22463,DaSchTour,high,2013-01-01
22466,DaSchTour,high,2013-02-01
22467,DaSchTour,high,2013-03-01
22470,DaSchTour,high,2013-05-01
22471,DaSchTour,high,2013-08-01
22472,DaSchTour,high,2013-10-01
22474,DaSchTour,high,2013-12-01
22477,DaSchTour,high,2014-03-01
22478,DaSchTour,high,2014-04-01
22480,DaSchTour,high,2014-05-01
22481,DaSchTour,high,2014-09-01
22485,DaSchTour,high,2014-10-01
22487,DaSchTour,high,2015-01-01
22488,DaSchTour,high,2015-03-01
22489,samimussbach,not available,2009-04-01
22491,samimussbach,not available,2009-08-01
22492,samimussbach,not available,2009-09-01
22494,jpfleury,mid,2009-04-01
22495,jpfleury,mid,2009-08-01
22496,jpfleury,mid,2009-10-01
22498,jpfleury,mid,2009-12-01
22499,jpfleury,mid,2010-03-01
22500,jpfleury,mid,2010-05-01
22503,jpfleury,mid,2010-06-01
22505,jpfleury,mid,2010-07-01
22507,jpfleury,mid,2010-08-01
22509,jpfleury,mid,2010-09-01
22511,jpfleury,mid,2011-03-01
22514,jpfleury,mid,2011-07-01
22519,mikeSimonson,not available,2009-04-01
22522,odinho,not available,2009-05-01
22523,odinho,not available,2010-12-01
22524,Kissaki,not available,2009-05-01
22527,halfdan,high,2009-06-01
22528,halfdan,high,2009-07-01
22536,halfdan,high,2010-02-01
22537,halfdan,high,2010-04-01
22542,halfdan,high,2010-05-01
22595,halfdan,high,2010-06-01
22620,halfdan,high,2010-07-01
22640,halfdan,high,2010-08-01
22645,halfdan,high,2010-09-01
22650,halfdan,high,2010-10-01
22652,halfdan,high,2010-12-01
22658,halfdan,high,2011-01-01
22681,halfdan,high,2011-03-01
22685,halfdan,high,2011-04-01
22686,halfdan,high,2011-05-01
22687,halfdan,high,2011-07-01
22688,halfdan,high,2012-10-01
22698,halfdan,high,2012-11-01
22703,halfdan,high,2012-12-01
22705,halfdan,high,2013-01-01
22711,halfdan,high,2013-02-01
22745,halfdan,high,2013-03-01
22761,halfdan,high,2013-04-01
22762,halfdan,high,2013-05-01
22763,halfdan,high,2013-07-01
22764,halfdan,high,2013-08-01
22767,halfdan,high,2013-09-01
22787,halfdan,high,2013-10-01
22792,halfdan,high,2014-01-01
22804,halfdan,high,2014-02-01
22808,halfdan,high,2014-07-01
22817,halfdan,high,2014-08-01
22819,halfdan,high,2014-09-01
22820,halfdan,high,2015-01-01
22821,halfdan,high,2015-04-01
22822,halfdan,high,2015-07-01
22825,halfdan,high,2015-12-01
22827,halfdan,high,2016-05-01
22829,kurakin,low,2009-06-01
22831,kurakin,low,2009-07-01
22836,kurakin,low,2009-08-01
22842,anush,not available,2009-08-01
22844,anush,not available,2009-09-01
22848,hansfn,mid,2009-08-01
22849,hansfn,mid,2011-01-01
22854,hansfn,mid,2015-03-01
22858,hansfn,mid,2015-04-01
22859,hansfn,mid,2016-10-01
22860,philmck,not available,2010-01-01
22861,philmck,not available,2010-08-01
22862,brianwc,not available,2010-01-01
22863,dugwood,low,2010-02-01
22873,peterbo,high,2010-03-01
22875,peterbo,high,2010-07-01
22889,peterbo,high,2010-08-01
22897,peterbo,high,2010-10-01
22898,peterbo,high,2011-01-01
22901,peterbo,high,2011-02-01
22905,peterbo,high,2011-03-01
22915,peterbo,high,2011-05-01
22919,peterbo,high,2011-06-01
22940,peterbo,high,2011-07-01
22943,peterbo,high,2011-08-01
22947,peterbo,high,2011-10-01
22949,peterbo,high,2011-11-01
22950,peterbo,high,2012-02-01
22958,peterbo,high,2012-04-01
22960,peterbo,high,2012-09-01
22961,peterbo,high,2012-10-01
22964,peterbo,high,2012-11-01
22967,peterbo,high,2012-12-01
22969,peterbo,high,2013-01-01
22971,peterbo,high,2013-03-01
22973,peterbo,high,2013-05-01
22977,peterbo,high,2013-07-01
22978,peterbo,high,2013-10-01
22979,peterbo,high,2014-04-01
22984,peterbo,high,2014-05-01
22988,peterbo,high,2014-06-01
22989,peterbo,high,2014-07-01
22990,peterbo,high,2014-11-01
22991,peterbo,high,2015-02-01
22995,peterbo,high,2015-03-01
22997,peterbo,high,2015-08-01
22998,peterbo,high,2015-11-01
23000,peterbo,high,2015-12-01
23001,peterbo,high,2016-01-01
23002,peterbo,high,2016-03-01
23003,peterbo,high,2016-05-01
23004,peterbo,high,2016-10-01
23005,peterbo,high,2017-03-01
23010,peterbo,high,2017-09-01
23013,peterbo,high,2017-10-01
23015,peterbo,high,2018-06-01
23019,peterbo,high,2018-10-01
23020,peterbo,high,2019-01-01
23021,peterbo,high,2019-08-01
23023,peterbo,high,2019-10-01
23026,peterbo,high,2020-02-01
23037,peterbo,high,2020-03-01
23040,peterbo,high,2020-04-01
23044,peterbo,high,2020-05-01
23047,peterbo,high,2020-08-01
23049,peterbo,high,2020-12-01
23057,peterbo,high,2021-02-01
23058,peterbo,high,2021-04-01
23062,peterbo,high,2021-05-01
23063,peterbo,high,2021-09-01
23064,peterbo,high,2021-10-01
23065,peterbo,high,2021-11-01
23068,peterbo,high,2022-01-01
23069,peterbo,high,2022-02-01
23071,peterbo,high,2022-03-01
23072,peterbo,high,2022-04-01
23073,peterbo,high,2022-06-01
23075,peterbo,high,2022-08-01
23085,peterbo,high,2022-09-01
23086,peterbo,high,2022-11-01
23087,peterbo,high,2022-12-01
23088,peterbo,high,2023-01-01
23089,julienmoumne,high,2010-05-01
23139,julienmoumne,high,2010-06-01
23157,julienmoumne,high,2010-07-01
23165,julienmoumne,high,2010-08-01
23169,julienmoumne,high,2010-09-01
23178,julienmoumne,high,2010-10-01
23179,julienmoumne,high,2010-11-01
23190,julienmoumne,high,2010-12-01
23198,julienmoumne,high,2011-01-01
23207,julienmoumne,high,2011-02-01
23208,julienmoumne,high,2011-03-01
23216,julienmoumne,high,2011-04-01
23249,julienmoumne,high,2011-05-01
23268,julienmoumne,high,2011-06-01
23276,julienmoumne,high,2011-09-01
23281,julienmoumne,high,2011-10-01
23292,julienmoumne,high,2011-11-01
23314,julienmoumne,high,2011-12-01
23326,julienmoumne,high,2012-01-01
23328,julienmoumne,high,2012-02-01
23331,julienmoumne,high,2012-03-01
23337,julienmoumne,high,2012-04-01
23340,julienmoumne,high,2012-05-01
23341,julienmoumne,high,2012-06-01
23369,julienmoumne,high,2012-07-01
23377,julienmoumne,high,2012-08-01
23404,julienmoumne,high,2012-09-01
23429,julienmoumne,high,2012-10-01
23433,julienmoumne,high,2012-11-01
23436,julienmoumne,high,2012-12-01
23440,julienmoumne,high,2013-01-01
23455,julienmoumne,high,2013-02-01
23458,julienmoumne,high,2013-03-01
23488,julienmoumne,high,2013-04-01
23498,julienmoumne,high,2013-05-01
23501,julienmoumne,high,2013-09-01
23503,julienmoumne,high,2013-10-01
23504,julienmoumne,high,2013-12-01
23507,julienmoumne,high,2014-01-01
23508,julienmoumne,high,2014-02-01
23518,julienmoumne,high,2014-03-01
23519,julienmoumne,high,2014-04-01
23522,julienmoumne,high,2014-08-01
23523,julienmoumne,high,2014-09-01
23524,julienmoumne,high,2014-10-01
23525,gka,high,2010-05-01
23527,gka,high,2010-07-01
23546,gka,high,2010-08-01
23588,gka,high,2010-09-01
23596,gka,high,2010-12-01
23598,gka,high,2011-04-01
23605,gka,high,2011-05-01
23606,gka,high,2011-06-01
23607,gka,high,2011-09-01
23609,gka,high,2011-10-01
23613,gka,high,2011-11-01
23614,gka,high,2012-06-01
23615,gka,high,2012-07-01
23617,gka,high,2013-01-01
23620,gka,high,2013-03-01
23621,gka,high,2013-04-01
23623,gka,high,2013-07-01
23625,gka,high,2013-09-01
23626,gka,high,2014-10-01
23627,gka,high,2014-11-01
23628,gka,high,2015-11-01
23630,dm8tbr,not available,2010-05-01
23634,sgiehl,high,2010-05-01
23638,sgiehl,high,2010-06-01
23659,sgiehl,high,2010-07-01
23700,sgiehl,high,2010-08-01
23736,sgiehl,high,2010-09-01
23758,sgiehl,high,2010-10-01
23763,sgiehl,high,2010-11-01
23765,sgiehl,high,2010-12-01
23766,sgiehl,high,2011-01-01
23767,sgiehl,high,2011-03-01
23771,sgiehl,high,2011-04-01
23794,sgiehl,high,2011-05-01
23814,sgiehl,high,2011-06-01
23830,sgiehl,high,2011-07-01
23831,sgiehl,high,2011-08-01
23832,sgiehl,high,2011-09-01
23847,sgiehl,high,2011-10-01
23850,sgiehl,high,2011-11-01
23852,sgiehl,high,2011-12-01
23856,sgiehl,high,2012-01-01
23881,sgiehl,high,2012-02-01
23893,sgiehl,high,2012-03-01
23905,sgiehl,high,2012-04-01
23917,sgiehl,high,2012-05-01
23924,sgiehl,high,2012-06-01
23940,sgiehl,high,2012-07-01
23956,sgiehl,high,2012-08-01
23966,sgiehl,high,2012-09-01
23969,sgiehl,high,2012-10-01
23978,sgiehl,high,2012-11-01
24022,sgiehl,high,2012-12-01
24027,sgiehl,high,2013-01-01
24033,sgiehl,high,2013-02-01
24049,sgiehl,high,2013-03-01
24074,sgiehl,high,2013-04-01
24093,sgiehl,high,2013-05-01
24100,sgiehl,high,2013-06-01
24108,sgiehl,high,2013-07-01
24111,sgiehl,high,2013-08-01
24120,sgiehl,high,2013-09-01
24128,sgiehl,high,2013-10-01
24132,sgiehl,high,2013-11-01
24133,sgiehl,high,2013-12-01
24134,sgiehl,high,2014-01-01
24146,sgiehl,high,2014-02-01
24153,sgiehl,high,2014-03-01
24159,sgiehl,high,2014-04-01
24165,sgiehl,high,2014-05-01
24179,sgiehl,high,2014-06-01
24180,sgiehl,high,2014-07-01
24191,sgiehl,high,2014-08-01
24212,sgiehl,high,2014-09-01
24234,sgiehl,high,2014-10-01
24260,sgiehl,high,2014-11-01
24273,sgiehl,high,2014-12-01
24283,sgiehl,high,2015-01-01
24312,sgiehl,high,2015-02-01
24343,sgiehl,high,2015-03-01
24362,sgiehl,high,2015-04-01
24381,sgiehl,high,2015-05-01
24403,sgiehl,high,2015-06-01
24424,sgiehl,high,2015-07-01
24444,sgiehl,high,2015-08-01
24468,sgiehl,high,2015-09-01
24493,sgiehl,high,2015-10-01
24511,sgiehl,high,2015-11-01
24522,sgiehl,high,2015-12-01
24545,sgiehl,high,2016-01-01
24567,sgiehl,high,2016-02-01
24586,sgiehl,high,2016-03-01
24615,sgiehl,high,2016-04-01
24635,sgiehl,high,2016-05-01
24648,sgiehl,high,2016-06-01
24655,sgiehl,high,2016-07-01
24662,sgiehl,high,2016-08-01
24669,sgiehl,high,2016-09-01
24679,sgiehl,high,2016-10-01
24694,sgiehl,high,2016-11-01
24718,sgiehl,high,2016-12-01
24729,sgiehl,high,2017-01-01
24758,sgiehl,high,2017-02-01
24776,sgiehl,high,2017-03-01
24814,sgiehl,high,2017-04-01
24838,sgiehl,high,2017-05-01
24869,sgiehl,high,2017-06-01
24894,sgiehl,high,2017-07-01
24921,sgiehl,high,2017-08-01
24948,sgiehl,high,2017-09-01
25021,sgiehl,high,2017-10-01
25053,sgiehl,high,2017-11-01
25092,sgiehl,high,2017-12-01
25110,sgiehl,high,2018-01-01
25118,sgiehl,high,2018-02-01
25143,sgiehl,high,2018-03-01
25178,sgiehl,high,2018-04-01
25195,sgiehl,high,2018-05-01
25248,sgiehl,high,2018-06-01
25279,sgiehl,high,2018-07-01
25306,sgiehl,high,2018-08-01
25336,sgiehl,high,2018-09-01
25345,sgiehl,high,2018-10-01
25378,sgiehl,high,2018-11-01
25390,sgiehl,high,2018-12-01
25402,sgiehl,high,2019-01-01
25421,sgiehl,high,2019-02-01
25426,sgiehl,high,2019-03-01
25447,sgiehl,high,2019-04-01
25452,sgiehl,high,2019-05-01
25457,sgiehl,high,2019-06-01
25461,sgiehl,high,2019-07-01
25481,sgiehl,high,2019-08-01
25496,sgiehl,high,2019-09-01
25505,sgiehl,high,2019-10-01
25514,sgiehl,high,2019-11-01
25534,sgiehl,high,2019-12-01
25548,sgiehl,high,2020-01-01
25567,sgiehl,high,2020-02-01
25611,sgiehl,high,2020-03-01
25653,sgiehl,high,2020-04-01
25703,sgiehl,high,2020-05-01
25718,sgiehl,high,2020-06-01
25741,sgiehl,high,2020-07-01
25768,sgiehl,high,2020-08-01
25778,sgiehl,high,2020-09-01
25780,sgiehl,high,2020-10-01
25805,sgiehl,high,2020-11-01
25847,sgiehl,high,2020-12-01
25916,sgiehl,high,2021-01-01
25948,sgiehl,high,2021-02-01
25967,sgiehl,high,2021-03-01
26005,sgiehl,high,2021-04-01
26024,sgiehl,high,2021-05-01
26051,sgiehl,high,2021-06-01
26066,sgiehl,high,2021-07-01
26092,sgiehl,high,2021-08-01
26119,sgiehl,high,2021-09-01
26145,sgiehl,high,2021-10-01
26164,sgiehl,high,2021-11-01
26217,sgiehl,high,2021-12-01
26250,sgiehl,high,2022-01-01
26286,sgiehl,high,2022-02-01
26351,sgiehl,high,2022-03-01
26406,sgiehl,high,2022-04-01
26474,sgiehl,high,2022-05-01
26533,sgiehl,high,2022-06-01
26599,sgiehl,high,2022-07-01
26649,sgiehl,high,2022-08-01
26713,sgiehl,high,2022-09-01
26747,sgiehl,high,2022-10-01
26798,sgiehl,high,2022-11-01
26901,sgiehl,high,2022-12-01
26939,sgiehl,high,2023-01-01
26995,toobaz,not available,2010-05-01
27001,mnlipp,not available,2010-05-01
27002,mnlipp,not available,2014-05-01
27003,mnlipp,not available,2015-04-01
27004,stefanschramm,not available,2010-07-01
27008,Konzertheld,not available,2010-07-01
27009,yotkadata,not available,2010-07-01
27010,lensovet,not available,2010-07-01
27012,lensovet,not available,2015-11-01
27013,lensovet,not available,2019-02-01
27014,lensovet,not available,2020-08-01
27015,BeezyT,high,2010-07-01
27023,BeezyT,high,2010-08-01
27026,BeezyT,high,2010-09-01
27031,BeezyT,high,2010-12-01
27032,BeezyT,high,2011-03-01
27033,BeezyT,high,2011-05-01
27057,BeezyT,high,2011-06-01
27060,BeezyT,high,2011-09-01
27074,BeezyT,high,2011-10-01
27104,BeezyT,high,2011-11-01
27131,BeezyT,high,2011-12-01
27132,BeezyT,high,2012-01-01
27138,BeezyT,high,2012-02-01
27150,BeezyT,high,2012-03-01
27158,BeezyT,high,2012-04-01
27177,BeezyT,high,2012-05-01
27178,BeezyT,high,2012-08-01
27206,BeezyT,high,2012-09-01
27209,BeezyT,high,2012-10-01
27236,BeezyT,high,2012-11-01
27251,BeezyT,high,2012-12-01
27253,BeezyT,high,2013-02-01
27254,BeezyT,high,2013-03-01
27266,BeezyT,high,2013-04-01
27280,BeezyT,high,2013-06-01
27289,BeezyT,high,2014-01-01
27293,BeezyT,high,2014-02-01
27319,BeezyT,high,2014-12-01
27323,BeezyT,high,2015-08-01
27328,BeezyT,high,2015-09-01
27329,changi67,not available,2010-08-01
27331,lehrer,not available,2010-09-01
27334,lehrer,not available,2011-01-01
27337,oparoz,high,2010-10-01
27350,oparoz,high,2010-11-01
27352,oparoz,high,2010-12-01
27353,oparoz,high,2011-03-01
27360,oparoz,high,2012-08-01
27363,oparoz,high,2012-09-01
27364,oparoz,high,2014-01-01
27365,oparoz,high,2015-07-01
27367,mgc8,not available,2010-10-01
27368,mgc8,not available,2016-01-01
27369,mgc8,not available,2016-10-01
27372,tgr,not available,2010-12-01
27374,Fil,not available,2011-01-01
27376,jloh,mid,2011-01-01
27383,jloh,mid,2011-02-01
27387,jloh,mid,2012-10-01
27389,jloh,mid,2012-11-01
27396,jloh,mid,2012-12-01
27398,jloh,mid,2013-01-01
27400,jloh,mid,2014-01-01
27403,jloh,mid,2015-03-01
27405,jloh,mid,2015-11-01
27406,jloh,mid,2017-01-01
27408,ziegenberg,mid,2011-01-01
27411,ziegenberg,mid,2011-05-01
27412,ziegenberg,mid,2011-06-01
27415,ziegenberg,mid,2011-07-01
27419,ziegenberg,mid,2012-02-01
27420,ziegenberg,mid,2021-04-01
27421,ziegenberg,mid,2021-07-01
27423,ziegenberg,mid,2021-09-01
27425,cbay,high,2011-01-01
27427,cbay,high,2011-05-01
27429,cbay,high,2011-07-01
27432,cbay,high,2012-03-01
27446,cbay,high,2012-05-01
27447,cbay,high,2012-06-01
27453,cbay,high,2012-07-01
27454,cbay,high,2012-08-01
27455,cbay,high,2012-11-01
27457,cbay,high,2012-12-01
27467,cbay,high,2013-01-01
27468,cbay,high,2015-03-01
27474,jacobshare,low,2011-01-01
27475,jacobshare,low,2012-05-01
27476,jacobshare,low,2012-06-01
27477,jacobshare,low,2013-03-01
27479,jacobshare,low,2013-04-01
27481,jacobshare,low,2015-02-01
27483,jonpasquier,not available,2011-02-01
27485,jonpasquier,not available,2011-05-01
27487,christianfutterlie,not available,2011-03-01
27488,christianfutterlie,not available,2012-11-01
27490,LoloIrie,not available,2011-05-01
27491,tsteur,high,2011-05-01
27492,tsteur,high,2011-07-01
27493,tsteur,high,2012-05-01
27496,tsteur,high,2012-06-01
27497,tsteur,high,2012-07-01
27499,tsteur,high,2012-08-01
27532,tsteur,high,2012-10-01
27533,tsteur,high,2013-02-01
27535,tsteur,high,2013-03-01
27536,tsteur,high,2013-04-01
27556,tsteur,high,2013-05-01
27558,tsteur,high,2013-06-01
27559,tsteur,high,2013-07-01
27560,tsteur,high,2013-08-01
27563,tsteur,high,2013-09-01
27589,tsteur,high,2013-10-01
27753,tsteur,high,2013-11-01
27884,tsteur,high,2013-12-01
27927,tsteur,high,2014-01-01
27995,tsteur,high,2014-02-01
28080,tsteur,high,2014-03-01
28182,tsteur,high,2014-04-01
28218,tsteur,high,2014-05-01
28429,tsteur,high,2014-06-01
28456,tsteur,high,2014-07-01
28516,tsteur,high,2014-08-01
28609,tsteur,high,2014-09-01
28663,tsteur,high,2014-10-01
28795,tsteur,high,2014-11-01
28898,tsteur,high,2014-12-01
28947,tsteur,high,2015-01-01
29046,tsteur,high,2015-02-01
29171,tsteur,high,2015-03-01
29223,tsteur,high,2015-04-01
29285,tsteur,high,2015-05-01
29398,tsteur,high,2015-06-01
29508,tsteur,high,2015-07-01
29616,tsteur,high,2015-08-01
29761,tsteur,high,2015-09-01
29884,tsteur,high,2015-10-01
30048,tsteur,high,2015-11-01
30214,tsteur,high,2015-12-01
30334,tsteur,high,2016-01-01
30498,tsteur,high,2016-02-01
30683,tsteur,high,2016-03-01
30808,tsteur,high,2016-04-01
30903,tsteur,high,2016-05-01
30992,tsteur,high,2016-06-01
31036,tsteur,high,2016-07-01
31076,tsteur,high,2016-08-01
31134,tsteur,high,2016-09-01
31178,tsteur,high,2016-10-01
31231,tsteur,high,2016-11-01
31305,tsteur,high,2016-12-01
31367,tsteur,high,2017-01-01
31387,tsteur,high,2017-02-01
31433,tsteur,high,2017-03-01
31479,tsteur,high,2017-04-01
31493,tsteur,high,2017-05-01
31501,tsteur,high,2017-06-01
31514,tsteur,high,2017-08-01
31518,tsteur,high,2017-09-01
31538,tsteur,high,2017-10-01
31552,tsteur,high,2017-11-01
31557,tsteur,high,2017-12-01
31565,tsteur,high,2018-01-01
31603,tsteur,high,2018-02-01
31623,tsteur,high,2018-03-01
31640,tsteur,high,2018-04-01
31658,tsteur,high,2018-05-01
31718,tsteur,high,2018-06-01
31727,tsteur,high,2018-07-01
31757,tsteur,high,2018-08-01
31774,tsteur,high,2018-09-01
31835,tsteur,high,2018-10-01
31888,tsteur,high,2018-11-01
31964,tsteur,high,2018-12-01
32099,tsteur,high,2019-01-01
32147,tsteur,high,2019-02-01
32203,tsteur,high,2019-03-01
32288,tsteur,high,2019-04-01
32385,tsteur,high,2019-05-01
32465,tsteur,high,2019-06-01
32537,tsteur,high,2019-07-01
32609,tsteur,high,2019-08-01
32667,tsteur,high,2019-09-01
32725,tsteur,high,2019-10-01
32809,tsteur,high,2019-11-01
32918,tsteur,high,2019-12-01
33038,tsteur,high,2020-01-01
33150,tsteur,high,2020-02-01
33274,tsteur,high,2020-03-01
33367,tsteur,high,2020-04-01
33472,tsteur,high,2020-05-01
33537,tsteur,high,2020-06-01
33633,tsteur,high,2020-07-01
33701,tsteur,high,2020-08-01
33767,tsteur,high,2020-09-01
33848,tsteur,high,2020-10-01
33926,tsteur,high,2020-11-01
34028,tsteur,high,2020-12-01
34154,tsteur,high,2021-01-01
34259,tsteur,high,2021-02-01
34315,tsteur,high,2021-03-01
34374,tsteur,high,2021-04-01
34394,tsteur,high,2021-05-01
34437,tsteur,high,2021-06-01
34470,tsteur,high,2021-07-01
34531,tsteur,high,2021-08-01
34583,tsteur,high,2021-09-01
34642,tsteur,high,2021-10-01
34738,tsteur,high,2021-11-01
34793,tsteur,high,2021-12-01
34825,tsteur,high,2022-01-01
34861,tsteur,high,2022-02-01
34896,tsteur,high,2022-03-01
34915,tsteur,high,2022-04-01
34932,tsteur,high,2022-05-01
34947,tsteur,high,2022-06-01
34962,tsteur,high,2022-07-01
34978,tsteur,high,2022-08-01
34991,tsteur,high,2022-09-01
35009,tsteur,high,2022-10-01
35032,tsteur,high,2022-11-01
35050,tsteur,high,2022-12-01
35057,tsteur,high,2023-01-01
35071,Thomas--F,low,2011-05-01
35083,Thomas--F,low,2013-09-01
35084,Thomas--F,low,2013-12-01
35085,Thomas--F,low,2014-01-01
35086,Thomas--F,low,2014-04-01
35087,Thomas--F,low,2016-08-01
35090,Thomas--F,low,2016-09-01
35091,sense-design,low,2011-06-01
35097,sense-design,low,2012-09-01
35099,netAction,not available,2011-06-01
35102,campino2k,not available,2011-08-01
35103,campino2k,not available,2013-07-01
35104,campino2k,not available,2019-03-01
35105,diosmosis,high,2011-08-01
35109,diosmosis,high,2011-09-01
35122,diosmosis,high,2011-10-01
35136,diosmosis,high,2011-11-01
35147,diosmosis,high,2011-12-01
35154,diosmosis,high,2012-01-01
35158,diosmosis,high,2012-02-01
35161,diosmosis,high,2012-03-01
35167,diosmosis,high,2012-04-01
35188,diosmosis,high,2012-05-01
35256,diosmosis,high,2012-06-01
35278,diosmosis,high,2012-07-01
35333,diosmosis,high,2012-08-01
35433,diosmosis,high,2012-09-01
35451,diosmosis,high,2012-10-01
35485,diosmosis,high,2012-11-01
35506,diosmosis,high,2012-12-01
35545,diosmosis,high,2013-01-01
35560,diosmosis,high,2013-02-01
35588,diosmosis,high,2013-03-01
35613,diosmosis,high,2013-04-01
35636,diosmosis,high,2013-05-01
35639,diosmosis,high,2013-06-01
35640,diosmosis,high,2013-07-01
35642,diosmosis,high,2013-08-01
35643,diosmosis,high,2013-09-01
35647,diosmosis,high,2013-10-01
35679,diosmosis,high,2013-12-01
35699,diosmosis,high,2014-01-01
35715,diosmosis,high,2014-02-01
35741,diosmosis,high,2014-03-01
35767,diosmosis,high,2014-04-01
35771,diosmosis,high,2014-06-01
35774,diosmosis,high,2014-07-01
35785,diosmosis,high,2014-08-01
35802,diosmosis,high,2014-09-01
35845,diosmosis,high,2014-10-01
35926,diosmosis,high,2014-11-01
35938,diosmosis,high,2014-12-01
35952,diosmosis,high,2015-01-01
35978,diosmosis,high,2015-02-01
36009,diosmosis,high,2015-03-01
36054,diosmosis,high,2015-04-01
36094,diosmosis,high,2015-05-01
36143,diosmosis,high,2015-06-01
36164,diosmosis,high,2015-07-01
36192,diosmosis,high,2015-08-01
36216,diosmosis,high,2015-09-01
36243,diosmosis,high,2015-10-01
36260,diosmosis,high,2015-11-01
36269,diosmosis,high,2015-12-01
36272,diosmosis,high,2016-01-01
36273,diosmosis,high,2017-11-01
36274,diosmosis,high,2017-12-01
36276,diosmosis,high,2018-01-01
36277,diosmosis,high,2018-03-01
36285,diosmosis,high,2018-04-01
36290,diosmosis,high,2018-05-01
36306,diosmosis,high,2018-06-01
36314,diosmosis,high,2018-07-01
36328,diosmosis,high,2018-08-01
36342,diosmosis,high,2018-09-01
36361,diosmosis,high,2018-10-01
36368,diosmosis,high,2018-12-01
36389,diosmosis,high,2019-01-01
36398,diosmosis,high,2019-02-01
36416,diosmosis,high,2019-03-01
36425,diosmosis,high,2019-05-01
36432,diosmosis,high,2019-06-01
36435,diosmosis,high,2019-07-01
36442,diosmosis,high,2019-08-01
36443,diosmosis,high,2019-09-01
36448,diosmosis,high,2019-10-01
36449,diosmosis,high,2019-11-01
36463,diosmosis,high,2019-12-01
36477,diosmosis,high,2020-01-01
36496,diosmosis,high,2020-02-01
36514,diosmosis,high,2020-03-01
36522,diosmosis,high,2020-04-01
36535,diosmosis,high,2020-05-01
36542,diosmosis,high,2020-06-01
36546,diosmosis,high,2020-07-01
36550,diosmosis,high,2020-08-01
36553,diosmosis,high,2020-09-01
36563,diosmosis,high,2020-10-01
36578,diosmosis,high,2020-11-01
36588,diosmosis,high,2020-12-01
36614,diosmosis,high,2021-01-01
36633,diosmosis,high,2021-02-01
36685,diosmosis,high,2021-03-01
36731,diosmosis,high,2021-04-01
36780,diosmosis,high,2021-05-01
36829,diosmosis,high,2021-06-01
36857,diosmosis,high,2021-07-01
36898,diosmosis,high,2021-08-01
36919,diosmosis,high,2021-09-01
36920,diosmosis,high,2021-10-01
36921,diosmosis,high,2021-11-01
36924,diosmosis,high,2021-12-01
36927,diosmosis,high,2022-01-01
36939,diosmosis,high,2022-02-01
36944,diosmosis,high,2022-03-01
36946,diosmosis,high,2022-04-01
36948,diosmosis,high,2022-05-01
36958,diosmosis,high,2022-06-01
36961,diosmosis,high,2022-07-01
36965,diosmosis,high,2022-08-01
36968,diosmosis,high,2022-09-01
36971,diosmosis,high,2023-01-01
36973,anarcat,not available,2011-09-01
36974,anarcat,not available,2013-04-01
36975,ghost,high,2011-11-01
36977,ghost,high,2014-05-01
36978,ghost,high,2014-07-01
36979,ghost,high,2014-08-01
36981,ghost,high,2014-09-01
36983,ghost,high,2014-10-01
36984,ghost,high,2014-11-01
36991,ghost,high,2014-12-01
36999,ghost,high,2015-01-01
37004,ghost,high,2015-02-01
37007,ghost,high,2015-03-01
37008,ghost,high,2015-04-01
37010,ghost,high,2015-05-01
37012,ghost,high,2015-06-01
37013,ghost,high,2015-07-01
37016,ghost,high,2015-08-01
37017,ghost,high,2015-09-01
37019,ghost,high,2015-11-01
37020,ghost,high,2015-12-01
37025,ghost,high,2016-01-01
37029,ghost,high,2016-02-01
37034,ghost,high,2016-03-01
37036,ghost,high,2016-04-01
37041,ghost,high,2016-05-01
37043,ghost,high,2016-06-01
37048,ghost,high,2016-07-01
37049,ghost,high,2016-08-01
37051,ghost,high,2016-09-01
37056,ghost,high,2016-10-01
37057,ghost,high,2016-11-01
37075,ghost,high,2016-12-01
37078,ghost,high,2017-02-01
37081,ghost,high,2017-03-01
37082,ghost,high,2017-04-01
37084,ghost,high,2017-05-01
37091,ghost,high,2017-06-01
37093,ghost,high,2017-07-01
37094,ghost,high,2017-09-01
37095,ghost,high,2017-10-01
37097,ghost,high,2017-11-01
37099,ghost,high,2018-05-01
37100,ghost,high,2018-07-01
37108,ghost,high,2018-08-01
37111,ghost,high,2018-09-01
37112,ghost,high,2019-03-01
37113,ghost,high,2019-04-01
37114,ghost,high,2020-02-01
37118,ghost,high,2020-04-01
37120,ghost,high,2020-05-01
37123,ghost,high,2020-08-01
37127,ghost,high,2020-09-01
37129,ghost,high,2020-12-01
37132,ghost,high,2021-02-01
37133,tomkuipers,not available,2011-12-01
37134,kiav,not available,2012-01-01
37140,cloph,not available,2012-02-01
37141,fmarier,not available,2012-02-01
37142,oliverhumpage,low,2012-03-01
37145,oliverhumpage,low,2012-05-01
37146,oliverhumpage,low,2012-06-01
37150,luto,not available,2012-04-01
37151,pklaus,not available,2012-04-01
37153,ryrun,high,2012-05-01
37155,ryrun,high,2012-06-01
37156,ryrun,high,2012-10-01
37159,ryrun,high,2012-11-01
37160,ryrun,high,2014-03-01
37163,ryrun,high,2014-04-01
37164,ryrun,high,2014-05-01
37165,ryrun,high,2014-07-01
37166,ryrun,high,2014-09-01
37167,ryrun,high,2015-04-01
37169,ryrun,high,2015-05-01
37171,ryrun,high,2015-06-01
37172,ryrun,high,2016-08-01
37173,ryrun,high,2019-04-01
37174,shenron42,not available,2012-05-01
37175,arminrosu,not available,2012-06-01
37178,arminrosu,not available,2012-08-01
37181,pcworld,not available,2012-06-01
37182,pcworld,not available,2017-12-01
37183,catchin,not available,2012-06-01
37184,catchin,not available,2012-07-01
37188,catchin,not available,2012-10-01
37189,ddeimeke,not available,2012-06-01
37190,Amenel,mid,2012-07-01
37191,Amenel,mid,2012-08-01
37198,Amenel,mid,2013-04-01
37199,Amenel,mid,2013-05-01
37200,Amenel,mid,2013-06-01
37201,Amenel,mid,2015-07-01
37205,Amenel,mid,2015-11-01
37206,alexlehm,not available,2012-07-01
37207,alexlehm,not available,2014-02-01
37212,chmielot,low,2012-08-01
37222,chmielot,low,2012-10-01
37225,chmielot,low,2015-07-01
37226,aspectra,not available,2012-08-01
37227,nnnnathann,not available,2012-08-01
37228,pwalsh,not available,2012-08-01
37229,Talkless,not available,2012-10-01
37233,Talkless,not available,2019-03-01
37234,hpvd,high,2012-10-01
37239,hpvd,high,2012-11-01
37241,hpvd,high,2012-12-01
37243,hpvd,high,2013-01-01
37254,hpvd,high,2013-03-01
37258,hpvd,high,2013-06-01
37260,hpvd,high,2013-07-01
37263,hpvd,high,2013-09-01
37267,hpvd,high,2013-10-01
37293,hpvd,high,2013-11-01
37352,hpvd,high,2013-12-01
37394,hpvd,high,2014-01-01
37426,hpvd,high,2014-02-01
37485,hpvd,high,2014-03-01
37541,hpvd,high,2014-04-01
37549,hpvd,high,2014-05-01
37587,hpvd,high,2014-06-01
37605,hpvd,high,2014-07-01
37610,hpvd,high,2014-08-01
37617,hpvd,high,2014-09-01
37623,hpvd,high,2014-10-01
37626,hpvd,high,2014-11-01
37628,hpvd,high,2014-12-01
37630,hpvd,high,2015-02-01
37631,hpvd,high,2015-03-01
37635,hpvd,high,2015-04-01
37640,hpvd,high,2015-06-01
37644,hpvd,high,2015-07-01
37647,hpvd,high,2015-08-01
37652,hpvd,high,2015-09-01
37679,hpvd,high,2015-10-01
37708,hpvd,high,2015-11-01
37773,hpvd,high,2015-12-01
37780,hpvd,high,2016-01-01
37851,hpvd,high,2016-02-01
37898,hpvd,high,2016-03-01
37907,hpvd,high,2016-04-01
37945,hpvd,high,2016-05-01
37950,hpvd,high,2016-06-01
37959,hpvd,high,2016-07-01
37980,hpvd,high,2016-08-01
37982,hpvd,high,2016-09-01
38003,hpvd,high,2016-10-01
38023,hpvd,high,2016-11-01
38024,hpvd,high,2016-12-01
38029,hpvd,high,2017-01-01
38041,hpvd,high,2017-03-01
38050,hpvd,high,2017-04-01
38051,hpvd,high,2017-05-01
38059,hpvd,high,2017-06-01
38062,hpvd,high,2017-09-01
38112,mmoya,not available,2012-11-01
38113,mmoya,not available,2014-01-01
38115,mainboarder,low,2012-11-01
38116,mainboarder,low,2013-05-01
38118,mainboarder,low,2014-01-01
38123,mainboarder,low,2014-08-01
38124,ujdhesa,not available,2012-12-01
38125,ptobler,not available,2012-12-01
38126,ptobler,not available,2013-03-01
38128,ptobler,not available,2013-07-01
38129,BrainCrumbz,not available,2013-01-01
38137,sirtet,mid,2013-01-01
38141,sirtet,mid,2014-08-01
38143,sirtet,mid,2015-02-01
38151,sirtet,mid,2015-03-01
38156,sirtet,mid,2016-07-01
38157,ao1977,not available,2013-01-01
38159,sksksksk,not available,2013-01-01
38161,sksksksk,not available,2014-01-01
38164,sksksksk,not available,2014-02-01
38165,dogmatic69,not available,2013-01-01
38166,dogmatic69,not available,2013-02-01
38168,claytondaley,mid,2013-02-01
38169,claytondaley,mid,2013-10-01
38170,claytondaley,mid,2014-09-01
38174,claytondaley,mid,2015-02-01
38178,claytondaley,mid,2015-05-01
38180,claytondaley,mid,2017-03-01
38182,claytondaley,mid,2017-06-01
38184,claytondaley,mid,2019-04-01
38188,nullnull-00,mid,2013-02-01
38193,nullnull-00,mid,2013-03-01
38194,nullnull-00,mid,2013-07-01
38197,nullnull-00,mid,2013-08-01
38198,nullnull-00,mid,2013-12-01
38201,nullnull-00,mid,2014-01-01
38202,nullnull-00,mid,2014-02-01
38207,dittaeva,not available,2013-02-01
38208,mrimann,not available,2013-03-01
38209,JohnDeery,low,2013-03-01
38211,JohnDeery,low,2013-05-01
38218,thaeli,not available,2013-03-01
38219,reedstrm,not available,2013-03-01
38220,ksubileau,mid,2013-04-01
38221,ksubileau,mid,2014-05-01
38224,ksubileau,mid,2015-01-01
38225,ksubileau,mid,2015-12-01
38226,ksubileau,mid,2016-03-01
38228,ksubileau,mid,2016-04-01
38229,LeCoyote,low,2013-04-01
38231,LeCoyote,low,2013-05-01
38234,LeCoyote,low,2014-03-01
38235,LeCoyote,low,2015-07-01
38237,simonschaufi,not available,2013-05-01
38241,simonschaufi,not available,2017-12-01
38242,simonschaufi,not available,2018-05-01
38243,gaumondp,high,2013-06-01
38244,gaumondp,high,2013-07-01
38247,gaumondp,high,2013-09-01
38250,gaumondp,high,2013-10-01
38252,gaumondp,high,2013-11-01
38255,gaumondp,high,2013-12-01
38256,gaumondp,high,2014-01-01
38259,gaumondp,high,2014-02-01
38262,gaumondp,high,2014-03-01
38263,gaumondp,high,2014-04-01
38269,gaumondp,high,2014-05-01
38278,gaumondp,high,2014-06-01
38282,gaumondp,high,2014-09-01
38289,gaumondp,high,2014-10-01
38298,gaumondp,high,2014-11-01
38300,gaumondp,high,2014-12-01
38302,gaumondp,high,2015-01-01
38305,gaumondp,high,2015-02-01
38317,gaumondp,high,2015-03-01
38323,gaumondp,high,2015-04-01
38333,gaumondp,high,2015-05-01
38338,gaumondp,high,2015-06-01
38345,gaumondp,high,2015-07-01
38350,gaumondp,high,2015-08-01
38354,gaumondp,high,2015-09-01
38358,gaumondp,high,2015-10-01
38373,gaumondp,high,2015-11-01
38378,gaumondp,high,2015-12-01
38384,gaumondp,high,2016-01-01
38389,gaumondp,high,2016-02-01
38403,gaumondp,high,2016-04-01
38404,gaumondp,high,2016-05-01
38406,gaumondp,high,2016-06-01
38409,gaumondp,high,2016-07-01
38411,gaumondp,high,2016-08-01
38412,gaumondp,high,2016-09-01
38418,gaumondp,high,2016-10-01
38423,gaumondp,high,2016-11-01
38426,gaumondp,high,2016-12-01
38428,gaumondp,high,2017-01-01
38430,gaumondp,high,2017-02-01
38433,gaumondp,high,2017-03-01
38434,oerdnj,not available,2013-07-01
38436,bauigel,not available,2013-07-01
38437,bauigel,not available,2013-12-01
38438,xjpvictor,not available,2013-08-01
38439,wmakley,not available,2013-08-01
38440,lippoliv,not available,2013-09-01
38442,lippoliv,not available,2016-03-01
38445,vnevremeni,not available,2013-10-01
38448,michalfapso,not available,2013-10-01
38451,tzi,high,2013-11-01
38454,tzi,high,2014-04-01
38455,tzi,high,2014-05-01
38457,tzi,high,2014-07-01
38460,tzi,high,2015-01-01
38461,tzi,high,2015-03-01
38462,tzi,high,2015-04-01
38463,tzi,high,2016-02-01
38464,MaxWinterstein,not available,2013-11-01
38465,RMastop,high,2013-12-01
38472,RMastop,high,2014-01-01
38478,RMastop,high,2014-07-01
38479,RMastop,high,2014-10-01
38480,RMastop,high,2014-11-01
38483,RMastop,high,2014-12-01
38484,RMastop,high,2015-02-01
38492,RMastop,high,2015-03-01
38507,RMastop,high,2015-04-01
38511,RMastop,high,2015-06-01
38512,RMastop,high,2015-09-01
38516,RMastop,high,2015-10-01
38518,RMastop,high,2015-11-01
38520,RMastop,high,2015-12-01
38523,RMastop,high,2016-01-01
38531,RMastop,high,2016-02-01
38533,RMastop,high,2016-04-01
38537,RMastop,high,2016-07-01
38540,RMastop,high,2016-09-01
38542,RMastop,high,2016-10-01
38545,RMastop,high,2016-11-01
38546,RMastop,high,2016-12-01
38554,RMastop,high,2017-01-01
38556,RMastop,high,2017-02-01
38565,RMastop,high,2017-03-01
38566,RMastop,high,2017-04-01
38571,RMastop,high,2017-05-01
38574,RMastop,high,2017-06-01
38575,RMastop,high,2017-07-01
38581,RMastop,high,2017-08-01
38585,RMastop,high,2017-10-01
38587,RMastop,high,2017-12-01
38589,RMastop,high,2018-06-01
38590,jakwings,not available,2013-12-01
38593,nkuehn,mid,2013-12-01
38594,nkuehn,mid,2014-02-01
38599,nkuehn,mid,2014-03-01
38600,nkuehn,mid,2014-04-01
38601,nkuehn,mid,2014-05-01
38603,nkuehn,mid,2014-06-01
38611,nkuehn,mid,2014-10-01
38616,nkuehn,mid,2014-12-01
38617,nkuehn,mid,2017-09-01
38618,nkuehn,mid,2017-10-01
38619,nkuehn,mid,2018-10-01
38620,jasonbukowski,low,2013-12-01
38626,jasonbukowski,low,2014-03-01
38628,DaAwesomeP,low,2013-12-01
38629,DaAwesomeP,low,2020-12-01
38630,DaAwesomeP,low,2021-01-01
38636,EPinci,not available,2013-12-01
38637,EPinci,not available,2017-12-01
38638,EPinci,not available,2019-08-01
38639,imoullet,low,2013-12-01
38640,imoullet,low,2014-02-01
38646,imoullet,low,2014-03-01
38648,imoullet,low,2014-11-01
38651,aureq,high,2014-01-01
38654,aureq,high,2014-09-01
38656,aureq,high,2014-11-01
38659,aureq,high,2015-01-01
38660,aureq,high,2015-05-01
38661,aureq,high,2016-02-01
38662,aureq,high,2016-10-01
38663,aureq,high,2017-04-01
38664,aureq,high,2017-05-01
38665,aureq,high,2017-09-01
38669,aureq,high,2018-04-01
38670,aureq,high,2019-01-01
38672,aureq,high,2019-03-01
38673,aureq,high,2020-10-01
38674,Jon-IB,not available,2014-01-01
38678,Jon-IB,not available,2018-11-01
38679,kerneis,not available,2014-01-01
38680,netcoop,not available,2014-01-01
38681,trilobit-gmbh,not available,2014-01-01
38684,trilobit-gmbh,not available,2014-09-01
38685,trilobit-gmbh,not available,2017-11-01
38687,OverZealous,not available,2014-01-01
38688,OverZealous,not available,2014-02-01
38689,OverZealous,not available,2014-03-01
38690,OverZealous,not available,2014-09-01
38691,kevinoid,low,2014-01-01
38692,kevinoid,low,2014-09-01
38693,kevinoid,low,2015-03-01
38694,kevinoid,low,2015-04-01
38695,kevinoid,low,2015-12-01
38696,kevinoid,low,2016-05-01
38697,kevinoid,low,2016-07-01
38698,kevinoid,low,2016-11-01
38699,kwasi,not available,2014-02-01
38700,mbresch-sf,not available,2014-02-01
38701,freelock,not available,2014-02-01
38703,freelock,not available,2014-09-01
38704,freelock,not available,2014-11-01
38705,freelock,not available,2015-02-01
38706,tassoman,high,2014-03-01
38711,tassoman,high,2014-04-01
38720,tassoman,high,2014-05-01
38736,tassoman,high,2014-06-01
38741,tassoman,high,2014-08-01
38744,tassoman,high,2014-09-01
38752,tassoman,high,2014-10-01
38756,tassoman,high,2014-11-01
38760,tassoman,high,2014-12-01
38761,tassoman,high,2015-01-01
38764,tassoman,high,2015-02-01
38767,tassoman,high,2015-03-01
38772,tassoman,high,2015-04-01
38775,tassoman,high,2015-06-01
38776,tassoman,high,2015-10-01
38778,tassoman,high,2015-11-01
38789,tassoman,high,2015-12-01
38790,tassoman,high,2016-01-01
38794,tassoman,high,2016-03-01
38801,tassoman,high,2016-04-01
38802,tassoman,high,2016-05-01
38803,tassoman,high,2016-06-01
38806,tassoman,high,2016-09-01
38807,tassoman,high,2017-04-01
38810,tassoman,high,2017-10-01
38811,tassoman,high,2017-12-01
38812,tassoman,high,2018-02-01
38813,tassoman,high,2018-04-01
38814,tassoman,high,2018-06-01
38816,tassoman,high,2018-07-01
38817,tassoman,high,2019-11-01
38825,tassoman,high,2020-01-01
38831,tassoman,high,2020-03-01
38834,tassoman,high,2020-04-01
38836,tassoman,high,2020-05-01
38841,tassoman,high,2020-06-01
38844,tassoman,high,2020-10-01
38846,tassoman,high,2020-12-01
38847,tassoman,high,2021-01-01
38848,tassoman,high,2021-09-01
38849,tassoman,high,2022-04-01
38851,tassoman,high,2022-07-01
38852,tassoman,high,2022-10-01
38853,tassoman,high,2022-12-01
38854,tassoman,high,2023-01-01
38856,EreMaijala,high,2014-03-01
38857,EreMaijala,high,2014-04-01
38858,EreMaijala,high,2019-01-01
38859,EreMaijala,high,2019-09-01
38860,EreMaijala,high,2019-10-01
38861,EreMaijala,high,2022-03-01
38864,EreMaijala,high,2022-06-01
38865,EreMaijala,high,2022-08-01
38866,pattonwebz,not available,2014-04-01
38870,ygrenier,not available,2014-04-01
38873,ygrenier,not available,2014-05-01
38874,dev-101,high,2014-04-01
38878,dev-101,high,2014-05-01
38884,dev-101,high,2014-09-01
38885,dev-101,high,2014-10-01
38886,dev-101,high,2015-11-01
38889,dev-101,high,2015-12-01
38891,dev-101,high,2016-02-01
38893,dev-101,high,2016-03-01
38901,dev-101,high,2016-04-01
38902,dev-101,high,2016-08-01
38904,dev-101,high,2016-10-01
38907,dev-101,high,2016-11-01
38912,dev-101,high,2016-12-01
38913,dev-101,high,2017-03-01
38916,dev-101,high,2017-12-01
38918,dev-101,high,2018-01-01
38924,dev-101,high,2018-02-01
38926,dev-101,high,2018-05-01
38928,dev-101,high,2018-09-01
38947,dev-101,high,2018-10-01
38950,dev-101,high,2019-01-01
38954,dev-101,high,2019-02-01
38980,dev-101,high,2019-03-01
38990,dev-101,high,2019-06-01
39000,dev-101,high,2019-12-01
39001,dev-101,high,2020-01-01
39002,dev-101,high,2020-02-01
39003,dev-101,high,2020-08-01
39012,dev-101,high,2020-10-01
39016,dev-101,high,2020-12-01
39019,dev-101,high,2021-01-01
39021,dev-101,high,2021-02-01
39037,dev-101,high,2021-03-01
39039,dev-101,high,2021-07-01
39044,dev-101,high,2021-10-01
39045,dev-101,high,2022-02-01
39047,dev-101,high,2022-09-01
39048,zeine77,not available,2014-04-01
39051,albig,not available,2014-04-01
39052,albig,not available,2014-05-01
39053,djowett,not available,2014-05-01
39054,mdawart,not available,2014-05-01
39055,canajun2eh,low,2014-05-01
39062,canajun2eh,low,2014-08-01
39063,canajun2eh,low,2015-02-01
39067,canajun2eh,low,2015-08-01
39068,JimTheFrog,not available,2014-05-01
39071,vspiliop,low,2014-05-01
39079,fogelfish,not available,2014-05-01
39080,zssoftware,not available,2014-05-01
39081,trec-r,not available,2014-05-01
39082,trec-r,not available,2016-11-01
39083,pvledoux,not available,2014-05-01
39084,ThaDafinser,high,2014-06-01
39088,ThaDafinser,high,2014-07-01
39108,ThaDafinser,high,2014-08-01
39122,ThaDafinser,high,2014-09-01
39132,ThaDafinser,high,2014-10-01
39137,ThaDafinser,high,2015-01-01
39141,ThaDafinser,high,2015-02-01
39156,ThaDafinser,high,2015-03-01
39159,ThaDafinser,high,2015-04-01
39168,ThaDafinser,high,2015-05-01
39172,ThaDafinser,high,2015-06-01
39173,ThaDafinser,high,2015-07-01
39176,ThaDafinser,high,2015-09-01
39180,ThaDafinser,high,2015-10-01
39196,ThaDafinser,high,2015-11-01
39198,ThaDafinser,high,2016-02-01
39200,ThaDafinser,high,2016-04-01
39203,ThaDafinser,high,2016-05-01
39204,ThaDafinser,high,2016-06-01
39205,ThaDafinser,high,2016-09-01
39206,ThaDafinser,high,2016-12-01
39207,ThaDafinser,high,2017-03-01
39209,ThaDafinser,high,2017-04-01
39212,mgazdzik,high,2014-06-01
39215,mgazdzik,high,2014-09-01
39219,mgazdzik,high,2014-10-01
39227,mgazdzik,high,2014-11-01
39230,mgazdzik,high,2014-12-01
39231,mgazdzik,high,2015-01-01
39232,mgazdzik,high,2015-02-01
39238,mgazdzik,high,2015-03-01
39245,mgazdzik,high,2015-04-01
39247,mgazdzik,high,2015-05-01
39255,mgazdzik,high,2015-06-01
39257,quba,high,2014-06-01
39258,quba,high,2014-07-01
39261,quba,high,2014-08-01
39269,quba,high,2014-09-01
39275,quba,high,2014-10-01
39279,quba,high,2014-11-01
39287,quba,high,2014-12-01
39293,quba,high,2015-01-01
39294,quba,high,2015-02-01
39298,quba,high,2015-03-01
39305,quba,high,2015-04-01
39309,quba,high,2015-05-01
39310,quba,high,2015-06-01
39326,quba,high,2015-07-01
39347,quba,high,2015-08-01
39366,quba,high,2015-09-01
39378,quba,high,2015-10-01
39386,quba,high,2015-11-01
39390,quba,high,2016-01-01
39407,quba,high,2016-02-01
39413,quba,high,2016-03-01
39422,quba,high,2016-04-01
39428,quba,high,2016-05-01
39434,quba,high,2016-07-01
39438,quba,high,2016-08-01
39440,harwoodspike,not available,2014-06-01
39441,sdussaut,not available,2014-07-01
39444,cemdev,not available,2014-07-01
39445,cemdev,not available,2015-02-01
39446,cemdev,not available,2015-07-01
39448,cemdev,not available,2015-12-01
39450,bijoyparackal,not available,2014-07-01
39453,fvdm,mid,2014-07-01
39455,fvdm,mid,2016-08-01
39469,fvdm,mid,2016-10-01
39470,fvdm,mid,2016-12-01
39471,fvdm,mid,2017-02-01
39472,fvdm,mid,2019-12-01
39473,fvdm,mid,2020-04-01
39475,fvdm,mid,2020-12-01
39477,fvdm,mid,2021-07-01
39478,Zefling,not available,2014-07-01
39479,Zefling,not available,2014-09-01
39480,Zefling,not available,2014-10-01
39481,Zefling,not available,2015-08-01
39483,Zefling,not available,2018-06-01
39484,agilo,not available,2014-07-01
39487,Globulopolis,high,2014-07-01
39489,Globulopolis,high,2014-08-01
39490,Globulopolis,high,2014-09-01
39491,Globulopolis,high,2014-11-01
39494,Globulopolis,high,2015-01-01
39495,Globulopolis,high,2015-02-01
39496,Globulopolis,high,2015-03-01
39501,Globulopolis,high,2015-04-01
39506,Globulopolis,high,2015-05-01
39507,Globulopolis,high,2015-06-01
39510,Globulopolis,high,2015-07-01
39512,Globulopolis,high,2015-10-01
39513,Globulopolis,high,2016-02-01
39514,Globulopolis,high,2016-05-01
39515,Globulopolis,high,2016-10-01
39516,Globulopolis,high,2017-01-01
39520,Globulopolis,high,2017-04-01
39521,Globulopolis,high,2017-09-01
39523,Globulopolis,high,2017-10-01
39524,Globulopolis,high,2020-03-01
39525,Globulopolis,high,2020-04-01
39527,Globulopolis,high,2020-06-01
39528,Globulopolis,high,2022-02-01
39532,amcnea,not available,2014-07-01
39533,ywarnier,not available,2014-07-01
39535,g-p-g,not available,2014-07-01
39536,g-p-g,not available,2015-06-01
39539,Diftraku,not available,2014-07-01
39540,sathome,not available,2014-07-01
39541,shaddowau,not available,2014-07-01
39542,neilgee,not available,2014-07-01
39543,elpollodiablo,not available,2014-07-01
39545,thetrial,not available,2014-07-01
39546,thetrial,not available,2014-09-01
39547,thetrial,not available,2015-11-01
39548,luflow,not available,2014-07-01
39549,luflow,not available,2014-11-01
39550,luflow,not available,2021-08-01
39551,pmaziere,not available,2014-07-01
39554,scottnonnenberg,not available,2014-07-01
39555,olivierlambert,not available,2014-07-01
39558,olivierlambert,not available,2017-10-01
39559,olivierlambert,not available,2017-12-01
39561,stefan-niedermann,not available,2014-07-01
39562,stefan-niedermann,not available,2015-05-01
39563,stefan-niedermann,not available,2015-06-01
39564,stefan-niedermann,not available,2019-10-01
39566,tfar,not available,2014-07-01
39567,apawell,not available,2014-07-01
39568,craue,not available,2014-07-01
39572,craue,not available,2015-02-01
39574,ways2we,not available,2014-07-01
39575,tschikarski,not available,2014-07-01
39576,mobdd,not available,2014-07-01
39577,Matysh,not available,2014-07-01
39578,d-bo,not available,2014-07-01
39579,enko,not available,2014-07-01
39580,enko,not available,2014-08-01
39581,denny0427,not available,2014-07-01
39582,phoenixphoto,not available,2014-07-01
39583,phoenixphoto,not available,2014-08-01
39584,fleish,not available,2014-07-01
39585,fleish,not available,2014-08-01
39587,brynnd,low,2014-07-01
39592,brynnd,low,2014-08-01
39595,brynnd,low,2014-09-01
39596,brynnd,low,2014-10-01
39600,brynnd,low,2014-11-01
39601,jlj,not available,2014-07-01
39603,wedi,not available,2014-07-01
39604,wedi,not available,2014-08-01
39606,wedi,not available,2015-01-01
39607,wedi,not available,2020-12-01
39608,gruberro,not available,2014-07-01
39609,dazorni,not available,2014-07-01
39610,arunvishnun,not available,2014-07-01
39611,arunvishnun,not available,2015-07-01
39612,mig5,low,2014-07-01
39613,mig5,low,2014-08-01
39614,mig5,low,2014-10-01
39616,mig5,low,2021-12-01
39620,d-lum,not available,2014-07-01
39621,emersion,not available,2014-07-01
39622,Bufallo,not available,2014-07-01
39623,averymd,low,2014-07-01
39624,averymd,low,2014-12-01
39625,averymd,low,2015-01-01
39627,averymd,low,2015-02-01
39635,geotux,not available,2014-07-01
39636,fenta23,not available,2014-07-01
39637,Shine75,not available,2014-07-01
39638,itsdun,not available,2014-07-01
39639,rivadav,mid,2014-08-01
39644,rivadav,mid,2014-09-01
39646,rivadav,mid,2014-10-01
39647,merowinbt,not available,2014-08-01
39650,merowinbt,not available,2014-09-01
39651,NekR,not available,2014-08-01
39653,mnapoli,high,2014-08-01
39656,mnapoli,high,2014-09-01
39657,mnapoli,high,2014-10-01
39725,mnapoli,high,2014-11-01
39762,mnapoli,high,2014-12-01
39800,mnapoli,high,2015-01-01
39834,mnapoli,high,2015-02-01
39896,mnapoli,high,2015-03-01
39982,mnapoli,high,2015-04-01
40061,mnapoli,high,2015-05-01
40140,mnapoli,high,2015-06-01
40192,mnapoli,high,2015-07-01
40224,mnapoli,high,2015-08-01
40254,mnapoli,high,2015-09-01
40256,tomee,not available,2014-08-01
40258,iwizardpro,not available,2014-08-01
40259,integrationtester,mid,2014-08-01
40261,integrationtester,mid,2014-09-01
40262,integrationtester,mid,2014-10-01
40268,HG1991,not available,2014-08-01
40269,meilon,not available,2014-08-01
40270,larsen0815,mid,2014-08-01
40275,larsen0815,mid,2015-04-01
40276,larsen0815,mid,2015-05-01
40277,larsen0815,mid,2015-07-01
40279,larsen0815,mid,2015-08-01
40285,larsen0815,mid,2019-04-01
40287,larsen0815,mid,2019-08-01
40290,larsen0815,mid,2021-06-01
40295,larsen0815,mid,2021-07-01
40296,larsen0815,mid,2022-08-01
40297,mmessier,not available,2014-08-01
40298,wotis,not available,2014-08-01
40301,wotis,not available,2014-10-01
40303,sbesnaud,not available,2014-08-01
40307,ondrejmirtes,not available,2014-08-01
40311,dertuxmalwieder,low,2014-08-01
40315,dertuxmalwieder,low,2016-10-01
40317,dertuxmalwieder,low,2019-10-01
40319,daincredibleholg,not available,2014-08-01
40321,d10r,not available,2014-08-01
40326,bglxx,mid,2014-08-01
40328,bglxx,mid,2014-09-01
40329,bglxx,mid,2014-12-01
40331,bglxx,mid,2015-02-01
40338,bglxx,mid,2015-04-01
40339,bglxx,mid,2018-09-01
40340,urda,not available,2014-08-01
40341,urda,not available,2015-01-01
40343,yotamv,not available,2014-08-01
40345,ak5,not available,2014-08-01
40349,ak5,not available,2014-11-01
40350,ak5,not available,2015-01-01
40351,duffybelfield,not available,2014-08-01
40354,StommePoes,not available,2014-08-01
40358,StommePoes,not available,2014-10-01
40359,johsin18,high,2014-08-01
40360,johsin18,high,2015-05-01
40362,johsin18,high,2016-12-01
40365,johsin18,high,2018-01-01
40366,johsin18,high,2018-07-01
40373,johsin18,high,2018-08-01
40375,johsin18,high,2019-12-01
40378,johsin18,high,2020-04-01
40380,dinesh6868,not available,2014-08-01
40382,kevmimcc,low,2014-08-01
40384,kevmimcc,low,2014-09-01
40396,jochen-jung,not available,2014-08-01
40398,jochen-jung,not available,2014-09-01
40399,martienne,not available,2014-08-01
40401,fengkaijia,mid,2014-08-01
40404,fengkaijia,mid,2017-09-01
40407,fengkaijia,mid,2018-04-01
40408,fengkaijia,mid,2018-05-01
40409,fengkaijia,mid,2020-02-01
40410,kenny666111,not available,2014-08-01
40411,tolbkni,not available,2014-08-01
40412,pandarison,not available,2014-08-01
40414,codepiano,not available,2014-08-01
40415,hutushen222,not available,2014-08-01
40416,qiuai,not available,2014-08-01
40417,nhebling,not available,2014-08-01
40418,mavroprovato,not available,2014-08-01
40419,zzcworld,not available,2014-08-01
40420,rmcastroc,not available,2014-08-01
40422,pnull,not available,2014-08-01
40423,joubertredrat,mid,2014-08-01
40425,joubertredrat,mid,2015-04-01
40427,joubertredrat,mid,2015-05-01
40428,joubertredrat,mid,2016-03-01
40429,joubertredrat,mid,2016-06-01
40435,joubertredrat,mid,2016-07-01
40438,joubertredrat,mid,2016-10-01
40439,dessant,not available,2014-08-01
40440,dessant,not available,2016-06-01
40441,dessant,not available,2016-10-01
40444,andykirk,not available,2014-08-01
40445,kylekatarnls,high,2014-08-01
40449,kylekatarnls,high,2014-09-01
40462,kylekatarnls,high,2014-10-01
40465,kylekatarnls,high,2014-12-01
40466,kylekatarnls,high,2015-09-01
40469,kylekatarnls,high,2015-10-01
40470,kylekatarnls,high,2016-01-01
40471,kylekatarnls,high,2016-09-01
40473,kylekatarnls,high,2018-09-01
40474,milesmatthias,not available,2014-08-01
40476,czolnowski,not available,2014-08-01
40479,czolnowski,not available,2014-11-01
40480,czolnowski,not available,2014-12-01
40483,bjornhij,not available,2014-08-01
40484,alphaonex86,mid,2014-08-01
40486,alphaonex86,mid,2014-10-01
40493,alphaonex86,mid,2014-12-01
40495,alphaonex86,mid,2015-04-01
40500,alphaonex86,mid,2015-05-01
40507,alphaonex86,mid,2015-06-01
40508,alphaonex86,mid,2016-01-01
40511,alphaonex86,mid,2016-07-01
40513,alphaonex86,mid,2018-01-01
40516,alphaonex86,mid,2018-03-01
40520,alphaonex86,mid,2018-05-01
40527,pmontepagano,not available,2014-08-01
40528,Guite,mid,2014-08-01
40529,Guite,mid,2015-01-01
40536,Guite,mid,2015-02-01
40537,Guite,mid,2015-04-01
40539,Guite,mid,2015-05-01
40541,Guite,mid,2015-06-01
40546,Guite,mid,2015-09-01
40547,Guite,mid,2019-03-01
40549,datenimperator,not available,2014-08-01
40550,sim4life,not available,2014-08-01
40551,nerdoc,not available,2014-08-01
40552,nerdoc,not available,2014-12-01
40553,nerdoc,not available,2019-11-01
40554,nerdoc,not available,2021-07-01
40555,nerdoc,not available,2021-08-01
40556,lorddoumer,not available,2014-08-01
40557,alexander7567,not available,2014-08-01
40558,alexander7567,not available,2015-11-01
40559,git001,not available,2014-08-01
40561,ocontant,not available,2014-08-01
40563,lourdas,mid,2014-08-01
40564,lourdas,mid,2014-12-01
40565,lourdas,mid,2015-02-01
40566,lourdas,mid,2015-08-01
40573,lourdas,mid,2015-10-01
40574,lourdas,mid,2017-03-01
40575,lourdas,mid,2019-01-01
40580,lourdas,mid,2020-01-01
40581,milgner,not available,2014-08-01
40582,faitno,not available,2014-08-01
40584,faitno,not available,2015-01-01
40585,marclaporte,high,2014-08-01
40586,marclaporte,high,2015-03-01
40589,marclaporte,high,2015-05-01
40590,marclaporte,high,2015-08-01
40592,marclaporte,high,2015-10-01
40593,multiformeingegno,not available,2014-09-01
40600,poldixd,not available,2014-09-01
40601,poldixd,not available,2019-01-01
40602,poldixd,not available,2019-03-01
40605,erodrig9,not available,2014-09-01
40607,erodrig9,not available,2014-12-01
40608,erodrig9,not available,2015-10-01
40609,erodrig9,not available,2016-05-01
40610,erodrig9,not available,2017-05-01
40612,dmb-dz,not available,2014-09-01
40614,mmassi,not available,2014-09-01
40615,postalservice14,not available,2014-09-01
40617,kcpal,not available,2014-09-01
40618,odesport,not available,2014-09-01
40620,rindeal,not available,2014-09-01
40621,volkan,not available,2014-09-01
40622,ghelleks,not available,2014-09-01
40623,ham1,not available,2014-09-01
40624,scholtzmi,not available,2014-09-01
40629,klaus7,not available,2014-09-01
40630,to6,not available,2014-09-01
40631,digedag,not available,2014-09-01
40632,RazvanMihaiu,not available,2014-09-01
40633,uxbod,not available,2014-09-01
40634,uxbod,not available,2017-11-01
40636,badpenguin,not available,2014-09-01
40637,JanMalte,not available,2014-09-01
40638,cemana,not available,2014-09-01
40639,mikeingz,not available,2014-09-01
40646,mkurzeja,not available,2014-09-01
40647,BhanuKakarla,not available,2014-09-01
40651,BhanuKakarla,not available,2014-10-01
40652,heinemml,not available,2014-09-01
40654,matsbla,low,2014-09-01
40665,matsbla,low,2014-10-01
40667,matsbla,low,2015-10-01
40668,matsbla,low,2015-11-01
40669,JeGr,not available,2014-09-01
40670,rroemhild,not available,2014-09-01
40673,alexhass,mid,2014-09-01
40674,alexhass,mid,2015-05-01
40677,alexhass,mid,2019-03-01
40680,alexhass,mid,2020-02-01
40687,alexhass,mid,2021-10-01
40690,alexhass,mid,2021-11-01
40693,alexhass,mid,2022-02-01
40695,alexhass,mid,2022-09-01
40698,zefat,not available,2014-09-01
40704,zefat,not available,2015-02-01
40705,anchalaggarwal,not available,2014-09-01
40706,anchalaggarwal,not available,2015-07-01
40707,GKinMD,not available,2014-09-01
40708,duritong,not available,2014-09-01
40709,duritong,not available,2015-07-01
40712,freaktechnik,not available,2014-09-01
40713,RobertCNelson,not available,2014-09-01
40715,Gnarfoz,not available,2014-09-01
40718,martin-ueding,not available,2014-09-01
40721,mawi22,not available,2014-09-01
40722,filippog,mid,2014-09-01
40724,filippog,mid,2014-11-01
40725,filippog,mid,2015-02-01
40726,filippog,mid,2016-03-01
40729,filippog,mid,2017-12-01
40730,maheshm,not available,2014-09-01
40735,jaakristioja,not available,2014-09-01
40737,jaakristioja,not available,2014-11-01
40738,jaakristioja,not available,2015-03-01
40739,suniltiwari345,not available,2014-09-01
40743,tantalum,not available,2014-09-01
40745,drammons,not available,2014-09-01
40747,drammons,not available,2014-11-01
40748,drammons,not available,2014-12-01
40749,emilylynne,not available,2014-09-01
40750,emilyTK,not available,2014-09-01
40751,andreli,not available,2014-09-01
40757,andreli,not available,2014-11-01
40758,tvincenti,not available,2014-09-01
40759,websirnik,not available,2014-09-01
40760,websirnik,not available,2014-10-01
40762,websirnik,not available,2018-02-01
40763,gcmartijn,not available,2014-09-01
40764,gcmartijn,not available,2015-08-01
40765,IMuzammil,not available,2014-09-01
40766,qwesda,not available,2014-09-01
40769,Wusch,not available,2014-09-01
40770,NanorPiwik,low,2014-09-01
40771,NanorPiwik,low,2014-10-01
40774,NanorPiwik,low,2017-02-01
40776,NanorPiwik,low,2018-11-01
40777,NanorPiwik,low,2019-08-01
40778,Ravenstine,not available,2014-09-01
40779,greatmorro,not available,2014-09-01
40780,EduardTrayan,low,2014-09-01
40782,EduardTrayan,low,2014-10-01
40788,EduardTrayan,low,2014-12-01
40789,djokage,not available,2014-09-01
40793,silvioto,not available,2014-09-01
40794,silvioto,not available,2015-04-01
40796,silvioto,not available,2015-05-01
40797,nikolas,not available,2014-10-01
40800,redam,not available,2014-10-01
40801,szepeviktor,high,2014-10-01
40805,szepeviktor,high,2014-11-01
40807,szepeviktor,high,2015-03-01
40808,szepeviktor,high,2015-04-01
40811,szepeviktor,high,2015-07-01
40812,szepeviktor,high,2015-08-01
40819,szepeviktor,high,2019-03-01
40826,p-banaszczyk,not available,2014-10-01
40827,AnExiledDev,not available,2014-10-01
40828,nlsrchtr,not available,2014-10-01
40832,TimGr,not available,2014-10-01
40835,nicwortel,not available,2014-10-01
40837,nicwortel,not available,2020-12-01
40839,glucik,not available,2014-10-01
40841,Spone,not available,2014-10-01
40842,jochen42,low,2014-10-01
40857,Taenvan,not available,2014-10-01
40858,a4tunado,not available,2014-10-01
40860,voku,not available,2014-10-01
40863,heidarymr,low,2014-10-01
40869,heidarymr,low,2015-02-01
40871,heidarymr,low,2015-07-01
40872,noa-appletech,not available,2014-10-01
40874,uprise10,not available,2014-10-01
40877,mauserrifle,not available,2014-10-01
40878,donjan,not available,2014-10-01
40879,abhinav-koppula,not available,2014-10-01
40881,mygithuber,mid,2014-10-01
40885,mygithuber,mid,2017-12-01
40889,fun-echidna,not available,2014-10-01
40890,xishanshigri,not available,2014-10-01
40891,pksh,not available,2014-10-01
40893,classaxe,not available,2014-10-01
40895,hmage,not available,2014-10-01
40899,bramus,not available,2014-10-01
40900,bramus,not available,2014-11-01
40901,Astaoth,not available,2014-10-01
40902,dotsb,not available,2014-10-01
40903,GeethaAnne,not available,2014-10-01
40904,j-mo,not available,2014-10-01
40905,wolfgang42,not available,2014-10-01
40906,wolfgang42,not available,2015-03-01
40908,gggeek,not available,2014-10-01
40909,orlitzky,low,2014-10-01
40913,orlitzky,low,2019-10-01
40915,orlitzky,low,2020-12-01
40920,orlitzky,low,2021-04-01
40921,lancerushing,not available,2014-10-01
40922,ataraxie,low,2014-10-01
40926,ataraxie,low,2014-11-01
40928,ataraxie,low,2015-03-01
40930,schnti,not available,2014-10-01
40931,voidswitch,not available,2014-10-01
40935,voidswitch,not available,2015-02-01
40936,alanivey,not available,2014-10-01
40937,carlocarma,not available,2014-10-01
40938,wikiloops,mid,2014-10-01
40941,wikiloops,mid,2014-11-01
40956,Kofl,not available,2014-10-01
40959,unwiredbrain,not available,2014-10-01
40960,rjentsch,not available,2014-10-01
40961,andre-dierker,not available,2014-10-01
40963,fredrikekelund,not available,2014-10-01
40964,hightechguy,not available,2014-10-01
40965,netsetter,not available,2014-10-01
40966,netsetter,not available,2014-11-01
40967,wolfstettler,not available,2014-10-01
40968,Geck00,not available,2014-10-01
40969,patrickhafner,not available,2014-10-01
40970,knelus,not available,2014-10-01
40971,knelus,not available,2014-12-01
40972,theyosh,mid,2014-10-01
40973,theyosh,mid,2015-08-01
40974,theyosh,mid,2015-11-01
40978,theyosh,mid,2016-01-01
40983,theyosh,mid,2016-12-01
40985,theyosh,mid,2017-01-01
40987,theyosh,mid,2020-12-01
40989,Capenus,not available,2014-10-01
40991,thj999,not available,2014-10-01
40992,trentster,not available,2014-10-01
40993,jakon89,not available,2014-10-01
40994,pouyana,mid,2014-10-01
40995,pouyana,mid,2015-01-01
40996,pouyana,mid,2015-03-01
40997,pouyana,mid,2015-05-01
40999,pouyana,mid,2016-08-01
41002,pouyana,mid,2016-10-01
41003,pouyana,mid,2017-07-01
41005,pascaldaniela,not available,2014-11-01
41006,dareid,not available,2014-11-01
41009,ahattouti-canaltp,not available,2014-11-01
41010,pietsch,not available,2014-11-01
41012,zero-universe,not available,2014-11-01
41014,zero-universe,not available,2014-12-01
41015,cw789,not available,2014-11-01
41016,cauboy,not available,2014-11-01
41019,piwats,not available,2014-11-01
41020,da2x,not available,2014-11-01
41023,da2x,not available,2016-08-01
41024,da2x,not available,2016-09-01
41026,cybernet,mid,2014-11-01
41029,cybernet,mid,2014-12-01
41030,cybernet,mid,2015-02-01
41031,cybernet,mid,2015-03-01
41032,cybernet,mid,2017-02-01
41033,cybernet,mid,2017-03-01
41034,oscarfroberg,not available,2014-11-01
41035,oscarfroberg,not available,2018-12-01
41037,Joey3000,high,2014-11-01
41039,Joey3000,high,2015-09-01
41062,Joey3000,high,2015-10-01
41067,Joey3000,high,2015-11-01
41072,Joey3000,high,2015-12-01
41074,Joey3000,high,2016-01-01
41084,Joey3000,high,2016-02-01
41089,hpsam,not available,2014-11-01
41090,Glisse1,high,2014-11-01
41094,Glisse1,high,2015-01-01
41099,Glisse1,high,2015-02-01
41100,Glisse1,high,2015-03-01
41105,Glisse1,high,2015-07-01
41106,Glisse1,high,2015-10-01
41110,Glisse1,high,2015-11-01
41112,Glisse1,high,2015-12-01
41123,Glisse1,high,2016-01-01
41124,Glisse1,high,2016-02-01
41125,Glisse1,high,2016-12-01
41128,Glisse1,high,2017-01-01
41131,Glisse1,high,2017-02-01
41135,mpdude,not available,2014-11-01
41136,mpdude,not available,2020-01-01
41137,mpdude,not available,2021-07-01
41138,Fensterbank,high,2014-11-01
41140,Fensterbank,high,2015-02-01
41141,Fensterbank,high,2015-03-01
41142,Fensterbank,high,2015-06-01
41144,Fensterbank,high,2015-07-01
41151,Fensterbank,high,2016-11-01
41153,Fensterbank,high,2017-01-01
41154,Fensterbank,high,2020-01-01
41155,vamshikurra,not available,2014-11-01
41156,bratster,not available,2014-11-01
41157,MathijsV,not available,2014-11-01
41158,floyd0987,not available,2014-11-01
41160,ulentini,not available,2014-11-01
41161,ToBeReplaced,not available,2014-11-01
41163,ToBeReplaced,not available,2014-12-01
41164,ToBeReplaced,not available,2015-06-01
41165,ToBeReplaced,not available,2015-11-01
41166,ToBeReplaced,not available,2017-09-01
41167,efiorello,not available,2014-11-01
41169,desven,not available,2014-11-01
41170,ricardo777,not available,2014-11-01
41171,sgreiner,not available,2014-11-01
41172,sgreiner,not available,2020-05-01
41173,uacode,not available,2014-11-01
41174,tgh1026,not available,2014-11-01
41175,pawanupadhyay,not available,2014-11-01
41176,asafyish,high,2014-11-01
41181,asafyish,high,2014-12-01
41183,asafyish,high,2015-01-01
41187,asafyish,high,2015-05-01
41188,pirate,not available,2014-11-01
41190,typesetting,not available,2014-11-01
41191,typesetting,not available,2014-12-01
41192,orismology,not available,2014-11-01
41195,Niranth,not available,2014-11-01
41196,DanMan,not available,2014-11-01
41197,safetys123,not available,2014-11-01
41199,safetys123,not available,2014-12-01
41200,reiherm,not available,2014-11-01
41201,Trance-Man,mid,2014-11-01
41202,Trance-Man,mid,2015-01-01
41204,Trance-Man,mid,2015-04-01
41205,Trance-Man,mid,2015-05-01
41218,Trance-Man,mid,2015-07-01
41220,Trance-Man,mid,2016-11-01
41221,feluxe,not available,2014-11-01
41222,tohn,not available,2014-11-01
41223,tohn,not available,2017-02-01
41224,schmidt,not available,2014-11-01
41226,jangrewe,not available,2014-11-01
41227,jangrewe,not available,2016-10-01
41228,Facens,not available,2014-11-01
41229,Facens,not available,2016-05-01
41232,amq,not available,2014-11-01
41233,amq,not available,2015-02-01
41234,toholdaquill,not available,2014-12-01
41237,zeroc,not available,2014-12-01
41240,piotr-cz,not available,2014-12-01
41241,piotr-cz,not available,2015-01-01
41242,piotr-cz,not available,2017-01-01
41243,CanuckNick,mid,2014-12-01
41245,CanuckNick,mid,2015-01-01
41246,CanuckNick,mid,2015-02-01
41251,CanuckNick,mid,2015-03-01
41258,gittoar,not available,2014-12-01
41259,gittoar,not available,2015-06-01
41260,gittoar,not available,2015-07-01
41263,karlsoon,not available,2014-12-01
41264,7starsone,low,2014-12-01
41266,7starsone,low,2015-11-01
41270,7starsone,low,2015-12-01
41271,7starsone,low,2021-10-01
41277,7starsone,low,2021-11-01
41279,7starsone,low,2022-12-01
41285,th-h,not available,2014-12-01
41286,rufinus,not available,2014-12-01
41287,rojaro,not available,2014-12-01
41288,XeonG,low,2014-12-01
41300,rich-ard,not available,2014-12-01
41301,j-gav,not available,2014-12-01
41302,j-gav,not available,2016-03-01
41305,jfqd,not available,2014-12-01
41307,jfqd,not available,2019-12-01
41308,cobrafast,not available,2014-12-01
41309,demaya,not available,2014-12-01
41310,trucleavinetworks,not available,2014-12-01
41312,dcboy,not available,2014-12-01
41314,dcboy,not available,2015-04-01
41315,Yezper,not available,2014-12-01
41316,ru108,not available,2014-12-01
41317,binaryoung,not available,2014-12-01
41318,ajtrichards,not available,2014-12-01
41319,truclk,not available,2014-12-01
41321,truclk,not available,2016-09-01
41322,bcarney66,not available,2014-12-01
41325,fredli74,not available,2014-12-01
41330,eMacher,not available,2014-12-01
41331,hugoKs3,not available,2014-12-01
41332,hugoKs3,not available,2015-01-01
41333,Tobias-Conrad,high,2014-12-01
41335,Tobias-Conrad,high,2015-02-01
41345,Tobias-Conrad,high,2015-03-01
41348,Tobias-Conrad,high,2015-04-01
41353,Tobias-Conrad,high,2015-06-01
41361,Tobias-Conrad,high,2015-07-01
41363,Tobias-Conrad,high,2015-12-01
41364,J-Mishima,not available,2014-12-01
41365,abald124,not available,2014-12-01
41366,d19dotca,not available,2014-12-01
41367,d19dotca,not available,2015-02-01
41368,skynet,not available,2014-12-01
41370,alexanderdean,not available,2014-12-01
41371,levino,not available,2014-12-01
41373,nemnesic,not available,2014-12-01
41374,Cruiser13,high,2014-12-01
41375,Cruiser13,high,2015-08-01
41376,Cruiser13,high,2015-09-01
41378,Cruiser13,high,2015-10-01
41379,Cruiser13,high,2016-03-01
41380,Cruiser13,high,2016-05-01
41382,Cruiser13,high,2016-07-01
41383,Cruiser13,high,2016-10-01
41384,Cruiser13,high,2019-01-01
41385,bf,not available,2014-12-01
41386,drhirn,not available,2015-01-01
41387,mpiscaer,not available,2015-01-01
41389,mpiscaer,not available,2015-03-01
41393,scukonick,not available,2015-01-01
41394,DannyCork,not available,2015-01-01
41395,DannyCork,not available,2015-05-01
41396,fhemberger,mid,2015-01-01
41397,fhemberger,mid,2015-02-01
41398,fhemberger,mid,2015-03-01
41399,fhemberger,mid,2015-09-01
41400,fhemberger,mid,2015-10-01
41402,fhemberger,mid,2016-08-01
41403,fhemberger,mid,2017-07-01
41404,fhemberger,mid,2017-12-01
41405,fhemberger,mid,2018-01-01
41413,fhemberger,mid,2018-02-01
41414,sebastianbergmann,not available,2015-01-01
41415,TheCrowsJoker,not available,2015-01-01
41416,amitch,not available,2015-01-01
41417,akiko-pusu,not available,2015-01-01
41418,aequasi,not available,2015-01-01
41421,a5a351e7,not available,2015-01-01
41423,a5a351e7,not available,2015-03-01
41424,noogen,not available,2015-01-01
41425,mrjoops,mid,2015-01-01
41427,mrjoops,mid,2015-03-01
41428,mrjoops,mid,2015-05-01
41431,mrjoops,mid,2015-06-01
41432,mrjoops,mid,2015-11-01
41433,mrjoops,mid,2016-09-01
41434,mrjoops,mid,2017-08-01
41435,mrjoops,mid,2017-11-01
41436,fpoepleu,not available,2015-01-01
41437,jdeyla,mid,2015-01-01
41438,jdeyla,mid,2015-02-01
41441,jdeyla,mid,2015-03-01
41445,jdeyla,mid,2015-10-01
41447,leonardise,not available,2015-01-01
41448,leonardise,not available,2015-02-01
41449,jcracknell,not available,2015-01-01
41450,eagly13,not available,2015-01-01
41451,warenhaus,not available,2015-01-01
41452,warenhaus,not available,2020-07-01
41453,chungsm,not available,2015-01-01
41456,chungsm,not available,2015-02-01
41457,dmsz,not available,2015-01-01
41462,000panther,not available,2015-01-01
41463,RoySegall,not available,2015-01-01
41464,lupa18,not available,2015-01-01
41465,rob-gonz,not available,2015-01-01
41468,OG2K,not available,2015-01-01
41469,OG2K,not available,2015-03-01
41472,OG2K,not available,2015-10-01
41473,OG2K,not available,2015-12-01
41474,chriscollingridge,not available,2015-01-01
41475,Tux,not available,2015-01-01
41476,jmak1,not available,2015-01-01
41477,kevinjc,not available,2015-01-01
41480,tetsuo13,not available,2015-01-01
41481,mcsl-zz,not available,2015-01-01
41483,pzystorm,not available,2015-01-01
41484,tobia,not available,2015-01-01
41485,tobia,not available,2015-02-01
41486,wpic2012,not available,2015-01-01
41487,imlonghao,not available,2015-01-01
41488,cuhkrain,not available,2015-01-01
41489,tracer99,not available,2015-01-01
41491,bittner,not available,2015-01-01
41492,bittner,not available,2020-12-01
41493,mcollopy,not available,2015-01-01
41494,pyrsmk,not available,2015-01-01
41495,everflux,not available,2015-01-01
41498,FelixSchwarz,not available,2015-01-01
41499,lemu,not available,2015-02-01
41501,lemu,not available,2015-04-01
41502,lemu,not available,2015-07-01
41505,citti,not available,2015-02-01
41507,tryallthethings,not available,2015-02-01
41508,olegsv,not available,2015-02-01
41509,olegsv,not available,2015-08-01
41510,Drachenkaetzchen,not available,2015-02-01
41511,Drachenkaetzchen,not available,2015-07-01
41512,kalessil,not available,2015-02-01
41513,jookk,not available,2015-02-01
41515,jookk,not available,2015-03-01
41520,jookk,not available,2016-10-01
41521,DukeMini,not available,2015-02-01
41522,DukeMini,not available,2015-03-01
41523,titanic-fanatic,not available,2015-02-01
41524,endrep0,not available,2015-02-01
41525,endrep0,not available,2015-12-01
41526,endrep0,not available,2016-03-01
41527,endrep0,not available,2016-05-01
41528,endrep0,not available,2017-08-01
41529,futurewe,mid,2015-02-01
41530,futurewe,mid,2015-04-01
41532,futurewe,mid,2015-05-01
41535,futurewe,mid,2015-06-01
41536,futurewe,mid,2015-07-01
41537,futurewe,mid,2018-05-01
41538,futurewe,mid,2018-11-01
41540,futurewe,mid,2020-06-01
41541,futurewe,mid,2021-01-01
41542,samgabriel,not available,2015-02-01
41543,srmobile,not available,2015-02-01
41544,srmobile,not available,2015-08-01
41545,taoeffect,low,2015-02-01
41552,taoeffect,low,2015-03-01
41557,mddvul22,mid,2015-02-01
41558,mddvul22,mid,2015-03-01
41559,mddvul22,mid,2016-02-01
41560,mddvul22,mid,2017-12-01
41561,mddvul22,mid,2018-03-01
41563,mddvul22,mid,2019-01-01
41564,mddvul22,mid,2020-05-01
41565,mddvul22,mid,2021-04-01
41577,mddvul22,mid,2021-05-01
41579,defuse,not available,2015-02-01
41581,defuse,not available,2015-03-01
41582,rainyDayDevs,not available,2015-02-01
41583,JohnSherer,not available,2015-02-01
41584,PatrickChen,not available,2015-02-01
41587,PatrickChen,not available,2015-03-01
41590,iquito,low,2015-02-01
41603,iquito,low,2015-03-01
41604,esapozhnikov,not available,2015-02-01
41605,esapozhnikov,not available,2015-03-01
41609,esapozhnikov,not available,2015-07-01
41610,OuestNeige,not available,2015-02-01
41611,medic123de,not available,2015-02-01
41612,medic123de,not available,2015-03-01
41616,mouyse,not available,2015-02-01
41618,GJjoe,not available,2015-02-01
41619,Aqours,not available,2015-02-01
41621,Aqours,not available,2015-03-01
41622,blodan,not available,2015-02-01
41625,BeldarConehead,not available,2015-02-01
41627,DrTyrell,not available,2015-02-01
41628,fushnisoft,not available,2015-02-01
41629,SystemZ,not available,2015-02-01
41631,SystemZ,not available,2019-09-01
41636,SystemZ,not available,2019-10-01
41637,degenaro,not available,2015-02-01
41644,degenaro,not available,2015-03-01
41645,philipobrien,not available,2015-02-01
41647,bobwalter,not available,2015-02-01
41653,unix-ninja,not available,2015-02-01
41658,unix-ninja,not available,2015-03-01
41660,stiXits,not available,2015-02-01
41661,kghbln,mid,2015-02-01
41663,kghbln,mid,2015-03-01
41664,kghbln,mid,2019-03-01
41665,kghbln,mid,2020-01-01
41667,kghbln,mid,2020-12-01
41669,swissi-scp,not available,2015-02-01
41670,micvm,not available,2015-02-01
41671,micvm,not available,2021-02-01
41672,althaus,not available,2015-02-01
41673,peterkraume,not available,2015-02-01
41674,peterkraume,not available,2017-12-01
41675,peterkraume,not available,2018-10-01
41676,peterkraume,not available,2019-03-01
41677,HeiaSamaHi,not available,2015-02-01
41678,robertccs,not available,2015-02-01
41679,yepa74,not available,2015-02-01
41680,jensmc,not available,2015-02-01
41681,chihoko,not available,2015-02-01
41682,chihoko,not available,2016-01-01
41684,twpol,not available,2015-02-01
41685,twpol,not available,2015-06-01
41686,twpol,not available,2015-08-01
41687,Stelefanten,not available,2015-02-01
41688,jcmeier,not available,2015-02-01
41689,dkulchenko,not available,2015-02-01
41691,bahooha,not available,2015-02-01
41692,bahooha,not available,2017-04-01
41693,bahooha,not available,2018-12-01
41694,bahooha,not available,2019-05-01
41696,bahooha,not available,2019-06-01
41697,petersj77,not available,2015-02-01
41698,petersj77,not available,2015-03-01
41699,Zmetta,not available,2015-02-01
41701,purecanuck,not available,2015-02-01
41704,rolandbaer,not available,2015-02-01
41705,srathbone,not available,2015-02-01
41706,strobeltobias,not available,2015-02-01
41707,strobeltobias,not available,2015-07-01
41708,thelfensdrfer,not available,2015-02-01
41709,thelfensdrfer,not available,2019-05-01
41710,ekn33,not available,2015-02-01
41711,dhafner,not available,2015-02-01
41712,atomfrede,not available,2015-02-01
41713,shahar3012,mid,2015-02-01
41719,shahar3012,mid,2015-03-01
41721,shahar3012,mid,2015-07-01
41725,shahar3012,mid,2015-08-01
41726,shahar3012,mid,2016-01-01
41728,shahar3012,mid,2016-09-01
41729,dscaravaggi,not available,2015-02-01
41732,dscaravaggi,not available,2015-03-01
41733,dscaravaggi,not available,2015-04-01
41734,ArnY,low,2015-02-01
41737,ArnY,low,2015-03-01
41742,ArnY,low,2015-10-01
41746,ArnY,low,2017-10-01
41748,moee,not available,2015-02-01
41750,supervisitor,not available,2015-02-01
41753,supervisitor,not available,2020-05-01
41754,supervisitor,not available,2020-08-01
41756,mh00h,not available,2015-02-01
41757,MagicFa,high,2015-02-01
41758,MagicFa,high,2015-04-01
41760,MagicFa,high,2015-06-01
41761,MagicFa,high,2015-07-01
41763,MagicFa,high,2015-08-01
41783,MagicFa,high,2015-09-01
41794,MagicFa,high,2015-10-01
41807,MagicFa,high,2015-11-01
41808,MagicFa,high,2016-01-01
41809,MagicFa,high,2016-02-01
41810,MagicFa,high,2017-06-01
41812,MagicFa,high,2018-05-01
41813,MagicFa,high,2019-10-01
41814,MagicFa,high,2020-07-01
41815,MagicFa,high,2020-11-01
41816,appzk,not available,2015-02-01
41817,michaelwowro,not available,2015-02-01
41818,ssipiora,not available,2015-02-01
41819,joseariel,low,2015-03-01
41832,Brutonix,not available,2015-03-01
41834,Brutonix,not available,2015-04-01
41835,milantestagena,not available,2015-03-01
41837,Irrational86,not available,2015-03-01
41838,urru,not available,2015-03-01
41839,simogeo,not available,2015-03-01
41840,filipesaraiva,not available,2015-03-01
41841,begravelsesguiden,not available,2015-03-01
41843,bolera,not available,2015-03-01
41845,bolera,not available,2015-04-01
41847,bolera,not available,2015-07-01
41848,rigide,not available,2015-03-01
41849,Bugsbane,not available,2015-03-01
41850,Bugsbane,not available,2015-04-01
41851,dimdam,not available,2015-03-01
41854,simpleuser99,mid,2015-03-01
41855,simpleuser99,mid,2015-05-01
41856,simpleuser99,mid,2015-06-01
41859,simpleuser99,mid,2015-07-01
41867,simpleuser99,mid,2015-10-01
41872,simpleuser99,mid,2015-12-01
41874,simpleuser99,mid,2016-02-01
41877,AlexanderGirgis,not available,2015-03-01
41878,AlexGanzer,not available,2015-03-01
41879,erwin-odendaal,not available,2015-03-01
41880,kaz231,mid,2015-03-01
41881,kaz231,mid,2015-06-01
41882,kaz231,mid,2015-07-01
41885,kaz231,mid,2016-01-01
41888,kaz231,mid,2016-02-01
41892,kaz231,mid,2016-03-01
41893,Kornexl,not available,2015-03-01
41894,Kornexl,not available,2019-12-01
41897,Kornexl,not available,2020-01-01
41899,oussjarrousse,not available,2015-03-01
41901,typoworx-de,not available,2015-03-01
41902,webbird,not available,2015-03-01
41903,GreenReaper,high,2015-03-01
41917,GreenReaper,high,2016-10-01
41918,GreenReaper,high,2017-11-01
41919,GreenReaper,high,2018-08-01
41922,GreenReaper,high,2018-12-01
41933,GreenReaper,high,2019-01-01
41934,GreenReaper,high,2020-02-01
41935,GreenReaper,high,2021-11-01
41936,GreenReaper,high,2021-12-01
41938,bxt,not available,2015-03-01
41939,pfmoser,not available,2015-03-01
41940,mattkol,not available,2015-03-01
41941,mattkol,not available,2015-10-01
41943,mattkol,not available,2021-08-01
41947,mgonera,high,2015-03-01
41948,mgonera,high,2015-09-01
41950,mgonera,high,2015-11-01
41954,mgonera,high,2016-02-01
41956,mgonera,high,2016-03-01
41959,mgonera,high,2016-04-01
41965,mgonera,high,2016-05-01
41972,mgonera,high,2016-06-01
41973,mgonera,high,2016-09-01
41974,mgonera,high,2016-10-01
41978,mgonera,high,2017-01-01
41980,mgonera,high,2017-02-01
41981,svenlewerentz,not available,2015-03-01
41983,svenlewerentz,not available,2015-05-01
41984,svenlewerentz,not available,2015-06-01
41987,HuffinPuffin,not available,2015-03-01
41988,lorenzschmid,not available,2015-03-01
41990,mc-cm,not available,2015-03-01
41991,torosian,not available,2015-03-01
41993,pierrevdk,not available,2015-03-01
41994,pierrevdk,not available,2017-07-01
41995,ulfw,not available,2015-03-01
41998,jadwigo,not available,2015-03-01
41999,dawnbreak,not available,2015-03-01
42000,b-u-g-s,not available,2015-03-01
42001,NicolasGoeddel,not available,2015-03-01
42003,NicolasGoeddel,not available,2015-05-01
42004,NicolasGoeddel,not available,2019-03-01
42008,vvo,not available,2015-03-01
42009,vvo,not available,2015-04-01
42010,esthervanenckevort,not available,2015-03-01
42011,clarknelson,not available,2015-03-01
42015,JohnHanna86,not available,2015-03-01
42017,aimeos,not available,2015-03-01
42018,aimeos,not available,2017-03-01
42021,aimeos,not available,2017-12-01
42022,dfranco,low,2015-03-01
42023,dfranco,low,2015-04-01
42024,dfranco,low,2017-10-01
42028,dfranco,low,2022-12-01
42031,saleemkce,high,2015-03-01
42032,saleemkce,high,2015-04-01
42048,saleemkce,high,2015-05-01
42050,saleemkce,high,2015-06-01
42051,saleemkce,high,2015-07-01
42052,skyhawk669,not available,2015-03-01
42054,joostdekeijzer,not available,2015-03-01
42055,joostdekeijzer,not available,2015-06-01
42056,jancbeck,not available,2015-03-01
42057,approached,low,2015-03-01
42059,approached,low,2015-04-01
42066,approached,low,2015-05-01
42067,approached,low,2019-01-01
42068,lexsanchez,not available,2015-03-01
42069,lexsanchez,not available,2015-04-01
42071,liebana,not available,2015-03-01
42072,k0nsl,not available,2015-03-01
42074,jkraemer,not available,2015-03-01
42075,Callidior,not available,2015-03-01
42076,Callidior,not available,2015-04-01
42078,gboddin,not available,2015-03-01
42079,braekling,mid,2015-03-01
42081,braekling,mid,2015-06-01
42082,braekling,mid,2015-07-01
42092,braekling,mid,2015-08-01
42093,braekling,mid,2019-09-01
42094,kmindi,not available,2015-03-01
42095,ZacharyDuBois,low,2015-03-01
42096,ZacharyDuBois,low,2016-07-01
42099,ZacharyDuBois,low,2017-01-01
42101,ZacharyDuBois,low,2017-02-01
42102,ZacharyDuBois,low,2017-03-01
42105,ZacharyDuBois,low,2018-12-01
42106,gbissland,not available,2015-03-01
42107,piwiktester,not available,2015-03-01
42109,piwiktester,not available,2015-05-01
42110,bcumberledge,low,2015-03-01
42114,bcumberledge,low,2016-05-01
42116,bcumberledge,low,2016-09-01
42118,bcumberledge,low,2017-11-01
42119,bcumberledge,low,2019-11-01
42120,mkobel,not available,2015-03-01
42121,mkobel,not available,2015-09-01
42122,achiinto,not available,2015-03-01
42123,b-pfl,not available,2015-03-01
42124,b-pfl,not available,2019-06-01
42125,dbrgn,not available,2015-03-01
42126,dbrgn,not available,2016-09-01
42127,Hubro,not available,2015-03-01
42128,kiwipro,not available,2015-03-01
42130,theBear1,not available,2015-04-01
42131,yjajkiew,not available,2015-04-01
42132,thilohermann,not available,2015-04-01
42134,florianbeer,not available,2015-04-01
42135,jg-development,not available,2015-04-01
42136,pilere,not available,2015-04-01
42137,Casporro,not available,2015-04-01
42139,bert2002,not available,2015-04-01
42142,khIsm,not available,2015-04-01
42145,BaruchYoussin,not available,2015-04-01
42147,baywet,low,2015-04-01
42153,baywet,low,2018-06-01
42155,baywet,low,2018-12-01
42156,arunpersaud,not available,2015-04-01
42158,florianjaco,not available,2015-04-01
42160,florianjaco,not available,2017-05-01
42162,florianjaco,not available,2019-11-01
42164,piwikjapan,not available,2015-04-01
42165,piwikjapan,not available,2015-05-01
42166,piwikjapan,not available,2015-11-01
42168,d4rken,not available,2015-04-01
42171,d4rken,not available,2017-03-01
42172,robinsherwood,not available,2015-04-01
42174,bitbangx,not available,2015-04-01
42176,Goddard,not available,2015-04-01
42178,schoekek,not available,2015-04-01
42179,alex-gulentz,not available,2015-04-01
42181,asr,not available,2015-04-01
42183,jprado,not available,2015-04-01
42184,jprado,not available,2015-05-01
42185,twodrunkbots,not available,2015-04-01
42186,joshhansen,not available,2015-04-01
42187,joshhansen,not available,2015-05-01
42189,ruchitrami,not available,2015-04-01
42191,ruchitrami,not available,2015-06-01
42192,petergillardmoss,not available,2015-04-01
42193,petergillardmoss,not available,2015-05-01
42194,xuhdev,not available,2015-04-01
42195,SophiaJOYME,not available,2015-04-01
42198,AlroneRhyn,not available,2015-04-01
42199,atthakorn,not available,2015-04-01
42200,andre-hh,not available,2015-04-01
42201,wasinger,not available,2015-04-01
42203,wasinger,not available,2018-07-01
42204,JagerBom,not available,2015-04-01
42205,johanholm,not available,2015-04-01
42206,erotavlasme,not available,2015-04-01
42207,erotavlasme,not available,2016-09-01
42208,frey1esm,not available,2015-04-01
42209,openjck,not available,2015-04-01
42210,AlexanderDAThomas,not available,2015-04-01
42211,Kovah,not available,2015-04-01
42212,AgentGod,not available,2015-04-01
42214,AgentGod,not available,2015-06-01
42217,crashkonijn,not available,2015-04-01
42220,cyberbeat,low,2015-04-01
42221,cyberbeat,low,2015-05-01
42222,cyberbeat,low,2015-07-01
42223,cyberbeat,low,2015-12-01
42226,cyberbeat,low,2016-11-01
42227,cyberbeat,low,2017-02-01
42228,mybluepig,not available,2015-04-01
42229,mybluepig,not available,2016-03-01
42230,mybluepig,not available,2016-04-01
42231,amarsdml,not available,2015-04-01
42232,sonic69,not available,2015-04-01
42233,hazrina,not available,2015-04-01
42234,shogunjames,low,2015-05-01
42238,shogunjames,low,2015-06-01
42245,shogunjames,low,2015-07-01
42250,bsmurali,not available,2015-05-01
42252,bsmurali,not available,2015-06-01
42254,issueli,not available,2015-05-01
42256,pasalic,not available,2015-05-01
42257,pasalic,not available,2015-06-01
42258,spacenate,not available,2015-05-01
42259,spacenate,not available,2017-10-01
42262,spacenate,not available,2018-06-01
42263,patriiiiiiiiiick,not available,2015-05-01
42265,patriiiiiiiiiick,not available,2015-06-01
42268,patriiiiiiiiiick,not available,2016-02-01
42269,patriiiiiiiiiick,not available,2017-09-01
42270,myluis,not available,2015-05-01
42274,opnoack,not available,2015-05-01
42277,ipruthi,not available,2015-05-01
42278,webmasterMeyers,not available,2015-05-01
42279,IgitBuh,not available,2015-05-01
42280,codifex,not available,2015-05-01
42282,codifex,not available,2016-08-01
42283,codifex,not available,2016-10-01
42284,dczajkacc,not available,2015-05-01
42285,dczajkacc,not available,2015-08-01
42286,dczajkacc,not available,2016-06-01
42287,airandony,not available,2015-05-01
42290,ethitter,not available,2015-05-01
42291,dandv,mid,2015-05-01
42298,dandv,mid,2015-07-01
42300,AgnesWhy,low,2015-05-01
42312,AgnesWhy,low,2015-06-01
42314,kevinb456,not available,2015-05-01
42316,luciopileggi,not available,2015-05-01
42317,PatchRanger,not available,2015-05-01
42318,thomaszbz,high,2015-05-01
42324,thomaszbz,high,2015-06-01
42331,thomaszbz,high,2015-07-01
42332,thomaszbz,high,2015-08-01
42337,thomaszbz,high,2017-02-01
42339,thomaszbz,high,2017-03-01
42340,thomaszbz,high,2017-05-01
42341,PazkaL,not available,2015-05-01
42342,mwaters5,not available,2015-05-01
42343,mlongley,not available,2015-05-01
42344,powtac,not available,2015-05-01
42346,walkercz,not available,2015-05-01
42347,maguilakindafunky,not available,2015-05-01
42348,micheleselea,not available,2015-05-01
42349,strowi,not available,2015-05-01
42350,msigrun,not available,2015-05-01
42356,Dturner2,not available,2015-05-01
42357,fabiocarneiro,not available,2015-05-01
42360,justincdotme,not available,2015-05-01
42362,matm,not available,2015-05-01
42363,gaydenko,not available,2015-05-01
42365,gaydenko,not available,2015-06-01
42367,AndersBillLinden,low,2015-05-01
42377,AndersBillLinden,low,2015-06-01
42387,featurereq,not available,2015-05-01
42388,daandres,not available,2015-05-01
42389,peterk,not available,2015-05-01
42390,wklueter,not available,2015-05-01
42398,Zeichen32,not available,2015-05-01
42400,Zeichen32,not available,2015-07-01
42404,Zeichen32,not available,2015-08-01
42405,Silver0l,not available,2015-05-01
42407,johnny57,not available,2015-05-01
42408,vikatskhay,not available,2015-05-01
42409,dcharro,not available,2015-05-01
42410,davidgorges,not available,2015-05-01
42411,jdreesen,not available,2015-05-01
42412,baptistedonaux,not available,2015-05-01
42413,djschoone,not available,2015-05-01
42414,djschoone,not available,2018-02-01
42415,Sija,not available,2015-05-01
42416,nssnl,not available,2015-05-01
42417,rvullriede,not available,2015-05-01
42418,pedrosanchezpernia,not available,2015-05-01
42419,pedrosanchezpernia,not available,2020-12-01
42422,spider312,not available,2015-05-01
42425,magime0517,not available,2015-06-01
42426,andrzejewsky,not available,2015-06-01
42427,andrzejewsky,not available,2015-11-01
42429,andrzejewsky,not available,2016-03-01
42430,Loscillo,not available,2015-06-01
42432,odedgolan,not available,2015-06-01
42433,BOUDALIZ,not available,2015-06-01
42435,BOUDALIZ,not available,2015-07-01
42436,igorkba,not available,2015-06-01
42441,fnagel,not available,2015-06-01
42444,splinter89,not available,2015-06-01
42445,AlexanderWillner,not available,2015-06-01
42447,rhurling,not available,2015-06-01
42448,Tragen,not available,2015-06-01
42449,Tragen,not available,2017-03-01
42450,parruc,low,2015-06-01
42452,parruc,low,2015-07-01
42459,parruc,low,2016-05-01
42461,parruc,low,2018-08-01
42462,parruc,low,2018-09-01
42463,parruc,low,2019-01-01
42464,parruc,low,2021-04-01
42468,J0WI,high,2015-06-01
42469,J0WI,high,2018-12-01
42471,J0WI,high,2019-01-01
42476,J0WI,high,2019-06-01
42477,carbureted,not available,2015-06-01
42479,ngotchac,not available,2015-06-01
42482,sebastianpiskorski,high,2015-06-01
42486,sebastianpiskorski,high,2015-07-01
42494,sebastianpiskorski,high,2015-08-01
42500,sebastianpiskorski,high,2016-02-01
42501,sebastianpiskorski,high,2016-04-01
42502,sebastianpiskorski,high,2016-06-01
42503,sebastianpiskorski,high,2017-03-01
42504,iMarkus,mid,2015-06-01
42507,iMarkus,mid,2015-07-01
42509,iMarkus,mid,2015-08-01
42511,iMarkus,mid,2015-11-01
42512,iMarkus,mid,2015-12-01
42515,iMarkus,mid,2016-10-01
42516,iMarkus,mid,2016-11-01
42517,iMarkus,mid,2016-12-01
42518,iMarkus,mid,2017-02-01
42521,iMarkus,mid,2017-04-01
42522,iMarkus,mid,2017-05-01
42526,iMarkus,mid,2017-06-01
42527,iMarkus,mid,2017-10-01
42529,roddyofchina,not available,2015-06-01
42531,10twebdesign,not available,2015-06-01
42534,garethjenkinsit,not available,2015-06-01
42536,garethjenkinsit,not available,2015-10-01
42537,verfriemelt-dot-org,not available,2015-06-01
42539,Creat1veM1nd,not available,2015-06-01
42540,Creat1veM1nd,not available,2019-03-01
42541,Akuukis,not available,2015-06-01
42542,Akuukis,not available,2015-10-01
42543,Preclowski,not available,2015-06-01
42545,webanalyst,not available,2015-06-01
42546,masteranalyze,mid,2015-06-01
42547,masteranalyze,mid,2015-08-01
42549,masteranalyze,mid,2016-02-01
42552,masteranalyze,mid,2016-03-01
42561,masteranalyze,mid,2020-07-01
42564,masteranalyze,mid,2020-11-01
42566,geromefreeman,not available,2015-06-01
42568,maxmashnitsky,not available,2015-06-01
42569,swsharp,not available,2015-06-01
42570,swsharp,not available,2015-07-01
42572,swsharp,not available,2015-09-01
42573,dhoko,mid,2015-06-01
42574,dhoko,mid,2015-08-01
42582,dhoko,mid,2015-09-01
42594,dhoko,mid,2016-01-01
42595,dhoko,mid,2016-02-01
42597,dushyant-bhatt-if,not available,2015-06-01
42598,WilliamIsted,not available,2015-06-01
42600,larnold,not available,2015-06-01
42601,larnold,not available,2015-07-01
42602,dan-petty,not available,2015-06-01
42603,Shragel,not available,2015-06-01
42604,boabhan,not available,2015-06-01
42605,mahdi1234,not available,2015-06-01
42606,propertunist,low,2015-07-01
42636,barbushin,mid,2015-07-01
42651,SR-mkuhn,mid,2015-07-01
42656,SR-mkuhn,mid,2015-09-01
42657,SR-mkuhn,mid,2015-10-01
42661,SR-mkuhn,mid,2015-11-01
42666,SR-mkuhn,mid,2016-02-01
42667,SR-mkuhn,mid,2016-03-01
42669,SR-mkuhn,mid,2016-12-01
42670,feimosi,not available,2015-07-01
42672,abishekrsrikaanth,not available,2015-07-01
42673,stastka,not available,2015-07-01
42674,stastka,not available,2015-08-01
42676,mayurr87,not available,2015-07-01
42677,Ruhrpottjung,not available,2015-07-01
42680,tflo,not available,2015-07-01
42681,tflo,not available,2015-09-01
42682,benjaminpick,not available,2015-07-01
42689,Monarobase,not available,2015-07-01
42691,lolalalol,not available,2015-07-01
42692,chriscroome,mid,2015-07-01
42702,chriscroome,mid,2016-03-01
42709,chriscroome,mid,2017-03-01
42710,chriscroome,mid,2018-11-01
42712,chriscroome,mid,2019-06-01
42713,chriscroome,mid,2020-03-01
42714,chriscroome,mid,2022-05-01
42716,chriscroome,mid,2022-06-01
42718,ChristianGfK,not available,2015-07-01
42721,ChristianGfK,not available,2016-02-01
42723,Kousaeng,not available,2015-07-01
42724,shi-bmz,not available,2015-07-01
42726,frictionel,not available,2015-07-01
42727,SteffiMania,not available,2015-07-01
42728,labiloute,not available,2015-07-01
42729,jmaupetit,not available,2015-07-01
42731,thanatos11,not available,2015-07-01
42734,oswaldquek,not available,2015-07-01
42736,orenk86,not available,2015-07-01
42737,christophlehmann,not available,2015-07-01
42739,akrus,not available,2015-07-01
42742,akrus,not available,2015-09-01
42743,akrus,not available,2016-04-01
42744,bodomic,not available,2015-07-01
42745,phpdave11,not available,2015-07-01
42746,Maestro2k5,not available,2015-07-01
42747,paul-cross,not available,2015-07-01
42748,clemenslermen,not available,2015-07-01
42749,dzincolorado,not available,2015-07-01
42750,dperzanowski,not available,2015-07-01
42751,dperzanowski,not available,2015-08-01
42753,dperzanowski,not available,2015-09-01
42754,JonasDoebertin,not available,2015-07-01
42757,nietonfir,not available,2015-07-01
42758,Riimu,not available,2015-07-01
42759,Toraih,not available,2015-07-01
42760,meyway,not available,2015-07-01
42761,JMJHautier,not available,2015-07-01
42762,michaelnordmeyer,not available,2015-07-01
42763,abagshaw,not available,2015-07-01
42764,berliner,not available,2015-07-01
42765,bangdon2,not available,2015-07-01
42767,myfirstnameispaul,not available,2015-07-01
42768,myfirstnameispaul,not available,2015-08-01
42769,NilsEngelbach,not available,2015-07-01
42770,moderactif,not available,2015-07-01
42771,xavez,not available,2015-07-01
42772,xavez,not available,2020-04-01
42773,ericimprint,low,2015-07-01
42775,ericimprint,low,2015-08-01
42781,ericimprint,low,2015-09-01
42788,ericimprint,low,2022-04-01
42792,ericimprint,low,2022-05-01
42793,ericimprint,low,2022-07-01
42794,bkkkd,not available,2015-07-01
42795,lioman,not available,2015-07-01
42796,lioman,not available,2017-04-01
42797,francoisromain,not available,2015-08-01
42801,diginet-md,not available,2015-08-01
42805,rysiekpl,not available,2015-08-01
42807,rysiekpl,not available,2016-04-01
42808,rysiekpl,not available,2018-06-01
42809,nicolasesprit,not available,2015-08-01
42810,triffic-tang,low,2015-08-01
42813,triffic-tang,low,2015-09-01
42819,triffic-tang,low,2015-11-01
42820,triffic-tang,low,2017-08-01
42823,srhong,not available,2015-08-01
42824,Veda,not available,2015-08-01
42825,Veda,not available,2015-09-01
42827,thomcasey,not available,2015-08-01
42829,citosid,not available,2015-08-01
42830,ewaAB,not available,2015-08-01
42831,ewaAB,not available,2015-09-01
42832,sander,not available,2015-08-01
42833,renegat4,not available,2015-08-01
42834,shenzhuxi,not available,2015-08-01
42835,shenzhuxi,not available,2015-11-01
42836,halabuda,not available,2015-08-01
42838,sebastianw,not available,2015-08-01
42839,sebastianw,not available,2015-10-01
42841,Tralapo,not available,2015-08-01
42844,sndrsk,not available,2015-08-01
42845,sndrsk,not available,2015-09-01
42847,Keelymim,not available,2015-08-01
42849,Myrronth,not available,2015-08-01
42850,Myrronth,not available,2015-12-01
42851,digeverything,not available,2015-08-01
42854,Geobert,not available,2015-08-01
42856,peanode,not available,2015-08-01
42857,Flux3PO,not available,2015-08-01
42860,Flux3PO,not available,2015-09-01
42862,gbyers,not available,2015-08-01
42863,jagdish-nasit,not available,2015-08-01
42865,jagdish-nasit,not available,2015-10-01
42866,rugk,low,2015-08-01
42876,rugk,low,2016-01-01
42877,rugk,low,2016-10-01
42879,nickwright80,not available,2015-08-01
42880,berniezhao,not available,2015-08-01
42881,Tomcraft1980,not available,2015-08-01
42882,ants-house,not available,2015-08-01
42883,Neitak,not available,2015-08-01
42885,SimplyArmin,not available,2015-08-01
42886,vaclavpavek,not available,2015-08-01
42887,movak,not available,2015-08-01
42890,movak,not available,2015-09-01
42891,jackellenberger,not available,2015-08-01
42892,PhilipRoy,not available,2015-08-01
42893,1stone,not available,2015-08-01
42900,ford-prefect,not available,2015-08-01
42901,vladimirlukyanov,not available,2015-08-01
42902,vincepettit,not available,2015-08-01
42903,colinwilson,not available,2015-08-01
42905,hassanfarhad,not available,2015-08-01
42906,alessandrocanovi,not available,2015-08-01
42908,ldziuba,not available,2015-08-01
42909,nuxwin,low,2015-09-01
42916,nuxwin,low,2016-02-01
42918,nuxwin,low,2016-04-01
42919,aidanamavi,not available,2015-09-01
42920,goodwolf,not available,2015-09-01
42922,goodwolf,not available,2015-10-01
42923,goodwolf,not available,2016-07-01
42925,Eric4502,not available,2015-09-01
42927,jonnybarnes,low,2015-09-01
42932,jonnybarnes,low,2015-12-01
42938,willdurand,not available,2015-09-01
42941,VelNZ,not available,2015-09-01
42942,MESWEB,mid,2015-09-01
42953,MESWEB,mid,2017-03-01
42962,MESWEB,mid,2018-05-01
42964,MESWEB,mid,2019-12-01
42966,nikic,not available,2015-09-01
42967,gelldur,not available,2015-09-01
42968,haseebeqx,not available,2015-09-01
42970,laurencegds,not available,2015-09-01
42971,ieperlingetje,not available,2015-09-01
42972,ieperlingetje,not available,2015-11-01
42973,berters,not available,2015-09-01
42976,berters,not available,2015-11-01
42977,dmitrizzle,not available,2015-09-01
42981,dbharath,not available,2015-09-01
42985,weixuezhang,not available,2015-09-01
42986,weixuezhang,not available,2015-10-01
42987,weixuezhang,not available,2021-09-01
42991,sesom42,not available,2015-09-01
42992,sesom42,not available,2016-10-01
42993,sesom42,not available,2017-03-01
42995,sesom42,not available,2017-09-01
42996,KyleShurtleff,not available,2015-09-01
42997,KyleShurtleff,not available,2015-12-01
42998,ctrl-alt-deleted,not available,2015-09-01
43000,ctrl-alt-deleted,not available,2015-11-01
43001,ktecho,not available,2015-09-01
43002,Firesphere,mid,2015-09-01
43004,Firesphere,mid,2015-11-01
43005,Firesphere,mid,2015-12-01
43006,Firesphere,mid,2016-10-01
43008,Firesphere,mid,2016-11-01
43013,nekohayo,low,2015-09-01
43022,nekohayo,low,2015-11-01
43024,nekohayo,low,2017-02-01
43027,dmitryd,not available,2015-09-01
43032,Kendigan,not available,2015-09-01
43033,joelanman,not available,2015-09-01
43036,matthar,not available,2015-09-01
43037,BlackKite84,not available,2015-09-01
43038,yifanyou,not available,2015-09-01
43039,sharifhasankhan,not available,2015-09-01
43040,benji1000,not available,2015-09-01
43041,benji1000,not available,2021-05-01
43042,Undergrounder,not available,2015-09-01
43044,Undergrounder,not available,2016-07-01
43045,Breighton,not available,2015-09-01
43046,chuotnhat1985,not available,2015-09-01
43047,etjossem,not available,2015-09-01
43048,ragnarkarlsson,not available,2015-09-01
43049,WelliSolutions,not available,2015-09-01
43050,dcht00,not available,2015-09-01
43052,udf2457,not available,2015-09-01
43053,shivateja-madipalli,not available,2015-09-01
43054,shivateja-madipalli,not available,2015-10-01
43055,shivateja-madipalli,not available,2015-11-01
43056,ChALkeR,not available,2015-09-01
43057,NicolasBonduel,not available,2015-09-01
43058,yagavi,not available,2015-09-01
43059,raj45,mid,2015-09-01
43060,raj45,mid,2015-10-01
43065,raj45,mid,2015-11-01
43070,raj45,mid,2015-12-01
43071,raj45,mid,2016-01-01
43074,raj45,mid,2016-02-01
43075,uok,not available,2015-09-01
43076,uok,not available,2021-06-01
43077,uok,not available,2022-04-01
43078,benjaminbellamy,not available,2015-09-01
43079,natros,not available,2015-09-01
43082,hagor,not available,2015-09-01
43084,hagor,not available,2015-10-01
43089,pierreozoux,not available,2015-09-01
43091,pierreozoux,not available,2015-10-01
43093,pierreozoux,not available,2016-09-01
43094,pierreozoux,not available,2018-11-01
43095,Chrissitopher,not available,2015-10-01
43096,bartek85,not available,2015-10-01
43099,johnnydevs,not available,2015-10-01
43101,WittTheRock,not available,2015-10-01
43103,MCMic,not available,2015-10-01
43104,mirrorstage,not available,2015-10-01
43105,pcambra,not available,2015-10-01
43106,pcambra,not available,2015-11-01
43107,rfnx,not available,2015-10-01
43110,rfnx,not available,2015-11-01
43111,rfnx,not available,2015-12-01
43113,nelsonmonteiro00,not available,2015-10-01
43114,stuartlangridge,not available,2015-10-01
43115,buzanits,not available,2015-10-01
43117,buzanits,not available,2017-12-01
43120,ThomasKujawa,not available,2015-10-01
43124,ThomasKujawa,not available,2015-11-01
43126,bsiege,not available,2015-10-01
43127,adminkpr,not available,2015-10-01
43132,adminkpr,not available,2015-11-01
43133,julia-r,not available,2015-10-01
43134,kachkaev,not available,2015-10-01
43137,kachkaev,not available,2015-11-01
43139,foxxx,not available,2015-10-01
43140,nmstoker,not available,2015-10-01
43143,nmstoker,not available,2015-12-01
43144,nmstoker,not available,2016-12-01
43145,B2Bi,not available,2015-10-01
43146,Blackpig,not available,2015-10-01
43149,anEffingChamp,not available,2015-10-01
43150,mtsluft,not available,2015-10-01
43154,Triplethread,not available,2015-10-01
43155,MatthieuScarset,not available,2015-10-01
43156,simokhalil,not available,2015-10-01
43157,poing,not available,2015-10-01
43158,eantoranz,not available,2015-10-01
43159,TravisGesslein,not available,2015-10-01
43160,Forsskieken,not available,2015-10-01
43162,Forsskieken,not available,2016-02-01
43164,moha-teravolt,not available,2015-10-01
43168,Ramoonus,not available,2015-10-01
43169,sidazhou,not available,2015-10-01
43170,mathisschuelingkamp,not available,2015-10-01
43172,rlizzi,not available,2015-10-01
43173,rlizzi,not available,2018-05-01
43174,basvdijk,not available,2015-10-01
43175,basvdijk,not available,2017-01-01
43176,hannesbochmann,not available,2015-10-01
43177,samtux,not available,2015-10-01
43179,ritvikgautam,not available,2015-10-01
43182,skywalker89,low,2015-10-01
43189,skywalker89,low,2015-11-01
43190,SimonDeconde,not available,2015-10-01
43192,nandhinicomforters,not available,2015-10-01
43193,ilmg-22,not available,2015-10-01
43195,jeehou,not available,2015-10-01
43196,trendzetter,not available,2015-10-01
43197,AndrewAuwel,not available,2015-10-01
43198,AndrewAuwel,not available,2016-03-01
43202,AndrewAuwel,not available,2016-11-01
43203,AndrewAuwel,not available,2017-01-01
43204,efenguo,not available,2015-10-01
43205,d33a,not available,2015-10-01
43206,imyawar,not available,2015-10-01
43207,cbleek,not available,2015-10-01
43211,TheLastProject,not available,2015-10-01
43214,peakpeak-githu,not available,2015-10-01
43215,dani,not available,2015-10-01
43218,galr52,low,2015-10-01
43224,galr52,low,2015-11-01
43227,galr52,low,2015-12-01
43228,autodeskpiwik,low,2015-10-01
43230,autodeskpiwik,low,2015-11-01
43237,autodeskpiwik,low,2016-01-01
43240,autodeskpiwik,low,2016-02-01
43243,jval,not available,2015-10-01
43245,pltcldvlpr,not available,2015-10-01
43247,pekeler,not available,2015-10-01
43248,pekeler,not available,2016-01-01
43249,Dehumanizer77,not available,2015-10-01
43252,yggi49,not available,2015-10-01
43255,XinfinityoO,not available,2015-10-01
43257,XinfinityoO,not available,2016-09-01
43258,XinfinityoO,not available,2018-08-01
43259,zackp30,not available,2015-10-01
43260,thebennos,not available,2015-11-01
43262,uedatakeshi,not available,2015-11-01
43265,AlexTheBest,not available,2015-11-01
43266,andrewbrown12,not available,2015-11-01
43268,andrewbrown12,not available,2016-08-01
43269,L0garithmic,not available,2015-11-01
43270,marcopenhacking,not available,2015-11-01
43271,stijnstijn,not available,2015-11-01
43272,mafrieger,not available,2015-11-01
43273,HTWGkonstanz,not available,2015-11-01
43274,cflee,not available,2015-11-01
43275,ebuildy,not available,2015-11-01
43277,codepuncher,not available,2015-11-01
43278,PeterMakkes,not available,2015-11-01
43279,GieltjE,not available,2015-11-01
43280,sansac,not available,2015-11-01
43282,anvarkuchkartaev,not available,2015-11-01
43284,maboiteaspam,not available,2015-11-01
43291,andrewfam,not available,2015-11-01
43293,andrewfam,not available,2015-12-01
43294,alwyndeB,not available,2015-11-01
43295,idwaikat,not available,2015-11-01
43296,ahdelgado,not available,2015-11-01
43299,mathewco,not available,2015-11-01
43300,minple,not available,2015-11-01
43303,JohnMaguire,low,2015-11-01
43304,JohnMaguire,low,2015-12-01
43314,HermannPRODYNA,not available,2015-11-01
43315,HermannPRODYNA,not available,2015-12-01
43316,tusharpara,not available,2015-11-01
43317,themantripleman,not available,2015-11-01
43319,otheus,low,2015-11-01
43322,otheus,low,2015-12-01
43325,otheus,low,2021-02-01
43326,otheus,low,2022-06-01
43327,bronco0,not available,2015-11-01
43329,jcm77,not available,2015-11-01
43330,jcm77,not available,2015-12-01
43331,alex-rowe,not available,2015-11-01
43332,abouquet,not available,2015-11-01
43335,florisluiten,not available,2015-11-01
43336,florisluiten,not available,2016-10-01
43339,thommyhh,not available,2015-11-01
43340,ggeorgg,not available,2015-11-01
43342,ggeorgg,not available,2015-12-01
43345,ggeorgg,not available,2016-01-01
43346,sirio3mil,not available,2015-12-01
43348,sirio3mil,not available,2016-01-01
43349,oraclero,low,2015-12-01
43357,oraclero,low,2016-01-01
43360,SS10house,not available,2015-12-01
43361,vladgurovich,not available,2015-12-01
43362,JokerQyou,not available,2015-12-01
43363,JokerQyou,not available,2017-03-01
43364,tholu,not available,2015-12-01
43365,foss-,not available,2015-12-01
43366,foss-,not available,2016-01-01
43367,f0086,not available,2015-12-01
43368,JeSuisUnCaillou,not available,2015-12-01
43369,system4id,not available,2015-12-01
43373,kfiresmith,not available,2015-12-01
43381,xros,not available,2015-12-01
43382,prokopowichj,not available,2015-12-01
43383,eSilverStrike,not available,2015-12-01
43384,milexjaro,low,2015-12-01
43385,milexjaro,low,2016-02-01
43386,milexjaro,low,2016-04-01
43387,milexjaro,low,2016-10-01
43391,milexjaro,low,2016-11-01
43393,thewire247,not available,2015-12-01
43394,badamsanthosh,not available,2015-12-01
43395,28harishkumar,not available,2015-12-01
43396,28harishkumar,not available,2016-01-01
43397,rbrdevs,not available,2015-12-01
43399,centminmod,not available,2015-12-01
43400,ascorbic,not available,2015-12-01
43402,ircmaxell,not available,2015-12-01
43403,paragonie-scott,not available,2015-12-01
43404,paragonie-scott,not available,2016-09-01
43405,maugsburger,not available,2015-12-01
43406,frantoo,not available,2015-12-01
43407,sumit140,not available,2015-12-01
43408,diverso,not available,2015-12-01
43409,Vebryn,not available,2015-12-01
43410,cimi,not available,2016-01-01
43411,rajeshvsure,not available,2016-01-01
43412,leesiongchan,not available,2016-01-01
43413,napa-web-designer,not available,2016-01-01
43414,dhiridjee,not available,2016-01-01
43416,oceanspirate,not available,2016-01-01
43417,mdehaas,not available,2016-01-01
43418,angristan,not available,2016-01-01
43419,angristan,not available,2017-12-01
43420,angristan,not available,2020-05-01
43421,angristan,not available,2020-12-01
43422,valmiRe,not available,2016-01-01
43424,rristow,not available,2016-01-01
43426,rristow,not available,2016-02-01
43427,rristow,not available,2016-03-01
43428,rristow,not available,2017-05-01
43429,rristow,not available,2020-05-01
43430,monkz,not available,2016-01-01
43431,monkz,not available,2016-04-01
43432,muehlburger,not available,2016-01-01
43433,MARK-BAIN,not available,2016-01-01
43434,nodecode,not available,2016-01-01
43435,pruss,not available,2016-01-01
43436,magnabytes,not available,2016-01-01
43437,Aybee,not available,2016-01-01
43440,NicoDuclos,not available,2016-01-01
43441,candaj,not available,2016-01-01
43445,standupgirl,not available,2016-01-01
43447,bwagenseil,not available,2016-01-01
43449,FerhatAkgun,not available,2016-01-01
43450,Bitkeeper2015,not available,2016-01-01
43453,schwindelbu,low,2016-01-01
43454,schwindelbu,low,2016-03-01
43461,schwindelbu,low,2016-04-01
43464,seemsneat,not available,2016-01-01
43465,weber-d,not available,2016-01-01
43466,jwleon,not available,2016-01-01
43469,jwleon,not available,2017-02-01
43470,Gabriel-Bowater,not available,2016-01-01
43471,evifere,not available,2016-01-01
43472,JimmyKuruvilla,not available,2016-01-01
43473,JimmyKuruvilla,not available,2017-02-01
43475,unknown23person,not available,2016-01-01
43476,krisbai,not available,2016-01-01
43477,quixoticraindrp,not available,2016-01-01
43479,quixoticraindrp,not available,2016-02-01
43480,mathieubouchard,not available,2016-02-01
43482,jimlei,not available,2016-02-01
43483,mlissner,not available,2016-02-01
43485,mlissner,not available,2019-01-01
43487,beatelite,not available,2016-02-01
43488,beatelite,not available,2016-10-01
43489,novahyth,not available,2016-02-01
43490,thyat000,not available,2016-02-01
43493,Mohan08,not available,2016-02-01
43495,fridgedoctor,not available,2016-02-01
43498,bernhardriegler,not available,2016-02-01
43499,garvinhicking,not available,2016-02-01
43501,garvinhicking,not available,2016-03-01
43505,VorobeY1326,not available,2016-02-01
43506,VorobeY1326,not available,2016-03-01
43510,hoang89,not available,2016-02-01
43511,phoo,low,2016-02-01
43513,phoo,low,2016-03-01
43515,phoo,low,2016-07-01
43519,phoo,low,2016-08-01
43521,phoo,low,2016-09-01
43523,phoo,low,2016-12-01
43524,phoo,low,2017-03-01
43525,ClaudiuC,not available,2016-02-01
43526,pennadl,not available,2016-02-01
43527,pennadl,not available,2016-03-01
43528,justincletus,not available,2016-02-01
43529,bruthe57,not available,2016-02-01
43530,oleg-sh,not available,2016-02-01
43532,Harest,not available,2016-02-01
43533,grzchr15,mid,2016-02-01
43534,grzchr15,mid,2016-10-01
43535,grzchr15,mid,2016-12-01
43537,grzchr15,mid,2018-06-01
43538,grzchr15,mid,2021-01-01
43540,grzchr15,mid,2022-09-01
43542,grzchr15,mid,2022-10-01
43545,grzchr15,mid,2022-11-01
43548,grzchr15,mid,2022-12-01
43549,clauso,not available,2016-02-01
43550,clauso,not available,2016-07-01
43551,vjl,not available,2016-02-01
43552,monty241,not available,2016-02-01
43553,antropopho,not available,2016-02-01
43554,BSG2000,not available,2016-02-01
43555,SpaceRichard,not available,2016-02-01
43556,Jan-E,not available,2016-02-01
43557,alecmev,not available,2016-02-01
43558,wronan,low,2016-02-01
43560,wronan,low,2016-05-01
43562,wronan,low,2016-06-01
43563,wronan,low,2016-07-01
43564,wronan,low,2016-09-01
43566,wronan,low,2016-10-01
43567,sly7-7,not available,2016-02-01
43568,kongsted,not available,2016-02-01
43569,kongsted,not available,2016-03-01
43570,CannyDuck,not available,2016-02-01
43573,mosag,not available,2016-02-01
43574,markwaters,not available,2016-02-01
43575,chris246,mid,2016-02-01
43579,chris246,mid,2019-03-01
43580,chris246,mid,2019-07-01
43581,chris246,mid,2019-10-01
43582,chris246,mid,2019-11-01
43583,chris246,mid,2019-12-01
43590,chris246,mid,2020-01-01
43591,chris246,mid,2020-04-01
43594,chris246,mid,2020-05-01
43595,alxndr-w,not available,2016-02-01
43596,jgrisa,not available,2016-02-01
43600,lhaupt,not available,2016-02-01
43601,lhaupt,not available,2016-03-01
43602,mvdepot,not available,2016-02-01
43604,allen92,not available,2016-02-01
43605,oz42,not available,2016-02-01
43606,mduvergey-gpsante,not available,2016-02-01
43608,mduvergey-gpsante,not available,2016-03-01
43609,zzeroo,not available,2016-02-01
43610,ShadowNinja,not available,2016-02-01
43611,rdrewno,not available,2016-02-01
43612,fmp777,not available,2016-02-01
43617,kira510,low,2016-02-01
43622,kira510,low,2016-03-01
43623,kira510,low,2016-04-01
43624,kira510,low,2016-05-01
43626,kira510,low,2016-06-01
43627,Zarickan,not available,2016-02-01
43628,instancezero,not available,2016-02-01
43629,gebi,not available,2016-02-01
43630,gebi,not available,2016-04-01
43631,gebi,not available,2016-07-01
43632,gebi,not available,2017-03-01
43633,gebi,not available,2017-05-01
43636,Delphinator,not available,2016-02-01
43637,xymantec,not available,2016-02-01
43639,UptakeFieldSupport,not available,2016-02-01
43642,pjs13,not available,2016-02-01
43643,pjs13,not available,2016-03-01
43645,Power2All,not available,2016-02-01
43646,Power2All,not available,2017-09-01
43651,gregapodobnik,not available,2016-03-01
43652,gregapodobnik,not available,2016-07-01
43653,ziedbargaoui,not available,2016-03-01
43654,joncamfield,not available,2016-03-01
43655,nerbix,not available,2016-03-01
43656,denisbabineau,not available,2016-03-01
43658,gausam,not available,2016-03-01
43661,gausam,not available,2016-04-01
43663,Dharin-shah,not available,2016-03-01
43664,Dharin-shah,not available,2016-05-01
43665,jlazic,not available,2016-03-01
43667,jlazic,not available,2016-04-01
43668,saurtar,not available,2016-03-01
43669,stibay,not available,2016-03-01
43670,stibay,not available,2017-09-01
43672,zhaomingliang,not available,2016-03-01
43673,pizzarabe,not available,2016-03-01
43674,elmata5,not available,2016-03-01
43675,Maraumax,not available,2016-03-01
43676,nd2s,not available,2016-03-01
43677,netbrothers-tr,not available,2016-03-01
43678,bettyna1996,not available,2016-03-01
43680,irigopou,not available,2016-03-01
43681,3dmashup,not available,2016-03-01
43686,azine,not available,2016-03-01
43687,johannes,not available,2016-03-01
43688,mayannath,not available,2016-03-01
43689,PCSun1987,not available,2016-03-01
43690,jaceklubzinski,not available,2016-03-01
43691,avkarenow,not available,2016-03-01
43692,avkarenow,not available,2022-03-01
43693,avkarenow,not available,2022-04-01
43694,avkarenow,not available,2022-10-01
43695,avkarenow,not available,2022-12-01
43696,arulmuruganas,not available,2016-03-01
43697,arulmuruganas,not available,2016-04-01
43698,arulmuruganas,not available,2016-08-01
43699,adhamshamkh,not available,2016-03-01
43700,CreativeManix,not available,2016-03-01
43701,zm3201904,not available,2016-03-01
43702,HT87,not available,2016-03-01
43703,unhammer,not available,2016-03-01
43704,unhammer,not available,2022-03-01
43706,lecajer,not available,2016-03-01
43707,elsonsolano,not available,2016-03-01
43708,maliayas,not available,2016-03-01
43709,Viswan-piwki,not available,2016-03-01
43713,Viswan-piwki,not available,2016-05-01
43714,chwebo,not available,2016-03-01
43715,Lozik,not available,2016-03-01
43716,emir,not available,2016-03-01
43717,cornelinux,not available,2016-03-01
43720,cornelinux,not available,2016-04-01
43721,flying-squirrel,not available,2016-03-01
43723,flying-squirrel,not available,2016-04-01
43724,elgrafico,not available,2016-04-01
43725,elgrafico,not available,2016-10-01
43726,UVLabs,not available,2016-04-01
43727,twanmeijerink,not available,2016-04-01
43728,twanmeijerink,not available,2019-07-01
43729,twanmeijerink,not available,2019-08-01
43730,PhilBuckley,not available,2016-04-01
43732,trusteddigital,not available,2016-04-01
43734,JLuc,not available,2016-04-01
43735,JLuc,not available,2016-06-01
43737,JLuc,not available,2016-07-01
43738,kofi1995,not available,2016-04-01
43739,keltik85,not available,2016-04-01
43740,lixinxiaobai,not available,2016-04-01
43741,szkane,not available,2016-04-01
43742,SilverNL,not available,2016-04-01
43743,SimonDmz,not available,2016-04-01
43744,type0lang,low,2016-04-01
43745,type0lang,low,2016-05-01
43752,type0lang,low,2016-10-01
43753,samtuke,not available,2016-04-01
43754,rudyzeinoun,not available,2016-04-01
43755,rudyzeinoun,not available,2019-01-01
43756,rudyzeinoun,not available,2021-07-01
43757,dianep66,not available,2016-04-01
43762,skleiber,not available,2016-04-01
43763,avijitmohanty,not available,2016-04-01
43764,mackieee,low,2016-04-01
43765,mackieee,low,2016-05-01
43766,mackieee,low,2016-09-01
43767,mackieee,low,2016-12-01
43769,mackieee,low,2017-07-01
43772,mackieee,low,2019-04-01
43773,bartonjd,not available,2016-04-01
43774,turbocloud,not available,2016-04-01
43775,blueelvis,high,2016-04-01
43776,blueelvis,high,2016-07-01
43786,blueelvis,high,2016-08-01
43796,Velborg,not available,2016-04-01
43798,VitoHusky,not available,2016-04-01
43799,VitoHusky,not available,2016-05-01
43800,anthonystocco,not available,2016-04-01
43801,Reamer,not available,2016-04-01
43802,fredericrous,not available,2016-05-01
43803,arvindsarangi14,not available,2016-05-01
43809,piwikbugs,not available,2016-05-01
43810,ttiurani,not available,2016-05-01
43811,JamesAndersonJr,low,2016-05-01
43812,JamesAndersonJr,low,2017-06-01
43814,JamesAndersonJr,low,2017-07-01
43821,nntoan,not available,2016-05-01
43822,wuyuxiu,not available,2016-05-01
43824,vercotux,not available,2016-05-01
43825,chielteuben,not available,2016-05-01
43827,Apoulit,not available,2016-05-01
43828,websnail,not available,2016-05-01
43829,websnail,not available,2017-12-01
43830,cgrady17,not available,2016-05-01
43831,85pando,not available,2016-05-01
43835,adaqus,not available,2016-05-01
43837,adaqus,not available,2017-01-01
43839,manyk,not available,2016-05-01
43840,tmuic,not available,2016-05-01
43842,tmuic,not available,2016-06-01
43844,tmuic,not available,2016-09-01
43845,romanoza,not available,2016-05-01
43846,anacona16,not available,2016-05-01
43847,gonerator,not available,2016-05-01
43849,plegault3397,low,2016-05-01
43851,plegault3397,low,2020-01-01
43852,plegault3397,low,2020-06-01
43857,yinhsunhuang,not available,2016-05-01
43858,arambadk,not available,2016-05-01
43859,gleasj,not available,2016-05-01
43861,dieskim,not available,2016-05-01
43862,dieskim,not available,2019-02-01
43863,dieskim,not available,2019-10-01
43864,faridnasiri,not available,2016-05-01
43865,samratng07,not available,2016-06-01
43871,FewKinG,not available,2016-06-01
43872,FewKinG,not available,2016-07-01
43873,FewKinG,not available,2016-10-01
43875,sandeepjain2015,not available,2016-06-01
43877,RishabhBitola,not available,2016-06-01
43879,arno1979,not available,2016-06-01
43880,ReessKennedy,not available,2016-06-01
43881,ReessKennedy,not available,2016-08-01
43882,ReessKennedy,not available,2016-09-01
43883,Danw33,not available,2016-06-01
43885,Danw33,not available,2016-07-01
43887,mwarmoeskerken,not available,2016-06-01
43888,twenta,not available,2016-06-01
43889,nnmer,not available,2016-06-01
43890,thanhdlk33,not available,2016-06-01
43891,FarhadF,not available,2016-06-01
43892,Synchro,not available,2016-06-01
43893,Synchro,not available,2016-07-01
43894,forgetso,not available,2016-06-01
43896,ronaldvdmeer,not available,2016-06-01
43897,gregr77,not available,2016-06-01
43898,gregr77,not available,2016-07-01
43899,EVGR,not available,2016-07-01
43900,EVGR,not available,2019-09-01
43901,richb-hanover,low,2016-07-01
43910,Croydon,not available,2016-07-01
43912,Croydon,not available,2020-01-01
43913,ordex,not available,2016-07-01
43915,tho,not available,2016-07-01
43916,dingxiangyang,not available,2016-07-01
43917,silverark,not available,2016-07-01
43918,silverark,not available,2016-08-01
43919,gibsonsdad,not available,2016-07-01
43920,ZihanShen90,not available,2016-07-01
43921,jcals,not available,2016-07-01
43924,rodnic66,not available,2016-07-01
43925,Slowlearneruk,not available,2016-07-01
43926,Peetz0r,not available,2016-07-01
43927,csaeum,not available,2016-07-01
43928,davidak,not available,2016-07-01
43929,davidak,not available,2020-04-01
43930,Tou,not available,2016-07-01
43931,jjxxxx,not available,2016-07-01
43934,Showian,not available,2016-07-01
43936,iamklaus,not available,2016-07-01
43938,Privacywonk,not available,2016-07-01
43940,Privacywonk,not available,2017-01-01
43941,er314,not available,2016-07-01
43944,Hopelessone,not available,2016-07-01
43945,fberke,not available,2016-07-01
43946,TechCare-Aus,not available,2016-08-01
43948,TechCare-Aus,not available,2016-11-01
43949,TechCare-Aus,not available,2016-12-01
43951,TechCare-Aus,not available,2022-03-01
43952,johnrackles,not available,2016-08-01
43954,srynot4sale,not available,2016-08-01
43955,mikerockett,not available,2016-08-01
43956,wblaircox,not available,2016-08-01
43960,alexbarta,not available,2016-08-01
43961,seelenreiter,not available,2016-08-01
43962,aramboyajyan,not available,2016-08-01
43968,TheBorox,not available,2016-08-01
43970,grks,not available,2016-08-01
43971,alexonbalangue,not available,2016-08-01
43972,alexonbalangue,not available,2016-09-01
43974,johannnson,not available,2016-08-01
43975,mojowill,not available,2016-08-01
43976,rondepierre,not available,2016-08-01
43978,agoat,not available,2016-08-01
43979,agoat,not available,2016-10-01
43980,kernins,not available,2016-08-01
43982,auchri,not available,2016-08-01
43983,auchri,not available,2017-10-01
43987,SimonWaters,not available,2016-08-01
43988,SimonWaters,not available,2016-12-01
43989,SimonWaters,not available,2017-05-01
43990,madpsy,not available,2016-08-01
43991,philipptrenz,not available,2016-08-01
43993,philipptrenz,not available,2016-11-01
43994,jurgenhaas,low,2016-08-01
43995,jurgenhaas,low,2016-10-01
43997,jurgenhaas,low,2017-03-01
44000,jurgenhaas,low,2021-11-01
44006,tillsteinbach,not available,2016-08-01
44007,tillsteinbach,not available,2016-09-01
44008,glipman,not available,2016-08-01
44011,mvillarl,not available,2016-08-01
44012,WebNashr,not available,2016-09-01
44014,beran42,not available,2016-09-01
44016,beran42,not available,2016-10-01
44017,tfrdidi,not available,2016-09-01
44019,tfrdidi,not available,2016-12-01
44020,tfrdidi,not available,2017-01-01
44022,tfrdidi,not available,2017-02-01
44023,tfrdidi,not available,2017-03-01
44024,ryanmccoy,not available,2016-09-01
44026,applibs,not available,2016-09-01
44030,applibs,not available,2016-10-01
44031,1ucay,not available,2016-09-01
44032,Draky50110,not available,2016-09-01
44033,mejiasd3v,not available,2016-09-01
44035,dstarmanhr,not available,2016-09-01
44037,clarm060,not available,2016-09-01
44038,clarm060,not available,2017-01-01
44039,jmsunseri,not available,2016-09-01
44040,fonata,not available,2016-09-01
44041,fonata,not available,2016-10-01
44042,fonata,not available,2018-01-01
44044,JonnyHeavey,not available,2016-09-01
44045,dune73,not available,2016-09-01
44046,dune73,not available,2016-11-01
44049,dune73,not available,2021-10-01
44050,udomsak,not available,2016-09-01
44051,lipis,low,2016-09-01
44056,lipis,low,2016-10-01
44057,lipis,low,2016-11-01
44058,lipis,low,2017-07-01
44060,TheNotary,not available,2016-09-01
44063,FalkHe,not available,2016-09-01
44064,FalkHe,not available,2022-10-01
44065,edgreenberg,not available,2016-09-01
44066,grisharav,not available,2016-09-01
44067,claudioschneider,not available,2016-09-01
44068,claudioschneider,not available,2016-11-01
44069,fritznitz,not available,2016-09-01
44070,rksanket,not available,2016-09-01
44072,mneudert,high,2016-09-01
44073,mneudert,high,2016-12-01
44074,mneudert,high,2017-07-01
44076,mneudert,high,2017-08-01
44080,mneudert,high,2017-09-01
44084,mneudert,high,2017-10-01
44085,mneudert,high,2017-11-01
44087,mneudert,high,2018-01-01
44088,ashleyyang0610,not available,2016-09-01
44089,lukshap,not available,2016-09-01
44091,MikeHergaarden,not available,2016-09-01
44092,verasativa,not available,2016-09-01
44095,koltyakov,not available,2016-09-01
44096,siddharth3977,not available,2016-10-01
44097,eydunn,not available,2016-10-01
44098,zero-24,not available,2016-10-01
44099,zero-24,not available,2016-11-01
44100,l0wskilled,not available,2016-10-01
44102,neralex,not available,2016-10-01
44103,larshaendler,not available,2016-10-01
44104,apapillon,low,2016-10-01
44110,apapillon,low,2016-11-01
44112,dejwsz,not available,2016-10-01
44114,dejwsz,not available,2020-10-01
44115,xrow,not available,2016-10-01
44117,xrow,not available,2016-11-01
44119,clor09,low,2016-10-01
44125,clor09,low,2016-11-01
44127,clasmusic,not available,2016-10-01
44131,4A4B,not available,2016-10-01
44132,hebbet,not available,2016-10-01
44133,k-nut,not available,2016-10-01
44136,k-nut,not available,2016-11-01
44138,Erulezz,not available,2016-10-01
44139,solracsf,not available,2016-10-01
44140,khlipeng,not available,2016-10-01
44142,antald,not available,2016-10-01
44143,slawa-dev,high,2016-10-01
44146,slawa-dev,high,2016-11-01
44149,slawa-dev,high,2016-12-01
44154,slawa-dev,high,2017-01-01
44158,slawa-dev,high,2017-02-01
44159,slawa-dev,high,2017-03-01
44161,slawa-dev,high,2017-08-01
44162,slawa-dev,high,2017-09-01
44163,slawa-dev,high,2019-03-01
44164,slawa-dev,high,2019-08-01
44165,slawa-dev,high,2020-02-01
44168,slawa-dev,high,2020-11-01
44170,slawa-dev,high,2020-12-01
44171,larrybek,not available,2016-10-01
44173,clouseau,not available,2016-10-01
44174,p-blomberg,not available,2016-10-01
44176,p-blomberg,not available,2016-11-01
44177,ghub2015,not available,2016-10-01
44178,ghub2015,not available,2017-01-01
44179,ghub2015,not available,2017-07-01
44180,Studio384,not available,2016-10-01
44181,Studio384,not available,2017-03-01
44183,Studio384,not available,2017-04-01
44184,zebig,not available,2016-10-01
44186,zebig,not available,2016-11-01
44187,nebev,not available,2016-10-01
44188,nebev,not available,2017-03-01
44189,OliverIost,not available,2016-10-01
44192,OliverIost,not available,2017-03-01
44196,MHimken,not available,2016-10-01
44197,nico3333fr,not available,2016-10-01
44198,nico3333fr,not available,2018-05-01
44199,zw231212,not available,2016-10-01
44200,zw231212,not available,2019-12-01
44201,lato333,not available,2016-10-01
44202,thomsh,not available,2016-10-01
44203,paya-cz,not available,2016-10-01
44204,paya-cz,not available,2020-08-01
44205,theoponros,not available,2016-10-01
44206,eldk,high,2016-11-01
44211,eldk,high,2016-12-01
44215,eldk,high,2017-01-01
44216,eldk,high,2018-06-01
44218,eldk,high,2018-07-01
44224,eldk,high,2018-08-01
44225,eldk,high,2018-10-01
44226,eldk,high,2018-11-01
44227,eldk,high,2018-12-01
44235,eldk,high,2019-07-01
44236,eldk,high,2019-10-01
44242,eldk,high,2020-01-01
44243,eldk,high,2022-11-01
44244,ehajo,not available,2016-11-01
44246,huye,not available,2016-11-01
44247,huye,not available,2021-11-01
44248,huye,not available,2022-01-01
44249,criwe,not available,2016-11-01
44250,mahammer,not available,2016-11-01
44251,mahammer,not available,2016-12-01
44253,JonTheWong,not available,2016-11-01
44254,JonTheWong,not available,2017-09-01
44256,JonTheWong,not available,2019-01-01
44257,digjack,not available,2016-11-01
44258,falzard,not available,2016-11-01
44260,mpaolo,low,2016-11-01
44262,mpaolo,low,2017-02-01
44263,mpaolo,low,2017-04-01
44264,mpaolo,low,2017-05-01
44265,mpaolo,low,2017-11-01
44270,mpaolo,low,2018-05-01
44279,MattiSG,not available,2016-11-01
44280,zinwalin,not available,2016-11-01
44281,SebBoffen,not available,2016-11-01
44282,SebBoffen,not available,2016-12-01
44283,ahmed-zekry,not available,2016-11-01
44284,gkannan21,not available,2016-11-01
44286,gkannan21,not available,2016-12-01
44288,codetheorist,not available,2016-11-01
44289,x3ro,not available,2016-11-01
44290,tuffz,not available,2016-11-01
44291,glatzenarsch,not available,2016-11-01
44292,glatzenarsch,not available,2019-03-01
44294,glatzenarsch,not available,2022-10-01
44295,glatzenarsch,not available,2022-11-01
44296,tomalex0,not available,2016-11-01
44297,tomalex0,not available,2016-12-01
44298,pafgoncalves,not available,2016-11-01
44299,atfornes,not available,2016-11-01
44300,lemonksgithu,not available,2016-11-01
44301,fred-the-coder,not available,2016-11-01
44302,lorengordon,not available,2016-11-01
44303,tuxmaster,low,2016-11-01
44305,tuxmaster,low,2017-01-01
44307,tuxmaster,low,2017-02-01
44308,tuxmaster,low,2018-05-01
44311,roman-syrota,not available,2016-11-01
44313,rsirres,not available,2016-11-01
44314,tim-peters,not available,2016-11-01
44315,evrard-c,not available,2016-11-01
44318,evrard-c,not available,2016-12-01
44319,evrard-c,not available,2018-03-01
44320,kolewu,not available,2016-11-01
44323,GuilloOme,not available,2016-11-01
44324,mcolak,not available,2016-11-01
44325,sebastianhelbig,not available,2016-11-01
44328,sebastianhelbig,not available,2016-12-01
44329,caugner,not available,2016-11-01
44330,karussell,not available,2016-11-01
44331,ehuebner,not available,2016-11-01
44332,tolisvv,not available,2016-12-01
44333,billtzim,not available,2016-12-01
44335,ModemMisuser,low,2016-12-01
44351,vlamant,not available,2016-12-01
44354,FiloSottile,not available,2016-12-01
44355,ytodae,not available,2016-12-01
44357,Redsmith24,not available,2016-12-01
44360,sergeevabc,not available,2016-12-01
44363,AnanthaRajuC,not available,2016-12-01
44364,srsbiz,not available,2016-12-01
44365,James-Oakley,low,2016-12-01
44369,James-Oakley,low,2020-04-01
44372,James-Oakley,low,2020-05-01
44374,James-Oakley,low,2021-12-01
44375,James-Oakley,low,2022-03-01
44376,kokspflanze,not available,2016-12-01
44378,kokspflanze,not available,2017-04-01
44379,diabl0,not available,2016-12-01
44380,Presskopp,not available,2016-12-01
44381,Presskopp,not available,2017-12-01
44382,tirami5u,not available,2016-12-01
44386,tirami5u,not available,2017-01-01
44387,necalex,not available,2016-12-01
44389,rost-christian,not available,2016-12-01
44392,towerlexa,not available,2016-12-01
44396,lbnaaps,not available,2016-12-01
44398,zaizai0935,not available,2016-12-01
44400,zaizai0935,not available,2017-09-01
44401,mr-manuel,not available,2016-12-01
44403,mr-manuel,not available,2017-01-01
44407,mr-manuel,not available,2017-03-01
44408,mathomp4,not available,2016-12-01
44412,ngdot,not available,2016-12-01
44413,Findus23,high,2016-12-01
44419,Findus23,high,2017-01-01
44457,Findus23,high,2017-02-01
44486,Findus23,high,2017-03-01
44499,Findus23,high,2017-04-01
44514,Findus23,high,2017-05-01
44525,Findus23,high,2017-06-01
44536,Findus23,high,2017-07-01
44553,Findus23,high,2017-08-01
44562,Findus23,high,2017-09-01
44583,Findus23,high,2017-10-01
44593,Findus23,high,2017-11-01
44607,Findus23,high,2017-12-01
44620,Findus23,high,2018-01-01
44655,Findus23,high,2018-02-01
44669,Findus23,high,2018-03-01
44674,Findus23,high,2018-04-01
44698,Findus23,high,2018-05-01
44742,Findus23,high,2018-06-01
44759,Findus23,high,2018-07-01
44769,Findus23,high,2018-08-01
44776,Findus23,high,2018-09-01
44783,Findus23,high,2018-10-01
44804,Findus23,high,2018-11-01
44817,Findus23,high,2018-12-01
44845,Findus23,high,2019-01-01
44861,Findus23,high,2019-02-01
44869,Findus23,high,2019-03-01
44903,Findus23,high,2019-04-01
44926,Findus23,high,2019-05-01
44944,Findus23,high,2019-06-01
44960,Findus23,high,2019-07-01
44966,Findus23,high,2019-08-01
44980,Findus23,high,2019-09-01
44987,Findus23,high,2019-10-01
45001,Findus23,high,2019-11-01
45008,Findus23,high,2019-12-01
45020,Findus23,high,2020-01-01
45035,Findus23,high,2020-02-01
45054,Findus23,high,2020-03-01
45059,Findus23,high,2020-04-01
45084,Findus23,high,2020-05-01
45150,Findus23,high,2020-06-01
45164,Findus23,high,2020-07-01
45170,Findus23,high,2020-08-01
45190,Findus23,high,2020-09-01
45199,Findus23,high,2020-10-01
45218,Findus23,high,2020-11-01
45238,Findus23,high,2020-12-01
45255,Findus23,high,2021-01-01
45275,Findus23,high,2021-02-01
45290,Findus23,high,2021-03-01
45307,Findus23,high,2021-04-01
45318,Findus23,high,2021-05-01
45334,Findus23,high,2021-06-01
45341,Findus23,high,2021-07-01
45351,Findus23,high,2021-08-01
45365,Findus23,high,2021-09-01
45378,Findus23,high,2021-10-01
45391,Findus23,high,2021-11-01
45400,Findus23,high,2021-12-01
45402,Findus23,high,2022-01-01
45406,Findus23,high,2022-02-01
45416,Findus23,high,2022-03-01
45421,Findus23,high,2022-04-01
45438,Findus23,high,2022-05-01
45440,Findus23,high,2022-06-01
45444,Findus23,high,2022-07-01
45448,Findus23,high,2022-08-01
45450,Findus23,high,2022-09-01
45453,Findus23,high,2022-10-01
45459,Findus23,high,2022-11-01
45463,Findus23,high,2023-01-01
45470,sjacquot,not available,2016-12-01
45471,KaanErturk,not available,2016-12-01
45475,hans-d,not available,2016-12-01
45476,zubfatal,not available,2016-12-01
45478,phip1611,not available,2016-12-01
45480,phip1611,not available,2017-02-01
45484,cibler95,not available,2016-12-01
45485,cibler95,not available,2017-01-01
45486,aguarsk,not available,2016-12-01
45487,aguarsk,not available,2017-01-01
45488,magiruuvelvet,not available,2016-12-01
45489,slinkymanbyday,not available,2016-12-01
45490,mvhconsult,not available,2016-12-01
45492,MikeN123,not available,2016-12-01
45494,ademaro,not available,2016-12-01
45495,bohnelang,not available,2016-12-01
45496,bohnelang,not available,2017-02-01
45499,bohnelang,not available,2017-05-01
45500,001101,not available,2016-12-01
45501,ron23,not available,2016-12-01
45502,trollverk,not available,2016-12-01
45504,HonkXL,not available,2016-12-01
45506,S2E-RSD,not available,2016-12-01
45507,lesaff,not available,2016-12-01
45509,thE-iNviNciblE,not available,2016-12-01
45510,thE-iNviNciblE,not available,2017-01-01
45511,thE-iNviNciblE,not available,2019-01-01
45514,brandtOSS,not available,2016-12-01
45515,unixfox,not available,2016-12-01
45516,Sebi94nbg,not available,2016-12-01
45517,Sebi94nbg,not available,2020-01-01
45518,grote,not available,2016-12-01
45519,jvoisin,not available,2016-12-01
45520,StephenOTT,not available,2016-12-01
45521,lucaboesch,not available,2016-12-01
45522,frlan,not available,2017-01-01
45524,FlorentCoppint,not available,2017-01-01
45526,mars333,not available,2017-01-01
45527,axelhahn,not available,2017-01-01
45529,bmorg,not available,2017-01-01
45530,stevedion,not available,2017-01-01
45531,alorence,not available,2017-01-01
45532,ctuxboy,not available,2017-01-01
45533,ctuxboy,not available,2017-02-01
45534,ctuxboy,not available,2020-02-01
45535,ohreally,not available,2017-01-01
45541,ohreally,not available,2017-02-01
45542,tehseenkn,not available,2017-01-01
45543,tehseenkn,not available,2017-04-01
45545,bluesailor45,not available,2017-01-01
45548,bluesailor45,not available,2017-02-01
45553,CheweyZ,mid,2017-01-01
45557,CheweyZ,mid,2017-02-01
45558,CheweyZ,mid,2017-03-01
45562,vibbow,not available,2017-01-01
45563,TanvirIsraq,not available,2017-01-01
45564,MWisotzki,not available,2017-01-01
45568,MWisotzki,not available,2017-02-01
45570,MWisotzki,not available,2017-03-01
45571,Jeeppler,not available,2017-01-01
45572,javsalgar,not available,2017-01-01
45573,jayapratha,not available,2017-01-01
45574,danielh84,not available,2017-01-01
45575,RJpapke,not available,2017-01-01
45576,robles-design,mid,2017-01-01
45577,robles-design,mid,2018-06-01
45579,robles-design,mid,2019-01-01
45584,robles-design,mid,2019-07-01
45585,robles-design,mid,2019-12-01
45586,robles-design,mid,2020-01-01
45587,robles-design,mid,2020-12-01
45593,robles-design,mid,2021-01-01
45611,robles-design,mid,2021-02-01
45612,sezuan,not available,2017-01-01
45615,sezuan,not available,2017-02-01
45617,OlafDoering,not available,2017-01-01
45618,metfan,not available,2017-01-01
45619,metfan,not available,2019-10-01
45620,metfan,not available,2019-11-01
45621,Braintelligence,not available,2017-01-01
45622,responseinformationsdesign,not available,2017-01-01
45623,braiam,not available,2017-01-01
45625,braiam,not available,2018-03-01
45626,braiam,not available,2018-08-01
45627,mirabyte,not available,2017-01-01
45628,mirabyte,not available,2017-04-01
45629,gamanet,not available,2017-01-01
45632,gamanet,not available,2017-03-01
45633,gamanet,not available,2020-01-01
45636,daniel-barrows,not available,2017-01-01
45637,daniel-barrows,not available,2017-03-01
45638,ptr1120,not available,2017-01-01
45639,triforce,not available,2017-01-01
45641,caistleitner,not available,2017-01-01
45644,halfnibble,not available,2017-01-01
45646,skasberger,not available,2017-01-01
45648,obi12341,not available,2017-01-01
45649,LarsBauer,not available,2017-01-01
45650,MiroHofo,not available,2017-01-01
45652,evgeny-grushko,not available,2017-01-01
45654,github-hbr,not available,2017-01-01
45655,mameier,not available,2017-01-01
45656,AmirIqbal1,not available,2017-01-01
45657,ndziePatrickJoel,not available,2017-01-01
45658,benwazza,not available,2017-01-01
45659,fhadlich,not available,2017-01-01
45660,CarlOrff,not available,2017-01-01
45661,ozbarshalom,not available,2017-01-01
45662,Wilkolicious,not available,2017-01-01
45663,senden9,not available,2017-01-01
45664,daberlin,not available,2017-01-01
45665,collinbarrett,not available,2017-01-01
45666,collinbarrett,not available,2017-02-01
45673,ins0,not available,2017-01-01
45674,thueske,not available,2017-01-01
45675,thueske,not available,2017-03-01
45676,thueske,not available,2018-08-01
45677,bluikko,not available,2017-01-01
45678,bluikko,not available,2017-02-01
45680,bluikko,not available,2021-07-01
45682,bluikko,not available,2022-08-01
45683,twixi,not available,2017-01-01
45685,twixi,not available,2021-12-01
45687,c-prompt,low,2017-01-01
45689,c-prompt,low,2019-02-01
45693,c-prompt,low,2019-03-01
45694,c-prompt,low,2019-04-01
45696,c-prompt,low,2019-09-01
45697,c-prompt,low,2020-01-01
45700,c-prompt,low,2020-04-01
45701,lhilarides,not available,2017-01-01
45702,timofeytt,not available,2017-01-01
45703,Emerson,not available,2017-01-01
45704,snowysandro,not available,2017-01-01
45705,dazall,not available,2017-01-01
45706,TobeBenn,not available,2017-01-01
45707,TobeBenn,not available,2017-02-01
45708,kuangrenfengyu,not available,2017-01-01
45709,pardvm,mid,2017-02-01
45711,pardvm,mid,2017-03-01
45712,pardvm,mid,2017-07-01
45713,pardvm,mid,2019-12-01
45715,pardvm,mid,2020-01-01
45716,pardvm,mid,2020-02-01
45733,pardvm,mid,2020-11-01
45736,ksachdeva11,not available,2017-02-01
45737,yht,not available,2017-02-01
45738,mck9,not available,2017-02-01
45739,StiftungAusNachlass,not available,2017-02-01
45741,StiftungAusNachlass,not available,2017-05-01
45742,StiftungAusNachlass,not available,2018-01-01
45743,Mark-H,not available,2017-02-01
45744,cyplo,not available,2017-02-01
45745,pc-magas,not available,2017-02-01
45746,tipmaster,not available,2017-02-01
45749,pgerstbach,not available,2017-02-01
45750,brownsugar,not available,2017-02-01
45752,mrusonis,not available,2017-02-01
45753,michaelschulze,not available,2017-02-01
45755,code-penguin,not available,2017-02-01
45757,code-penguin,not available,2017-03-01
45758,ma2thieu,not available,2017-02-01
45761,ma2thieu,not available,2018-09-01
45762,ChrisR1993,low,2017-02-01
45774,ChrisR1993,low,2017-03-01
45775,ChrisR1993,low,2017-04-01
45776,ChrisR1993,low,2017-06-01
45777,SimonHausdorf,not available,2017-02-01
45778,Kukitom,not available,2017-02-01
45780,Kukitom,not available,2017-11-01
45783,Kukitom,not available,2017-12-01
45784,cleicht,not available,2017-02-01
45789,cmdtstof,not available,2017-02-01
45790,JunkeAl,not available,2017-02-01
45792,andruwa13,not available,2017-02-01
45796,GermanKiwi,not available,2017-02-01
45801,GermanKiwi,not available,2021-05-01
45802,janw1,not available,2017-02-01
45804,djsaturn,not available,2017-02-01
45806,colorando-de,not available,2017-02-01
45807,mschmitz89,not available,2017-02-01
45808,beemoon,not available,2017-02-01
45812,olivier-mauras,not available,2017-02-01
45813,olivier-mauras,not available,2017-03-01
45814,bobbypiwik,low,2017-02-01
45824,denysvitali,not available,2017-02-01
45827,netolic500,not available,2017-02-01
45828,freecastle,not available,2017-02-01
45829,rogogon,not available,2017-02-01
45830,rogogon,not available,2017-05-01
45831,ziaratban,not available,2017-02-01
45832,roweryan,not available,2017-02-01
45833,Sungodragon,not available,2017-02-01
45834,dalaius,not available,2017-02-01
45835,r4pp3l,not available,2017-02-01
45839,fordguo,not available,2017-02-01
45840,SonOfBytes,not available,2017-02-01
45842,butzopower,not available,2017-02-01
45843,webwurst,not available,2017-02-01
45844,jvilk,not available,2017-02-01
45845,jvilk,not available,2017-09-01
45846,jvilk,not available,2017-11-01
45847,FaliseDotCom,low,2017-03-01
45855,j100002ben,not available,2017-03-01
45856,L-A,not available,2017-03-01
45861,oldcookie,not available,2017-03-01
45863,chillivilli,not available,2017-03-01
45864,mannp,not available,2017-03-01
45865,firefart,not available,2017-03-01
45866,toebu,not available,2017-03-01
45868,toebu,not available,2018-11-01
45872,cardinalacres,not available,2017-03-01
45873,bondjimbond,not available,2017-03-01
45875,sephi-dev,not available,2017-03-01
45876,es86de,not available,2017-03-01
45877,DomsaNN,not available,2017-03-01
45878,joewulf,not available,2017-03-01
45884,joewulf,not available,2017-08-01
45885,Mayeu,not available,2017-03-01
45886,Mayeu,not available,2018-11-01
45887,vopjie,not available,2017-03-01
45888,DavidLiedke,not available,2017-03-01
45892,aasano,not available,2017-03-01
45896,lafrech,not available,2017-03-01
45897,Viviansweaty,not available,2017-03-01
45898,Viviansweaty,not available,2017-05-01
45899,Viviansweaty,not available,2017-06-01
45900,lvnilesh,not available,2017-03-01
45901,EdgarPE,not available,2017-03-01
45903,icoco,not available,2017-03-01
45904,k00ni,not available,2017-03-01
45905,sb4m,not available,2017-03-01
45906,sb4m,not available,2017-05-01
45907,sb4m,not available,2018-05-01
45908,LLPP65,low,2017-03-01
45910,LLPP65,low,2017-05-01
45911,LLPP65,low,2018-10-01
45915,LLPP65,low,2018-12-01
45916,mfilotto,not available,2017-03-01
45917,cosmoblonde,not available,2017-03-01
45918,johnhess,not available,2017-03-01
45919,howdytom,mid,2017-03-01
45921,howdytom,mid,2017-04-01
45923,howdytom,mid,2019-01-01
45924,howdytom,mid,2019-08-01
45925,howdytom,mid,2021-07-01
45926,howdytom,mid,2021-08-01
45928,fortinux,not available,2017-03-01
45929,NitroxydeX,not available,2017-03-01
45930,nebulade,not available,2017-03-01
45931,nebulade,not available,2017-04-01
45932,nebulade,not available,2021-02-01
45934,b-nobis,not available,2017-03-01
45935,22h,not available,2017-03-01
45936,22h,not available,2017-10-01
45937,FinnFrotscher,not available,2017-04-01
45940,benhartwich,not available,2017-04-01
45943,UralZima,not available,2017-04-01
45944,saqib16,not available,2017-04-01
45945,xiaotaozi1127,not available,2017-04-01
45948,huan086,not available,2017-04-01
45952,vfbsilva,not available,2017-04-01
45953,NemoAlex,not available,2017-04-01
45959,JamesJungmoonLim,not available,2017-04-01
45962,suriyaa,not available,2017-04-01
45963,ms217,not available,2017-04-01
45964,Glenn-Gould,not available,2017-04-01
45965,iadj,not available,2017-04-01
45967,xolf,not available,2017-04-01
45968,iprok,not available,2017-04-01
45969,iprok,not available,2017-05-01
45970,iprok,not available,2018-07-01
45971,jjp0226,not available,2017-04-01
45973,pUnK2008,not available,2017-04-01
45974,prohtex,not available,2017-04-01
45975,prohtex,not available,2017-05-01
45976,prohtex,not available,2017-06-01
45977,JanST123,not available,2017-04-01
45978,JanST123,not available,2017-05-01
45979,JanST123,not available,2017-06-01
45982,gmenegatti,not available,2017-04-01
45983,nightillusions,not available,2017-04-01
45984,ashgoodman,not available,2017-04-01
45985,DevDaveo,not available,2017-04-01
45987,feelydh,not available,2017-04-01
45988,poblabs,not available,2017-04-01
45990,kvordf,not available,2017-04-01
45991,webmaxttor,not available,2017-04-01
45992,bflanagan78,not available,2017-04-01
45993,sbuchali,not available,2017-05-01
45994,dbapl,not available,2017-05-01
45996,t-pearce,not available,2017-05-01
45998,lchandelier,not available,2017-05-01
45999,lchandelier,not available,2017-06-01
46000,riginoommen,not available,2017-05-01
46003,kbabioch,not available,2017-05-01
46004,aXe1,not available,2017-05-01
46005,piwikoper,not available,2017-05-01
46006,jquattlebaum,not available,2017-05-01
46007,Legion2,not available,2017-05-01
46008,Legion2,not available,2018-12-01
46009,bigretromike,mid,2017-05-01
46010,bigretromike,mid,2018-05-01
46011,bigretromike,mid,2018-08-01
46014,bigretromike,mid,2019-01-01
46016,bigretromike,mid,2019-03-01
46017,bigretromike,mid,2019-05-01
46023,bigretromike,mid,2019-07-01
46024,bigretromike,mid,2019-08-01
46028,ferfebles,not available,2017-05-01
46029,godofdream,not available,2017-05-01
46030,bruno28300,not available,2017-05-01
46031,bdore,not available,2017-05-01
46032,novakin,not available,2017-05-01
46033,waa8288,not available,2017-05-01
46036,marrahi,not available,2017-05-01
46037,dukewa1,not available,2017-05-01
46038,JHKLaren,not available,2017-05-01
46039,jonroberts-anr,not available,2017-05-01
46040,HyperionSounds,not available,2017-05-01
46046,HyperionSounds,not available,2017-06-01
46047,jarrodldavis,not available,2017-05-01
46048,brototyp,not available,2017-05-01
46049,brototyp,not available,2017-06-01
46050,Sobhika2,low,2017-05-01
46051,Sobhika2,low,2017-06-01
46053,Sobhika2,low,2017-07-01
46055,Sobhika2,low,2017-08-01
46058,Sobhika2,low,2018-03-01
46059,halfer,low,2017-06-01
46067,halfer,low,2017-11-01
46069,halfer,low,2018-03-01
46070,courtens,mid,2017-06-01
46075,courtens,mid,2018-03-01
46077,courtens,mid,2019-08-01
46078,courtens,mid,2022-02-01
46079,courtens,mid,2022-11-01
46080,courtens,mid,2022-12-01
46082,corrin,not available,2017-06-01
46084,pfrenssen,not available,2017-06-01
46085,dchatry,not available,2017-06-01
46086,agokulravikumar,not available,2017-06-01
46087,petecroaker,not available,2017-06-01
46088,sboesch,not available,2017-06-01
46089,maw2be,not available,2017-06-01
46091,danielwalo,not available,2017-06-01
46092,HaithamMaya,not available,2017-06-01
46093,larsnystrom,not available,2017-06-01
46094,larsnystrom,not available,2017-12-01
46095,Victorsueca,not available,2017-06-01
46098,elpendor,not available,2017-06-01
46103,StefanKoning,not available,2017-06-01
46104,urmet0,not available,2017-06-01
46105,urmet0,not available,2017-07-01
46106,urmet0,not available,2017-12-01
46107,urmet0,not available,2018-01-01
46108,Rockvole,not available,2017-06-01
46109,mathieucharest,not available,2017-06-01
46110,pitchfol,not available,2017-07-01
46111,Xeevis,not available,2017-07-01
46113,GerardBol,not available,2017-07-01
46114,Holiez,not available,2017-07-01
46115,Shazen,not available,2017-07-01
46117,RobsImpSS,low,2017-07-01
46124,RobsImpSS,low,2017-09-01
46126,RobsImpSS,low,2017-10-01
46127,RobsImpSS,low,2018-02-01
46128,lindsaymacvean,not available,2017-07-01
46129,lindsaymacvean,not available,2018-07-01
46130,christianhennen,not available,2017-07-01
46131,zypri,not available,2017-07-01
46132,EskindirA,not available,2017-07-01
46133,FabriceSalvaire,not available,2017-07-01
46134,GregoirePiat,not available,2017-07-01
46135,Josua2012,not available,2017-07-01
46136,jromao,not available,2017-07-01
46137,r3c4ll,not available,2017-07-01
46138,mpocceschi,not available,2017-07-01
46139,mpocceschi,not available,2017-09-01
46140,RedactedProfile,not available,2017-07-01
46141,SlavikCA,not available,2017-07-01
46143,SlavikCA,not available,2019-01-01
46145,SlavikCA,not available,2020-02-01
46147,chaomao,not available,2017-07-01
46148,faust64,not available,2017-07-01
46149,sunzhongmou,not available,2017-07-01
46150,wangjinyang,not available,2017-07-01
46151,patrickbr,not available,2017-07-01
46154,filipre,not available,2017-08-01
46155,mstenz,mid,2017-08-01
46158,mstenz,mid,2018-02-01
46159,mstenz,mid,2019-11-01
46176,mstenz,mid,2020-12-01
46178,mstenz,mid,2021-01-01
46187,mstenz,mid,2022-05-01
46188,mstenz,mid,2022-07-01
46189,DrCard,not available,2017-08-01
46190,mealiusman,not available,2017-08-01
46191,wei1215583760,low,2017-08-01
46204,Japhys,not available,2017-08-01
46205,Japhys,not available,2020-09-01
46206,Bits101,not available,2017-08-01
46207,huruji,not available,2017-08-01
46210,jamesjieye,not available,2017-08-01
46211,ppwwyyxx,not available,2017-08-01
46212,anonymouss,not available,2017-08-01
46213,mbarbey,not available,2017-08-01
46214,WG-Com,not available,2017-08-01
46220,djallet,not available,2017-08-01
46221,Richard-D,not available,2017-08-01
46222,HaoLovesCoding,not available,2017-08-01
46224,jeenlee,not available,2017-08-01
46225,ILOFI,not available,2017-08-01
46228,brockholzer,not available,2017-08-01
46229,Vsevorod,not available,2017-08-01
46230,phodal,not available,2017-08-01
46233,christine-kaminski,not available,2017-08-01
46235,YouYue123,not available,2017-08-01
46236,vincent3569,not available,2017-08-01
46238,vincent3569,not available,2017-09-01
46243,mibto,not available,2017-08-01
46244,mibto,not available,2017-12-01
46245,gfernandez83,not available,2017-08-01
46246,jrblevin,not available,2017-08-01
46247,jrblevin,not available,2017-09-01
46249,jeffmcneill,not available,2017-08-01
46250,jeffmcneill,not available,2017-09-01
46251,saithis,not available,2017-08-01
46252,funkyfuture,not available,2017-08-01
46253,justjavac,not available,2017-08-01
46254,natejgardner,not available,2017-08-01
46255,brendon-16389,not available,2017-08-01
46256,GitFr33,low,2017-09-01
46264,GitFr33,low,2017-10-01
46265,GitFr33,low,2019-04-01
46266,GitFr33,low,2019-06-01
46268,rosnoun,not available,2017-09-01
46274,eramirezprotec,high,2017-09-01
46275,eramirezprotec,high,2017-10-01
46284,eramirezprotec,high,2017-11-01
46286,eramirezprotec,high,2018-01-01
46292,eramirezprotec,high,2018-02-01
46294,eramirezprotec,high,2018-05-01
46297,eramirezprotec,high,2018-06-01
46298,eramirezprotec,high,2018-08-01
46300,eramirezprotec,high,2018-10-01
46301,eramirezprotec,high,2019-02-01
46302,eramirezprotec,high,2020-03-01
46304,eramirezprotec,high,2020-04-01
46305,eramirezprotec,high,2021-04-01
46306,Morerice,not available,2017-09-01
46309,Morerice,not available,2017-10-01
46311,kmohrf,not available,2017-09-01
46312,chrisprobst,not available,2017-09-01
46313,arnowelzel,not available,2017-09-01
46316,arnowelzel,not available,2017-10-01
46317,arnowelzel,not available,2018-04-01
46318,spackmat,not available,2017-09-01
46320,cheburakshu,not available,2017-09-01
46323,nicolasbadia,not available,2017-09-01
46324,netdesign,not available,2017-09-01
46326,netdesign,not available,2020-03-01
46330,forging2012,not available,2017-09-01
46333,DeanZhixuzhe,not available,2017-09-01
46334,Dennis1993,not available,2017-09-01
46336,BrijeshSetty,not available,2017-09-01
46343,pestevao,not available,2017-09-01
46344,pestevao,not available,2017-12-01
46345,pengshuai2010,not available,2017-09-01
46346,rredhatt,not available,2017-09-01
46348,goodspeedal,not available,2017-09-01
46349,mmilano,not available,2017-09-01
46350,egarjans,not available,2017-09-01
46351,digihiveinc,not available,2017-09-01
46354,digihiveinc,not available,2019-08-01
46355,umpire274,not available,2017-09-01
46357,kubasam555,not available,2017-09-01
46358,KuchiSofts,not available,2017-09-01
46361,savkevip,not available,2017-09-01
46362,michaeltarleton,not available,2017-09-01
46363,satya876,low,2017-09-01
46375,derfred33,not available,2017-09-01
46378,derfred33,not available,2018-05-01
46379,waleednagaty,not available,2017-09-01
46380,cherouvim,not available,2017-09-01
46384,stunna,not available,2017-09-01
46385,maxibwoy,not available,2017-09-01
46386,GuillaumeGBzh,not available,2017-09-01
46387,pavarnos,mid,2017-09-01
46391,pavarnos,mid,2017-10-01
46397,pavarnos,mid,2019-01-01
46398,ghimf,not available,2017-09-01
46399,ghimf,not available,2017-10-01
46400,OldGrumpy-de,not available,2017-09-01
46402,Nono-m0le,not available,2017-09-01
46405,nicktrout,not available,2017-09-01
46406,Dozecloud-llc,not available,2017-09-01
46407,Quadratica,not available,2017-09-01
46410,alanjross,not available,2017-09-01
46411,extrablind,not available,2017-09-01
46413,krispii,not available,2017-10-01
46414,iamwebrocker,low,2017-10-01
46423,michallepicki,not available,2017-10-01
46424,chrisschauer,not available,2017-10-01
46425,fdellwing,high,2017-10-01
46431,fdellwing,high,2017-11-01
46437,fdellwing,high,2017-12-01
46442,fdellwing,high,2018-01-01
46458,fdellwing,high,2018-02-01
46466,fdellwing,high,2018-03-01
46470,fdellwing,high,2018-04-01
46488,fdellwing,high,2018-05-01
46500,fdellwing,high,2018-06-01
46509,fdellwing,high,2018-07-01
46526,fdellwing,high,2018-08-01
46533,fdellwing,high,2018-09-01
46547,fdellwing,high,2018-10-01
46559,fdellwing,high,2018-11-01
46573,fdellwing,high,2018-12-01
46589,fdellwing,high,2019-01-01
46602,fdellwing,high,2019-02-01
46614,fdellwing,high,2019-03-01
46651,fdellwing,high,2019-04-01
46662,fdellwing,high,2019-05-01
46682,fdellwing,high,2019-06-01
46688,fdellwing,high,2019-09-01
46689,fdellwing,high,2019-10-01
46691,fdellwing,high,2020-01-01
46692,obax,not available,2017-10-01
46696,omarr1000,not available,2017-10-01
46698,username1290,not available,2017-10-01
46702,zsoro2,not available,2017-10-01
46703,pir1981,not available,2017-10-01
46704,odlan,not available,2017-10-01
46707,matfax,not available,2017-10-01
46709,olleharstedt,low,2017-10-01
46711,olleharstedt,low,2018-02-01
46717,olleharstedt,low,2018-09-01
46718,olleharstedt,low,2019-12-01
46719,olleharstedt,low,2020-02-01
46720,olleharstedt,low,2020-06-01
46721,dwightk2,not available,2017-10-01
46722,TomTheRock,not available,2017-10-01
46723,TomTheRock,not available,2018-02-01
46724,znerol,not available,2017-10-01
46725,znerol,not available,2019-11-01
46731,jayden-chua,not available,2017-10-01
46733,anidayta,not available,2017-10-01
46735,ehwg,not available,2017-10-01
46736,gmarton,not available,2017-10-01
46737,jibe-,low,2017-10-01
46741,jibe-,low,2017-11-01
46747,jibe-,low,2019-12-01
46749,UltraFlux,not available,2017-10-01
46751,WebWorkingMan,not available,2017-10-01
46752,viegelinsch,not available,2017-10-01
46753,infomazeteam,not available,2017-10-01
46754,ctaity,not available,2017-10-01
46755,efedorov,not available,2017-10-01
46757,m4ntic0r,not available,2017-10-01
46758,cpoliticas,not available,2017-11-01
46762,meyer-net,not available,2017-11-01
46763,laszlovl,not available,2017-11-01
46767,laszlovl,not available,2018-09-01
46768,laszlovl,not available,2018-10-01
46770,kiwi-x,not available,2017-11-01
46772,londonuk371,not available,2017-11-01
46773,djosip,not available,2017-11-01
46774,ragboy,not available,2017-11-01
46775,simonhessner,not available,2017-11-01
46776,suvedhaGanapathy,not available,2017-11-01
46777,saitho,not available,2017-11-01
46778,RafalLukawiecki,not available,2017-11-01
46779,RafalLukawiecki,not available,2018-01-01
46780,RafalLukawiecki,not available,2018-02-01
46782,willtate,not available,2017-11-01
46783,brugins,not available,2017-11-01
46784,brugins,not available,2017-12-01
46785,galrotem1993,not available,2017-11-01
46788,sgu222e,not available,2017-11-01
46794,NealWalters,not available,2017-11-01
46795,gricey432,not available,2017-11-01
46796,gricey432,not available,2017-12-01
46797,gricey432,not available,2018-06-01
46798,ChristianLuxem,not available,2017-11-01
46799,hvcgi,not available,2017-11-01
46800,kenttanl,not available,2017-11-01
46802,dgregory94,not available,2017-11-01
46803,zalpany2000,not available,2017-12-01
46805,renefreund,not available,2017-12-01
46806,nicosom,not available,2017-12-01
46808,blynch11p,not available,2017-12-01
46811,mritzmann,low,2017-12-01
46813,mritzmann,low,2019-02-01
46814,mritzmann,low,2019-04-01
46818,mritzmann,low,2020-04-01
46819,mritzmann,low,2022-02-01
46820,mritzmann,low,2022-03-01
46821,mritzmann,low,2022-11-01
46824,mstroeve,not available,2017-12-01
46825,seyfro,not available,2017-12-01
46827,seyfro,not available,2019-05-01
46828,seyfro,not available,2020-10-01
46829,tomaluca95,not available,2017-12-01
46830,jamietanna,not available,2017-12-01
46831,manuelLink,not available,2017-12-01
46832,piymis,not available,2017-12-01
46833,dtpop,not available,2017-12-01
46835,mrmonday,not available,2017-12-01
46836,mrmonday,not available,2018-01-01
46837,obliqueshock,not available,2017-12-01
46838,JanBartels,not available,2018-01-01
46839,cah-andrew-fitzgerald,not available,2018-01-01
46844,matomoto,high,2018-01-01
46851,matomoto,high,2020-12-01
46852,matomoto,high,2021-07-01
46853,matomoto,high,2022-10-01
46856,matomoto,high,2023-01-01
46868,m-cameron,not available,2018-01-01
46869,m-cameron,not available,2018-05-01
46870,m-cameron,not available,2020-01-01
46871,wharpreet,not available,2018-01-01
46872,henkvdbeukel,not available,2018-01-01
46877,loopmode,not available,2018-01-01
46880,madsem,not available,2018-01-01
46881,TheChroniX,not available,2018-01-01
46883,kkrebs,not available,2018-01-01
46884,kantel,not available,2018-01-01
46885,kantel,not available,2020-12-01
46887,robov,not available,2018-01-01
46888,JohnMH,not available,2018-01-01
46889,JohnMH,not available,2018-10-01
46890,PotcFdk,not available,2018-01-01
46892,AsadullahFarooqi,not available,2018-01-01
46893,sballinone,not available,2018-01-01
46894,MyKit,not available,2018-01-01
46895,ChristophRo,not available,2018-01-01
46896,kevinjoyner,not available,2018-01-01
46897,vekunz,not available,2018-01-01
46898,DeepakkumarArumugam,not available,2018-01-01
46899,linuxfan3,not available,2018-01-01
46901,bperel,not available,2018-01-01
46904,kanzy21,not available,2018-01-01
46905,LiberMortis,not available,2018-01-01
46906,tkz79,not available,2018-02-01
46908,thunfischbrot,not available,2018-02-01
46909,fabiobuda,not available,2018-02-01
46911,simivar,mid,2018-02-01
46915,simivar,mid,2018-03-01
46916,simivar,mid,2019-03-01
46920,simivar,mid,2019-04-01
46922,jacobweber,not available,2018-02-01
46923,metalocator,not available,2018-02-01
46926,metalocator,not available,2018-11-01
46927,metalocator,not available,2019-01-01
46929,metalocator,not available,2019-11-01
46930,daylicron,low,2018-02-01
46932,daylicron,low,2018-06-01
46933,daylicron,low,2018-07-01
46934,daylicron,low,2019-03-01
46941,daylicron,low,2019-04-01
46942,daylicron,low,2019-05-01
46943,daylicron,low,2019-06-01
46944,AndoniLarz,not available,2018-02-01
46946,dmarcelino,not available,2018-02-01
46947,sammacbeth,not available,2018-02-01
46948,Rudloff,not available,2018-02-01
46949,davidbarratt,not available,2018-02-01
46950,vickyveera10,not available,2018-02-01
46951,geek-merlin,not available,2018-02-01
46952,si458,not available,2018-02-01
46954,JedMeister,not available,2018-02-01
46955,JedMeister,not available,2018-04-01
46956,gregoireclemencin,not available,2018-02-01
46957,hsafe,not available,2018-02-01
46958,jkjha,low,2018-02-01
46959,jkjha,low,2018-07-01
46967,jkjha,low,2020-07-01
46968,wlinker,not available,2018-02-01
46969,xopez,low,2018-02-01
46971,xopez,low,2018-03-01
46973,xopez,low,2018-04-01
46978,mahesh978,not available,2018-03-01
46980,make-it-git,not available,2018-03-01
46981,KiraSokolov,not available,2018-03-01
46982,cawale,not available,2018-03-01
46985,tborges,not available,2018-03-01
46987,robertoschwald,not available,2018-03-01
46988,kaushik1994,not available,2018-03-01
46989,marciofoz,not available,2018-03-01
46990,marciofoz,not available,2018-04-01
46991,pdigioia,not available,2018-03-01
46992,pdigioia,not available,2018-06-01
46993,webtaurus,not available,2018-03-01
46994,avalls,not available,2018-03-01
46996,bfg1981,not available,2018-03-01
46997,farfallosa,not available,2018-03-01
46998,derwaldgeist,not available,2018-03-01
47000,bizmate,not available,2018-03-01
47001,mihadd,not available,2018-03-01
47002,mihadd,not available,2018-04-01
47003,fitzoh,not available,2018-03-01
47004,w1z0rd,not available,2018-04-01
47011,hparadiz,not available,2018-04-01
47012,flaviusturc24,not available,2018-04-01
47013,gschwepp,not available,2018-04-01
47016,oschwald,not available,2018-04-01
47017,oschwald,not available,2019-12-01
47018,DevDavido,not available,2018-04-01
47019,DevDavido,not available,2020-05-01
47020,DevDavido,not available,2020-07-01
47021,DevDavido,not available,2020-12-01
47023,DevDavido,not available,2021-10-01
47024,avargasd,not available,2018-04-01
47025,thelittlefireman,not available,2018-04-01
47026,yoshimasa0202,not available,2018-04-01
47027,JDSlimz,not available,2018-04-01
47028,huang0808,high,2018-04-01
47029,huang0808,high,2018-05-01
47031,huang0808,high,2018-06-01
47043,huang0808,high,2018-07-01
47048,huang0808,high,2018-09-01
47049,huang0808,high,2018-12-01
47050,hamzahamidi,not available,2018-04-01
47053,paladox,low,2018-04-01
47054,paladox,low,2018-12-01
47056,paladox,low,2019-05-01
47059,paladox,low,2019-09-01
47060,paladox,low,2019-11-01
47061,paladox,low,2020-07-01
47062,paladox,low,2020-12-01
47070,paladox,low,2022-05-01
47071,paladox,low,2022-10-01
47072,ziburski,not available,2018-04-01
47073,chenzuoli,not available,2018-04-01
47074,chenzuoli,not available,2018-08-01
47075,Sudrien,not available,2018-04-01
47076,Sudrien,not available,2019-09-01
47080,danger89,not available,2018-04-01
47081,danger89,not available,2019-10-01
47082,qq383762126,not available,2018-04-01
47083,msphn,not available,2018-04-01
47085,HannesSE,not available,2018-04-01
47086,chisom5,not available,2018-04-01
47087,qzmenko,not available,2018-04-01
47088,drakmail,not available,2018-04-01
47089,gjedeer,not available,2018-04-01
47090,wokenlex,not available,2018-04-01
47091,Aftabnack,not available,2018-05-01
47095,L3on1d,low,2018-05-01
47097,L3on1d,low,2018-06-01
47099,L3on1d,low,2019-03-01
47100,L3on1d,low,2020-12-01
47107,L3on1d,low,2022-03-01
47108,L3on1d,low,2022-06-01
47109,tpimpao,not available,2018-05-01
47111,tpimpao,not available,2018-06-01
47112,tpimpao,not available,2020-02-01
47116,wmtech-1,not available,2018-05-01
47118,wmtech-1,not available,2019-12-01
47119,federicosan,not available,2018-05-01
47120,kaplun,low,2018-05-01
47124,kaplun,low,2018-08-01
47126,kaplun,low,2018-09-01
47137,kaplun,low,2018-10-01
47142,kaplun,low,2018-12-01
47151,Joseph310,not available,2018-05-01
47152,Joseph310,not available,2018-06-01
47153,chron0,not available,2018-05-01
47158,chron0,not available,2019-03-01
47160,pioc92,not available,2018-05-01
47161,pioc92,not available,2019-10-01
47162,minos314,not available,2018-05-01
47163,minos314,not available,2018-06-01
47164,katlol,not available,2018-05-01
47165,mj,not available,2018-05-01
47166,dream-mind,not available,2018-05-01
47167,andi-makandra,not available,2018-05-01
47168,andi-makandra,not available,2018-06-01
47169,roysoham,not available,2018-05-01
47171,bluemanos,not available,2018-05-01
47173,crazy-max,not available,2018-05-01
47175,crazy-max,not available,2021-03-01
47176,marove2000,not available,2018-05-01
47177,Kolatzek,not available,2018-05-01
47178,Mark-Reiser,not available,2018-05-01
47179,Vinuta,not available,2018-05-01
47181,Vinuta,not available,2018-06-01
47182,Vinuta,not available,2018-07-01
47183,Vinuta,not available,2018-09-01
47184,Vinuta,not available,2018-10-01
47185,DvdGiessen,not available,2018-05-01
47186,StefWeb12,not available,2018-05-01
47189,Li-An,not available,2018-05-01
47190,gmariani,not available,2018-05-01
47191,OscarEriksen,not available,2018-05-01
47192,OscarEriksen,not available,2018-06-01
47193,thesteffi,not available,2018-05-01
47195,thesteffi,not available,2018-08-01
47196,thesteffi,not available,2018-10-01
47197,Jeeva-Rathinam,not available,2018-05-01
47198,dignizant,not available,2018-05-01
47199,software-opal,not available,2018-05-01
47200,noniq,not available,2018-05-01
47201,madisonscott,not available,2018-05-01
47202,ranjith-siva,not available,2018-05-01
47203,sascha-gruesshaber,not available,2018-05-01
47204,AramVK,not available,2018-05-01
47205,AramVK,not available,2018-11-01
47206,AramVK,not available,2019-01-01
47207,AramVK,not available,2019-03-01
47208,AramVK,not available,2019-10-01
47210,MorbZ,not available,2018-05-01
47211,regor2,not available,2018-05-01
47214,sherryyuu,not available,2018-05-01
47215,HealingRooms,not available,2018-05-01
47217,mikegasche,not available,2018-06-01
47221,appyo,not available,2018-06-01
47225,flexjoly,not available,2018-06-01
47230,imyaro,not available,2018-06-01
47232,imyaro,not available,2018-07-01
47233,sunsplat,not available,2018-06-01
47238,justju,not available,2018-06-01
47240,justju,not available,2018-07-01
47242,GJNilsen,not available,2018-06-01
47244,pcruhlm,not available,2018-06-01
47245,ceiphr,not available,2018-06-01
47246,yangboz,not available,2018-06-01
47251,shravya123456,not available,2018-06-01
47253,EugenVau,not available,2018-06-01
47255,EugenVau,not available,2021-01-01
47257,ADKlineDesign,not available,2018-06-01
47258,Indigo744,not available,2018-06-01
47259,Indigo744,not available,2019-01-01
47260,feyssericAzalead,not available,2018-06-01
47261,ankush981,not available,2018-06-01
47263,narion,not available,2018-06-01
47264,homewantad,not available,2018-06-01
47265,bbbart,not available,2018-06-01
47266,kiusau,not available,2018-06-01
47268,lf23,not available,2018-06-01
47269,pablitok,not available,2018-06-01
47270,Qixuga,not available,2018-06-01
47271,Qixuga,not available,2018-08-01
47272,RichardS156,not available,2018-06-01
47273,RichardS156,not available,2018-07-01
47274,WouterFlorijn,not available,2018-06-01
47275,saschafoerster,not available,2018-06-01
47276,rubo77,not available,2018-07-01
47277,bhavinshiroya1994,not available,2018-07-01
47278,Jamie452,not available,2018-07-01
47279,wmnnd,not available,2018-07-01
47280,ShiroyaBhavin,not available,2018-07-01
47283,vzelen,not available,2018-07-01
47284,JeffS25,not available,2018-07-01
47285,JeffS25,not available,2018-08-01
47286,JeffS25,not available,2018-10-01
47289,JeffS25,not available,2018-11-01
47291,hamburger123456,not available,2018-07-01
47292,tchwpkgorg,not available,2018-07-01
47293,andreaproietti,not available,2018-07-01
47294,andreaproietti,not available,2018-11-01
47297,krrishh-org,not available,2018-07-01
47298,dindu-nuffin,not available,2018-07-01
47300,linusg,not available,2018-07-01
47301,RomanStone,not available,2018-07-01
47302,lemon2015,not available,2018-07-01
47303,minac,not available,2018-07-01
47304,minac,not available,2019-06-01
47305,vbudithi,not available,2018-07-01
47306,electric-paper,not available,2018-07-01
47307,BalooBearUSA,not available,2018-07-01
47308,dw,not available,2018-07-01
47310,dw,not available,2019-04-01
47311,dw,not available,2019-08-01
47313,tinect,not available,2018-07-01
47314,tinect,not available,2019-12-01
47315,marcobeierer,not available,2018-08-01
47316,mcmarable,not available,2018-08-01
47318,mcmarable,not available,2018-09-01
47322,CGsama,not available,2018-08-01
47325,chris-morgan,not available,2018-08-01
47328,chris-morgan,not available,2018-09-01
47329,chris-morgan,not available,2018-12-01
47330,pixlol,not available,2018-08-01
47332,kai-mattern,not available,2018-08-01
47333,tocsinde,not available,2018-08-01
47334,saurabhtodia,not available,2018-08-01
47336,Iakim,not available,2018-08-01
47337,Daijobou,low,2018-08-01
47338,Daijobou,low,2018-12-01
47339,Daijobou,low,2020-11-01
47340,Daijobou,low,2021-09-01
47342,Daijobou,low,2021-10-01
47349,Daijobou,low,2022-01-01
47350,Daijobou,low,2022-12-01
47351,andre1502,not available,2018-08-01
47352,andre1502,not available,2018-12-01
47354,siva538,high,2018-08-01
47355,siva538,high,2018-09-01
47360,siva538,high,2019-01-01
47361,siva538,high,2019-02-01
47362,siva538,high,2019-04-01
47363,siva538,high,2019-05-01
47368,siva538,high,2019-06-01
47369,siva538,high,2019-07-01
47370,siva538,high,2019-08-01
47372,siva538,high,2019-09-01
47377,siva538,high,2019-10-01
47383,siva538,high,2019-11-01
47384,siva538,high,2019-12-01
47386,va3093,not available,2018-08-01
47387,ngonghi,not available,2018-08-01
47388,select,not available,2018-08-01
47390,akupaka,not available,2018-08-01
47391,dshiryaev-plesk,not available,2018-08-01
47392,agentscript,not available,2018-09-01
47393,aaaronfeng,not available,2018-09-01
47395,KLM-KLM,not available,2018-09-01
47397,eetasse,not available,2018-09-01
47398,206siva,not available,2018-09-01
47399,evgenij8585,not available,2018-09-01
47400,sixcorners,not available,2018-09-01
47401,robertgarrigos,not available,2018-09-01
47402,fsuter,not available,2018-09-01
47403,fsuter,not available,2018-10-01
47404,linkevin777,not available,2018-09-01
47405,mersanjay24,not available,2018-09-01
47406,ccesarrod,not available,2018-09-01
47407,C0rn3j,not available,2018-09-01
47408,C0rn3j,not available,2020-11-01
47413,yhlin00001,low,2018-09-01
47419,yhlin00001,low,2019-02-01
47420,yhlin00001,low,2019-06-01
47421,yhlin00001,low,2019-07-01
47422,labolanimichele,low,2018-09-01
47423,labolanimichele,low,2018-12-01
47430,creativecoder,not available,2018-09-01
47431,creativecoder,not available,2019-03-01
47432,creativecoder,not available,2019-09-01
47433,creativecoder,not available,2020-11-01
47434,MichaelRoosz,high,2018-09-01
47435,MichaelRoosz,high,2018-10-01
47437,MichaelRoosz,high,2018-11-01
47438,MichaelRoosz,high,2019-05-01
47440,MichaelRoosz,high,2019-09-01
47447,MichaelRoosz,high,2020-01-01
47448,MichaelRoosz,high,2020-02-01
47453,MichaelRoosz,high,2020-03-01
47456,MichaelRoosz,high,2020-04-01
47457,MichaelRoosz,high,2022-04-01
47462,MichaelRoosz,high,2022-05-01
47463,isopetalous,not available,2018-09-01
47464,D37R4C7,not available,2018-09-01
47465,SergiusTheBest,not available,2018-09-01
47466,jtreml272,not available,2018-09-01
47467,crankedguy,not available,2018-09-01
47468,fatica,not available,2018-09-01
47469,foresightyj,not available,2018-09-01
47470,orrumar,not available,2018-09-01
47471,orrumar,not available,2018-10-01
47472,Ark74,not available,2018-09-01
47473,rmpel,not available,2018-09-01
47475,Flightkick,not available,2018-09-01
47476,mhow2,not available,2018-09-01
47477,schneidr,not available,2018-09-01
47478,mformanu,not available,2018-09-01
47479,mirzazulfan,not available,2018-09-01
47480,viezel,mid,2018-10-01
47486,viezel,mid,2019-06-01
47487,viezel,mid,2019-12-01
47491,viezel,mid,2020-01-01
47496,viezel,mid,2021-10-01
47497,LinzerToertchen,not available,2018-10-01
47499,voarsh,mid,2018-10-01
47500,voarsh,mid,2018-11-01
47503,voarsh,mid,2018-12-01
47506,voarsh,mid,2019-02-01
47507,clintonblackmore,not available,2018-10-01
47508,kumar-ebalnasral,not available,2018-10-01
47509,kumar-ebalnasral,not available,2018-12-01
47510,fritzgithu,not available,2018-10-01
47511,fritzgithu,not available,2020-08-01
47513,fritzgithu,not available,2021-12-01
47514,fritzgithu,not available,2022-12-01
47516,milo-trujillo,not available,2018-10-01
47517,hiiightower,not available,2018-10-01
47519,garpeer,not available,2018-10-01
47521,jordo1138,not available,2018-10-01
47522,jordo1138,not available,2019-07-01
47527,jordo1138,not available,2019-08-01
47529,BBauman,not available,2018-10-01
47531,siulca,not available,2018-10-01
47534,siulca,not available,2018-11-01
47535,lucastx,not available,2018-10-01
47537,yabaly,not available,2018-10-01
47538,JepKoha,not available,2018-10-01
47539,JepKoha,not available,2019-03-01
47540,Touchwoody,not available,2018-10-01
47541,RAIMUNDOS54,low,2018-10-01
47544,RAIMUNDOS54,low,2018-11-01
47547,RAIMUNDOS54,low,2018-12-01
47549,sbruemmer,not available,2018-10-01
47550,retsie,not available,2018-10-01
47553,mrotondi,not available,2018-10-01
47556,lutzf,not available,2018-10-01
47557,sandeep1995,not available,2018-10-01
47558,kramer65,not available,2018-10-01
47559,Telokis,not available,2018-11-01
47561,mgloss,not available,2018-11-01
47562,adityasharma7,not available,2018-11-01
47563,IsraelDominguez,not available,2018-11-01
47564,tyler71,not available,2018-11-01
47565,tyler71,not available,2019-04-01
47568,cloudlena,not available,2018-11-01
47569,axle07,not available,2018-11-01
47571,bbodenmiller,not available,2018-11-01
47573,bbodenmiller,not available,2021-01-01
47575,bbodenmiller,not available,2021-02-01
47576,snomisne,not available,2018-11-01
47579,snomisne,not available,2018-12-01
47581,kkretsch,not available,2018-11-01
47582,sthopd,not available,2018-11-01
47583,sthopd,not available,2021-06-01
47584,rramthun,not available,2018-11-01
47585,xinomilo,not available,2018-11-01
47586,xinomilo,not available,2018-12-01
47587,kkostenko,not available,2018-11-01
47589,sowmyar13,not available,2018-11-01
47590,savsgio,not available,2018-11-01
47591,tschallacka,not available,2018-11-01
47593,bavramor,not available,2018-11-01
47597,BurninLeo,not available,2018-11-01
47598,gplcart,not available,2018-11-01
47600,luohui8891,not available,2018-11-01
47601,QuickOla,not available,2018-11-01
47602,vxq9e7bx,not available,2018-11-01
47603,Tennyleaz,not available,2018-11-01
47605,ramramra,not available,2018-11-01
47606,ramramra,not available,2018-12-01
47607,rolandinsh,not available,2018-11-01
47608,gamelife1314,not available,2018-11-01
47609,Meuk,not available,2018-11-01
47610,fungiboletus,not available,2018-11-01
47614,wishsimply,not available,2018-11-01
47616,matmerc,not available,2018-11-01
47617,TomaszGasior,not available,2018-11-01
47618,seonwoolee,not available,2018-11-01
47619,martingreiner,not available,2018-11-01
47620,tsoas,not available,2018-11-01
47621,micw,not available,2018-11-01
47622,micw,not available,2020-06-01
47623,NathanQ,not available,2018-12-01
47624,NathanQ,not available,2019-08-01
47628,KaiNissen,not available,2018-12-01
47629,KaiNissen,not available,2019-01-01
47630,sadortun,not available,2018-12-01
47631,jbrule,low,2018-12-01
47632,jbrule,low,2019-01-01
47633,jbrule,low,2020-07-01
47637,jbrule,low,2020-10-01
47639,jbrule,low,2021-07-01
47650,axilleas,not available,2018-12-01
47651,ropg,not available,2018-12-01
47652,ravindrapankaj,not available,2018-12-01
47653,itcrowdsource,not available,2018-12-01
47657,jota2016,not available,2018-12-01
47658,JackyW83,not available,2018-12-01
47659,sniku,not available,2018-12-01
47660,Mr-Norrell,not available,2018-12-01
47662,mskala,mid,2018-12-01
47665,mskala,mid,2019-03-01
47667,mskala,mid,2019-07-01
47669,mskala,mid,2019-11-01
47670,mskala,mid,2020-01-01
47674,mskala,mid,2020-11-01
47677,mskala,mid,2021-01-01
47678,mskala,mid,2022-04-01
47680,mskala,mid,2022-05-01
47681,mskala,mid,2022-07-01
47682,iherwig,not available,2018-12-01
47687,iherwig,not available,2019-10-01
47688,cofundhu,not available,2018-12-01
47690,linoacarvalho,not available,2018-12-01
47694,linoacarvalho,not available,2019-02-01
47695,ZuSe,not available,2018-12-01
47696,McLive,not available,2019-01-01
47700,socialmecpl,not available,2019-01-01
47701,Playtigertomorrownight,not available,2019-01-01
47702,sebash1992,not available,2019-01-01
47703,mackuba,not available,2019-01-01
47704,DonCarlosGraz,not available,2019-01-01
47705,ajyoon,not available,2019-01-01
47710,ingeniumdesign,not available,2019-01-01
47711,davidtessier,not available,2019-01-01
47713,mzcarlos,not available,2019-01-01
47714,SamuelNitsche,not available,2019-01-01
47715,daganM,not available,2019-01-01
47717,daganM,not available,2020-02-01
47719,Riegerman,not available,2019-01-01
47720,toredash,high,2019-01-01
47722,toredash,high,2019-03-01
47724,toredash,high,2019-04-01
47726,toredash,high,2019-05-01
47728,toredash,high,2019-10-01
47729,toredash,high,2019-11-01
47737,toredash,high,2019-12-01
47740,toredash,high,2020-01-01
47742,toredash,high,2020-02-01
47745,toredash,high,2020-04-01
47751,theseyi,not available,2019-01-01
47753,jsandner,not available,2019-01-01
47754,JanUrlau,not available,2019-01-01
47755,nomandera,not available,2019-01-01
47756,nomandera,not available,2019-02-01
47757,nomandera,not available,2019-04-01
47758,nomandera,not available,2020-10-01
47759,OliverTempel,not available,2019-01-01
47761,nhumblot,not available,2019-01-01
47762,AlainRnet,not available,2019-01-01
47764,theodorius123,not available,2019-01-01
47766,WuglyakBolgoink,not available,2019-01-01
47767,ydarias,not available,2019-01-01
47768,dkehne,not available,2019-01-01
47769,sabl0r,not available,2019-01-01
47771,pattyland,not available,2019-01-01
47772,samjaninf,not available,2019-01-01
47773,paulo-graca,not available,2019-01-01
47774,kartolo,not available,2019-01-01
47775,t4b4sc0,not available,2019-01-01
47776,narfk,mid,2019-01-01
47777,narfk,mid,2020-11-01
47778,narfk,mid,2020-12-01
47786,narfk,mid,2021-01-01
47791,narfk,mid,2022-02-01
47796,narfk,mid,2022-03-01
47797,joeworkman,not available,2019-01-01
47798,Lucas-Geitner,not available,2019-01-01
47799,caplod,not available,2019-01-01
47800,utrenkner,not available,2019-01-01
47801,utrenkner,not available,2020-11-01
47802,utrenkner,not available,2022-05-01
47803,jzuleger,not available,2019-01-01
47804,jamesstout,not available,2019-01-01
47805,alekseyp,not available,2019-01-01
47806,minusf,not available,2019-02-01
47811,HugoHeneault,not available,2019-02-01
47813,brettp,not available,2019-02-01
47816,indeyets,not available,2019-02-01
47819,bab-mkedziora,not available,2019-02-01
47820,AGiallelis,not available,2019-02-01
47821,GitPuffy,not available,2019-02-01
47822,jermon,not available,2019-02-01
47823,pappaschris,not available,2019-02-01
47824,sivivicky,not available,2019-02-01
47825,rrswissre,not available,2019-02-01
47828,rrswissre,not available,2019-03-01
47830,frankgx97,not available,2019-02-01
47831,hhrealestatemedia,not available,2019-02-01
47832,jeanjackfranji,not available,2019-02-01
47833,garas,not available,2019-02-01
47835,garas,not available,2019-07-01
47836,MariuzM,not available,2019-02-01
47837,mikkeschiren,high,2019-02-01
47839,mikkeschiren,high,2019-03-01
47845,mikkeschiren,high,2019-11-01
47847,mikkeschiren,high,2020-03-01
47849,mikkeschiren,high,2020-06-01
47850,mikkeschiren,high,2020-07-01
47851,mikkeschiren,high,2021-07-01
47855,mikkeschiren,high,2021-11-01
47857,mikkeschiren,high,2022-01-01
47858,mikkeschiren,high,2022-02-01
47859,mikkeschiren,high,2022-03-01
47866,mikkeschiren,high,2022-08-01
47867,mikkeschiren,high,2022-12-01
47871,mikkeschiren,high,2023-01-01
47872,DohmenICT,not available,2019-02-01
47873,nickurt,not available,2019-03-01
47874,Sebi2020,not available,2019-03-01
47878,b3n4kh,not available,2019-03-01
47879,kenlog,not available,2019-03-01
47880,gitressa,not available,2019-03-01
47882,pitgrap,not available,2019-03-01
47883,grzech1983,not available,2019-03-01
47885,michaellass,not available,2019-03-01
47886,kdekooter,not available,2019-03-01
47890,kdekooter,not available,2020-01-01
47892,kdekooter,not available,2020-08-01
47893,guytarr,not available,2019-03-01
47895,STRML,not available,2019-03-01
47896,AntoineWtrnd,low,2019-03-01
47913,dasseya1,not available,2019-03-01
47917,meteohr,not available,2019-03-01
47918,nicoaravena,not available,2019-03-01
47920,happysalada,not available,2019-03-01
47921,Shirkit,not available,2019-03-01
47922,Shirkit,not available,2020-01-01
47923,simoncrowe,not available,2019-03-01
47924,mosdevly,not available,2019-03-01
47925,romanpan2,not available,2019-03-01
47926,pixel8383,not available,2019-03-01
47927,pixel8383,not available,2020-11-01
47930,pixel8383,not available,2021-01-01
47931,maisen20,not available,2019-03-01
47933,maisen20,not available,2020-07-01
47934,jgkirschbaum,not available,2019-03-01
47936,goaround,not available,2019-03-01
47937,N3X15,not available,2019-03-01
47939,N3X15,not available,2019-07-01
47940,prolibre,not available,2019-03-01
47941,rjxp,not available,2019-03-01
47943,Flakebi,not available,2019-03-01
47947,bhartvigsen,not available,2019-03-01
47948,conrad784,not available,2019-03-01
47950,yashweb3,not available,2019-03-01
47952,timEulitz,not available,2019-03-01
47953,creopard,not available,2019-03-01
47954,creopard,not available,2022-10-01
47957,ZAZmaster,not available,2019-03-01
47959,paulrudy,not available,2019-03-01
47960,paulrudy,not available,2019-04-01
47961,tuxmaster5000,low,2019-03-01
47964,tuxmaster5000,low,2020-12-01
47970,arndbernstein,not available,2019-03-01
47972,andre5tz,not available,2019-03-01
47973,squirrelslair,not available,2019-03-01
47974,hebnony,not available,2019-03-01
47975,comete-upn,not available,2019-03-01
47977,elukey,not available,2019-03-01
47978,develth,not available,2019-03-01
47979,develth,not available,2022-10-01
47980,rtyshyk,not available,2019-03-01
47981,rtyshyk,not available,2019-04-01
47982,ullahfahad,not available,2019-03-01
47983,CDUCI,not available,2019-03-01
47985,sju10544,not available,2019-03-01
47986,milkomeda,not available,2019-03-01
47987,vitobotta,not available,2019-03-01
47988,vitobotta,not available,2019-07-01
47990,RedJohn14,not available,2019-03-01
47991,jimoquinn,not available,2019-03-01
47992,RolandSM,not available,2019-03-01
47993,dogsbody,not available,2019-03-01
47994,dogsbody,not available,2020-01-01
47995,Chocheu,not available,2019-03-01
47997,soukicz,not available,2019-04-01
47999,soukicz,not available,2019-05-01
48000,blackCapy,not available,2019-04-01
48004,blackCapy,not available,2020-01-01
48005,markus003,not available,2019-04-01
48006,johackim,not available,2019-04-01
48007,FlorentPoinsaut,not available,2019-04-01
48008,baojianquan,not available,2019-04-01
48009,erlangparasu,not available,2019-04-01
48010,Aarklendoia,not available,2019-04-01
48012,Gruncher,not available,2019-04-01
48013,oldrup,not available,2019-04-01
48014,oldrup,not available,2021-05-01
48017,b3wii,not available,2019-04-01
48019,linxiaolicnic,not available,2019-04-01
48024,Littlericket,low,2019-04-01
48026,Littlericket,low,2019-05-01
48028,Littlericket,low,2020-02-01
48029,Littlericket,low,2020-09-01
48030,Littlericket,low,2021-01-01
48031,Littlericket,low,2021-02-01
48036,Littlericket,low,2021-03-01
48037,Littlericket,low,2021-09-01
48038,zitrusblau,not available,2019-04-01
48039,promediadd,not available,2019-04-01
48040,promediadd,not available,2019-05-01
48041,promediadd,not available,2020-06-01
48042,ricardojsmarques,not available,2019-04-01
48044,ricardojsmarques,not available,2019-11-01
48046,idevwebs,not available,2019-04-01
48048,idevwebs,not available,2019-05-01
48049,idevwebs,not available,2019-06-01
48050,johnaschroeder,not available,2019-04-01
48053,cpoetter,not available,2019-04-01
48055,Amunak,not available,2019-04-01
48056,Amunak,not available,2022-01-01
48057,alcalyn,not available,2019-04-01
48059,alcalyn,not available,2019-10-01
48060,DevelopmentEAP,not available,2019-04-01
48061,Tolriq,low,2019-04-01
48068,Tolriq,low,2019-10-01
48069,moedech,not available,2019-04-01
48070,JeyakumarThangaraj,not available,2019-04-01
48072,Mannshoch,not available,2019-04-01
48073,MarceloNascimento,not available,2019-04-01
48074,courtneywright,not available,2019-05-01
48078,GIJohnathan,not available,2019-05-01
48080,mt-dave,not available,2019-05-01
48081,GavL89,not available,2019-05-01
48083,katebutler,low,2019-05-01
48086,katebutler,low,2019-06-01
48087,katebutler,low,2019-07-01
48089,katebutler,low,2019-10-01
48090,katebutler,low,2019-11-01
48091,xpader,not available,2019-05-01
48093,xpader,not available,2019-07-01
48097,xpader,not available,2019-11-01
48098,alexandrestein,not available,2019-05-01
48099,uhlhosting,not available,2019-05-01
48100,uhlhosting,not available,2019-09-01
48101,uhlhosting,not available,2020-08-01
48102,uhlhosting,not available,2021-01-01
48106,dantracking,not available,2019-05-01
48108,gpanagiotidis,not available,2019-05-01
48115,chenqingan,not available,2019-05-01
48121,m-apsolon,not available,2019-05-01
48122,MERamadan,not available,2019-05-01
48125,burner1024,not available,2019-05-01
48126,DiegoPino,not available,2019-05-01
48127,shubhangi1995,not available,2019-05-01
48128,fskale,not available,2019-05-01
48129,ACI-19,not available,2019-05-01
48135,whatthefork,not available,2019-05-01
48136,whatthefork,not available,2019-06-01
48137,NightJar,not available,2019-05-01
48139,beingnikhilesh,not available,2019-05-01
48140,neunzehnachtneun,not available,2019-05-01
48141,remster85,not available,2019-05-01
48142,MatomoKV,not available,2019-05-01
48143,timodenissen,not available,2019-05-01
48144,CodeAndWe,not available,2019-06-01
48145,APalau82,not available,2019-06-01
48147,airblag,low,2019-06-01
48153,airblag,low,2019-07-01
48156,airblag,low,2021-09-01
48158,piered,not available,2019-06-01
48159,acch,not available,2019-06-01
48160,ampaze,not available,2019-06-01
48164,ampaze,not available,2021-04-01
48166,jaapvandeputte,not available,2019-06-01
48168,Ludea,not available,2019-06-01
48169,colans,not available,2019-06-01
48170,colans,not available,2019-07-01
48171,bobivass,low,2019-06-01
48178,bobivass,low,2019-09-01
48183,bjoe2k4,not available,2019-06-01
48184,viktorix,not available,2019-06-01
48187,viktorix,not available,2019-07-01
48188,waldner,not available,2019-06-01
48189,berndgoetz,not available,2019-06-01
48190,TheBigfoot,not available,2019-06-01
48192,davezeli,not available,2019-06-01
48193,bizpp4253,low,2019-06-01
48200,bizpp4253,low,2019-07-01
48201,Crypto-Loot,not available,2019-06-01
48202,hatdio,not available,2019-06-01
48203,Laul0,low,2019-07-01
48207,Laul0,low,2019-10-01
48209,Laul0,low,2020-03-01
48211,M13iriam,not available,2019-07-01
48213,jorisdrenth,not available,2019-07-01
48214,h3t1,not available,2019-07-01
48216,ibril15,mid,2019-07-01
48217,ibril15,mid,2019-08-01
48221,ibril15,mid,2019-09-01
48223,ibril15,mid,2019-11-01
48224,ibril15,mid,2020-08-01
48230,ibril15,mid,2020-09-01
48231,confirmTing,not available,2019-07-01
48232,VincentCouzij,not available,2019-07-01
48234,VincentCouzij,not available,2019-11-01
48235,linehammer,not available,2019-07-01
48236,skerbis,not available,2019-07-01
48239,skerbis,not available,2019-08-01
48242,rjankins12,not available,2019-07-01
48244,rjankins12,not available,2019-08-01
48245,peachp,not available,2019-07-01
48251,MoralCode,not available,2019-07-01
48252,shynes,not available,2019-07-01
48254,d310n9,not available,2019-07-01
48255,SejlaG,not available,2019-07-01
48257,SejlaG,not available,2019-11-01
48258,zerosonesfun,not available,2019-07-01
48259,wvdvegt,not available,2019-07-01
48260,forreggbor,not available,2019-07-01
48262,mohammad-aqajani,not available,2019-07-01
48263,CyrilBrulebois,not available,2019-07-01
48264,CyrilBrulebois,not available,2022-04-01
48270,roock,not available,2019-07-01
48271,roock,not available,2020-07-01
48272,DrAthanas,not available,2019-07-01
48273,wlabarron,low,2019-07-01
48274,wlabarron,low,2019-10-01
48275,wlabarron,low,2019-12-01
48277,wlabarron,low,2020-11-01
48280,wlabarron,low,2020-12-01
48282,ohadm2,not available,2019-07-01
48283,DenisVS,not available,2019-07-01
48287,ash-j-f,not available,2019-07-01
48289,scysys,not available,2019-07-01
48290,michel-kraemer,not available,2019-07-01
48291,amandahenriette,not available,2019-07-01
48293,RoyBellingan,low,2019-08-01
48294,RoyBellingan,low,2021-09-01
48295,RoyBellingan,low,2021-11-01
48300,RoyBellingan,low,2021-12-01
48301,RoyBellingan,low,2023-01-01
48302,lohic,not available,2019-08-01
48303,timbowhite,not available,2019-08-01
48304,w-biggs,not available,2019-08-01
48305,trimbz,not available,2019-08-01
48306,16th-earl,not available,2019-08-01
48307,KarthikRaja1388,high,2019-08-01
48310,KarthikRaja1388,high,2019-11-01
48313,KarthikRaja1388,high,2019-12-01
48316,KarthikRaja1388,high,2020-01-01
48317,KarthikRaja1388,high,2020-02-01
48319,KarthikRaja1388,high,2020-08-01
48321,KarthikRaja1388,high,2020-09-01
48323,KarthikRaja1388,high,2021-03-01
48324,KarthikRaja1388,high,2021-06-01
48325,KarthikRaja1388,high,2021-08-01
48326,KarthikRaja1388,high,2022-02-01
48328,KarthikRaja1388,high,2022-06-01
48329,KarthikRaja1388,high,2022-08-01
48330,mikky-cecil,not available,2019-08-01
48332,thinkof4,not available,2019-08-01
48333,tkodjo,not available,2019-08-01
48334,markkap,not available,2019-08-01
48335,narendra-pal-singh,not available,2019-08-01
48336,zeeZ,not available,2019-08-01
48337,r621549,low,2019-08-01
48338,r621549,low,2020-03-01
48346,Natgho,not available,2019-08-01
48348,zhangduo0729,not available,2019-08-01
48349,genachka,not available,2019-08-01
48352,genachka,not available,2019-11-01
48353,ovidiustanila,not available,2019-08-01
48354,gitMomo,not available,2019-08-01
48355,beoss,not available,2019-09-01
48356,symposion,not available,2019-09-01
48357,walokra,not available,2019-09-01
48358,ORESoftware,not available,2019-09-01
48359,aashutosh19,not available,2019-09-01
48360,ldibanyez,not available,2019-09-01
48361,ldibanyez,not available,2020-01-01
48362,kimoudev,not available,2019-09-01
48363,extractjan,not available,2019-09-01
48364,kayakr,not available,2019-09-01
48366,heikojansen,not available,2019-09-01
48367,Kervinou,not available,2019-09-01
48369,robertq12,not available,2019-09-01
48370,CptKicks,not available,2019-09-01
48371,hedii,not available,2019-09-01
48373,hedii,not available,2020-04-01
48374,PoorWei,not available,2019-09-01
48375,localhorst,not available,2019-09-01
48376,imrejonk,not available,2019-09-01
48378,imrejonk,not available,2020-04-01
48380,level420,not available,2019-09-01
48381,level420,not available,2022-02-01
48382,mmakos-profidata,not available,2019-09-01
48383,liquidlx,not available,2019-09-01
48384,joekarns,not available,2019-09-01
48386,monkey-ld,not available,2019-09-01
48387,rutsoluo,not available,2019-10-01
48392,dfabreguette,not available,2019-10-01
48393,awadhtripathi,not available,2019-10-01
48394,jmumby,not available,2019-10-01
48396,jmumby,not available,2020-01-01
48397,jmumby,not available,2020-07-01
48401,jmumby,not available,2022-06-01
48402,stadtmensch,not available,2019-10-01
48403,C-y-b-o-t,not available,2019-10-01
48404,Gregor-Agnes,not available,2019-10-01
48405,falk1020,not available,2019-10-01
48406,davbecker,not available,2019-10-01
48407,Makkmetp,not available,2019-10-01
48409,luroguco,not available,2019-10-01
48410,lemmy04,not available,2019-10-01
48418,revolunet,not available,2019-10-01
48419,KokoKoder,not available,2019-10-01
48420,KokoKoder,not available,2019-11-01
48421,kwisatz,not available,2019-10-01
48422,kwisatz,not available,2020-01-01
48424,maxpereira,not available,2019-10-01
48425,negreanucalin,not available,2019-10-01
48427,ThomasWeinert,not available,2019-10-01
48428,ronyb29,not available,2019-10-01
48430,sw-waterford,not available,2019-10-01
48431,paullaffitte,not available,2019-10-01
48432,ymbZzz,not available,2019-10-01
48434,cyan221,not available,2019-10-01
48435,cyan221,not available,2020-12-01
48436,NCJasper,not available,2019-10-01
48437,cweiske,not available,2019-10-01
48438,FLOSSMarketingSchool,not available,2019-10-01
48439,Perflyst,not available,2019-10-01
48440,Wolic,not available,2019-10-01
48441,rsolvang,not available,2019-10-01
48442,prbt2016,not available,2019-10-01
48443,prbt2016,not available,2021-05-01
48444,prbt2016,not available,2021-12-01
48445,prbt2016,not available,2022-02-01
48446,david-colombo,not available,2019-10-01
48447,dktcoding,not available,2019-10-01
48449,dktcoding,not available,2020-03-01
48450,dktcoding,not available,2020-04-01
48451,benwarfield-usds,not available,2019-10-01
48452,benwarfield-usds,not available,2019-12-01
48453,benwarfield-usds,not available,2020-05-01
48454,SivaranjaniMurugeshan,not available,2019-11-01
48455,castigaro,not available,2019-11-01
48456,jimkang,not available,2019-11-01
48458,jimkang,not available,2019-12-01
48459,xshadow,not available,2019-11-01
48463,khromov,not available,2019-11-01
48464,lionelB,not available,2019-11-01
48465,manusfreedom,not available,2019-11-01
48468,manusfreedom,not available,2020-12-01
48470,thisisjulien,not available,2019-11-01
48472,tedo-develop,not available,2019-11-01
48479,Meowzz95,not available,2019-11-01
48480,Meowzz95,not available,2020-01-01
48482,fe-hicking,not available,2019-11-01
48485,fe-hicking,not available,2022-11-01
48486,franzdumfart,not available,2019-11-01
48490,mirkomaty,not available,2019-11-01
48491,JugurthaK,low,2019-11-01
48496,JugurthaK,low,2020-01-01
48501,JugurthaK,low,2020-03-01
48502,RajveerSinghBrar,not available,2019-11-01
48503,damianmoore,not available,2019-11-01
48504,damianmoore,not available,2019-12-01
48505,damianmoore,not available,2020-03-01
48506,phips28,not available,2019-11-01
48507,c-schmitz,not available,2019-11-01
48508,tobiasnteireho,not available,2019-11-01
48509,osantiano,not available,2019-11-01
48510,brunowego,not available,2019-11-01
48511,brunowego,not available,2020-01-01
48512,PeteTrombone,low,2019-11-01
48513,PeteTrombone,low,2020-05-01
48516,PeteTrombone,low,2022-03-01
48517,PeteTrombone,low,2022-04-01
48519,PeteTrombone,low,2022-07-01
48522,PeteTrombone,low,2022-11-01
48523,romankk,not available,2019-11-01
48524,Risingson,not available,2019-11-01
48527,Risingson,not available,2019-12-01
48531,KALLIAK,not available,2019-11-01
48532,KALLIAK,not available,2020-04-01
48533,KALLIAK,not available,2020-12-01
48535,Solaris42,not available,2019-11-01
48538,Solaris42,not available,2019-12-01
48541,betarobot,not available,2019-11-01
48542,kiliandr,not available,2019-11-01
48543,cbou,not available,2019-11-01
48544,alex-whitney,not available,2019-11-01
48545,luskin72,not available,2019-12-01
48546,mrEckendonk,not available,2019-12-01
48548,pcmoore,not available,2019-12-01
48554,Tealk,not available,2019-12-01
48555,manens,not available,2019-12-01
48556,MacFan4000,not available,2019-12-01
48557,crnm21,not available,2019-12-01
48558,crnm21,not available,2020-01-01
48559,korn519,not available,2019-12-01
48560,beamylake,mid,2019-12-01
48565,beamylake,mid,2020-01-01
48568,beamylake,mid,2020-03-01
48570,beamylake,mid,2020-05-01
48573,FatherCandle,not available,2019-12-01
48574,ingconti,not available,2019-12-01
48575,mockey,not available,2019-12-01
48576,mockey,not available,2020-01-01
48578,mockey,not available,2020-03-01
48580,brainfoolong,low,2019-12-01
48581,brainfoolong,low,2021-04-01
48586,brainfoolong,low,2021-07-01
48588,Arnaud73,not available,2019-12-01
48591,mgohin,not available,2019-12-01
48593,J-Brk,not available,2019-12-01
48595,tolomaus,not available,2019-12-01
48596,Jakhotiya,not available,2019-12-01
48601,nztim,not available,2019-12-01
48603,chetanakki,not available,2019-12-01
48605,chetanakki,not available,2020-01-01
48606,psec,not available,2019-12-01
48607,psec,not available,2020-12-01
48610,vmalaga,not available,2019-12-01
48614,christophs78,not available,2019-12-01
48615,aabenitez,not available,2019-12-01
48616,aabenitez,not available,2020-02-01
48618,mrmason,not available,2019-12-01
48620,mrmason,not available,2020-05-01
48621,mrmason,not available,2022-02-01
48622,prathers,not available,2019-12-01
48623,BraveSauce,not available,2019-12-01
48624,BraveSauce,not available,2020-02-01
48625,schnillerman,not available,2019-12-01
48626,SpazzMarticus,not available,2019-12-01
48627,tangele,not available,2019-12-01
48628,dehenne,not available,2019-12-01
48630,cdaecke,not available,2019-12-01
48631,itmagpro,not available,2019-12-01
48632,digitalbricks,not available,2019-12-01
48634,pranab155,not available,2019-12-01
48635,millnut,mid,2020-01-01
48643,millnut,mid,2020-03-01
48650,millnut,mid,2020-04-01
48653,millnut,mid,2020-05-01
48654,cundd,not available,2020-01-01
48655,NicolasCARPi,not available,2020-01-01
48657,daerentis,not available,2020-01-01
48659,igugigu,not available,2020-01-01
48665,dm577,not available,2020-01-01
48667,werishi,not available,2020-01-01
48669,rachelwe,not available,2020-01-01
48670,MasaGon,not available,2020-01-01
48673,NicolasKulka,not available,2020-01-01
48677,plastikschnitzer,not available,2020-01-01
48678,plastikschnitzer,not available,2020-06-01
48679,agilare,not available,2020-01-01
48680,matthewv789,not available,2020-01-01
48681,gramakri,not available,2020-01-01
48684,imc67,not available,2020-01-01
48685,itseoconsulting,not available,2020-01-01
48686,Tim197,not available,2020-01-01
48687,Tim197,not available,2020-04-01
48688,omidontop,not available,2020-01-01
48689,omidontop,not available,2020-04-01
48690,cklabautermann,not available,2020-01-01
48691,tiptronic85,not available,2020-01-01
48692,frjo,not available,2020-01-01
48693,Chardonneaur,high,2020-01-01
48694,Chardonneaur,high,2020-03-01
48695,Chardonneaur,high,2020-04-01
48696,Chardonneaur,high,2020-08-01
48697,Chardonneaur,high,2020-11-01
48698,Chardonneaur,high,2021-01-01
48699,Chardonneaur,high,2021-03-01
48704,Chardonneaur,high,2021-04-01
48705,Chardonneaur,high,2021-05-01
48706,Chardonneaur,high,2021-06-01
48707,Chardonneaur,high,2021-10-01
48708,Chardonneaur,high,2022-01-01
48709,Chardonneaur,high,2022-02-01
48712,Chardonneaur,high,2022-03-01
48715,Chardonneaur,high,2022-04-01
48719,Chardonneaur,high,2022-05-01
48727,Chardonneaur,high,2022-06-01
48737,Chardonneaur,high,2022-08-01
48740,Chardonneaur,high,2022-10-01
48749,Chardonneaur,high,2022-11-01
48752,Bllacky,low,2020-01-01
48756,Bllacky,low,2020-12-01
48761,agri17,not available,2020-01-01
48762,BloodyIron,not available,2020-01-01
48764,Jion72,not available,2020-01-01
48765,zhconsultancyservices,not available,2020-01-01
48766,rctgamer3,not available,2020-01-01
48767,rctgamer3,not available,2020-12-01
48768,Romain,not available,2020-01-01
48773,wolandtel,not available,2020-01-01
48775,lolobu,not available,2020-01-01
48777,lolobu,not available,2020-05-01
48778,HLFH,not available,2020-01-01
48779,HLFH,not available,2020-10-01
48780,HLFH,not available,2020-11-01
48781,neufeind,not available,2020-01-01
48782,feikede,not available,2020-02-01
48784,feikede,not available,2020-03-01
48788,paolobenve,low,2020-02-01
48790,paolobenve,low,2020-03-01
48798,paolobenve,low,2022-07-01
48799,tomper00,mid,2020-02-01
48800,tomper00,mid,2021-09-01
48801,tomper00,mid,2021-12-01
48803,tomper00,mid,2022-02-01
48804,tomper00,mid,2022-03-01
48806,tomper00,mid,2022-08-01
48807,benkuper,not available,2020-02-01
48809,adegans,not available,2020-02-01
48810,ara4n,not available,2020-02-01
48811,voarsh2,not available,2020-02-01
48813,fhaase2,not available,2020-02-01
48814,janmuennich,not available,2020-02-01
48815,rlankhorst,not available,2020-02-01
48816,rlankhorst,not available,2020-07-01
48817,martin-braun,not available,2020-02-01
48818,raneq,not available,2020-02-01
48819,erickhuang17,not available,2020-02-01
48820,chrisprog20,not available,2020-02-01
48824,polarbirke,not available,2020-02-01
48828,polarbirke,not available,2020-03-01
48831,sommer-gei,not available,2020-02-01
48833,jonfreedman,not available,2020-02-01
48834,oravecz,not available,2020-02-01
48836,rick-pri,low,2020-02-01
48840,rick-pri,low,2020-03-01
48841,rick-pri,low,2020-04-01
48842,rick-pri,low,2020-08-01
48845,msonnad,not available,2020-02-01
48847,msonnad,not available,2020-03-01
48851,msonnad,not available,2020-04-01
48852,kslstn,not available,2020-02-01
48853,ma77ie,not available,2020-02-01
48854,prazserendio,not available,2020-02-01
48857,prazserendio,not available,2020-05-01
48859,xbenjii,not available,2020-02-01
48860,chends888,not available,2020-02-01
48862,BigIron5,not available,2020-02-01
48864,pyuyu,not available,2020-02-01
48865,kiwi2101,not available,2020-02-01
48867,PPMary,not available,2020-02-01
48868,Marc-Whiteman,not available,2020-02-01
48869,Marc-Whiteman,not available,2020-03-01
48870,ButisitArt,not available,2020-03-01
48872,JimmyFivy,not available,2020-03-01
48873,dansleboby,not available,2020-03-01
48874,lockland,not available,2020-03-01
48875,ggr-mtm,not available,2020-03-01
48880,ggr-mtm,not available,2021-06-01
48881,DerDanilo,not available,2020-03-01
48882,guywillett,not available,2020-03-01
48884,tom275,not available,2020-03-01
48886,skizzerz,not available,2020-03-01
48888,sgoeting,not available,2020-03-01
48889,simardcasanova,not available,2020-03-01
48890,simardcasanova,not available,2021-01-01
48891,MaghSamana,low,2020-03-01
48892,MaghSamana,low,2021-02-01
48894,MaghSamana,low,2021-03-01
48895,MaghSamana,low,2021-04-01
48897,MaghSamana,low,2021-06-01
48900,AbcSxyZ,not available,2020-03-01
48902,jjcitron,not available,2020-03-01
48904,extremeshok,not available,2020-03-01
48905,dimitrispie,not available,2020-03-01
48906,SeiRruf,not available,2020-03-01
48907,john357smith,not available,2020-03-01
48910,ErikDohmen,not available,2020-03-01
48914,Krinkle,not available,2020-03-01
48916,jb-alvarado,not available,2020-03-01
48921,riki8760,not available,2020-03-01
48923,Maqsyo,not available,2020-03-01
48924,Daten-David,low,2020-04-01
48925,Daten-David,low,2020-12-01
48927,Daten-David,low,2021-03-01
48929,Daten-David,low,2021-08-01
48930,Daten-David,low,2021-12-01
48935,rjsparks,not available,2020-04-01
48936,thibautguedou3,not available,2020-04-01
48939,chandrakant-hake,not available,2020-04-01
48943,chandrakant-hake,not available,2020-05-01
48944,embrainer,not available,2020-04-01
48945,alemonteiro,not available,2020-04-01
48948,cronventis,not available,2020-04-01
48949,cronventis,not available,2021-07-01
48952,cronventis,not available,2022-09-01
48953,baptx,low,2020-04-01
48961,jschleus,not available,2020-04-01
48962,Retrafic,not available,2020-04-01
48969,DinoSourcesRex,not available,2020-04-01
48971,TylerMiller-TomTom,low,2020-04-01
48981,improwise,not available,2020-04-01
48982,vidiecan,not available,2020-04-01
48983,scottix,not available,2020-04-01
48984,gauravtyagi,not available,2020-04-01
48985,alexanderadam,not available,2020-04-01
48986,hex-code,not available,2020-04-01
48987,Jookia,not available,2020-04-01
48989,jorgeuos,mid,2020-04-01
48997,jorgeuos,mid,2021-01-01
48998,jorgeuos,mid,2021-03-01
48999,jorgeuos,mid,2021-05-01
49001,jorgeuos,mid,2021-08-01
49002,jorgeuos,mid,2021-11-01
49003,jorgeuos,mid,2022-01-01
49004,jorgeuos,mid,2022-02-01
49006,jorgeuos,mid,2022-06-01
49007,jorgeuos,mid,2022-08-01
49008,jorgeuos,mid,2022-09-01
49009,tobiaskurz,not available,2020-04-01
49010,xenDE,not available,2020-04-01
49011,ctholho,not available,2020-04-01
49012,nagulka,not available,2020-04-01
49015,iwzoo,not available,2020-04-01
49016,lastant,not available,2020-05-01
49017,tobbecmd,not available,2020-05-01
49018,panpomaly,not available,2020-05-01
49019,daeuble,not available,2020-05-01
49020,y0hnn,not available,2020-05-01
49023,sholto1337,not available,2020-05-01
49024,sholto1337,not available,2020-06-01
49025,billyjacoby,not available,2020-05-01
49026,NinjaZMY,not available,2020-05-01
49027,G4Zz0L1,not available,2020-05-01
49028,cnken,not available,2020-05-01
49030,dbu,not available,2020-05-01
49031,stucki,not available,2020-05-01
49033,louiswolf,not available,2020-05-01
49034,Patta,not available,2020-05-01
49035,helifrank,not available,2020-05-01
49037,fealXX,not available,2020-05-01
49038,Lijiaqi1992,not available,2020-05-01
49039,rafiqbd,not available,2020-05-01
49040,Javaman79,not available,2020-05-01
49041,fulcri,not available,2020-05-01
49042,Elaniobro,not available,2020-05-01
49043,gregarious961224,not available,2020-06-01
49044,gillytech,not available,2020-06-01
49045,Mepherotus,not available,2020-06-01
49046,yrammos,not available,2020-06-01
49049,starmessage,not available,2020-06-01
49053,mariusk,not available,2020-06-01
49055,glenskie16,not available,2020-06-01
49058,SARAVANA1501,low,2020-06-01
49070,SARAVANA1501,low,2020-07-01
49072,SARAVANA1501,low,2020-09-01
49073,SARAVANA1501,low,2020-10-01
49076,Sven74Muc,low,2020-06-01
49087,prashantrtuple,not available,2020-06-01
49088,mfkp,not available,2020-06-01
49089,steffenr,not available,2020-06-01
49090,jurvi,not available,2020-06-01
49091,chrisv-dev,not available,2020-06-01
49092,daniol,not available,2020-06-01
49093,reddipravi,not available,2020-06-01
49094,reddipravi,not available,2020-08-01
49098,reddipravi,not available,2020-09-01
49100,utrautmann,high,2020-06-01
49107,utrautmann,high,2020-07-01
49109,utrautmann,high,2020-10-01
49111,utrautmann,high,2020-11-01
49113,utrautmann,high,2021-03-01
49117,utrautmann,high,2021-04-01
49119,utrautmann,high,2021-05-01
49122,utrautmann,high,2021-06-01
49123,utrautmann,high,2021-07-01
49124,utrautmann,high,2021-10-01
49127,utrautmann,high,2022-03-01
49128,utrautmann,high,2022-05-01
49129,utrautmann,high,2022-06-01
49132,utrautmann,high,2022-08-01
49138,utrautmann,high,2022-10-01
49139,utrautmann,high,2022-11-01
49142,heitorsilva,not available,2020-06-01
49143,sebastian-lenz,not available,2020-06-01
49145,jl-cs,not available,2020-06-01
49146,ashi2445,not available,2020-06-01
49147,mertz3hack,not available,2020-06-01
49148,zippex,not available,2020-06-01
49149,jitka,not available,2020-06-01
49150,nichierichetti,not available,2020-06-01
49152,iPiyushBaranwal,not available,2020-06-01
49153,sigtm,not available,2020-07-01
49157,47k,not available,2020-07-01
49161,ottk3,not available,2020-07-01
49162,ncresswell,not available,2020-07-01
49164,davidlemaitre,low,2020-07-01
49166,davidlemaitre,low,2021-03-01
49173,davidlemaitre,low,2021-12-01
49174,davidlemaitre,low,2022-12-01
49175,marcorieser,not available,2020-07-01
49177,Creling,not available,2020-07-01
49178,gu-stav,not available,2020-07-01
49180,samajammin,not available,2020-07-01
49181,acrogenesis,not available,2020-07-01
49182,aouinag,not available,2020-07-01
49183,timdream,not available,2020-07-01
49184,timdream,not available,2021-02-01
49186,bastienito,not available,2020-07-01
49190,bastienito,not available,2020-08-01
49193,deviantony,not available,2020-07-01
49196,dave105010,not available,2020-07-01
49200,dave105010,not available,2020-08-01
49202,TRILOS,not available,2020-07-01
49204,ColinDude2020,not available,2020-08-01
49208,jdelker,not available,2020-08-01
49209,ThibaultVlacich,not available,2020-08-01
49211,andrvog,not available,2020-08-01
49212,John-S4,not available,2020-08-01
49213,StaleSpace,not available,2020-08-01
49214,ixbarbarbar,not available,2020-08-01
49215,volomike,not available,2020-08-01
49216,phalox,not available,2020-08-01
49217,pkalytta,not available,2020-08-01
49222,davidbehler,not available,2020-08-01
49224,Bad-and-Mad,not available,2020-08-01
49226,guix77,not available,2020-08-01
49228,dev-clavis,not available,2020-08-01
49229,Anamonty,not available,2020-08-01
49230,dcoder2099,not available,2020-08-01
49231,tunethewe,not available,2020-09-01
49234,AAudusseau,not available,2020-09-01
49236,AAudusseau,not available,2020-12-01
49239,AAudusseau,not available,2021-02-01
49240,BlinkHouse14,not available,2020-09-01
49241,betavr,not available,2020-09-01
49242,anthosz,low,2020-09-01
49249,anthosz,low,2021-10-01
49254,anthosz,low,2022-08-01
49255,revathi-muthana123,not available,2020-09-01
49258,revathi-muthana123,not available,2020-11-01
49260,whalehu,not available,2020-09-01
49261,hrehfeld,not available,2020-09-01
49262,RaphaelBergmann,not available,2020-09-01
49268,MISTAnalytics,not available,2020-09-01
49269,MISTAnalytics,not available,2021-02-01
49270,MISTAnalytics,not available,2021-12-01
49271,MISTAnalytics,not available,2022-01-01
49272,raDiesle,not available,2020-09-01
49274,tobiasblessing,not available,2020-09-01
49275,asharov,not available,2020-09-01
49277,TheCrowned,not available,2020-09-01
49278,TheCrowned,not available,2020-10-01
49280,RaviFefar,not available,2020-09-01
49281,Jinzol,not available,2020-09-01
49284,CanoSarria,not available,2020-09-01
49285,xelven,not available,2020-09-01
49286,james-callahan,not available,2020-09-01
49290,sreckins,not available,2020-09-01
49291,gnomeby,not available,2020-09-01
49293,pgampe,not available,2020-09-01
49295,ClearSeve,not available,2020-09-01
49296,stackmov,not available,2020-09-01
49297,nina-py,not available,2020-09-01
49298,nina-py,not available,2020-11-01
49299,twi123,not available,2020-10-01
49303,invokablegmbh,not available,2020-10-01
49304,d0m84,not available,2020-10-01
49306,dankerizer,not available,2020-10-01
49307,MaximeCulea,not available,2020-10-01
49310,vijaysuryav93,not available,2020-10-01
49311,n-gram-hu,not available,2020-10-01
49312,magnus-eriksson,not available,2020-10-01
49313,magnus-eriksson,not available,2021-05-01
49314,magnus-eriksson,not available,2022-10-01
49315,xtrilla,not available,2020-10-01
49316,paulbrough,not available,2020-10-01
49317,aloxe,not available,2020-10-01
49319,SangeethaKannas,not available,2020-10-01
49321,dercheffe,not available,2020-10-01
49322,UttaraRC,not available,2020-10-01
49323,UttaraRC,not available,2021-01-01
49324,MichaIng,high,2020-10-01
49325,MichaIng,high,2020-11-01
49327,MichaIng,high,2021-04-01
49329,MichaIng,high,2021-05-01
49349,MichaIng,high,2021-09-01
49351,MichaIng,high,2021-11-01
49358,MichaIng,high,2021-12-01
49363,GJoel01,not available,2020-10-01
49364,epicfaace,not available,2020-10-01
49365,Starker3,high,2020-10-01
49366,Starker3,high,2020-11-01
49367,Starker3,high,2020-12-01
49368,Starker3,high,2021-01-01
49374,Starker3,high,2021-03-01
49380,Starker3,high,2021-04-01
49382,Starker3,high,2021-05-01
49388,Starker3,high,2021-06-01
49389,Starker3,high,2021-08-01
49390,Starker3,high,2021-09-01
49393,Starker3,high,2021-10-01
49395,Starker3,high,2021-11-01
49400,Starker3,high,2021-12-01
49405,Starker3,high,2022-01-01
49411,Starker3,high,2022-02-01
49416,Starker3,high,2022-03-01
49417,Starker3,high,2022-04-01
49421,Starker3,high,2022-05-01
49427,Starker3,high,2022-06-01
49431,Starker3,high,2022-07-01
49433,Starker3,high,2022-08-01
49438,Starker3,high,2022-09-01
49439,Starker3,high,2022-10-01
49442,Starker3,high,2022-11-01
49446,Starker3,high,2022-12-01
49450,Starker3,high,2023-01-01
49451,FITZKRAWALLDO,not available,2020-10-01
49453,bnachtweh,not available,2020-10-01
49454,gerard76,not available,2020-10-01
49455,basos9,mid,2020-10-01
49459,basos9,mid,2020-11-01
49460,basos9,mid,2021-01-01
49461,basos9,mid,2021-05-01
49464,basos9,mid,2022-09-01
49465,cibernaio,not available,2020-10-01
49468,garrick-abine,not available,2020-10-01
49470,garrick-abine,not available,2020-11-01
49471,qcho,not available,2020-11-01
49472,ygdaverogers,not available,2020-11-01
49473,SignificantAndroid,not available,2020-11-01
49475,keesbran,not available,2020-11-01
49478,dannyeuu,not available,2020-11-01
49479,jameshibbard,not available,2020-11-01
49481,cadeyrn,low,2020-11-01
49489,cadeyrn,low,2022-04-01
49493,Flaschenzug,not available,2020-11-01
49494,mustard123,not available,2020-11-01
49495,Berbe,not available,2020-11-01
49496,Berbe,not available,2021-04-01
49497,Berbe,not available,2021-08-01
49498,timscha,low,2020-11-01
49507,timscha,low,2022-02-01
49508,timscha,low,2022-03-01
49509,fridobox,not available,2020-11-01
49510,nrenault,low,2020-11-01
49515,nrenault,low,2021-01-01
49518,LfD-Nds,not available,2020-11-01
49520,CoreyBurger,not available,2020-11-01
49524,zsjie,not available,2020-11-01
49525,ThorbenOermann,not available,2020-11-01
49529,ThorbenOermann,not available,2020-12-01
49531,ThorbenOermann,not available,2021-08-01
49532,LeoniePhiline,not available,2020-11-01
49535,LeoniePhiline,not available,2022-11-01
49537,spee,not available,2020-11-01
49539,Mogekoff,not available,2020-11-01
49540,evilham,not available,2020-11-01
49541,sigmet,not available,2020-11-01
49542,mz-aimcom,not available,2020-11-01
49543,PepijnBoers,not available,2020-11-01
49544,kochtopf,not available,2020-11-01
49545,kochtopf,not available,2020-12-01
49546,JueMeiAlg,not available,2020-11-01
49547,Osomo3000,not available,2020-11-01
49548,alex1702,not available,2020-11-01
49549,jwest75674,not available,2020-12-01
49550,CalumChilds,not available,2020-12-01
49551,Bjoernsen,not available,2020-12-01
49553,asuckar,not available,2020-12-01
49554,leaf-node,not available,2020-12-01
49556,davidmarcus,not available,2020-12-01
49557,HollyPony,not available,2020-12-01
49558,ordilibre,not available,2020-12-01
49559,eenblam,not available,2020-12-01
49560,skylarmt,not available,2020-12-01
49561,bst2002git,not available,2020-12-01
49564,olinox14,not available,2020-12-01
49566,S-n-d,not available,2020-12-01
49568,MArhEV,not available,2020-12-01
49569,alexandrejobin,not available,2020-12-01
49571,alexandrejobin,not available,2021-01-01
49572,EladGeek,not available,2020-12-01
49573,valmedia,not available,2020-12-01
49579,wcz-txp,not available,2020-12-01
49582,BigBerny,low,2020-12-01
49585,BigBerny,low,2021-01-01
49587,BigBerny,low,2021-05-01
49590,BigBerny,low,2021-08-01
49591,BigBerny,low,2021-09-01
49598,JE4GLE,low,2020-12-01
49599,JE4GLE,low,2021-02-01
49600,JE4GLE,low,2021-03-01
49601,JE4GLE,low,2021-05-01
49603,JE4GLE,low,2021-06-01
49605,JE4GLE,low,2021-08-01
49606,absynth47215,not available,2020-12-01
49609,gusevmaksim,low,2020-12-01
49625,1000i100,not available,2020-12-01
49626,esolix,not available,2020-12-01
49631,esolix,not available,2021-01-01
49632,aqustiq,not available,2020-12-01
49633,aqustiq,not available,2022-04-01
49634,aqustiq,not available,2022-10-01
49635,mox575,not available,2020-12-01
49637,Pipwizard,not available,2020-12-01
49638,adrianlambertz,not available,2020-12-01
49644,C-Duv,not available,2020-12-01
49645,C-Duv,not available,2021-01-01
49646,eric215,not available,2020-12-01
49648,eric215,not available,2021-01-01
49649,BasketballBuzz,not available,2020-12-01
49650,BasketballBuzz,not available,2021-01-01
49651,grandeljay,not available,2020-12-01
49652,lds-lds,low,2020-12-01
49653,lds-lds,low,2021-05-01
49659,lds-lds,low,2021-06-01
49662,xf-,not available,2020-12-01
49665,venarius,not available,2020-12-01
49666,tricsusz,not available,2020-12-01
49667,rhughes8469,not available,2020-12-01
49669,jisse44,not available,2020-12-01
49670,jisse44,not available,2021-01-01
49671,scarlet959,not available,2020-12-01
49672,hahayidu,not available,2020-12-01
49675,ysard,not available,2020-12-01
49676,juliemoynat,not available,2020-12-01
49678,1u,not available,2020-12-01
49679,SubJunk,not available,2020-12-01
49680,tekhnee,not available,2020-12-01
49681,HatBeardZero,not available,2020-12-01
49682,TylerVigario,not available,2020-12-01
49684,habakuk007,not available,2020-12-01
49686,dns2utf8,not available,2020-12-01
49687,izgzhen,not available,2020-12-01
49688,rehiy,not available,2021-01-01
49689,alexymik,not available,2021-01-01
49690,kamran364,not available,2021-01-01
49691,onelsonic,not available,2021-01-01
49692,webmasterscd,not available,2021-01-01
49693,brijoyj,not available,2021-01-01
49697,brijoyj,not available,2021-02-01
49699,hamburnyog,not available,2021-01-01
49701,maltsero,not available,2021-01-01
49702,nicobilliotte,not available,2021-01-01
49704,HECFM,not available,2021-01-01
49706,Clandboy,not available,2021-01-01
49707,Clandboy,not available,2022-05-01
49708,cantoute,not available,2021-01-01
49710,RobMcA,not available,2021-01-01
49712,morganrallen,not available,2021-01-01
49718,mobiliodevelopment,not available,2021-01-01
49719,oz-olson,not available,2021-01-01
49720,Md-Maruf,not available,2021-01-01
49721,haraldhaas,not available,2021-01-01
49722,nciske,not available,2021-01-01
49724,cleger80,not available,2021-01-01
49725,voxspox,not available,2021-01-01
49727,voxspox,not available,2021-02-01
49728,mindbreaker,not available,2021-01-01
49729,mindbreaker,not available,2022-09-01
49731,mindbreaker,not available,2022-11-01
49734,andyodoo,not available,2021-01-01
49735,tauschn,not available,2021-01-01
49736,Maxel01,not available,2021-01-01
49737,krithikabalu,not available,2021-01-01
49738,jackherizsmith,not available,2021-01-01
49739,waldoj,not available,2021-01-01
49743,poetaster,not available,2021-01-01
49745,dl-lim,not available,2021-01-01
49746,dl-lim,not available,2021-05-01
49747,dl-lim,not available,2021-06-01
49748,OnlineArts,low,2021-01-01
49752,OnlineArts,low,2021-02-01
49764,CassenH,not available,2021-01-01
49765,65Q2M89mBVP53sCK,not available,2021-01-01
49766,65Q2M89mBVP53sCK,not available,2021-10-01
49768,65Q2M89mBVP53sCK,not available,2022-02-01
49771,Pilot001,not available,2021-02-01
49775,modiboa,not available,2021-02-01
49778,datango,not available,2021-02-01
49784,skingoh,not available,2021-02-01
49785,jstsch,not available,2021-02-01
49786,breaked01,not available,2021-02-01
49787,zubair86,not available,2021-02-01
49788,strugee,not available,2021-02-01
49789,andyjdavis,mid,2021-02-01
49791,andyjdavis,mid,2021-03-01
49792,andyjdavis,mid,2021-04-01
49793,andyjdavis,mid,2021-05-01
49797,andyjdavis,mid,2021-11-01
49798,jannejava,not available,2021-02-01
49799,corentinc,not available,2021-02-01
49800,lnicola,not available,2021-02-01
49802,lanwen,not available,2021-02-01
49805,KrzysztofMadejski,not available,2021-02-01
49807,aldafu,not available,2021-02-01
49808,flamisz,high,2021-02-01
49813,flamisz,high,2021-03-01
49840,flamisz,high,2021-04-01
49852,flamisz,high,2021-05-01
49864,flamisz,high,2021-06-01
49870,Atala,not available,2021-02-01
49872,MichaelVIU,not available,2021-02-01
49873,MichaelVIU,not available,2022-10-01
49874,Sayeeda12,not available,2021-02-01
49877,vsatmydynipnet,not available,2021-02-01
49878,unikitty37,not available,2021-02-01
49879,unikitty37,not available,2021-05-01
49880,dtreplin,not available,2021-02-01
49881,cbeams,not available,2021-02-01
49884,Lakkanna,not available,2021-02-01
49886,davidmehren,not available,2021-02-01
49888,hameno,not available,2021-02-01
49889,Geal,not available,2021-02-01
49891,perdittmann,not available,2021-02-01
49895,agmorpheus,not available,2021-02-01
49898,math-GH,mid,2021-02-01
49899,math-GH,mid,2021-05-01
49903,math-GH,mid,2021-06-01
49904,math-GH,mid,2021-07-01
49906,math-GH,mid,2021-08-01
49907,math-GH,mid,2021-10-01
49908,phaser32,not available,2021-02-01
49909,ehermontesinos,not available,2021-03-01
49913,jayhoogle,not available,2021-03-01
49914,jonaskohl,not available,2021-03-01
49915,snoroozi,not available,2021-03-01
49916,satphil,not available,2021-03-01
49919,satphil,not available,2022-04-01
49920,satphil,not available,2023-01-01
49921,dlecan,not available,2021-03-01
49923,dlecan,not available,2023-01-01
49925,mbdeme,not available,2021-03-01
49927,carlgrundberg,not available,2021-03-01
49928,carlgrundberg,not available,2021-12-01
49929,carlgrundberg,not available,2022-05-01
49930,carlgrundberg,not available,2023-01-01
49933,thiname,not available,2021-03-01
49934,heurteph-ei,high,2021-03-01
49941,heurteph-ei,high,2021-04-01
49946,heurteph-ei,high,2021-05-01
49951,heurteph-ei,high,2021-06-01
49952,heurteph-ei,high,2021-08-01
49959,heurteph-ei,high,2021-09-01
49969,heurteph-ei,high,2021-11-01
49974,heurteph-ei,high,2021-12-01
49979,heurteph-ei,high,2022-01-01
49982,heurteph-ei,high,2022-03-01
49988,heurteph-ei,high,2022-04-01
50003,heurteph-ei,high,2022-05-01
50009,heurteph-ei,high,2022-06-01
50012,heurteph-ei,high,2022-08-01
50024,heurteph-ei,high,2022-09-01
50030,heurteph-ei,high,2022-10-01
50046,heurteph-ei,high,2022-11-01
50054,heurteph-ei,high,2022-12-01
50063,heurteph-ei,high,2023-01-01
50084,frescoshop,not available,2021-03-01
50086,pashishp,not available,2021-03-01
50087,flyonce,not available,2021-03-01
50088,cinatic,not available,2021-03-01
50089,kiber-io,not available,2021-03-01
50092,scarabcoder,not available,2021-03-01
50093,gpadbidri,not available,2021-03-01
50094,StevieKay90,not available,2021-03-01
50097,martin-neumann-gurus,not available,2021-03-01
50098,nelhefni,not available,2021-04-01
50103,AJHoeh,not available,2021-04-01
50104,AJHoeh,not available,2021-05-01
50107,notken,not available,2021-04-01
50108,YamasakiRhys,not available,2021-04-01
50111,davidsneighbour,not available,2021-04-01
50112,valerio-bozzolan,not available,2021-04-01
50114,valerio-bozzolan,not available,2021-08-01
50116,mwalliczek,not available,2021-04-01
50118,mpaglia0,not available,2021-04-01
50119,j-maas,not available,2021-04-01
50120,felix-berlin,not available,2021-04-01
50121,felix-berlin,not available,2021-07-01
50124,ElManaa,not available,2021-04-01
50125,danemacmillan,not available,2021-04-01
50126,bmaehr,not available,2021-04-01
50127,remz-otw,low,2021-05-01
50139,Petsios,not available,2021-05-01
50141,mkindred,low,2021-05-01
50145,mkindred,low,2021-08-01
50155,fluctfelix,not available,2021-05-01
50156,bierzorutas,not available,2021-05-01
50157,dguttierrez,not available,2021-05-01
50159,patrick-stickler-csc-fi,low,2021-05-01
50169,fireba11,not available,2021-05-01
50171,DontPlayTheGame,not available,2021-05-01
50172,vsoch,not available,2021-05-01
50175,EthanMcL,not available,2021-05-01
50178,alimony,not available,2021-05-01
50179,TimothyAlexisVass,not available,2021-05-01
50180,devlinrcg,not available,2021-06-01
50181,Amber-Wish,not available,2021-06-01
50186,Seb35,not available,2021-06-01
50188,artus70,not available,2021-06-01
50189,kevin-shelaga,low,2021-06-01
50198,Ryuno-Ki,not available,2021-06-01
50199,tangzhiqiangh,not available,2021-06-01
50200,LabN36,not available,2021-06-01
50201,MrBenGriffin,not available,2021-06-01
50203,issuesreporting,not available,2021-06-01
50205,issuesreporting,not available,2021-07-01
50207,issuesreporting,not available,2021-08-01
50208,84adam,not available,2021-06-01
50209,gauripadbidri,not available,2021-06-01
50210,truk70,not available,2021-07-01
50211,ulope,not available,2021-07-01
50213,BRVN01,not available,2021-07-01
50218,patermatzka,not available,2021-07-01
50219,pepl,low,2021-07-01
50226,pepl,low,2021-08-01
50231,bisoldi,not available,2021-07-01
50236,justinvelluppillai,high,2021-07-01
50242,justinvelluppillai,high,2021-08-01
50245,justinvelluppillai,high,2021-09-01
50249,justinvelluppillai,high,2021-10-01
50254,justinvelluppillai,high,2021-11-01
50256,justinvelluppillai,high,2021-12-01
50264,justinvelluppillai,high,2022-01-01
50270,justinvelluppillai,high,2022-02-01
50273,justinvelluppillai,high,2022-03-01
50275,justinvelluppillai,high,2022-04-01
50295,justinvelluppillai,high,2022-05-01
50312,justinvelluppillai,high,2022-06-01
50322,justinvelluppillai,high,2022-07-01
50332,justinvelluppillai,high,2022-08-01
50350,justinvelluppillai,high,2022-09-01
50359,justinvelluppillai,high,2022-10-01
50372,justinvelluppillai,high,2022-11-01
50390,justinvelluppillai,high,2022-12-01
50394,justinvelluppillai,high,2023-01-01
50395,richardstrong,not available,2021-07-01
50396,thinkhuman,not available,2021-07-01
50399,bozerkins,not available,2021-07-01
50400,robinverstrepen,not available,2021-07-01
50401,SassNinja,not available,2021-07-01
50404,mwithheld,low,2021-07-01
50405,mwithheld,low,2021-09-01
50412,mtoensing,not available,2021-07-01
50413,meibegger,not available,2021-07-01
50414,maxbraeutigam,not available,2021-07-01
50415,maxbraeutigam,not available,2021-08-01
50416,geekdenz,high,2021-08-01
50433,geekdenz,high,2021-09-01
50456,mamorg79,not available,2021-08-01
50458,wi-wissen,not available,2021-08-01
50460,valentin-ed,not available,2021-08-01
50466,HCl-not-HCi,low,2021-08-01
50467,HCl-not-HCi,low,2021-09-01
50471,HCl-not-HCi,low,2021-10-01
50472,HCl-not-HCi,low,2022-03-01
50473,HCl-not-HCi,low,2022-11-01
50474,paalbra,not available,2021-08-01
50475,infomotions,not available,2021-08-01
50476,Tazzios,not available,2021-08-01
50477,Tazzios,not available,2022-02-01
50479,Husseinhj,not available,2021-08-01
50480,d2a-raudenaerde,not available,2021-08-01
50482,d2a-raudenaerde,not available,2021-11-01
50483,beankylla,not available,2021-08-01
50484,githubyouser,low,2021-08-01
50485,githubyouser,low,2021-10-01
50502,TripleDotZero,not available,2021-08-01
50503,lennart,not available,2021-08-01
50504,bx80,high,2021-08-01
50505,bx80,high,2021-09-01
50509,bx80,high,2021-10-01
50513,bx80,high,2021-11-01
50526,bx80,high,2021-12-01
50531,bx80,high,2022-01-01
50546,bx80,high,2022-02-01
50556,bx80,high,2022-03-01
50563,bx80,high,2022-04-01
50572,bx80,high,2022-05-01
50593,bx80,high,2022-06-01
50613,bx80,high,2022-07-01
50637,bx80,high,2022-08-01
50656,bx80,high,2022-09-01
50684,bx80,high,2022-10-01
50714,bx80,high,2022-11-01
50730,bx80,high,2022-12-01
50736,bx80,high,2023-01-01
50776,uncled1023,not available,2021-08-01
50777,futuravis,not available,2021-08-01
50778,cah-erinblake,not available,2021-08-01
50779,michaelr524,not available,2021-08-01
50780,MartinArens,not available,2021-08-01
50781,tenacioustechie,not available,2021-08-01
50782,marcing,not available,2021-08-01
50783,tank-paradoxnft,not available,2021-09-01
50784,mssc-hoffleit,not available,2021-09-01
50785,A20N,not available,2021-09-01
50786,peterhashair,high,2021-09-01
50787,peterhashair,high,2021-10-01
50802,peterhashair,high,2021-11-01
50814,peterhashair,high,2021-12-01
50819,peterhashair,high,2022-01-01
50833,peterhashair,high,2022-02-01
50847,peterhashair,high,2022-03-01
50856,peterhashair,high,2022-04-01
50863,peterhashair,high,2022-05-01
50870,peterhashair,high,2022-06-01
50883,peterhashair,high,2022-07-01
50897,peterhashair,high,2022-08-01
50906,peterhashair,high,2022-09-01
50928,peterhashair,high,2022-10-01
50944,peterhashair,high,2022-11-01
50986,peterhashair,high,2022-12-01
50990,frinsen,not available,2021-09-01
50991,MrIsak,not available,2021-09-01
50993,MrIsak,not available,2022-02-01
50994,MrIsak,not available,2022-03-01
50996,iamfinky,not available,2021-09-01
50997,DannyRo22,not available,2021-09-01
50998,dominikborkowski,not available,2021-09-01
50999,janheig,not available,2021-09-01
51000,aspflopper,not available,2021-09-01
51001,samuel-lobby,not available,2021-09-01
51007,samjf,mid,2021-09-01
51008,samjf,mid,2021-10-01
51010,samjf,mid,2022-02-01
51011,samjf,mid,2022-04-01
51012,samjf,mid,2022-05-01
51017,samjf,mid,2022-11-01
51018,Nehagaj,not available,2021-09-01
51019,Nehagaj,not available,2022-01-01
51022,Nehagaj,not available,2022-02-01
51024,hhhuut,not available,2021-09-01
51030,squidjam,not available,2021-09-01
51032,joan31,not available,2021-10-01
51033,jr-ewing,not available,2021-10-01
51034,jr-ewing,not available,2023-01-01
51035,segersrobbert,not available,2021-10-01
51036,abilogos,not available,2021-10-01
51037,54mu3l,low,2021-10-01
51039,54mu3l,low,2021-11-01
51041,54mu3l,low,2022-02-01
51045,Jaimeapo,not available,2021-10-01
51047,Jaimeapo,not available,2021-11-01
51048,jdelucaa,not available,2021-10-01
51049,soratako,not available,2021-10-01
51052,fabeit,not available,2021-10-01
51053,Cyver0,not available,2021-10-01
51055,nicobayati,not available,2021-10-01
51056,cdalexndr,not available,2021-10-01
51057,florianmonfort,not available,2021-10-01
51060,jszczypk,not available,2021-10-01
51061,davaxi,not available,2021-10-01
51062,donovanglover,not available,2021-10-01
51063,liping521,not available,2021-10-01
51068,liping521,not available,2021-12-01
51069,tomudding,not available,2021-10-01
51070,enxoco,not available,2021-10-01
51071,jonathannoel,not available,2021-11-01
51072,sgotre,not available,2021-11-01
51077,0x11DFE,not available,2021-11-01
51079,MyIcecream,not available,2021-11-01
51084,DBX12,not available,2021-11-01
51085,DBX12,not available,2022-03-01
51086,DBX12,not available,2022-04-01
51087,gijshendriksen,not available,2021-11-01
51089,Birkaransingh94,not available,2021-11-01
51090,Birkaransingh94,not available,2022-06-01
51091,zthomas1,not available,2021-11-01
51092,jameysharp,not available,2021-11-01
51094,RobinBartlett,not available,2021-11-01
51095,WebWire-NL,not available,2021-11-01
51098,danielnaber,not available,2021-11-01
51099,seyuf,not available,2021-11-01
51100,kvas11,not available,2021-11-01
51105,Ryonez,not available,2021-11-01
51106,lrrrs,not available,2021-11-01
51107,allanedk,not available,2021-11-01
51108,comradekingu,not available,2021-11-01
51111,topcnm,not available,2021-12-01
51112,asheroto,not available,2021-12-01
51113,MoritzLost,not available,2021-12-01
51117,e0001ed9,not available,2021-12-01
51119,mkassir95,low,2021-12-01
51127,mkassir95,low,2022-02-01
51129,froger-me,not available,2021-12-01
51131,froger-me,not available,2022-01-01
51134,oktak,not available,2021-12-01
51135,albertski,not available,2021-12-01
51136,arisada,not available,2021-12-01
51137,w41l,not available,2021-12-01
51138,odedonato,not available,2021-12-01
51139,bigahuna,not available,2021-12-01
51140,alexdryden,not available,2021-12-01
51141,rogamoore,not available,2021-12-01
51142,pdavide,not available,2021-12-01
51144,rabbit28399,not available,2021-12-01
51146,elrauk12,not available,2021-12-01
51147,frimipiso,not available,2022-01-01
51148,frimipiso,not available,2022-05-01
51149,adsham,low,2022-01-01
51152,adsham,low,2022-02-01
51153,adsham,low,2022-03-01
51154,adsham,low,2022-04-01
51160,adsham,low,2022-05-01
51161,atom-box,high,2022-01-01
51165,atom-box,high,2022-02-01
51173,atom-box,high,2022-03-01
51184,atom-box,high,2022-05-01
51187,atom-box,high,2022-06-01
51191,atom-box,high,2022-07-01
51193,atom-box,high,2022-08-01
51199,atom-box,high,2022-09-01
51211,atom-box,high,2022-10-01
51228,atom-box,high,2022-11-01
51229,atom-box,high,2022-12-01
51230,atom-box,high,2023-01-01
51243,laratutoteam,not available,2022-01-01
51244,SimonNL,not available,2022-01-01
51245,brandtmark,not available,2022-01-01
51247,danielpunkass,not available,2022-01-01
51251,vonloxley,not available,2022-01-01
51253,vladimir-shmidt,not available,2022-01-01
51254,CryptoEU,not available,2022-01-01
51255,suganja,not available,2022-01-01
51256,mathieuroquefort,not available,2022-01-01
51258,thomasbnt,not available,2022-01-01
51261,justinberedo,not available,2022-01-01
51262,inkskull,not available,2022-01-01
51263,n-vilmart,not available,2022-01-01
51264,andrewnenakhov,not available,2022-01-01
51265,jarstelfox,not available,2022-01-01
51266,rosa2,low,2022-01-01
51268,rosa2,low,2022-02-01
51273,rosa2,low,2022-03-01
51274,rosa2,low,2022-06-01
51275,bastos71,not available,2022-01-01
51276,marcelcz1,not available,2022-01-01
51277,thcipriani,not available,2022-01-01
51279,2mann,not available,2022-01-01
51280,Sir-Will,not available,2022-01-01
51281,martenkoetsier,not available,2022-01-01
51283,wadih,not available,2022-01-01
51284,Selena20191,not available,2022-01-01
51285,jscottbranson,not available,2022-01-01
51286,rafaelmaeuer,not available,2022-02-01
51288,rafaelmaeuer,not available,2022-03-01
51289,adamread-nmbgmr,not available,2022-02-01
51290,ShenandoahInfo,not available,2022-02-01
51291,ShenandoahInfo,not available,2022-03-01
51293,AltamashShaikh,mid,2022-02-01
51295,AltamashShaikh,mid,2022-05-01
51298,AltamashShaikh,mid,2022-09-01
51299,AltamashShaikh,mid,2022-10-01
51304,AltamashShaikh,mid,2023-01-01
51317,MatomoForumNotifications,high,2022-02-01
51326,MatomoForumNotifications,high,2022-03-01
51340,MatomoForumNotifications,high,2022-04-01
51353,MatomoForumNotifications,high,2022-05-01
51367,MatomoForumNotifications,high,2022-06-01
51369,MatomoForumNotifications,high,2022-07-01
51376,MatomoForumNotifications,high,2022-08-01
51394,MatomoForumNotifications,high,2022-09-01
51409,MatomoForumNotifications,high,2022-10-01
51436,MatomoForumNotifications,high,2022-11-01
51447,MatomoForumNotifications,high,2022-12-01
51456,MatomoForumNotifications,high,2023-01-01
51475,harripaalanen,not available,2022-02-01
51476,conflate-nl,not available,2022-02-01
51477,ts1985,not available,2022-02-01
51479,mardy,not available,2022-02-01
51480,darkSideOfPink,not available,2022-02-01
51483,EmbDclic,not available,2022-02-01
51485,mcguffin,not available,2022-02-01
51486,LucasDemea,not available,2022-02-01
51487,maniac-0s,not available,2022-02-01
51488,gerronmulder,not available,2022-02-01
51489,Razique,not available,2022-02-01
51490,Razique,not available,2022-04-01
51491,kenji-fire,not available,2022-02-01
51492,daniel-lerch,not available,2022-02-01
51496,rusty1281,not available,2022-02-01
51497,rusty1281,not available,2022-06-01
51498,bennostaub1,not available,2022-02-01
51499,fmh31200,not available,2022-02-01
51500,5idu,not available,2022-02-01
51503,pietryszak,not available,2022-02-01
51505,webcoreinc,not available,2022-02-01
51506,abbradar,not available,2022-02-01
51507,melker,not available,2022-02-01
51510,blizzz,not available,2022-02-01
51511,rr0001,not available,2022-02-01
51512,hoermannklaus,not available,2022-02-01
51514,dvoraan8,not available,2022-03-01
51516,jonathonbyrdziak,not available,2022-03-01
51523,onemillionplaces,not available,2022-03-01
51526,artif-AndreasBrus,not available,2022-03-01
51528,gruniversal,not available,2022-03-01
51529,Makathen,not available,2022-03-01
51530,dieisraels,not available,2022-03-01
51531,niklasternstedt,mid,2022-03-01
51533,niklasternstedt,mid,2022-04-01
51534,niklasternstedt,mid,2022-05-01
51535,niklasternstedt,mid,2022-09-01
51537,niklasternstedt,mid,2022-10-01
51539,grandpasla,not available,2022-03-01
51540,Preciel,not available,2022-03-01
51542,ChristopherWalz,not available,2022-03-01
51543,axwell,not available,2022-03-01
51545,amargoShop,not available,2022-03-01
51546,plegall,not available,2022-03-01
51547,SJVolkmann,not available,2022-03-01
51548,RYUDEN,not available,2022-03-01
51550,Alice-Pa,not available,2022-03-01
51551,Kixell-NicolasJardillier,not available,2022-03-01
51553,hubertus2017,not available,2022-03-01
51554,jaapstronks,not available,2022-03-01
51555,andristeiner,not available,2022-03-01
51556,aleksijohansson,not available,2022-03-01
51557,aleksijohansson,not available,2022-05-01
51558,756gzdz5,not available,2022-03-01
51560,deirdrew,not available,2022-03-01
51565,ZE3kr,not available,2022-03-01
51567,LauraTaylorUK,not available,2022-04-01
51569,LauraTaylorUK,not available,2022-12-01
51570,LauraTaylorUK,not available,2023-01-01
51571,MeiKatz,not available,2022-04-01
51572,NicoHood,not available,2022-04-01
51576,mattmary,low,2022-04-01
51577,mattmary,low,2022-05-01
51579,mattmary,low,2022-06-01
51584,mattmary,low,2022-07-01
51585,mattmary,low,2022-11-01
51587,mattmary,low,2023-01-01
51589,henri-hulski,not available,2022-04-01
51592,Demichev,not available,2022-04-01
51595,JustJoe21,not available,2022-04-01
51596,Bira-navi,not available,2022-04-01
51602,dr0i,not available,2022-04-01
51607,micschro,not available,2022-04-01
51608,Sdaud1950,not available,2022-04-01
51609,StefanS-O,not available,2022-04-01
51610,StefanS-O,not available,2022-05-01
51611,sissibieber,not available,2022-04-01
51612,Jieiku,not available,2022-04-01
51614,lneuville,not available,2022-04-01
51616,lneuville,not available,2022-09-01
51617,lneuville,not available,2022-11-01
51619,webwinkelfacturen,not available,2022-04-01
51621,webwinkelfacturen,not available,2022-05-01
51624,JasonMortonNZ,not available,2022-04-01
51625,JasonMortonNZ,not available,2022-08-01
51626,shoezen,not available,2022-04-01
51627,triplesixman,not available,2022-04-01
51629,chopsol,not available,2022-04-01
51630,vitali-korezki,not available,2022-04-01
51631,ASponch,not available,2022-04-01
51632,djun-kim,not available,2022-04-01
51633,koljam,not available,2022-04-01
51634,mttradebyte,not available,2022-05-01
51635,nunoperalta,not available,2022-05-01
51636,schelmo,not available,2022-05-01
51637,BeckeBauer,not available,2022-05-01
51641,digitalextremist,not available,2022-05-01
51643,mJ25-fr,not available,2022-05-01
51645,rennye,not available,2022-05-01
51646,Bedouille69,not available,2022-05-01
51653,lucaspal,not available,2022-05-01
51655,casualuser,not available,2022-05-01
51656,miton18,not available,2022-05-01
51657,miton18,not available,2022-06-01
51658,miton18,not available,2022-07-01
51659,miton18,not available,2022-08-01
51660,Choo-lux,not available,2022-05-01
51661,loukasstoltz,not available,2022-05-01
51662,Eknerof,not available,2022-05-01
51664,agency-w52,not available,2022-05-01
51665,BelairDigital,not available,2022-05-01
51667,TechDad3949,not available,2022-05-01
51668,TarekWhz,not available,2022-05-01
51669,passioneight,not available,2022-05-01
51670,KZeni,not available,2022-05-01
51671,solevis,not available,2022-06-01
51675,fredvd,not available,2022-06-01
51677,NearlyShake,not available,2022-06-01
51678,DHammer-PT,not available,2022-06-01
51679,DHammer-PT,not available,2022-07-01
51682,Pflegusch,not available,2022-06-01
51683,Pflegusch,not available,2022-07-01
51685,Dominic-Marcelino,not available,2022-06-01
51686,Dominic-Marcelino,not available,2022-07-01
51687,avimaymon,not available,2022-06-01
51689,avimaymon,not available,2022-10-01
51691,mr2017x,not available,2022-06-01
51692,dR3,not available,2022-06-01
51693,laurentelgard,not available,2022-06-01
51695,tofijak,not available,2022-06-01
51696,nbari,not available,2022-06-01
51697,bat79a,not available,2022-06-01
51698,ashutosh-hs,not available,2022-06-01
51702,hermann77,not available,2022-06-01
51703,MorganFujimaka,not available,2022-06-01
51704,Prinzhorn,not available,2022-06-01
51707,Prinzhorn,not available,2022-07-01
51708,FrozenBlueSky,not available,2022-06-01
51709,dantefr,not available,2022-06-01
51710,citananda,not available,2022-06-01
51711,DJulienD,not available,2022-07-01
51716,llibdude,not available,2022-07-01
51719,njfdev,not available,2022-07-01
51720,JustinFinkelsteinKainos,not available,2022-07-01
51721,JustinFinkelsteinKainos,not available,2022-11-01
51722,Situphen,not available,2022-07-01
51725,jane-twizel,mid,2022-07-01
51732,jane-twizel,mid,2022-08-01
51733,jane-twizel,mid,2022-09-01
51734,tarasowski,not available,2022-07-01
51736,tarasowski,not available,2022-08-01
51738,NathanC,not available,2022-07-01
51740,webberian,not available,2022-07-01
51744,KHReinhardt,not available,2022-07-01
51745,Nuklon,not available,2022-07-01
51746,dennisbaaten,not available,2022-07-01
51747,Wecoboss,not available,2022-07-01
51748,d9k,not available,2022-07-01
51749,kravi4,not available,2022-07-01
51750,h3x4git,not available,2022-07-01
51752,h3x4git,not available,2022-08-01
51753,nf3,not available,2022-07-01
51754,Hiradur,not available,2022-08-01
51755,Hiradur,not available,2022-09-01
51757,Hiradur,not available,2022-11-01
51758,mhh515,not available,2022-08-01
51759,mhh515,not available,2023-01-01
51760,SteVio89,not available,2022-08-01
51761,SimoneMTI,not available,2022-08-01
51762,SimoneMTI,not available,2022-09-01
51764,vadi2,not available,2022-08-01
51767,vadi2,not available,2022-09-01
51768,mzch,not available,2022-08-01
51770,gertvdijk,not available,2022-08-01
51771,gertvdijk,not available,2022-09-01
51772,Quentinix,not available,2022-08-01
51773,miiimooo,not available,2022-08-01
51775,qiuminwei,not available,2022-08-01
51777,fritzmg,not available,2022-08-01
51778,fritzmg,not available,2022-09-01
51779,NathanDB99,not available,2022-08-01
51780,nicoco59,not available,2022-08-01
51781,nicoco59,not available,2022-10-01
51783,Javi-Ormaechea,not available,2022-08-01
51784,Tony-Baker,not available,2022-08-01
51788,SujalShah3234,not available,2022-08-01
51789,x97-epe,not available,2022-08-01
51792,caranorth,not available,2022-09-01
51794,dave-anh-kpi,not available,2022-09-01
51795,dave-anh-kpi,not available,2023-01-01
51796,longdian,not available,2022-09-01
51797,agrzchr15,not available,2022-09-01
51798,marcojarjour,not available,2022-09-01
51800,luckycloud-GmbH,not available,2022-09-01
51801,Kovanija,not available,2022-09-01
51802,okumuryu,not available,2022-09-01
51803,gheisz,not available,2022-09-01
51805,gheisz,not available,2022-11-01
51807,kava81,not available,2022-09-01
51808,kava81,not available,2022-10-01
51809,serviziperinternet,not available,2022-09-01
51810,Nyaundi,not available,2022-09-01
51812,Cyriuz,not available,2022-09-01
51813,djmaze,not available,2022-09-01
51814,djmaze,not available,2022-10-01
51815,djmaze,not available,2023-01-01
51816,OlliWu,not available,2022-09-01
51817,JRPonte,not available,2022-09-01
51818,canuonifeng,not available,2022-09-01
51819,nikksnegi,not available,2022-09-01
51820,utsavkoju,not available,2022-09-01
51821,sandeepks230,not available,2022-09-01
51822,leishenglong,not available,2022-09-01
51823,simone-gasparini,not available,2022-09-01
51824,jrca025,not available,2022-09-01
51825,Sonofendor,not available,2022-09-01
51827,Sonofendor,not available,2022-11-01
51828,skitoxe,not available,2022-10-01
51829,skitoxe,not available,2022-12-01
51830,xpufx,not available,2022-10-01
51831,thesakshidiggikar,not available,2022-10-01
51833,gorfo66,not available,2022-10-01
51839,gorfo66,not available,2022-12-01
51840,JEAholding,not available,2022-10-01
51842,HartLarsson,not available,2022-10-01
51843,KingsLine,not available,2022-10-01
51845,altrasoluzione,not available,2022-10-01
51846,n2N8Z,not available,2022-10-01
51848,saschabrockel,not available,2022-10-01
51850,IllonaRZ,not available,2022-10-01
51851,codegain,not available,2022-10-01
51852,sandin78,not available,2022-10-01
51855,Improov-marketing,not available,2022-10-01
51856,LewisReyes,not available,2022-10-01
51857,Sofia-Morgado,not available,2022-10-01
51858,scott-amgen,not available,2022-10-01
51859,tazzytazzy,not available,2022-10-01
51860,sebastian-berlin-wmse,not available,2022-10-01
51861,WM-Loose,not available,2022-10-01
51862,thomasstr,not available,2022-10-01
51866,feralhawk,not available,2022-10-01
51867,MrCodeB2,not available,2022-10-01
51869,PatrickHBerlin,not available,2022-10-01
51870,rockbenben,not available,2022-10-01
51872,MahmutTu,not available,2022-10-01
51873,SOMERSOFTAndrewCrook,not available,2022-10-01
51874,tgoeg,not available,2022-11-01
51875,r3tr0sp3c,not available,2022-11-01
51876,Olivier-SP,not available,2022-11-01
51880,jackd248,not available,2022-11-01
51881,filippocerreta,not available,2022-11-01
51882,HankMoody0603,not available,2022-11-01
51884,bennesp,not available,2022-11-01
51885,wejdenstalr,not available,2022-11-01
51886,Faizan711,not available,2022-11-01
51889,Faizan711,not available,2022-12-01
51891,jphustman,not available,2022-11-01
51892,craigvc,not available,2022-11-01
51895,matthewhutchings,not available,2022-11-01
51896,lance-matomo,not available,2022-11-01
51897,janinaMi,not available,2022-11-01
51899,brotkrueml,not available,2022-12-01
51900,snake14,not available,2022-12-01
51901,waveywaves,not available,2022-12-01
51902,goochj03,not available,2022-12-01
51904,goochj03,not available,2023-01-01
51905,kompa3,not available,2022-12-01
51906,drakanor,not available,2022-12-01
51907,mmokrejs,not available,2022-12-01
51910,Aguay-val,not available,2022-12-01
51911,ValenDigital,not available,2022-12-01
51913,kevinokeefeii,not available,2022-12-01
51914,sanchezzzhak,not available,2022-12-01
51915,smerriman,not available,2022-12-01
51916,Frederic-P,not available,2022-12-01
51917,bluedogmilan,not available,2022-12-01
51918,Orgoth,not available,2022-12-01
51921,ZirconCode,not available,2022-12-01
51922,hkotkanen,not available,2022-12-01
51923,nsiddams-opentext,not available,2022-12-01
51924,CristianReynosa87300,not available,2022-12-01
51926,andysh-uk,not available,2022-12-01
51927,KiwiKilian,not available,2022-12-01
51928,tfunq,not available,2023-01-01
51929,xloouch,not available,2023-01-01
51930,SeverinEventfrog,not available,2023-01-01
51931,yevgenypats,not available,2023-01-01
51932,mlalpho,not available,2023-01-01
51933,polx,not available,2023-01-01
51934,Juri-Salminen,not available,2023-01-01
51935,gwizcole,not available,2023-01-01
51936,Mela,not available,2023-01-01
51937,abarny,not available,2023-01-01
51938,Suplanus,not available,2023-01-01
51939,mackaaij,not available,2023-01-01
51941,Paskm92,not available,2023-01-01
51943,djmetzle,not available,2023-01-01
51947,stbaum,not available,2023-01-01
51953,baa-ableton,not available,2023-01-01
51954,fsennj,not available,2023-01-01
51956,solariz,not available,2023-01-01
51957,weismannwe,not available,2023-01-01
51958,varunKothare,not available,2023-01-01
51959,AVRajanaav,not available,2023-01-01
51960,rstockm,not available,2023-01-01
51961,Harfeur,not available,2023-01-01
